cart_id,user_id,product_id,quantity,price_at_add,added_at,category
cart_000001,user_00009,prod_0068,3,298.55,2023-12-10T00:00:00Z,Sports & Fitness
cart_000001,user_00009,prod_0015,1,55.31,2023-12-16T00:00:00Z,Electronics
cart_000001,user_00009,prod_0019,3,273.46,2023-12-06T00:00:00Z,Fashion
cart_000001,user_00009,prod_0005,3,137.07,2023-12-07T00:00:00Z,Electronics
cart_000002,user_00010,prod_0050,2,60.92,2023-12-08T00:00:00Z,Books
cart_000002,user_00010,prod_0038,3,160.14,2023-12-07T00:00:00Z,Home & Kitchen
cart_000002,user_00010,prod_0044,2,25.83,2023-12-25T00:00:00Z,Home & Kitchen
cart_000003,user_00011,prod_0035,3,75.82,2023-12-23T00:00:00Z,Home & Kitchen
cart_000004,user_00013,prod_0021,2,46.05,2023-12-26T00:00:00Z,Fashion
cart_000004,user_00013,prod_0041,1,77.88,2023-12-24T00:00:00Z,Home & Kitchen
cart_000004,user_00013,prod_0057,3,209.8,2023-12-23T00:00:00Z,Books
cart_000005,user_00017,prod_0040,2,202.48,2023-12-31T00:00:00Z,Home & Kitchen
cart_000005,user_00017,prod_0051,3,141.01,2023-12-05T00:00:00Z,Books
cart_000006,user_00024,prod_0009,3,219.54,2023-12-04T00:00:00Z,Electronics
cart_000006,user_00024,prod_0001,3,192.99,2023-12-08T00:00:00Z,Electronics
cart_000006,user_00024,prod_0060,1,176.75,2023-12-28T00:00:00Z,Books
cart_000007,user_00028,prod_0048,3,258.97,2023-12-08T00:00:00Z,Books
cart_000007,user_00028,prod_0040,1,202.48,2023-12-17T00:00:00Z,Home & Kitchen
cart_000007,user_00028,prod_0001,1,192.99,2023-12-28T00:00:00Z,Electronics
cart_000007,user_00028,prod_0012,3,294.66,2023-12-19T00:00:00Z,Electronics
cart_000007,user_00028,prod_0011,3,212.14,2023-12-19T00:00:00Z,Electronics
cart_000007,user_00028,prod_0018,2,14.44,2023-12-19T00:00:00Z,Fashion
cart_000008,user_00029,prod_0042,3,72.65,2023-12-30T00:00:00Z,Home & Kitchen
cart_000008,user_00029,prod_0058,2,148.08,2023-12-06T00:00:00Z,Books
cart_000008,user_00029,prod_0017,2,100.34,2023-12-27T00:00:00Z,Fashion
cart_000009,user_00030,prod_0095,2,180.39,2023-12-02T00:00:00Z,Automotive
cart_000009,user_00030,prod_0094,2,290.3,2023-12-23T00:00:00Z,Automotive
cart_000009,user_00030,prod_0011,2,212.14,2023-12-07T00:00:00Z,Electronics
cart_000009,user_00030,prod_0091,1,61.78,2023-12-28T00:00:00Z,Automotive
cart_000010,user_00031,prod_0070,3,263.51,2023-12-15T00:00:00Z,Sports & Fitness
cart_000011,user_00040,prod_0015,2,55.31,2023-12-08T00:00:00Z,Electronics
cart_000011,user_00040,prod_0029,3,138.39,2023-12-28T00:00:00Z,Fashion
cart_000011,user_00040,prod_0010,1,91.19,2023-12-17T00:00:00Z,Electronics
cart_000011,user_00040,prod_0059,3,175.28,2023-12-26T00:00:00Z,Books
cart_000012,user_00043,prod_0047,3,33.5,2023-12-31T00:00:00Z,Books
cart_000013,user_00046,prod_0037,3,42.75,2023-12-18T00:00:00Z,Home & Kitchen
cart_000013,user_00046,prod_0059,2,175.28,2023-12-08T00:00:00Z,Books
cart_000013,user_00046,prod_0049,2,219.09,2023-12-10T00:00:00Z,Books
cart_000014,user_00049,prod_0077,2,129.53,2023-12-12T00:00:00Z,Beauty
cart_000014,user_00049,prod_0062,3,24.98,2023-12-23T00:00:00Z,Sports & Fitness
cart_000014,user_00049,prod_0064,2,128.25,2023-12-04T00:00:00Z,Sports & Fitness
cart_000014,user_00049,prod_0094,2,290.3,2023-12-02T00:00:00Z,Automotive
cart_000015,user_00052,prod_0065,2,81.67,2023-12-31T00:00:00Z,Sports & Fitness
cart_000015,user_00052,prod_0051,2,141.01,2023-12-14T00:00:00Z,Books
cart_000015,user_00052,prod_0098,2,163.3,2023-12-07T00:00:00Z,Automotive
cart_000015,user_00052,prod_0050,1,60.92,2023-12-13T00:00:00Z,Books
cart_000015,user_00052,prod_0088,3,236.49,2023-12-02T00:00:00Z,Toys & Games
cart_000015,user_00052,prod_0063,1,266.74,2023-12-10T00:00:00Z,Sports & Fitness
cart_000016,user_00058,prod_0031,3,92.74,2023-12-23T00:00:00Z,Home & Kitchen
cart_000016,user_00058,prod_0048,3,258.97,2023-12-18T00:00:00Z,Books
cart_000016,user_00058,prod_0049,2,219.09,2023-12-07T00:00:00Z,Books
cart_000016,user_00058,prod_0058,2,148.08,2023-12-17T00:00:00Z,Books
cart_000016,user_00058,prod_0075,3,64.86,2023-12-06T00:00:00Z,Beauty
cart_000017,user_00060,prod_0058,1,148.08,2023-12-03T00:00:00Z,Books
cart_000017,user_00060,prod_0087,3,126.04,2023-12-28T00:00:00Z,Toys & Games
cart_000018,user_00062,prod_0070,2,263.51,2023-12-04T00:00:00Z,Sports & Fitness
cart_000018,user_00062,prod_0084,3,169.61,2023-12-30T00:00:00Z,Toys & Games
cart_000018,user_00062,prod_0044,1,25.83,2023-12-28T00:00:00Z,Home & Kitchen
cart_000019,user_00063,prod_0013,2,138.3,2023-12-31T00:00:00Z,Electronics
cart_000020,user_00064,prod_0034,2,263.34,2023-12-26T00:00:00Z,Home & Kitchen
cart_000020,user_00064,prod_0097,1,18.05,2023-12-23T00:00:00Z,Automotive
cart_000021,user_00065,prod_0027,2,8.38,2024-01-01T00:00:00Z,Fashion
cart_000022,user_00067,prod_0059,1,175.28,2023-12-03T00:00:00Z,Books
cart_000022,user_00067,prod_0030,1,229.02,2024-01-01T00:00:00Z,Fashion
cart_000023,user_00072,prod_0060,3,176.75,2023-12-09T00:00:00Z,Books
cart_000024,user_00076,prod_0090,1,246.24,2023-12-06T00:00:00Z,Toys & Games
cart_000024,user_00076,prod_0002,1,46.02,2023-12-26T00:00:00Z,Electronics
cart_000024,user_00076,prod_0089,3,70.4,2023-12-17T00:00:00Z,Toys & Games
cart_000024,user_00076,prod_0025,3,129.12,2023-12-27T00:00:00Z,Fashion
cart_000025,user_00077,prod_0094,1,290.3,2023-12-05T00:00:00Z,Automotive
cart_000025,user_00077,prod_0032,1,229.18,2023-12-08T00:00:00Z,Home & Kitchen
cart_000025,user_00077,prod_0050,3,60.92,2023-12-28T00:00:00Z,Books
cart_000025,user_00077,prod_0048,2,258.97,2023-12-28T00:00:00Z,Books
cart_000026,user_00079,prod_0090,3,246.24,2023-12-30T00:00:00Z,Toys & Games
cart_000026,user_00079,prod_0050,2,60.92,2023-12-18T00:00:00Z,Books
cart_000026,user_00079,prod_0073,2,44.48,2023-12-12T00:00:00Z,Beauty
cart_000026,user_00079,prod_0052,3,258.24,2023-12-04T00:00:00Z,Books
cart_000027,user_00082,prod_0047,3,33.5,2024-01-01T00:00:00Z,Books
cart_000028,user_00083,prod_0088,1,236.49,2023-12-31T00:00:00Z,Toys & Games
cart_000028,user_00083,prod_0072,1,245.23,2023-12-14T00:00:00Z,Beauty
cart_000029,user_00087,prod_0003,1,129.05,2023-12-28T00:00:00Z,Electronics
cart_000029,user_00087,prod_0046,3,76.44,2023-12-23T00:00:00Z,Books
cart_000029,user_00087,prod_0013,1,138.3,2023-12-29T00:00:00Z,Electronics
cart_000029,user_00087,prod_0058,2,148.08,2023-12-25T00:00:00Z,Books
cart_000030,user_00091,prod_0094,3,290.3,2023-12-20T00:00:00Z,Automotive
cart_000030,user_00091,prod_0024,1,18.85,2023-12-11T00:00:00Z,Fashion
cart_000030,user_00091,prod_0027,1,8.38,2023-12-24T00:00:00Z,Fashion
cart_000030,user_00091,prod_0030,2,229.02,2023-12-28T00:00:00Z,Fashion
cart_000030,user_00091,prod_0020,2,151.77,2023-12-06T00:00:00Z,Fashion
cart_000031,user_00092,prod_0079,3,167.19,2023-12-17T00:00:00Z,Beauty
cart_000031,user_00092,prod_0034,2,263.34,2023-12-23T00:00:00Z,Home & Kitchen
cart_000031,user_00092,prod_0050,2,60.92,2023-12-30T00:00:00Z,Books
cart_000031,user_00092,prod_0044,1,25.83,2023-12-02T00:00:00Z,Home & Kitchen
cart_000032,user_00093,prod_0058,3,148.08,2023-12-27T00:00:00Z,Books
cart_000032,user_00093,prod_0040,1,202.48,2023-12-23T00:00:00Z,Home & Kitchen
cart_000032,user_00093,prod_0092,3,87.06,2023-12-11T00:00:00Z,Automotive
cart_000033,user_00094,prod_0045,3,43.9,2023-12-17T00:00:00Z,Home & Kitchen
cart_000033,user_00094,prod_0057,2,209.8,2023-12-31T00:00:00Z,Books
cart_000033,user_00094,prod_0089,3,70.4,2023-12-10T00:00:00Z,Toys & Games
cart_000034,user_00095,prod_0070,1,263.51,2023-12-26T00:00:00Z,Sports & Fitness
cart_000034,user_00095,prod_0042,1,72.65,2023-12-23T00:00:00Z,Home & Kitchen
cart_000034,user_00095,prod_0040,2,202.48,2023-12-30T00:00:00Z,Home & Kitchen
cart_000034,user_00095,prod_0057,1,209.8,2023-12-25T00:00:00Z,Books
cart_000035,user_00097,prod_0091,3,61.78,2023-12-05T00:00:00Z,Automotive
cart_000035,user_00097,prod_0057,1,209.8,2023-12-10T00:00:00Z,Books
cart_000035,user_00097,prod_0002,1,46.02,2023-12-21T00:00:00Z,Electronics
cart_000036,user_00107,prod_0077,1,129.53,2023-12-15T00:00:00Z,Beauty
cart_000036,user_00107,prod_0013,1,138.3,2023-12-11T00:00:00Z,Electronics
cart_000037,user_00109,prod_0078,3,43.46,2023-12-12T00:00:00Z,Beauty
cart_000037,user_00109,prod_0013,2,138.3,2023-12-03T00:00:00Z,Electronics
cart_000037,user_00109,prod_0058,3,148.08,2023-12-14T00:00:00Z,Books
cart_000037,user_00109,prod_0029,3,138.39,2023-12-10T00:00:00Z,Fashion
cart_000038,user_00112,prod_0001,2,192.99,2023-12-22T00:00:00Z,Electronics
cart_000038,user_00112,prod_0041,3,77.88,2023-12-03T00:00:00Z,Home & Kitchen
cart_000038,user_00112,prod_0093,3,253.04,2023-12-16T00:00:00Z,Automotive
cart_000039,user_00114,prod_0060,1,176.75,2023-12-20T00:00:00Z,Books
cart_000039,user_00114,prod_0034,2,263.34,2023-12-28T00:00:00Z,Home & Kitchen
cart_000039,user_00114,prod_0068,2,298.55,2023-12-22T00:00:00Z,Sports & Fitness
cart_000039,user_00114,prod_0094,1,290.3,2024-01-01T00:00:00Z,Automotive
cart_000039,user_00114,prod_0061,2,287.47,2023-12-20T00:00:00Z,Sports & Fitness
cart_000039,user_00114,prod_0065,1,81.67,2023-12-23T00:00:00Z,Sports & Fitness
cart_000040,user_00115,prod_0083,1,66.76,2023-12-16T00:00:00Z,Toys & Games
cart_000041,user_00118,prod_0050,3,60.92,2023-12-23T00:00:00Z,Books
cart_000042,user_00121,prod_0031,3,92.74,2024-01-01T00:00:00Z,Home & Kitchen
cart_000042,user_00121,prod_0091,2,61.78,2023-12-30T00:00:00Z,Automotive
cart_000042,user_00121,prod_0005,3,137.07,2023-12-30T00:00:00Z,Electronics
cart_000042,user_00121,prod_0049,3,219.09,2023-12-04T00:00:00Z,Books
cart_000042,user_00121,prod_0046,1,76.44,2023-12-08T00:00:00Z,Books
cart_000043,user_00122,prod_0041,3,77.88,2023-12-25T00:00:00Z,Home & Kitchen
cart_000043,user_00122,prod_0050,2,60.92,2023-12-03T00:00:00Z,Books
cart_000043,user_00122,prod_0039,2,227.05,2023-12-03T00:00:00Z,Home & Kitchen
cart_000044,user_00129,prod_0033,1,181.09,2023-12-24T00:00:00Z,Home & Kitchen
cart_000044,user_00129,prod_0041,2,77.88,2023-12-05T00:00:00Z,Home & Kitchen
cart_000044,user_00129,prod_0056,2,294.68,2023-12-30T00:00:00Z,Books
cart_000045,user_00130,prod_0047,2,33.5,2023-12-26T00:00:00Z,Books
cart_000045,user_00130,prod_0035,3,75.82,2023-12-05T00:00:00Z,Home & Kitchen
cart_000045,user_00130,prod_0003,2,129.05,2023-12-06T00:00:00Z,Electronics
cart_000045,user_00130,prod_0078,2,43.46,2023-12-02T00:00:00Z,Beauty
cart_000046,user_00136,prod_0064,1,128.25,2023-12-07T00:00:00Z,Sports & Fitness
cart_000046,user_00136,prod_0065,3,81.67,2023-12-18T00:00:00Z,Sports & Fitness
cart_000046,user_00136,prod_0093,1,253.04,2023-12-22T00:00:00Z,Automotive
cart_000046,user_00136,prod_0072,2,245.23,2023-12-25T00:00:00Z,Beauty
cart_000046,user_00136,prod_0068,2,298.55,2023-12-05T00:00:00Z,Sports & Fitness
cart_000046,user_00136,prod_0066,3,121.36,2023-12-03T00:00:00Z,Sports & Fitness
cart_000047,user_00137,prod_0048,1,258.97,2023-12-14T00:00:00Z,Books
cart_000047,user_00137,prod_0003,3,129.05,2023-12-03T00:00:00Z,Electronics
cart_000047,user_00137,prod_0075,3,64.86,2023-12-30T00:00:00Z,Beauty
cart_000047,user_00137,prod_0073,2,44.48,2024-01-01T00:00:00Z,Beauty
cart_000047,user_00137,prod_0049,2,219.09,2023-12-03T00:00:00Z,Books
cart_000048,user_00147,prod_0059,3,175.28,2023-12-06T00:00:00Z,Books
cart_000048,user_00147,prod_0045,2,43.9,2023-12-03T00:00:00Z,Home & Kitchen
cart_000048,user_00147,prod_0058,2,148.08,2023-12-07T00:00:00Z,Books
cart_000048,user_00147,prod_0054,3,254.52,2023-12-16T00:00:00Z,Books
cart_000048,user_00147,prod_0044,2,25.83,2023-12-12T00:00:00Z,Home & Kitchen
cart_000049,user_00148,prod_0013,3,138.3,2023-12-13T00:00:00Z,Electronics
cart_000049,user_00148,prod_0011,3,212.14,2023-12-04T00:00:00Z,Electronics
cart_000049,user_00148,prod_0082,3,17.3,2023-12-18T00:00:00Z,Toys & Games
cart_000049,user_00148,prod_0009,1,219.54,2023-12-04T00:00:00Z,Electronics
cart_000049,user_00148,prod_0008,1,110.54,2023-12-30T00:00:00Z,Electronics
cart_000050,user_00150,prod_0061,2,287.47,2023-12-09T00:00:00Z,Sports & Fitness
cart_000050,user_00150,prod_0079,2,167.19,2023-12-04T00:00:00Z,Beauty
cart_000050,user_00150,prod_0016,1,84.36,2023-12-22T00:00:00Z,Fashion
cart_000050,user_00150,prod_0062,1,24.98,2023-12-25T00:00:00Z,Sports & Fitness
cart_000050,user_00150,prod_0007,1,286.42,2023-12-03T00:00:00Z,Electronics
cart_000050,user_00150,prod_0083,2,66.76,2023-12-22T00:00:00Z,Toys & Games
cart_000051,user_00153,prod_0056,3,294.68,2023-12-07T00:00:00Z,Books
cart_000051,user_00153,prod_0058,1,148.08,2023-12-31T00:00:00Z,Books
cart_000051,user_00153,prod_0092,1,87.06,2023-12-26T00:00:00Z,Automotive
cart_000052,user_00156,prod_0069,1,153.73,2023-12-29T00:00:00Z,Sports & Fitness
cart_000053,user_00159,prod_0034,1,263.34,2023-12-10T00:00:00Z,Home & Kitchen
cart_000053,user_00159,prod_0065,3,81.67,2024-01-01T00:00:00Z,Sports & Fitness
cart_000053,user_00159,prod_0010,1,91.19,2023-12-26T00:00:00Z,Electronics
cart_000053,user_00159,prod_0062,2,24.98,2023-12-10T00:00:00Z,Sports & Fitness
cart_000054,user_00162,prod_0065,1,81.67,2023-12-25T00:00:00Z,Sports & Fitness
cart_000054,user_00162,prod_0047,1,33.5,2023-12-24T00:00:00Z,Books
cart_000054,user_00162,prod_0058,1,148.08,2023-12-02T00:00:00Z,Books
cart_000055,user_00163,prod_0088,2,236.49,2023-12-03T00:00:00Z,Toys & Games
cart_000056,user_00164,prod_0007,1,286.42,2023-12-12T00:00:00Z,Electronics
cart_000056,user_00164,prod_0062,3,24.98,2023-12-08T00:00:00Z,Sports & Fitness
cart_000057,user_00167,prod_0078,3,43.46,2023-12-05T00:00:00Z,Beauty
cart_000057,user_00167,prod_0071,2,164.71,2023-12-22T00:00:00Z,Beauty
cart_000057,user_00167,prod_0025,2,129.12,2023-12-05T00:00:00Z,Fashion
cart_000057,user_00167,prod_0039,2,227.05,2023-12-16T00:00:00Z,Home & Kitchen
cart_000057,user_00167,prod_0047,3,33.5,2023-12-13T00:00:00Z,Books
cart_000057,user_00167,prod_0029,2,138.39,2023-12-26T00:00:00Z,Fashion
cart_000058,user_00169,prod_0030,2,229.02,2023-12-29T00:00:00Z,Fashion
cart_000058,user_00169,prod_0047,1,33.5,2023-12-27T00:00:00Z,Books
cart_000058,user_00169,prod_0060,1,176.75,2023-12-04T00:00:00Z,Books
cart_000059,user_00175,prod_0034,3,263.34,2023-12-07T00:00:00Z,Home & Kitchen
cart_000059,user_00175,prod_0017,3,100.34,2023-12-18T00:00:00Z,Fashion
cart_000059,user_00175,prod_0031,1,92.74,2023-12-24T00:00:00Z,Home & Kitchen
cart_000059,user_00175,prod_0035,2,75.82,2023-12-05T00:00:00Z,Home & Kitchen
cart_000060,user_00176,prod_0011,1,212.14,2023-12-16T00:00:00Z,Electronics
cart_000060,user_00176,prod_0077,2,129.53,2023-12-16T00:00:00Z,Beauty
cart_000060,user_00176,prod_0068,1,298.55,2023-12-30T00:00:00Z,Sports & Fitness
cart_000061,user_00177,prod_0006,3,51.94,2024-01-01T00:00:00Z,Electronics
cart_000061,user_00177,prod_0049,3,219.09,2023-12-22T00:00:00Z,Books
cart_000062,user_00179,prod_0049,3,219.09,2023-12-15T00:00:00Z,Books
cart_000062,user_00179,prod_0020,2,151.77,2023-12-29T00:00:00Z,Fashion
cart_000062,user_00179,prod_0070,2,263.51,2023-12-31T00:00:00Z,Sports & Fitness
cart_000062,user_00179,prod_0002,1,46.02,2023-12-29T00:00:00Z,Electronics
cart_000062,user_00179,prod_0005,1,137.07,2023-12-14T00:00:00Z,Electronics
cart_000062,user_00179,prod_0052,3,258.24,2023-12-29T00:00:00Z,Books
cart_000063,user_00180,prod_0040,1,202.48,2024-01-01T00:00:00Z,Home & Kitchen
cart_000063,user_00180,prod_0074,3,50.7,2023-12-16T00:00:00Z,Beauty
cart_000064,user_00181,prod_0039,3,227.05,2023-12-16T00:00:00Z,Home & Kitchen
cart_000064,user_00181,prod_0053,1,163.93,2023-12-03T00:00:00Z,Books
cart_000064,user_00181,prod_0090,1,246.24,2023-12-12T00:00:00Z,Toys & Games
cart_000064,user_00181,prod_0084,1,169.61,2023-12-16T00:00:00Z,Toys & Games
cart_000064,user_00181,prod_0042,2,72.65,2023-12-13T00:00:00Z,Home & Kitchen
cart_000064,user_00181,prod_0048,2,258.97,2023-12-02T00:00:00Z,Books
cart_000065,user_00182,prod_0047,2,33.5,2023-12-09T00:00:00Z,Books
cart_000065,user_00182,prod_0014,2,66.6,2023-12-04T00:00:00Z,Electronics
cart_000066,user_00183,prod_0059,1,175.28,2023-12-17T00:00:00Z,Books
cart_000066,user_00183,prod_0055,1,259.21,2023-12-15T00:00:00Z,Books
cart_000066,user_00183,prod_0020,3,151.77,2023-12-11T00:00:00Z,Fashion
cart_000067,user_00195,prod_0072,1,245.23,2023-12-07T00:00:00Z,Beauty
cart_000068,user_00199,prod_0086,2,12.29,2023-12-25T00:00:00Z,Toys & Games
cart_000069,user_00202,prod_0028,2,230.97,2023-12-28T00:00:00Z,Fashion
cart_000069,user_00202,prod_0067,1,278.13,2023-12-25T00:00:00Z,Sports & Fitness
cart_000069,user_00202,prod_0061,1,287.47,2023-12-14T00:00:00Z,Sports & Fitness
cart_000070,user_00203,prod_0049,3,219.09,2023-12-31T00:00:00Z,Books
cart_000070,user_00203,prod_0015,3,55.31,2023-12-14T00:00:00Z,Electronics
cart_000070,user_00203,prod_0037,2,42.75,2023-12-21T00:00:00Z,Home & Kitchen
cart_000070,user_00203,prod_0055,3,259.21,2023-12-13T00:00:00Z,Books
cart_000070,user_00203,prod_0050,3,60.92,2023-12-12T00:00:00Z,Books
cart_000071,user_00205,prod_0003,1,129.05,2023-12-23T00:00:00Z,Electronics
cart_000071,user_00205,prod_0041,2,77.88,2023-12-02T00:00:00Z,Home & Kitchen
cart_000071,user_00205,prod_0007,1,286.42,2023-12-12T00:00:00Z,Electronics
cart_000071,user_00205,prod_0090,3,246.24,2023-12-29T00:00:00Z,Toys & Games
cart_000071,user_00205,prod_0081,1,250.37,2023-12-03T00:00:00Z,Toys & Games
cart_000072,user_00206,prod_0019,1,273.46,2023-12-08T00:00:00Z,Fashion
cart_000072,user_00206,prod_0078,1,43.46,2023-12-07T00:00:00Z,Beauty
cart_000072,user_00206,prod_0039,1,227.05,2023-12-19T00:00:00Z,Home & Kitchen
cart_000072,user_00206,prod_0071,3,164.71,2023-12-21T00:00:00Z,Beauty
cart_000072,user_00206,prod_0066,3,121.36,2024-01-01T00:00:00Z,Sports & Fitness
cart_000072,user_00206,prod_0004,3,181.99,2023-12-09T00:00:00Z,Electronics
cart_000073,user_00209,prod_0056,2,294.68,2023-12-26T00:00:00Z,Books
cart_000073,user_00209,prod_0012,3,294.66,2023-12-14T00:00:00Z,Electronics
cart_000073,user_00209,prod_0057,3,209.8,2023-12-10T00:00:00Z,Books
cart_000073,user_00209,prod_0055,3,259.21,2023-12-03T00:00:00Z,Books
cart_000074,user_00211,prod_0009,1,219.54,2023-12-29T00:00:00Z,Electronics
cart_000074,user_00211,prod_0015,2,55.31,2023-12-29T00:00:00Z,Electronics
cart_000074,user_00211,prod_0100,1,200.04,2023-12-21T00:00:00Z,Automotive
cart_000074,user_00211,prod_0017,3,100.34,2024-01-01T00:00:00Z,Fashion
cart_000074,user_00211,prod_0006,1,51.94,2023-12-20T00:00:00Z,Electronics
cart_000074,user_00211,prod_0090,3,246.24,2023-12-25T00:00:00Z,Toys & Games
cart_000075,user_00215,prod_0030,3,229.02,2023-12-07T00:00:00Z,Fashion
cart_000075,user_00215,prod_0033,2,181.09,2023-12-11T00:00:00Z,Home & Kitchen
cart_000076,user_00217,prod_0020,3,151.77,2023-12-05T00:00:00Z,Fashion
cart_000076,user_00217,prod_0045,1,43.9,2023-12-06T00:00:00Z,Home & Kitchen
cart_000076,user_00217,prod_0088,2,236.49,2023-12-07T00:00:00Z,Toys & Games
cart_000076,user_00217,prod_0044,2,25.83,2023-12-27T00:00:00Z,Home & Kitchen
cart_000076,user_00217,prod_0041,3,77.88,2023-12-19T00:00:00Z,Home & Kitchen
cart_000077,user_00219,prod_0050,2,60.92,2023-12-20T00:00:00Z,Books
cart_000078,user_00220,prod_0044,1,25.83,2023-12-23T00:00:00Z,Home & Kitchen
cart_000078,user_00220,prod_0008,1,110.54,2023-12-20T00:00:00Z,Electronics
cart_000079,user_00223,prod_0081,3,250.37,2023-12-16T00:00:00Z,Toys & Games
cart_000079,user_00223,prod_0032,2,229.18,2023-12-28T00:00:00Z,Home & Kitchen
cart_000079,user_00223,prod_0033,1,181.09,2023-12-15T00:00:00Z,Home & Kitchen
cart_000079,user_00223,prod_0059,3,175.28,2023-12-29T00:00:00Z,Books
cart_000079,user_00223,prod_0086,3,12.29,2023-12-23T00:00:00Z,Toys & Games
cart_000080,user_00226,prod_0087,1,126.04,2023-12-24T00:00:00Z,Toys & Games
cart_000080,user_00226,prod_0039,1,227.05,2023-12-20T00:00:00Z,Home & Kitchen
cart_000081,user_00231,prod_0060,3,176.75,2023-12-29T00:00:00Z,Books
cart_000081,user_00231,prod_0047,3,33.5,2023-12-07T00:00:00Z,Books
cart_000081,user_00231,prod_0041,2,77.88,2023-12-23T00:00:00Z,Home & Kitchen
cart_000081,user_00231,prod_0072,2,245.23,2023-12-27T00:00:00Z,Beauty
cart_000081,user_00231,prod_0053,2,163.93,2023-12-08T00:00:00Z,Books
cart_000081,user_00231,prod_0065,3,81.67,2023-12-05T00:00:00Z,Sports & Fitness
cart_000082,user_00233,prod_0002,2,46.02,2023-12-18T00:00:00Z,Electronics
cart_000082,user_00233,prod_0068,3,298.55,2023-12-15T00:00:00Z,Sports & Fitness
cart_000082,user_00233,prod_0098,3,163.3,2023-12-14T00:00:00Z,Automotive
cart_000083,user_00234,prod_0049,2,219.09,2023-12-20T00:00:00Z,Books
cart_000083,user_00234,prod_0028,2,230.97,2023-12-09T00:00:00Z,Fashion
cart_000083,user_00234,prod_0006,3,51.94,2023-12-28T00:00:00Z,Electronics
cart_000083,user_00234,prod_0012,1,294.66,2023-12-09T00:00:00Z,Electronics
cart_000083,user_00234,prod_0001,2,192.99,2023-12-09T00:00:00Z,Electronics
cart_000084,user_00235,prod_0008,2,110.54,2023-12-27T00:00:00Z,Electronics
cart_000084,user_00235,prod_0085,1,74.6,2023-12-30T00:00:00Z,Toys & Games
cart_000084,user_00235,prod_0051,2,141.01,2023-12-31T00:00:00Z,Books
cart_000084,user_00235,prod_0095,2,180.39,2023-12-30T00:00:00Z,Automotive
cart_000085,user_00244,prod_0015,3,55.31,2023-12-25T00:00:00Z,Electronics
cart_000086,user_00246,prod_0037,3,42.75,2023-12-11T00:00:00Z,Home & Kitchen
cart_000086,user_00246,prod_0051,1,141.01,2023-12-15T00:00:00Z,Books
cart_000086,user_00246,prod_0056,2,294.68,2023-12-14T00:00:00Z,Books
cart_000086,user_00246,prod_0038,3,160.14,2023-12-08T00:00:00Z,Home & Kitchen
cart_000086,user_00246,prod_0004,2,181.99,2023-12-27T00:00:00Z,Electronics
cart_000086,user_00246,prod_0052,3,258.24,2023-12-17T00:00:00Z,Books
cart_000087,user_00247,prod_0012,3,294.66,2023-12-02T00:00:00Z,Electronics
cart_000087,user_00247,prod_0050,2,60.92,2023-12-16T00:00:00Z,Books
cart_000087,user_00247,prod_0051,2,141.01,2023-12-28T00:00:00Z,Books
cart_000087,user_00247,prod_0004,1,181.99,2023-12-10T00:00:00Z,Electronics
cart_000087,user_00247,prod_0053,3,163.93,2023-12-26T00:00:00Z,Books
cart_000088,user_00249,prod_0013,2,138.3,2023-12-08T00:00:00Z,Electronics
cart_000089,user_00251,prod_0054,2,254.52,2023-12-31T00:00:00Z,Books
cart_000089,user_00251,prod_0039,1,227.05,2023-12-02T00:00:00Z,Home & Kitchen
cart_000089,user_00251,prod_0065,1,81.67,2023-12-06T00:00:00Z,Sports & Fitness
cart_000089,user_00251,prod_0032,1,229.18,2023-12-03T00:00:00Z,Home & Kitchen
cart_000090,user_00256,prod_0009,3,219.54,2023-12-14T00:00:00Z,Electronics
cart_000090,user_00256,prod_0074,3,50.7,2023-12-25T00:00:00Z,Beauty
cart_000091,user_00257,prod_0004,2,181.99,2023-12-05T00:00:00Z,Electronics
cart_000091,user_00257,prod_0001,2,192.99,2023-12-29T00:00:00Z,Electronics
cart_000091,user_00257,prod_0078,1,43.46,2023-12-27T00:00:00Z,Beauty
cart_000091,user_00257,prod_0048,2,258.97,2023-12-02T00:00:00Z,Books
cart_000091,user_00257,prod_0049,3,219.09,2023-12-23T00:00:00Z,Books
cart_000092,user_00259,prod_0031,3,92.74,2023-12-23T00:00:00Z,Home & Kitchen
cart_000092,user_00259,prod_0089,2,70.4,2023-12-20T00:00:00Z,Toys & Games
cart_000092,user_00259,prod_0011,1,212.14,2023-12-02T00:00:00Z,Electronics
cart_000093,user_00265,prod_0032,2,229.18,2023-12-12T00:00:00Z,Home & Kitchen
cart_000093,user_00265,prod_0003,2,129.05,2023-12-11T00:00:00Z,Electronics
cart_000093,user_00265,prod_0057,3,209.8,2023-12-12T00:00:00Z,Books
cart_000093,user_00265,prod_0059,3,175.28,2023-12-05T00:00:00Z,Books
cart_000094,user_00267,prod_0059,2,175.28,2023-12-13T00:00:00Z,Books
cart_000094,user_00267,prod_0073,3,44.48,2023-12-16T00:00:00Z,Beauty
cart_000095,user_00269,prod_0071,2,164.71,2023-12-31T00:00:00Z,Beauty
cart_000095,user_00269,prod_0067,3,278.13,2023-12-28T00:00:00Z,Sports & Fitness
cart_000095,user_00269,prod_0064,2,128.25,2023-12-22T00:00:00Z,Sports & Fitness
cart_000095,user_00269,prod_0080,2,282.84,2023-12-23T00:00:00Z,Beauty
cart_000095,user_00269,prod_0007,2,286.42,2023-12-16T00:00:00Z,Electronics
cart_000096,user_00270,prod_0090,1,246.24,2023-12-09T00:00:00Z,Toys & Games
cart_000096,user_00270,prod_0083,3,66.76,2023-12-04T00:00:00Z,Toys & Games
cart_000096,user_00270,prod_0050,2,60.92,2023-12-28T00:00:00Z,Books
cart_000097,user_00271,prod_0058,3,148.08,2023-12-16T00:00:00Z,Books
cart_000097,user_00271,prod_0024,3,18.85,2023-12-31T00:00:00Z,Fashion
cart_000097,user_00271,prod_0055,3,259.21,2023-12-15T00:00:00Z,Books
cart_000098,user_00277,prod_0070,1,263.51,2023-12-28T00:00:00Z,Sports & Fitness
cart_000098,user_00277,prod_0041,2,77.88,2023-12-10T00:00:00Z,Home & Kitchen
cart_000098,user_00277,prod_0067,3,278.13,2023-12-26T00:00:00Z,Sports & Fitness
cart_000098,user_00277,prod_0036,2,147.88,2023-12-08T00:00:00Z,Home & Kitchen
cart_000098,user_00277,prod_0051,3,141.01,2023-12-14T00:00:00Z,Books
cart_000098,user_00277,prod_0071,3,164.71,2024-01-01T00:00:00Z,Beauty
cart_000099,user_00280,prod_0009,2,219.54,2023-12-29T00:00:00Z,Electronics
cart_000099,user_00280,prod_0097,3,18.05,2023-12-29T00:00:00Z,Automotive
cart_000099,user_00280,prod_0028,3,230.97,2023-12-06T00:00:00Z,Fashion
cart_000099,user_00280,prod_0010,3,91.19,2023-12-07T00:00:00Z,Electronics
cart_000100,user_00290,prod_0033,2,181.09,2023-12-19T00:00:00Z,Home & Kitchen
cart_000101,user_00291,prod_0008,1,110.54,2023-12-09T00:00:00Z,Electronics
cart_000101,user_00291,prod_0052,1,258.24,2023-12-15T00:00:00Z,Books
cart_000101,user_00291,prod_0051,1,141.01,2023-12-23T00:00:00Z,Books
cart_000102,user_00298,prod_0018,3,14.44,2023-12-08T00:00:00Z,Fashion
cart_000103,user_00300,prod_0054,2,254.52,2023-12-23T00:00:00Z,Books
cart_000103,user_00300,prod_0048,2,258.97,2023-12-29T00:00:00Z,Books
cart_000103,user_00300,prod_0013,3,138.3,2023-12-25T00:00:00Z,Electronics
cart_000103,user_00300,prod_0040,2,202.48,2023-12-25T00:00:00Z,Home & Kitchen
cart_000103,user_00300,prod_0039,2,227.05,2023-12-08T00:00:00Z,Home & Kitchen
cart_000103,user_00300,prod_0056,2,294.68,2023-12-09T00:00:00Z,Books
cart_000104,user_00303,prod_0013,1,138.3,2023-12-10T00:00:00Z,Electronics
cart_000104,user_00303,prod_0015,2,55.31,2023-12-14T00:00:00Z,Electronics
cart_000104,user_00303,prod_0011,3,212.14,2023-12-19T00:00:00Z,Electronics
cart_000104,user_00303,prod_0059,2,175.28,2023-12-30T00:00:00Z,Books
cart_000105,user_00309,prod_0003,2,129.05,2023-12-31T00:00:00Z,Electronics
cart_000105,user_00309,prod_0099,2,25.57,2023-12-13T00:00:00Z,Automotive
cart_000105,user_00309,prod_0012,2,294.66,2023-12-27T00:00:00Z,Electronics
cart_000106,user_00310,prod_0042,2,72.65,2023-12-12T00:00:00Z,Home & Kitchen
cart_000106,user_00310,prod_0059,3,175.28,2023-12-31T00:00:00Z,Books
cart_000106,user_00310,prod_0018,3,14.44,2023-12-02T00:00:00Z,Fashion
cart_000107,user_00311,prod_0056,3,294.68,2023-12-06T00:00:00Z,Books
cart_000108,user_00315,prod_0044,3,25.83,2023-12-03T00:00:00Z,Home & Kitchen
cart_000109,user_00319,prod_0092,2,87.06,2023-12-16T00:00:00Z,Automotive
cart_000110,user_00322,prod_0074,2,50.7,2023-12-13T00:00:00Z,Beauty
cart_000110,user_00322,prod_0068,3,298.55,2023-12-06T00:00:00Z,Sports & Fitness
cart_000110,user_00322,prod_0016,3,84.36,2023-12-08T00:00:00Z,Fashion
cart_000111,user_00327,prod_0012,1,294.66,2023-12-05T00:00:00Z,Electronics
cart_000111,user_00327,prod_0048,1,258.97,2023-12-25T00:00:00Z,Books
cart_000111,user_00327,prod_0046,1,76.44,2023-12-14T00:00:00Z,Books
cart_000112,user_00331,prod_0054,3,254.52,2023-12-19T00:00:00Z,Books
cart_000112,user_00331,prod_0058,2,148.08,2023-12-20T00:00:00Z,Books
cart_000113,user_00332,prod_0041,3,77.88,2023-12-19T00:00:00Z,Home & Kitchen
cart_000114,user_00334,prod_0048,2,258.97,2023-12-27T00:00:00Z,Books
cart_000114,user_00334,prod_0035,1,75.82,2023-12-16T00:00:00Z,Home & Kitchen
cart_000114,user_00334,prod_0082,2,17.3,2023-12-21T00:00:00Z,Toys & Games
cart_000114,user_00334,prod_0070,2,263.51,2023-12-23T00:00:00Z,Sports & Fitness
cart_000114,user_00334,prod_0025,1,129.12,2023-12-23T00:00:00Z,Fashion
cart_000114,user_00334,prod_0058,1,148.08,2023-12-15T00:00:00Z,Books
cart_000115,user_00338,prod_0038,2,160.14,2023-12-04T00:00:00Z,Home & Kitchen
cart_000115,user_00338,prod_0049,2,219.09,2023-12-27T00:00:00Z,Books
cart_000115,user_00338,prod_0015,3,55.31,2023-12-06T00:00:00Z,Electronics
cart_000115,user_00338,prod_0091,3,61.78,2023-12-25T00:00:00Z,Automotive
cart_000115,user_00338,prod_0075,3,64.86,2023-12-25T00:00:00Z,Beauty
cart_000115,user_00338,prod_0032,1,229.18,2023-12-26T00:00:00Z,Home & Kitchen
cart_000116,user_00341,prod_0087,1,126.04,2023-12-20T00:00:00Z,Toys & Games
cart_000116,user_00341,prod_0036,2,147.88,2023-12-11T00:00:00Z,Home & Kitchen
cart_000117,user_00342,prod_0075,3,64.86,2023-12-29T00:00:00Z,Beauty
cart_000118,user_00350,prod_0011,2,212.14,2023-12-22T00:00:00Z,Electronics
cart_000118,user_00350,prod_0049,1,219.09,2023-12-26T00:00:00Z,Books
cart_000119,user_00361,prod_0091,1,61.78,2023-12-11T00:00:00Z,Automotive
cart_000119,user_00361,prod_0076,3,78.83,2023-12-30T00:00:00Z,Beauty
cart_000120,user_00366,prod_0094,2,290.3,2023-12-14T00:00:00Z,Automotive
cart_000120,user_00366,prod_0007,2,286.42,2023-12-29T00:00:00Z,Electronics
cart_000120,user_00366,prod_0091,1,61.78,2023-12-12T00:00:00Z,Automotive
cart_000120,user_00366,prod_0001,1,192.99,2024-01-01T00:00:00Z,Electronics
cart_000121,user_00368,prod_0004,3,181.99,2024-01-01T00:00:00Z,Electronics
cart_000121,user_00368,prod_0005,3,137.07,2023-12-15T00:00:00Z,Electronics
cart_000121,user_00368,prod_0058,1,148.08,2023-12-10T00:00:00Z,Books
cart_000122,user_00371,prod_0005,3,137.07,2023-12-13T00:00:00Z,Electronics
cart_000122,user_00371,prod_0046,1,76.44,2023-12-07T00:00:00Z,Books
cart_000123,user_00381,prod_0026,2,142.61,2023-12-09T00:00:00Z,Fashion
cart_000123,user_00381,prod_0010,1,91.19,2023-12-14T00:00:00Z,Electronics
cart_000123,user_00381,prod_0082,1,17.3,2023-12-05T00:00:00Z,Toys & Games
cart_000123,user_00381,prod_0031,3,92.74,2023-12-09T00:00:00Z,Home & Kitchen
cart_000124,user_00387,prod_0014,2,66.6,2023-12-30T00:00:00Z,Electronics
cart_000124,user_00387,prod_0081,3,250.37,2023-12-25T00:00:00Z,Toys & Games
cart_000124,user_00387,prod_0038,2,160.14,2023-12-26T00:00:00Z,Home & Kitchen
cart_000124,user_00387,prod_0056,1,294.68,2023-12-04T00:00:00Z,Books
cart_000124,user_00387,prod_0075,2,64.86,2023-12-20T00:00:00Z,Beauty
cart_000124,user_00387,prod_0090,3,246.24,2023-12-12T00:00:00Z,Toys & Games
cart_000125,user_00391,prod_0005,3,137.07,2023-12-23T00:00:00Z,Electronics
cart_000125,user_00391,prod_0010,1,91.19,2023-12-21T00:00:00Z,Electronics
cart_000126,user_00392,prod_0041,1,77.88,2023-12-25T00:00:00Z,Home & Kitchen
cart_000127,user_00394,prod_0068,1,298.55,2023-12-15T00:00:00Z,Sports & Fitness
cart_000127,user_00394,prod_0053,3,163.93,2023-12-13T00:00:00Z,Books
cart_000127,user_00394,prod_0044,3,25.83,2023-12-24T00:00:00Z,Home & Kitchen
cart_000128,user_00398,prod_0011,1,212.14,2023-12-22T00:00:00Z,Electronics
cart_000129,user_00399,prod_0014,3,66.6,2023-12-20T00:00:00Z,Electronics
cart_000129,user_00399,prod_0074,2,50.7,2023-12-10T00:00:00Z,Beauty
cart_000129,user_00399,prod_0075,3,64.86,2023-12-24T00:00:00Z,Beauty
cart_000129,user_00399,prod_0022,1,176.87,2023-12-02T00:00:00Z,Fashion
cart_000129,user_00399,prod_0064,1,128.25,2023-12-15T00:00:00Z,Sports & Fitness
cart_000130,user_00401,prod_0037,1,42.75,2023-12-17T00:00:00Z,Home & Kitchen
cart_000130,user_00401,prod_0048,1,258.97,2023-12-06T00:00:00Z,Books
cart_000131,user_00403,prod_0082,2,17.3,2023-12-11T00:00:00Z,Toys & Games
cart_000131,user_00403,prod_0040,2,202.48,2023-12-10T00:00:00Z,Home & Kitchen
cart_000131,user_00403,prod_0039,3,227.05,2023-12-02T00:00:00Z,Home & Kitchen
cart_000131,user_00403,prod_0053,1,163.93,2023-12-17T00:00:00Z,Books
cart_000131,user_00403,prod_0037,2,42.75,2023-12-19T00:00:00Z,Home & Kitchen
cart_000131,user_00403,prod_0038,2,160.14,2023-12-15T00:00:00Z,Home & Kitchen
cart_000132,user_00405,prod_0006,2,51.94,2023-12-24T00:00:00Z,Electronics
cart_000132,user_00405,prod_0077,1,129.53,2023-12-21T00:00:00Z,Beauty
cart_000132,user_00405,prod_0086,3,12.29,2023-12-30T00:00:00Z,Toys & Games
cart_000132,user_00405,prod_0047,3,33.5,2023-12-15T00:00:00Z,Books
cart_000132,user_00405,prod_0019,1,273.46,2023-12-18T00:00:00Z,Fashion
cart_000132,user_00405,prod_0090,1,246.24,2023-12-06T00:00:00Z,Toys & Games
cart_000133,user_00409,prod_0085,3,74.6,2023-12-21T00:00:00Z,Toys & Games
cart_000133,user_00409,prod_0073,1,44.48,2023-12-24T00:00:00Z,Beauty
cart_000134,user_00410,prod_0049,2,219.09,2023-12-16T00:00:00Z,Books
cart_000134,user_00410,prod_0040,3,202.48,2023-12-27T00:00:00Z,Home & Kitchen
cart_000134,user_00410,prod_0053,3,163.93,2023-12-11T00:00:00Z,Books
cart_000134,user_00410,prod_0034,3,263.34,2023-12-27T00:00:00Z,Home & Kitchen
cart_000134,user_00410,prod_0033,2,181.09,2023-12-11T00:00:00Z,Home & Kitchen
cart_000134,user_00410,prod_0090,1,246.24,2023-12-22T00:00:00Z,Toys & Games
cart_000135,user_00412,prod_0060,3,176.75,2023-12-18T00:00:00Z,Books
cart_000135,user_00412,prod_0032,2,229.18,2023-12-18T00:00:00Z,Home & Kitchen
cart_000135,user_00412,prod_0041,3,77.88,2023-12-18T00:00:00Z,Home & Kitchen
cart_000136,user_00414,prod_0061,1,287.47,2023-12-15T00:00:00Z,Sports & Fitness
cart_000136,user_00414,prod_0093,1,253.04,2023-12-11T00:00:00Z,Automotive
cart_000136,user_00414,prod_0076,1,78.83,2023-12-07T00:00:00Z,Beauty
cart_000136,user_00414,prod_0035,2,75.82,2023-12-20T00:00:00Z,Home & Kitchen
cart_000136,user_00414,prod_0016,1,84.36,2023-12-06T00:00:00Z,Fashion
cart_000136,user_00414,prod_0026,3,142.61,2023-12-20T00:00:00Z,Fashion
cart_000137,user_00424,prod_0017,3,100.34,2023-12-25T00:00:00Z,Fashion
cart_000138,user_00425,prod_0073,2,44.48,2023-12-11T00:00:00Z,Beauty
cart_000138,user_00425,prod_0084,3,169.61,2023-12-28T00:00:00Z,Toys & Games
cart_000138,user_00425,prod_0028,3,230.97,2023-12-28T00:00:00Z,Fashion
cart_000138,user_00425,prod_0071,2,164.71,2023-12-02T00:00:00Z,Beauty
cart_000139,user_00426,prod_0060,3,176.75,2023-12-17T00:00:00Z,Books
cart_000140,user_00427,prod_0057,1,209.8,2023-12-07T00:00:00Z,Books
cart_000141,user_00429,prod_0075,1,64.86,2023-12-02T00:00:00Z,Beauty
cart_000141,user_00429,prod_0072,3,245.23,2023-12-29T00:00:00Z,Beauty
cart_000142,user_00430,prod_0049,2,219.09,2023-12-15T00:00:00Z,Books
cart_000142,user_00430,prod_0086,3,12.29,2023-12-02T00:00:00Z,Toys & Games
cart_000142,user_00430,prod_0044,1,25.83,2023-12-10T00:00:00Z,Home & Kitchen
cart_000143,user_00434,prod_0060,3,176.75,2023-12-03T00:00:00Z,Books
cart_000143,user_00434,prod_0065,2,81.67,2023-12-18T00:00:00Z,Sports & Fitness
cart_000144,user_00435,prod_0058,1,148.08,2023-12-09T00:00:00Z,Books
cart_000144,user_00435,prod_0053,3,163.93,2023-12-18T00:00:00Z,Books
cart_000144,user_00435,prod_0020,2,151.77,2023-12-22T00:00:00Z,Fashion
cart_000144,user_00435,prod_0047,3,33.5,2023-12-13T00:00:00Z,Books
cart_000144,user_00435,prod_0088,1,236.49,2023-12-28T00:00:00Z,Toys & Games
cart_000144,user_00435,prod_0099,2,25.57,2023-12-08T00:00:00Z,Automotive
cart_000145,user_00437,prod_0041,1,77.88,2023-12-22T00:00:00Z,Home & Kitchen
cart_000145,user_00437,prod_0058,3,148.08,2023-12-29T00:00:00Z,Books
cart_000145,user_00437,prod_0016,1,84.36,2023-12-11T00:00:00Z,Fashion
cart_000145,user_00437,prod_0075,3,64.86,2023-12-02T00:00:00Z,Beauty
cart_000146,user_00439,prod_0050,3,60.92,2023-12-09T00:00:00Z,Books
cart_000146,user_00439,prod_0046,2,76.44,2023-12-14T00:00:00Z,Books
cart_000146,user_00439,prod_0083,3,66.76,2023-12-30T00:00:00Z,Toys & Games
cart_000146,user_00439,prod_0086,1,12.29,2023-12-09T00:00:00Z,Toys & Games
cart_000147,user_00440,prod_0081,1,250.37,2023-12-25T00:00:00Z,Toys & Games
cart_000147,user_00440,prod_0084,2,169.61,2023-12-16T00:00:00Z,Toys & Games
cart_000148,user_00441,prod_0068,3,298.55,2023-12-23T00:00:00Z,Sports & Fitness
cart_000149,user_00442,prod_0050,3,60.92,2023-12-29T00:00:00Z,Books
cart_000149,user_00442,prod_0047,3,33.5,2023-12-18T00:00:00Z,Books
cart_000149,user_00442,prod_0052,1,258.24,2023-12-12T00:00:00Z,Books
cart_000150,user_00443,prod_0099,1,25.57,2023-12-13T00:00:00Z,Automotive
cart_000150,user_00443,prod_0080,3,282.84,2023-12-16T00:00:00Z,Beauty
cart_000150,user_00443,prod_0088,1,236.49,2023-12-09T00:00:00Z,Toys & Games
cart_000150,user_00443,prod_0029,1,138.39,2023-12-02T00:00:00Z,Fashion
cart_000151,user_00452,prod_0035,1,75.82,2023-12-25T00:00:00Z,Home & Kitchen
cart_000151,user_00452,prod_0095,2,180.39,2023-12-30T00:00:00Z,Automotive
cart_000151,user_00452,prod_0082,1,17.3,2023-12-22T00:00:00Z,Toys & Games
cart_000151,user_00452,prod_0017,3,100.34,2023-12-25T00:00:00Z,Fashion
cart_000152,user_00456,prod_0039,3,227.05,2023-12-02T00:00:00Z,Home & Kitchen
cart_000152,user_00456,prod_0056,2,294.68,2023-12-19T00:00:00Z,Books
cart_000152,user_00456,prod_0090,1,246.24,2023-12-28T00:00:00Z,Toys & Games
cart_000153,user_00457,prod_0057,1,209.8,2023-12-09T00:00:00Z,Books
cart_000153,user_00457,prod_0078,3,43.46,2023-12-21T00:00:00Z,Beauty
cart_000153,user_00457,prod_0033,1,181.09,2023-12-29T00:00:00Z,Home & Kitchen
cart_000153,user_00457,prod_0073,3,44.48,2023-12-13T00:00:00Z,Beauty
cart_000153,user_00457,prod_0098,3,163.3,2024-01-01T00:00:00Z,Automotive
cart_000153,user_00457,prod_0025,2,129.12,2023-12-02T00:00:00Z,Fashion
cart_000154,user_00464,prod_0083,1,66.76,2023-12-19T00:00:00Z,Toys & Games
cart_000154,user_00464,prod_0090,3,246.24,2023-12-23T00:00:00Z,Toys & Games
cart_000154,user_00464,prod_0100,1,200.04,2023-12-26T00:00:00Z,Automotive
cart_000155,user_00466,prod_0088,1,236.49,2023-12-21T00:00:00Z,Toys & Games
cart_000155,user_00466,prod_0084,3,169.61,2023-12-05T00:00:00Z,Toys & Games
cart_000155,user_00466,prod_0065,3,81.67,2023-12-19T00:00:00Z,Sports & Fitness
cart_000156,user_00469,prod_0016,3,84.36,2023-12-02T00:00:00Z,Fashion
cart_000156,user_00469,prod_0051,2,141.01,2023-12-17T00:00:00Z,Books
cart_000156,user_00469,prod_0057,3,209.8,2023-12-23T00:00:00Z,Books
cart_000156,user_00469,prod_0001,2,192.99,2023-12-17T00:00:00Z,Electronics
cart_000157,user_00470,prod_0063,1,266.74,2023-12-07T00:00:00Z,Sports & Fitness
cart_000157,user_00470,prod_0014,1,66.6,2023-12-25T00:00:00Z,Electronics
cart_000157,user_00470,prod_0077,2,129.53,2023-12-09T00:00:00Z,Beauty
cart_000157,user_00470,prod_0094,3,290.3,2023-12-28T00:00:00Z,Automotive
cart_000157,user_00470,prod_0009,1,219.54,2023-12-25T00:00:00Z,Electronics
cart_000157,user_00470,prod_0011,3,212.14,2023-12-15T00:00:00Z,Electronics
cart_000158,user_00472,prod_0025,2,129.12,2023-12-05T00:00:00Z,Fashion
cart_000159,user_00476,prod_0072,2,245.23,2023-12-11T00:00:00Z,Beauty
cart_000159,user_00476,prod_0075,1,64.86,2023-12-31T00:00:00Z,Beauty
cart_000159,user_00476,prod_0004,2,181.99,2023-12-09T00:00:00Z,Electronics
cart_000160,user_00477,prod_0057,1,209.8,2023-12-10T00:00:00Z,Books
cart_000161,user_00478,prod_0052,1,258.24,2023-12-14T00:00:00Z,Books
cart_000161,user_00478,prod_0085,3,74.6,2023-12-30T00:00:00Z,Toys & Games
cart_000161,user_00478,prod_0051,3,141.01,2023-12-30T00:00:00Z,Books
cart_000162,user_00481,prod_0097,3,18.05,2023-12-02T00:00:00Z,Automotive
cart_000162,user_00481,prod_0003,2,129.05,2023-12-27T00:00:00Z,Electronics
cart_000162,user_00481,prod_0006,3,51.94,2023-12-25T00:00:00Z,Electronics
cart_000162,user_00481,prod_0012,1,294.66,2023-12-02T00:00:00Z,Electronics
cart_000162,user_00481,prod_0049,2,219.09,2023-12-09T00:00:00Z,Books
cart_000163,user_00482,prod_0051,1,141.01,2023-12-18T00:00:00Z,Books
cart_000164,user_00484,prod_0017,1,100.34,2023-12-07T00:00:00Z,Fashion
cart_000164,user_00484,prod_0091,1,61.78,2023-12-02T00:00:00Z,Automotive
cart_000164,user_00484,prod_0023,1,298.21,2023-12-05T00:00:00Z,Fashion
cart_000165,user_00486,prod_0077,3,129.53,2023-12-25T00:00:00Z,Beauty
cart_000165,user_00486,prod_0078,2,43.46,2023-12-07T00:00:00Z,Beauty
cart_000165,user_00486,prod_0001,3,192.99,2023-12-10T00:00:00Z,Electronics
cart_000166,user_00488,prod_0089,2,70.4,2023-12-21T00:00:00Z,Toys & Games
cart_000166,user_00488,prod_0015,2,55.31,2023-12-02T00:00:00Z,Electronics
cart_000166,user_00488,prod_0033,3,181.09,2023-12-06T00:00:00Z,Home & Kitchen
cart_000167,user_00490,prod_0067,1,278.13,2023-12-24T00:00:00Z,Sports & Fitness
cart_000167,user_00490,prod_0074,2,50.7,2023-12-08T00:00:00Z,Beauty
cart_000167,user_00490,prod_0049,1,219.09,2023-12-07T00:00:00Z,Books
cart_000168,user_00493,prod_0031,2,92.74,2023-12-23T00:00:00Z,Home & Kitchen
cart_000168,user_00493,prod_0052,1,258.24,2023-12-11T00:00:00Z,Books
cart_000169,user_00495,prod_0010,2,91.19,2023-12-09T00:00:00Z,Electronics
cart_000169,user_00495,prod_0089,2,70.4,2023-12-08T00:00:00Z,Toys & Games
cart_000169,user_00495,prod_0001,2,192.99,2023-12-15T00:00:00Z,Electronics
cart_000169,user_00495,prod_0072,2,245.23,2023-12-06T00:00:00Z,Beauty
cart_000170,user_00499,prod_0018,1,14.44,2023-12-02T00:00:00Z,Fashion
cart_000171,user_00500,prod_0076,1,78.83,2023-12-20T00:00:00Z,Beauty
cart_000171,user_00500,prod_0038,1,160.14,2023-12-23T00:00:00Z,Home & Kitchen
cart_000171,user_00500,prod_0017,3,100.34,2023-12-11T00:00:00Z,Fashion
cart_000171,user_00500,prod_0093,2,253.04,2023-12-23T00:00:00Z,Automotive
cart_000171,user_00500,prod_0073,2,44.48,2024-01-01T00:00:00Z,Beauty
cart_000171,user_00500,prod_0027,3,8.38,2023-12-10T00:00:00Z,Fashion
cart_000172,user_00502,prod_0034,2,263.34,2023-12-15T00:00:00Z,Home & Kitchen
cart_000172,user_00502,prod_0072,3,245.23,2023-12-09T00:00:00Z,Beauty
cart_000172,user_00502,prod_0097,2,18.05,2023-12-10T00:00:00Z,Automotive
cart_000173,user_00503,prod_0052,2,258.24,2023-12-28T00:00:00Z,Books
cart_000174,user_00504,prod_0039,2,227.05,2023-12-29T00:00:00Z,Home & Kitchen
cart_000174,user_00504,prod_0055,3,259.21,2024-01-01T00:00:00Z,Books
cart_000174,user_00504,prod_0073,2,44.48,2023-12-22T00:00:00Z,Beauty
cart_000174,user_00504,prod_0075,1,64.86,2023-12-22T00:00:00Z,Beauty
cart_000174,user_00504,prod_0068,2,298.55,2023-12-30T00:00:00Z,Sports & Fitness
cart_000175,user_00505,prod_0012,2,294.66,2023-12-04T00:00:00Z,Electronics
cart_000176,user_00507,prod_0089,2,70.4,2023-12-17T00:00:00Z,Toys & Games
cart_000176,user_00507,prod_0076,3,78.83,2023-12-06T00:00:00Z,Beauty
cart_000176,user_00507,prod_0041,2,77.88,2023-12-14T00:00:00Z,Home & Kitchen
cart_000177,user_00508,prod_0041,2,77.88,2023-12-19T00:00:00Z,Home & Kitchen
cart_000177,user_00508,prod_0028,2,230.97,2023-12-06T00:00:00Z,Fashion
cart_000177,user_00508,prod_0022,1,176.87,2023-12-24T00:00:00Z,Fashion
cart_000177,user_00508,prod_0049,3,219.09,2023-12-08T00:00:00Z,Books
cart_000177,user_00508,prod_0040,1,202.48,2023-12-09T00:00:00Z,Home & Kitchen
cart_000177,user_00508,prod_0046,3,76.44,2023-12-21T00:00:00Z,Books
cart_000178,user_00510,prod_0036,3,147.88,2023-12-14T00:00:00Z,Home & Kitchen
cart_000178,user_00510,prod_0098,3,163.3,2023-12-26T00:00:00Z,Automotive
cart_000179,user_00511,prod_0076,2,78.83,2023-12-28T00:00:00Z,Beauty
cart_000179,user_00511,prod_0027,2,8.38,2023-12-31T00:00:00Z,Fashion
cart_000179,user_00511,prod_0004,2,181.99,2023-12-13T00:00:00Z,Electronics
cart_000180,user_00512,prod_0074,1,50.7,2023-12-26T00:00:00Z,Beauty
cart_000180,user_00512,prod_0030,1,229.02,2023-12-11T00:00:00Z,Fashion
cart_000181,user_00513,prod_0096,3,294.37,2023-12-31T00:00:00Z,Automotive
cart_000181,user_00513,prod_0069,1,153.73,2023-12-28T00:00:00Z,Sports & Fitness
cart_000182,user_00514,prod_0010,3,91.19,2023-12-11T00:00:00Z,Electronics
cart_000182,user_00514,prod_0024,1,18.85,2023-12-24T00:00:00Z,Fashion
cart_000182,user_00514,prod_0047,1,33.5,2023-12-11T00:00:00Z,Books
cart_000183,user_00516,prod_0084,1,169.61,2023-12-26T00:00:00Z,Toys & Games
cart_000183,user_00516,prod_0052,3,258.24,2023-12-27T00:00:00Z,Books
cart_000184,user_00521,prod_0014,3,66.6,2023-12-27T00:00:00Z,Electronics
cart_000184,user_00521,prod_0008,1,110.54,2023-12-28T00:00:00Z,Electronics
cart_000184,user_00521,prod_0058,2,148.08,2023-12-12T00:00:00Z,Books
cart_000185,user_00524,prod_0080,2,282.84,2023-12-02T00:00:00Z,Beauty
cart_000185,user_00524,prod_0062,2,24.98,2023-12-15T00:00:00Z,Sports & Fitness
cart_000186,user_00525,prod_0077,1,129.53,2023-12-13T00:00:00Z,Beauty
cart_000186,user_00525,prod_0053,3,163.93,2023-12-26T00:00:00Z,Books
cart_000186,user_00525,prod_0028,3,230.97,2023-12-08T00:00:00Z,Fashion
cart_000187,user_00526,prod_0040,2,202.48,2023-12-07T00:00:00Z,Home & Kitchen
cart_000187,user_00526,prod_0033,2,181.09,2023-12-30T00:00:00Z,Home & Kitchen
cart_000187,user_00526,prod_0058,1,148.08,2023-12-08T00:00:00Z,Books
cart_000188,user_00530,prod_0035,2,75.82,2023-12-23T00:00:00Z,Home & Kitchen
cart_000188,user_00530,prod_0045,3,43.9,2024-01-01T00:00:00Z,Home & Kitchen
cart_000188,user_00530,prod_0014,3,66.6,2023-12-02T00:00:00Z,Electronics
cart_000188,user_00530,prod_0001,1,192.99,2023-12-12T00:00:00Z,Electronics
cart_000189,user_00531,prod_0040,1,202.48,2023-12-17T00:00:00Z,Home & Kitchen
cart_000189,user_00531,prod_0012,2,294.66,2023-12-27T00:00:00Z,Electronics
cart_000189,user_00531,prod_0006,3,51.94,2023-12-10T00:00:00Z,Electronics
cart_000189,user_00531,prod_0048,2,258.97,2023-12-27T00:00:00Z,Books
cart_000189,user_00531,prod_0071,1,164.71,2023-12-29T00:00:00Z,Beauty
cart_000190,user_00532,prod_0023,1,298.21,2023-12-12T00:00:00Z,Fashion
cart_000190,user_00532,prod_0052,3,258.24,2023-12-06T00:00:00Z,Books
cart_000190,user_00532,prod_0067,3,278.13,2023-12-23T00:00:00Z,Sports & Fitness
cart_000191,user_00533,prod_0024,3,18.85,2023-12-09T00:00:00Z,Fashion
cart_000191,user_00533,prod_0060,1,176.75,2023-12-29T00:00:00Z,Books
cart_000191,user_00533,prod_0001,2,192.99,2023-12-31T00:00:00Z,Electronics
cart_000191,user_00533,prod_0048,2,258.97,2023-12-23T00:00:00Z,Books
cart_000191,user_00533,prod_0012,1,294.66,2023-12-13T00:00:00Z,Electronics
cart_000192,user_00535,prod_0051,2,141.01,2023-12-10T00:00:00Z,Books
cart_000193,user_00537,prod_0042,3,72.65,2023-12-26T00:00:00Z,Home & Kitchen
cart_000193,user_00537,prod_0050,3,60.92,2023-12-12T00:00:00Z,Books
cart_000194,user_00540,prod_0068,1,298.55,2024-01-01T00:00:00Z,Sports & Fitness
cart_000194,user_00540,prod_0065,3,81.67,2023-12-02T00:00:00Z,Sports & Fitness
cart_000194,user_00540,prod_0084,2,169.61,2023-12-13T00:00:00Z,Toys & Games
cart_000194,user_00540,prod_0070,3,263.51,2023-12-03T00:00:00Z,Sports & Fitness
cart_000194,user_00540,prod_0048,3,258.97,2023-12-27T00:00:00Z,Books
cart_000194,user_00540,prod_0036,2,147.88,2023-12-09T00:00:00Z,Home & Kitchen
cart_000195,user_00543,prod_0044,3,25.83,2023-12-11T00:00:00Z,Home & Kitchen
cart_000195,user_00543,prod_0072,3,245.23,2023-12-22T00:00:00Z,Beauty
cart_000196,user_00546,prod_0077,2,129.53,2023-12-09T00:00:00Z,Beauty
cart_000196,user_00546,prod_0022,1,176.87,2023-12-18T00:00:00Z,Fashion
cart_000197,user_00548,prod_0027,2,8.38,2023-12-19T00:00:00Z,Fashion
cart_000197,user_00548,prod_0029,3,138.39,2023-12-30T00:00:00Z,Fashion
cart_000197,user_00548,prod_0073,1,44.48,2023-12-16T00:00:00Z,Beauty
cart_000197,user_00548,prod_0055,1,259.21,2023-12-07T00:00:00Z,Books
cart_000198,user_00550,prod_0086,1,12.29,2023-12-30T00:00:00Z,Toys & Games
cart_000199,user_00551,prod_0005,1,137.07,2023-12-16T00:00:00Z,Electronics
cart_000199,user_00551,prod_0069,3,153.73,2023-12-26T00:00:00Z,Sports & Fitness
cart_000199,user_00551,prod_0087,3,126.04,2023-12-28T00:00:00Z,Toys & Games
cart_000200,user_00561,prod_0058,1,148.08,2023-12-27T00:00:00Z,Books
cart_000200,user_00561,prod_0048,1,258.97,2024-01-01T00:00:00Z,Books
cart_000200,user_00561,prod_0030,1,229.02,2023-12-04T00:00:00Z,Fashion
cart_000200,user_00561,prod_0044,2,25.83,2023-12-17T00:00:00Z,Home & Kitchen
cart_000200,user_00561,prod_0060,1,176.75,2023-12-19T00:00:00Z,Books
cart_000200,user_00561,prod_0089,3,70.4,2023-12-23T00:00:00Z,Toys & Games
cart_000201,user_00563,prod_0067,3,278.13,2023-12-04T00:00:00Z,Sports & Fitness
cart_000201,user_00563,prod_0018,2,14.44,2023-12-20T00:00:00Z,Fashion
cart_000201,user_00563,prod_0048,3,258.97,2023-12-20T00:00:00Z,Books
cart_000201,user_00563,prod_0028,3,230.97,2023-12-09T00:00:00Z,Fashion
cart_000201,user_00563,prod_0003,2,129.05,2023-12-07T00:00:00Z,Electronics
cart_000202,user_00564,prod_0051,3,141.01,2023-12-10T00:00:00Z,Books
cart_000202,user_00564,prod_0064,2,128.25,2023-12-08T00:00:00Z,Sports & Fitness
cart_000202,user_00564,prod_0007,3,286.42,2023-12-11T00:00:00Z,Electronics
cart_000202,user_00564,prod_0002,2,46.02,2023-12-31T00:00:00Z,Electronics
cart_000202,user_00564,prod_0055,1,259.21,2023-12-19T00:00:00Z,Books
cart_000203,user_00567,prod_0006,3,51.94,2023-12-10T00:00:00Z,Electronics
cart_000203,user_00567,prod_0060,2,176.75,2023-12-22T00:00:00Z,Books
cart_000204,user_00571,prod_0042,1,72.65,2023-12-17T00:00:00Z,Home & Kitchen
cart_000204,user_00571,prod_0020,2,151.77,2023-12-28T00:00:00Z,Fashion
cart_000204,user_00571,prod_0007,1,286.42,2023-12-02T00:00:00Z,Electronics
cart_000205,user_00572,prod_0095,2,180.39,2023-12-16T00:00:00Z,Automotive
cart_000205,user_00572,prod_0076,3,78.83,2023-12-30T00:00:00Z,Beauty
cart_000205,user_00572,prod_0077,3,129.53,2023-12-07T00:00:00Z,Beauty
cart_000205,user_00572,prod_0046,3,76.44,2023-12-04T00:00:00Z,Books
cart_000206,user_00573,prod_0019,3,273.46,2023-12-30T00:00:00Z,Fashion
cart_000207,user_00574,prod_0057,2,209.8,2023-12-10T00:00:00Z,Books
cart_000207,user_00574,prod_0058,2,148.08,2023-12-02T00:00:00Z,Books
cart_000208,user_00579,prod_0089,3,70.4,2023-12-06T00:00:00Z,Toys & Games
cart_000208,user_00579,prod_0083,3,66.76,2023-12-29T00:00:00Z,Toys & Games
cart_000208,user_00579,prod_0100,1,200.04,2023-12-29T00:00:00Z,Automotive
cart_000208,user_00579,prod_0088,2,236.49,2023-12-08T00:00:00Z,Toys & Games
cart_000208,user_00579,prod_0004,1,181.99,2024-01-01T00:00:00Z,Electronics
cart_000209,user_00581,prod_0066,1,121.36,2023-12-07T00:00:00Z,Sports & Fitness
cart_000209,user_00581,prod_0038,1,160.14,2023-12-28T00:00:00Z,Home & Kitchen
cart_000209,user_00581,prod_0043,3,22.31,2023-12-09T00:00:00Z,Home & Kitchen
cart_000209,user_00581,prod_0028,1,230.97,2023-12-26T00:00:00Z,Fashion
cart_000210,user_00587,prod_0034,3,263.34,2023-12-06T00:00:00Z,Home & Kitchen
cart_000210,user_00587,prod_0044,2,25.83,2023-12-14T00:00:00Z,Home & Kitchen
cart_000210,user_00587,prod_0047,2,33.5,2023-12-24T00:00:00Z,Books
cart_000210,user_00587,prod_0096,2,294.37,2023-12-24T00:00:00Z,Automotive
cart_000210,user_00587,prod_0055,1,259.21,2023-12-30T00:00:00Z,Books
cart_000211,user_00591,prod_0059,1,175.28,2023-12-19T00:00:00Z,Books
cart_000211,user_00591,prod_0013,1,138.3,2023-12-28T00:00:00Z,Electronics
cart_000211,user_00591,prod_0048,3,258.97,2023-12-20T00:00:00Z,Books
cart_000212,user_00593,prod_0050,2,60.92,2023-12-28T00:00:00Z,Books
cart_000213,user_00598,prod_0019,1,273.46,2023-12-15T00:00:00Z,Fashion
cart_000213,user_00598,prod_0008,3,110.54,2023-12-10T00:00:00Z,Electronics
cart_000213,user_00598,prod_0028,2,230.97,2023-12-03T00:00:00Z,Fashion
cart_000214,user_00601,prod_0084,2,169.61,2023-12-07T00:00:00Z,Toys & Games
cart_000214,user_00601,prod_0018,1,14.44,2023-12-09T00:00:00Z,Fashion
cart_000214,user_00601,prod_0076,3,78.83,2023-12-26T00:00:00Z,Beauty
cart_000215,user_00604,prod_0017,3,100.34,2023-12-03T00:00:00Z,Fashion
cart_000215,user_00604,prod_0076,2,78.83,2023-12-31T00:00:00Z,Beauty
cart_000216,user_00605,prod_0046,3,76.44,2023-12-12T00:00:00Z,Books
cart_000216,user_00605,prod_0057,2,209.8,2023-12-21T00:00:00Z,Books
cart_000216,user_00605,prod_0031,3,92.74,2023-12-07T00:00:00Z,Home & Kitchen
cart_000216,user_00605,prod_0087,1,126.04,2023-12-09T00:00:00Z,Toys & Games
cart_000217,user_00606,prod_0080,1,282.84,2023-12-20T00:00:00Z,Beauty
cart_000217,user_00606,prod_0046,2,76.44,2023-12-08T00:00:00Z,Books
cart_000217,user_00606,prod_0054,1,254.52,2024-01-01T00:00:00Z,Books
cart_000217,user_00606,prod_0035,1,75.82,2023-12-12T00:00:00Z,Home & Kitchen
cart_000218,user_00608,prod_0075,2,64.86,2023-12-13T00:00:00Z,Beauty
cart_000219,user_00612,prod_0040,1,202.48,2023-12-22T00:00:00Z,Home & Kitchen
cart_000219,user_00612,prod_0033,3,181.09,2023-12-06T00:00:00Z,Home & Kitchen
cart_000219,user_00612,prod_0007,2,286.42,2023-12-12T00:00:00Z,Electronics
cart_000219,user_00612,prod_0014,2,66.6,2023-12-08T00:00:00Z,Electronics
cart_000219,user_00612,prod_0087,3,126.04,2023-12-16T00:00:00Z,Toys & Games
cart_000219,user_00612,prod_0059,1,175.28,2023-12-10T00:00:00Z,Books
cart_000220,user_00613,prod_0042,1,72.65,2023-12-02T00:00:00Z,Home & Kitchen
cart_000221,user_00619,prod_0033,3,181.09,2023-12-20T00:00:00Z,Home & Kitchen
cart_000221,user_00619,prod_0011,3,212.14,2023-12-24T00:00:00Z,Electronics
cart_000221,user_00619,prod_0099,2,25.57,2023-12-22T00:00:00Z,Automotive
cart_000221,user_00619,prod_0075,3,64.86,2023-12-16T00:00:00Z,Beauty
cart_000221,user_00619,prod_0046,3,76.44,2023-12-05T00:00:00Z,Books
cart_000221,user_00619,prod_0095,1,180.39,2023-12-04T00:00:00Z,Automotive
cart_000222,user_00621,prod_0048,2,258.97,2023-12-09T00:00:00Z,Books
cart_000222,user_00621,prod_0014,1,66.6,2023-12-22T00:00:00Z,Electronics
cart_000222,user_00621,prod_0069,3,153.73,2023-12-09T00:00:00Z,Sports & Fitness
cart_000222,user_00621,prod_0038,3,160.14,2023-12-17T00:00:00Z,Home & Kitchen
cart_000222,user_00621,prod_0084,1,169.61,2024-01-01T00:00:00Z,Toys & Games
cart_000223,user_00624,prod_0020,3,151.77,2023-12-07T00:00:00Z,Fashion
cart_000223,user_00624,prod_0006,2,51.94,2023-12-10T00:00:00Z,Electronics
cart_000223,user_00624,prod_0004,3,181.99,2023-12-03T00:00:00Z,Electronics
cart_000223,user_00624,prod_0098,1,163.3,2023-12-17T00:00:00Z,Automotive
cart_000223,user_00624,prod_0022,2,176.87,2023-12-21T00:00:00Z,Fashion
cart_000224,user_00625,prod_0027,2,8.38,2023-12-04T00:00:00Z,Fashion
cart_000224,user_00625,prod_0053,1,163.93,2023-12-17T00:00:00Z,Books
cart_000224,user_00625,prod_0032,1,229.18,2023-12-04T00:00:00Z,Home & Kitchen
cart_000224,user_00625,prod_0026,1,142.61,2024-01-01T00:00:00Z,Fashion
cart_000224,user_00625,prod_0055,1,259.21,2023-12-11T00:00:00Z,Books
cart_000224,user_00625,prod_0010,3,91.19,2023-12-21T00:00:00Z,Electronics
cart_000225,user_00631,prod_0045,2,43.9,2023-12-27T00:00:00Z,Home & Kitchen
cart_000226,user_00648,prod_0075,3,64.86,2023-12-14T00:00:00Z,Beauty
cart_000226,user_00648,prod_0007,3,286.42,2023-12-30T00:00:00Z,Electronics
cart_000226,user_00648,prod_0063,1,266.74,2023-12-24T00:00:00Z,Sports & Fitness
cart_000226,user_00648,prod_0065,1,81.67,2023-12-26T00:00:00Z,Sports & Fitness
cart_000227,user_00650,prod_0060,2,176.75,2023-12-17T00:00:00Z,Books
cart_000228,user_00651,prod_0022,2,176.87,2023-12-10T00:00:00Z,Fashion
cart_000228,user_00651,prod_0098,3,163.3,2023-12-12T00:00:00Z,Automotive
cart_000228,user_00651,prod_0003,2,129.05,2023-12-10T00:00:00Z,Electronics
cart_000228,user_00651,prod_0063,2,266.74,2023-12-13T00:00:00Z,Sports & Fitness
cart_000228,user_00651,prod_0093,1,253.04,2023-12-02T00:00:00Z,Automotive
cart_000228,user_00651,prod_0089,3,70.4,2023-12-03T00:00:00Z,Toys & Games
cart_000229,user_00653,prod_0008,1,110.54,2023-12-09T00:00:00Z,Electronics
cart_000229,user_00653,prod_0087,1,126.04,2023-12-29T00:00:00Z,Toys & Games
cart_000229,user_00653,prod_0017,3,100.34,2023-12-10T00:00:00Z,Fashion
cart_000229,user_00653,prod_0007,1,286.42,2023-12-19T00:00:00Z,Electronics
cart_000229,user_00653,prod_0026,1,142.61,2023-12-20T00:00:00Z,Fashion
cart_000229,user_00653,prod_0001,1,192.99,2023-12-07T00:00:00Z,Electronics
cart_000230,user_00654,prod_0005,3,137.07,2023-12-22T00:00:00Z,Electronics
cart_000230,user_00654,prod_0097,2,18.05,2023-12-10T00:00:00Z,Automotive
cart_000230,user_00654,prod_0040,1,202.48,2023-12-25T00:00:00Z,Home & Kitchen
cart_000231,user_00656,prod_0073,1,44.48,2023-12-07T00:00:00Z,Beauty
cart_000231,user_00656,prod_0056,2,294.68,2023-12-23T00:00:00Z,Books
cart_000231,user_00656,prod_0033,3,181.09,2023-12-03T00:00:00Z,Home & Kitchen
cart_000231,user_00656,prod_0072,1,245.23,2023-12-17T00:00:00Z,Beauty
cart_000231,user_00656,prod_0015,1,55.31,2023-12-07T00:00:00Z,Electronics
cart_000232,user_00657,prod_0032,2,229.18,2023-12-16T00:00:00Z,Home & Kitchen
cart_000232,user_00657,prod_0058,3,148.08,2023-12-26T00:00:00Z,Books
cart_000232,user_00657,prod_0045,2,43.9,2023-12-20T00:00:00Z,Home & Kitchen
cart_000233,user_00661,prod_0012,2,294.66,2023-12-22T00:00:00Z,Electronics
cart_000234,user_00664,prod_0008,2,110.54,2023-12-12T00:00:00Z,Electronics
cart_000235,user_00665,prod_0085,1,74.6,2023-12-28T00:00:00Z,Toys & Games
cart_000235,user_00665,prod_0079,2,167.19,2023-12-19T00:00:00Z,Beauty
cart_000235,user_00665,prod_0080,1,282.84,2023-12-03T00:00:00Z,Beauty
cart_000235,user_00665,prod_0075,3,64.86,2023-12-16T00:00:00Z,Beauty
cart_000236,user_00666,prod_0034,3,263.34,2023-12-09T00:00:00Z,Home & Kitchen
cart_000236,user_00666,prod_0058,2,148.08,2023-12-06T00:00:00Z,Books
cart_000236,user_00666,prod_0031,3,92.74,2023-12-23T00:00:00Z,Home & Kitchen
cart_000236,user_00666,prod_0006,1,51.94,2023-12-21T00:00:00Z,Electronics
cart_000237,user_00667,prod_0091,1,61.78,2023-12-04T00:00:00Z,Automotive
cart_000237,user_00667,prod_0046,3,76.44,2023-12-04T00:00:00Z,Books
cart_000237,user_00667,prod_0001,2,192.99,2023-12-02T00:00:00Z,Electronics
cart_000237,user_00667,prod_0078,3,43.46,2023-12-16T00:00:00Z,Beauty
cart_000237,user_00667,prod_0058,1,148.08,2023-12-21T00:00:00Z,Books
cart_000237,user_00667,prod_0025,1,129.12,2023-12-10T00:00:00Z,Fashion
cart_000238,user_00668,prod_0005,1,137.07,2023-12-21T00:00:00Z,Electronics
cart_000239,user_00669,prod_0050,2,60.92,2023-12-18T00:00:00Z,Books
cart_000239,user_00669,prod_0057,3,209.8,2023-12-06T00:00:00Z,Books
cart_000239,user_00669,prod_0042,2,72.65,2023-12-05T00:00:00Z,Home & Kitchen
cart_000240,user_00670,prod_0014,1,66.6,2023-12-23T00:00:00Z,Electronics
cart_000241,user_00672,prod_0010,1,91.19,2023-12-22T00:00:00Z,Electronics
cart_000241,user_00672,prod_0091,3,61.78,2023-12-13T00:00:00Z,Automotive
cart_000241,user_00672,prod_0011,2,212.14,2023-12-15T00:00:00Z,Electronics
cart_000242,user_00674,prod_0046,1,76.44,2023-12-11T00:00:00Z,Books
cart_000242,user_00674,prod_0061,3,287.47,2023-12-27T00:00:00Z,Sports & Fitness
cart_000242,user_00674,prod_0057,1,209.8,2023-12-10T00:00:00Z,Books
cart_000242,user_00674,prod_0082,1,17.3,2023-12-06T00:00:00Z,Toys & Games
cart_000243,user_00678,prod_0012,2,294.66,2023-12-31T00:00:00Z,Electronics
cart_000243,user_00678,prod_0010,1,91.19,2023-12-09T00:00:00Z,Electronics
cart_000243,user_00678,prod_0011,1,212.14,2023-12-20T00:00:00Z,Electronics
cart_000243,user_00678,prod_0077,3,129.53,2023-12-24T00:00:00Z,Beauty
cart_000244,user_00679,prod_0053,3,163.93,2023-12-27T00:00:00Z,Books
cart_000244,user_00679,prod_0080,2,282.84,2023-12-26T00:00:00Z,Beauty
cart_000244,user_00679,prod_0059,3,175.28,2024-01-01T00:00:00Z,Books
cart_000244,user_00679,prod_0045,3,43.9,2023-12-25T00:00:00Z,Home & Kitchen
cart_000245,user_00686,prod_0021,3,46.05,2023-12-12T00:00:00Z,Fashion
cart_000245,user_00686,prod_0070,2,263.51,2023-12-18T00:00:00Z,Sports & Fitness
cart_000245,user_00686,prod_0043,2,22.31,2023-12-31T00:00:00Z,Home & Kitchen
cart_000245,user_00686,prod_0073,3,44.48,2023-12-12T00:00:00Z,Beauty
cart_000245,user_00686,prod_0079,2,167.19,2023-12-21T00:00:00Z,Beauty
cart_000246,user_00687,prod_0010,3,91.19,2023-12-08T00:00:00Z,Electronics
cart_000246,user_00687,prod_0049,1,219.09,2023-12-27T00:00:00Z,Books
cart_000246,user_00687,prod_0032,3,229.18,2023-12-13T00:00:00Z,Home & Kitchen
cart_000246,user_00687,prod_0055,3,259.21,2023-12-18T00:00:00Z,Books
cart_000246,user_00687,prod_0001,3,192.99,2023-12-07T00:00:00Z,Electronics
cart_000246,user_00687,prod_0059,3,175.28,2023-12-29T00:00:00Z,Books
cart_000247,user_00692,prod_0074,2,50.7,2023-12-17T00:00:00Z,Beauty
cart_000248,user_00693,prod_0084,2,169.61,2023-12-14T00:00:00Z,Toys & Games
cart_000248,user_00693,prod_0072,2,245.23,2023-12-31T00:00:00Z,Beauty
cart_000248,user_00693,prod_0077,3,129.53,2023-12-20T00:00:00Z,Beauty
cart_000248,user_00693,prod_0065,2,81.67,2023-12-31T00:00:00Z,Sports & Fitness
cart_000248,user_00693,prod_0042,2,72.65,2023-12-10T00:00:00Z,Home & Kitchen
cart_000248,user_00693,prod_0095,2,180.39,2023-12-19T00:00:00Z,Automotive
cart_000249,user_00694,prod_0072,2,245.23,2023-12-28T00:00:00Z,Beauty
cart_000249,user_00694,prod_0082,1,17.3,2023-12-09T00:00:00Z,Toys & Games
cart_000249,user_00694,prod_0044,2,25.83,2023-12-15T00:00:00Z,Home & Kitchen
cart_000249,user_00694,prod_0038,3,160.14,2023-12-28T00:00:00Z,Home & Kitchen
cart_000249,user_00694,prod_0076,2,78.83,2023-12-28T00:00:00Z,Beauty
cart_000250,user_00695,prod_0001,1,192.99,2023-12-25T00:00:00Z,Electronics
cart_000250,user_00695,prod_0054,1,254.52,2023-12-31T00:00:00Z,Books
cart_000250,user_00695,prod_0047,2,33.5,2023-12-21T00:00:00Z,Books
cart_000250,user_00695,prod_0052,2,258.24,2023-12-02T00:00:00Z,Books
cart_000250,user_00695,prod_0099,3,25.57,2023-12-13T00:00:00Z,Automotive
cart_000251,user_00697,prod_0085,3,74.6,2023-12-07T00:00:00Z,Toys & Games
cart_000252,user_00698,prod_0072,2,245.23,2023-12-22T00:00:00Z,Beauty
cart_000252,user_00698,prod_0047,1,33.5,2023-12-27T00:00:00Z,Books
cart_000252,user_00698,prod_0025,3,129.12,2023-12-07T00:00:00Z,Fashion
cart_000252,user_00698,prod_0050,1,60.92,2023-12-21T00:00:00Z,Books
cart_000253,user_00699,prod_0058,3,148.08,2023-12-16T00:00:00Z,Books
cart_000254,user_00702,prod_0034,1,263.34,2023-12-14T00:00:00Z,Home & Kitchen
cart_000254,user_00702,prod_0011,2,212.14,2024-01-01T00:00:00Z,Electronics
cart_000254,user_00702,prod_0062,1,24.98,2023-12-25T00:00:00Z,Sports & Fitness
cart_000254,user_00702,prod_0049,2,219.09,2023-12-24T00:00:00Z,Books
cart_000254,user_00702,prod_0043,3,22.31,2023-12-02T00:00:00Z,Home & Kitchen
cart_000255,user_00704,prod_0071,3,164.71,2023-12-22T00:00:00Z,Beauty
cart_000255,user_00704,prod_0076,3,78.83,2023-12-20T00:00:00Z,Beauty
cart_000255,user_00704,prod_0084,1,169.61,2023-12-06T00:00:00Z,Toys & Games
cart_000255,user_00704,prod_0080,3,282.84,2023-12-03T00:00:00Z,Beauty
cart_000255,user_00704,prod_0057,1,209.8,2023-12-22T00:00:00Z,Books
cart_000256,user_00705,prod_0032,2,229.18,2023-12-31T00:00:00Z,Home & Kitchen
cart_000256,user_00705,prod_0040,3,202.48,2023-12-05T00:00:00Z,Home & Kitchen
cart_000256,user_00705,prod_0075,3,64.86,2023-12-21T00:00:00Z,Beauty
cart_000256,user_00705,prod_0072,3,245.23,2023-12-27T00:00:00Z,Beauty
cart_000256,user_00705,prod_0037,1,42.75,2023-12-10T00:00:00Z,Home & Kitchen
cart_000256,user_00705,prod_0087,2,126.04,2023-12-09T00:00:00Z,Toys & Games
cart_000257,user_00706,prod_0007,1,286.42,2023-12-15T00:00:00Z,Electronics
cart_000258,user_00711,prod_0060,1,176.75,2023-12-15T00:00:00Z,Books
cart_000258,user_00711,prod_0042,3,72.65,2023-12-20T00:00:00Z,Home & Kitchen
cart_000258,user_00711,prod_0035,1,75.82,2023-12-31T00:00:00Z,Home & Kitchen
cart_000258,user_00711,prod_0033,1,181.09,2023-12-29T00:00:00Z,Home & Kitchen
cart_000259,user_00712,prod_0033,3,181.09,2023-12-04T00:00:00Z,Home & Kitchen
cart_000260,user_00717,prod_0015,2,55.31,2023-12-19T00:00:00Z,Electronics
cart_000261,user_00718,prod_0061,2,287.47,2023-12-10T00:00:00Z,Sports & Fitness
cart_000261,user_00718,prod_0042,3,72.65,2023-12-07T00:00:00Z,Home & Kitchen
cart_000261,user_00718,prod_0067,3,278.13,2023-12-24T00:00:00Z,Sports & Fitness
cart_000261,user_00718,prod_0083,1,66.76,2023-12-31T00:00:00Z,Toys & Games
cart_000261,user_00718,prod_0045,2,43.9,2023-12-30T00:00:00Z,Home & Kitchen
cart_000262,user_00719,prod_0025,1,129.12,2023-12-08T00:00:00Z,Fashion
cart_000262,user_00719,prod_0046,2,76.44,2023-12-03T00:00:00Z,Books
cart_000262,user_00719,prod_0027,1,8.38,2023-12-24T00:00:00Z,Fashion
cart_000262,user_00719,prod_0071,1,164.71,2023-12-12T00:00:00Z,Beauty
cart_000262,user_00719,prod_0018,2,14.44,2023-12-23T00:00:00Z,Fashion
cart_000263,user_00724,prod_0022,3,176.87,2023-12-13T00:00:00Z,Fashion
cart_000263,user_00724,prod_0060,3,176.75,2023-12-17T00:00:00Z,Books
cart_000263,user_00724,prod_0080,3,282.84,2023-12-16T00:00:00Z,Beauty
cart_000264,user_00725,prod_0025,1,129.12,2023-12-31T00:00:00Z,Fashion
cart_000264,user_00725,prod_0048,3,258.97,2023-12-31T00:00:00Z,Books
cart_000264,user_00725,prod_0029,2,138.39,2023-12-04T00:00:00Z,Fashion
cart_000264,user_00725,prod_0077,3,129.53,2023-12-21T00:00:00Z,Beauty
cart_000264,user_00725,prod_0008,3,110.54,2023-12-12T00:00:00Z,Electronics
cart_000265,user_00726,prod_0088,1,236.49,2023-12-30T00:00:00Z,Toys & Games
cart_000265,user_00726,prod_0014,3,66.6,2023-12-07T00:00:00Z,Electronics
cart_000265,user_00726,prod_0099,2,25.57,2023-12-26T00:00:00Z,Automotive
cart_000265,user_00726,prod_0087,3,126.04,2023-12-06T00:00:00Z,Toys & Games
cart_000265,user_00726,prod_0082,1,17.3,2023-12-26T00:00:00Z,Toys & Games
cart_000265,user_00726,prod_0011,3,212.14,2023-12-02T00:00:00Z,Electronics
cart_000266,user_00727,prod_0085,2,74.6,2023-12-28T00:00:00Z,Toys & Games
cart_000267,user_00729,prod_0052,2,258.24,2023-12-13T00:00:00Z,Books
cart_000268,user_00737,prod_0052,1,258.24,2023-12-05T00:00:00Z,Books
cart_000268,user_00737,prod_0071,2,164.71,2023-12-20T00:00:00Z,Beauty
cart_000268,user_00737,prod_0027,1,8.38,2023-12-10T00:00:00Z,Fashion
cart_000268,user_00737,prod_0022,1,176.87,2023-12-03T00:00:00Z,Fashion
cart_000269,user_00740,prod_0098,1,163.3,2023-12-27T00:00:00Z,Automotive
cart_000269,user_00740,prod_0072,2,245.23,2023-12-06T00:00:00Z,Beauty
cart_000269,user_00740,prod_0028,2,230.97,2023-12-17T00:00:00Z,Fashion
cart_000269,user_00740,prod_0026,1,142.61,2023-12-13T00:00:00Z,Fashion
cart_000269,user_00740,prod_0075,1,64.86,2023-12-31T00:00:00Z,Beauty
cart_000269,user_00740,prod_0073,1,44.48,2023-12-19T00:00:00Z,Beauty
cart_000270,user_00742,prod_0044,1,25.83,2023-12-05T00:00:00Z,Home & Kitchen
cart_000270,user_00742,prod_0042,2,72.65,2023-12-31T00:00:00Z,Home & Kitchen
cart_000271,user_00745,prod_0044,1,25.83,2023-12-27T00:00:00Z,Home & Kitchen
cart_000271,user_00745,prod_0001,1,192.99,2023-12-18T00:00:00Z,Electronics
cart_000271,user_00745,prod_0051,2,141.01,2023-12-27T00:00:00Z,Books
cart_000272,user_00748,prod_0005,3,137.07,2023-12-24T00:00:00Z,Electronics
cart_000272,user_00748,prod_0001,3,192.99,2023-12-24T00:00:00Z,Electronics
cart_000272,user_00748,prod_0014,2,66.6,2023-12-19T00:00:00Z,Electronics
cart_000272,user_00748,prod_0045,2,43.9,2023-12-02T00:00:00Z,Home & Kitchen
cart_000272,user_00748,prod_0024,3,18.85,2023-12-16T00:00:00Z,Fashion
cart_000273,user_00752,prod_0012,2,294.66,2023-12-05T00:00:00Z,Electronics
cart_000273,user_00752,prod_0018,2,14.44,2023-12-24T00:00:00Z,Fashion
cart_000273,user_00752,prod_0024,2,18.85,2023-12-25T00:00:00Z,Fashion
cart_000273,user_00752,prod_0002,1,46.02,2023-12-07T00:00:00Z,Electronics
cart_000273,user_00752,prod_0078,3,43.46,2023-12-14T00:00:00Z,Beauty
cart_000274,user_00760,prod_0035,1,75.82,2023-12-21T00:00:00Z,Home & Kitchen
cart_000274,user_00760,prod_0070,1,263.51,2024-01-01T00:00:00Z,Sports & Fitness
cart_000275,user_00762,prod_0006,2,51.94,2023-12-25T00:00:00Z,Electronics
cart_000275,user_00762,prod_0034,1,263.34,2023-12-23T00:00:00Z,Home & Kitchen
cart_000275,user_00762,prod_0016,2,84.36,2023-12-25T00:00:00Z,Fashion
cart_000276,user_00769,prod_0058,1,148.08,2023-12-21T00:00:00Z,Books
cart_000276,user_00769,prod_0053,3,163.93,2023-12-08T00:00:00Z,Books
cart_000276,user_00769,prod_0061,3,287.47,2023-12-04T00:00:00Z,Sports & Fitness
cart_000276,user_00769,prod_0020,2,151.77,2023-12-06T00:00:00Z,Fashion
cart_000277,user_00776,prod_0033,1,181.09,2023-12-25T00:00:00Z,Home & Kitchen
cart_000277,user_00776,prod_0097,1,18.05,2023-12-12T00:00:00Z,Automotive
cart_000277,user_00776,prod_0098,1,163.3,2023-12-07T00:00:00Z,Automotive
cart_000277,user_00776,prod_0042,3,72.65,2023-12-17T00:00:00Z,Home & Kitchen
cart_000278,user_00777,prod_0039,1,227.05,2023-12-16T00:00:00Z,Home & Kitchen
cart_000278,user_00777,prod_0064,3,128.25,2023-12-27T00:00:00Z,Sports & Fitness
cart_000278,user_00777,prod_0019,3,273.46,2024-01-01T00:00:00Z,Fashion
cart_000278,user_00777,prod_0042,3,72.65,2023-12-23T00:00:00Z,Home & Kitchen
cart_000279,user_00778,prod_0045,1,43.9,2023-12-08T00:00:00Z,Home & Kitchen
cart_000279,user_00778,prod_0077,2,129.53,2023-12-03T00:00:00Z,Beauty
cart_000279,user_00778,prod_0058,3,148.08,2023-12-24T00:00:00Z,Books
cart_000280,user_00782,prod_0099,3,25.57,2023-12-29T00:00:00Z,Automotive
cart_000281,user_00784,prod_0056,1,294.68,2023-12-04T00:00:00Z,Books
cart_000282,user_00785,prod_0055,1,259.21,2023-12-21T00:00:00Z,Books
cart_000282,user_00785,prod_0019,2,273.46,2023-12-10T00:00:00Z,Fashion
cart_000283,user_00787,prod_0002,2,46.02,2023-12-18T00:00:00Z,Electronics
cart_000283,user_00787,prod_0085,2,74.6,2023-12-19T00:00:00Z,Toys & Games
cart_000283,user_00787,prod_0095,3,180.39,2023-12-31T00:00:00Z,Automotive
cart_000283,user_00787,prod_0086,1,12.29,2023-12-11T00:00:00Z,Toys & Games
cart_000283,user_00787,prod_0037,1,42.75,2023-12-12T00:00:00Z,Home & Kitchen
cart_000284,user_00788,prod_0064,3,128.25,2023-12-02T00:00:00Z,Sports & Fitness
cart_000284,user_00788,prod_0079,2,167.19,2023-12-27T00:00:00Z,Beauty
cart_000285,user_00789,prod_0027,3,8.38,2023-12-09T00:00:00Z,Fashion
cart_000285,user_00789,prod_0017,2,100.34,2023-12-10T00:00:00Z,Fashion
cart_000285,user_00789,prod_0089,3,70.4,2023-12-31T00:00:00Z,Toys & Games
cart_000285,user_00789,prod_0022,1,176.87,2023-12-09T00:00:00Z,Fashion
cart_000285,user_00789,prod_0019,3,273.46,2023-12-09T00:00:00Z,Fashion
cart_000286,user_00790,prod_0052,2,258.24,2023-12-26T00:00:00Z,Books
cart_000286,user_00790,prod_0007,1,286.42,2023-12-23T00:00:00Z,Electronics
cart_000286,user_00790,prod_0005,1,137.07,2023-12-20T00:00:00Z,Electronics
cart_000286,user_00790,prod_0047,1,33.5,2023-12-28T00:00:00Z,Books
cart_000286,user_00790,prod_0055,2,259.21,2023-12-09T00:00:00Z,Books
cart_000287,user_00791,prod_0069,3,153.73,2023-12-26T00:00:00Z,Sports & Fitness
cart_000287,user_00791,prod_0050,1,60.92,2023-12-24T00:00:00Z,Books
cart_000287,user_00791,prod_0061,3,287.47,2023-12-31T00:00:00Z,Sports & Fitness
cart_000287,user_00791,prod_0076,1,78.83,2023-12-19T00:00:00Z,Beauty
cart_000287,user_00791,prod_0048,2,258.97,2023-12-25T00:00:00Z,Books
cart_000287,user_00791,prod_0011,1,212.14,2023-12-04T00:00:00Z,Electronics
cart_000288,user_00801,prod_0002,2,46.02,2023-12-06T00:00:00Z,Electronics
cart_000289,user_00803,prod_0095,3,180.39,2023-12-08T00:00:00Z,Automotive
cart_000289,user_00803,prod_0027,3,8.38,2023-12-24T00:00:00Z,Fashion
cart_000289,user_00803,prod_0048,2,258.97,2023-12-09T00:00:00Z,Books
cart_000290,user_00804,prod_0063,2,266.74,2023-12-04T00:00:00Z,Sports & Fitness
cart_000290,user_00804,prod_0076,3,78.83,2023-12-04T00:00:00Z,Beauty
cart_000290,user_00804,prod_0028,2,230.97,2023-12-22T00:00:00Z,Fashion
cart_000291,user_00805,prod_0028,3,230.97,2023-12-20T00:00:00Z,Fashion
cart_000291,user_00805,prod_0010,1,91.19,2023-12-20T00:00:00Z,Electronics
cart_000292,user_00806,prod_0073,2,44.48,2023-12-08T00:00:00Z,Beauty
cart_000292,user_00806,prod_0058,3,148.08,2023-12-08T00:00:00Z,Books
cart_000292,user_00806,prod_0013,1,138.3,2023-12-28T00:00:00Z,Electronics
cart_000292,user_00806,prod_0003,2,129.05,2023-12-18T00:00:00Z,Electronics
cart_000292,user_00806,prod_0047,1,33.5,2023-12-24T00:00:00Z,Books
cart_000292,user_00806,prod_0070,3,263.51,2023-12-26T00:00:00Z,Sports & Fitness
cart_000293,user_00808,prod_0058,1,148.08,2023-12-06T00:00:00Z,Books
cart_000293,user_00808,prod_0050,2,60.92,2023-12-07T00:00:00Z,Books
cart_000293,user_00808,prod_0100,2,200.04,2023-12-27T00:00:00Z,Automotive
cart_000293,user_00808,prod_0092,1,87.06,2023-12-25T00:00:00Z,Automotive
cart_000294,user_00809,prod_0002,2,46.02,2023-12-23T00:00:00Z,Electronics
cart_000294,user_00809,prod_0057,1,209.8,2023-12-10T00:00:00Z,Books
cart_000294,user_00809,prod_0058,2,148.08,2023-12-09T00:00:00Z,Books
cart_000294,user_00809,prod_0084,1,169.61,2024-01-01T00:00:00Z,Toys & Games
cart_000294,user_00809,prod_0012,2,294.66,2023-12-16T00:00:00Z,Electronics
cart_000294,user_00809,prod_0056,1,294.68,2023-12-19T00:00:00Z,Books
cart_000295,user_00810,prod_0005,3,137.07,2023-12-29T00:00:00Z,Electronics
cart_000295,user_00810,prod_0082,2,17.3,2023-12-03T00:00:00Z,Toys & Games
cart_000295,user_00810,prod_0088,2,236.49,2023-12-04T00:00:00Z,Toys & Games
cart_000296,user_00813,prod_0096,1,294.37,2023-12-26T00:00:00Z,Automotive
cart_000296,user_00813,prod_0092,2,87.06,2023-12-29T00:00:00Z,Automotive
cart_000297,user_00821,prod_0004,2,181.99,2023-12-17T00:00:00Z,Electronics
cart_000297,user_00821,prod_0073,3,44.48,2023-12-09T00:00:00Z,Beauty
cart_000297,user_00821,prod_0020,2,151.77,2023-12-26T00:00:00Z,Fashion
cart_000297,user_00821,prod_0016,1,84.36,2023-12-25T00:00:00Z,Fashion
cart_000297,user_00821,prod_0077,2,129.53,2023-12-04T00:00:00Z,Beauty
cart_000297,user_00821,prod_0081,1,250.37,2023-12-25T00:00:00Z,Toys & Games
cart_000298,user_00826,prod_0100,2,200.04,2023-12-05T00:00:00Z,Automotive
cart_000298,user_00826,prod_0096,2,294.37,2023-12-29T00:00:00Z,Automotive
cart_000299,user_00828,prod_0029,1,138.39,2024-01-01T00:00:00Z,Fashion
cart_000299,user_00828,prod_0076,3,78.83,2024-01-01T00:00:00Z,Beauty
cart_000300,user_00829,prod_0060,1,176.75,2023-12-22T00:00:00Z,Books
cart_000300,user_00829,prod_0043,3,22.31,2023-12-12T00:00:00Z,Home & Kitchen
cart_000300,user_00829,prod_0045,3,43.9,2023-12-15T00:00:00Z,Home & Kitchen
cart_000300,user_00829,prod_0055,2,259.21,2023-12-05T00:00:00Z,Books
cart_000300,user_00829,prod_0037,3,42.75,2023-12-05T00:00:00Z,Home & Kitchen
cart_000300,user_00829,prod_0054,3,254.52,2023-12-22T00:00:00Z,Books
cart_000301,user_00831,prod_0006,2,51.94,2023-12-19T00:00:00Z,Electronics
cart_000301,user_00831,prod_0008,3,110.54,2023-12-22T00:00:00Z,Electronics
cart_000301,user_00831,prod_0009,2,219.54,2023-12-09T00:00:00Z,Electronics
cart_000301,user_00831,prod_0048,2,258.97,2023-12-13T00:00:00Z,Books
cart_000302,user_00835,prod_0057,1,209.8,2023-12-29T00:00:00Z,Books
cart_000302,user_00835,prod_0012,1,294.66,2023-12-23T00:00:00Z,Electronics
cart_000302,user_00835,prod_0048,1,258.97,2023-12-16T00:00:00Z,Books
cart_000303,user_00838,prod_0057,3,209.8,2023-12-25T00:00:00Z,Books
cart_000303,user_00838,prod_0034,1,263.34,2024-01-01T00:00:00Z,Home & Kitchen
cart_000304,user_00839,prod_0096,3,294.37,2024-01-01T00:00:00Z,Automotive
cart_000304,user_00839,prod_0008,3,110.54,2023-12-07T00:00:00Z,Electronics
cart_000304,user_00839,prod_0092,2,87.06,2023-12-13T00:00:00Z,Automotive
cart_000304,user_00839,prod_0100,1,200.04,2023-12-18T00:00:00Z,Automotive
cart_000304,user_00839,prod_0095,1,180.39,2023-12-04T00:00:00Z,Automotive
cart_000304,user_00839,prod_0072,1,245.23,2023-12-29T00:00:00Z,Beauty
cart_000305,user_00840,prod_0028,2,230.97,2023-12-22T00:00:00Z,Fashion
cart_000305,user_00840,prod_0076,2,78.83,2023-12-13T00:00:00Z,Beauty
cart_000305,user_00840,prod_0075,2,64.86,2023-12-29T00:00:00Z,Beauty
cart_000306,user_00842,prod_0085,3,74.6,2023-12-07T00:00:00Z,Toys & Games
cart_000307,user_00843,prod_0003,1,129.05,2023-12-22T00:00:00Z,Electronics
cart_000307,user_00843,prod_0087,1,126.04,2023-12-27T00:00:00Z,Toys & Games
cart_000307,user_00843,prod_0027,2,8.38,2023-12-23T00:00:00Z,Fashion
cart_000307,user_00843,prod_0038,2,160.14,2023-12-13T00:00:00Z,Home & Kitchen
cart_000307,user_00843,prod_0055,1,259.21,2023-12-14T00:00:00Z,Books
cart_000307,user_00843,prod_0010,3,91.19,2023-12-09T00:00:00Z,Electronics
cart_000308,user_00846,prod_0051,2,141.01,2023-12-09T00:00:00Z,Books
cart_000308,user_00846,prod_0018,1,14.44,2023-12-06T00:00:00Z,Fashion
cart_000308,user_00846,prod_0039,1,227.05,2023-12-26T00:00:00Z,Home & Kitchen
cart_000309,user_00850,prod_0047,2,33.5,2023-12-29T00:00:00Z,Books
cart_000309,user_00850,prod_0046,3,76.44,2023-12-25T00:00:00Z,Books
cart_000309,user_00850,prod_0003,2,129.05,2023-12-05T00:00:00Z,Electronics
cart_000310,user_00851,prod_0059,2,175.28,2023-12-17T00:00:00Z,Books
cart_000310,user_00851,prod_0086,2,12.29,2023-12-20T00:00:00Z,Toys & Games
cart_000310,user_00851,prod_0065,1,81.67,2023-12-04T00:00:00Z,Sports & Fitness
cart_000310,user_00851,prod_0094,1,290.3,2023-12-04T00:00:00Z,Automotive
cart_000310,user_00851,prod_0087,2,126.04,2023-12-30T00:00:00Z,Toys & Games
cart_000310,user_00851,prod_0015,3,55.31,2023-12-13T00:00:00Z,Electronics
cart_000311,user_00852,prod_0089,1,70.4,2023-12-29T00:00:00Z,Toys & Games
cart_000311,user_00852,prod_0055,2,259.21,2023-12-18T00:00:00Z,Books
cart_000311,user_00852,prod_0038,2,160.14,2023-12-13T00:00:00Z,Home & Kitchen
cart_000312,user_00856,prod_0044,2,25.83,2023-12-29T00:00:00Z,Home & Kitchen
cart_000312,user_00856,prod_0061,1,287.47,2023-12-22T00:00:00Z,Sports & Fitness
cart_000313,user_00860,prod_0080,3,282.84,2023-12-29T00:00:00Z,Beauty
cart_000313,user_00860,prod_0068,1,298.55,2023-12-23T00:00:00Z,Sports & Fitness
cart_000313,user_00860,prod_0019,1,273.46,2023-12-24T00:00:00Z,Fashion
cart_000313,user_00860,prod_0021,2,46.05,2023-12-10T00:00:00Z,Fashion
cart_000313,user_00860,prod_0069,1,153.73,2023-12-18T00:00:00Z,Sports & Fitness
cart_000313,user_00860,prod_0024,2,18.85,2023-12-14T00:00:00Z,Fashion
cart_000314,user_00863,prod_0070,2,263.51,2023-12-08T00:00:00Z,Sports & Fitness
cart_000314,user_00863,prod_0004,3,181.99,2023-12-17T00:00:00Z,Electronics
cart_000315,user_00864,prod_0007,1,286.42,2023-12-07T00:00:00Z,Electronics
cart_000315,user_00864,prod_0021,1,46.05,2023-12-06T00:00:00Z,Fashion
cart_000315,user_00864,prod_0001,1,192.99,2023-12-12T00:00:00Z,Electronics
cart_000315,user_00864,prod_0071,2,164.71,2023-12-05T00:00:00Z,Beauty
cart_000315,user_00864,prod_0063,3,266.74,2023-12-07T00:00:00Z,Sports & Fitness
cart_000315,user_00864,prod_0012,3,294.66,2023-12-27T00:00:00Z,Electronics
cart_000316,user_00866,prod_0065,3,81.67,2023-12-31T00:00:00Z,Sports & Fitness
cart_000316,user_00866,prod_0066,1,121.36,2024-01-01T00:00:00Z,Sports & Fitness
cart_000316,user_00866,prod_0075,1,64.86,2023-12-17T00:00:00Z,Beauty
cart_000316,user_00866,prod_0062,1,24.98,2023-12-09T00:00:00Z,Sports & Fitness
cart_000316,user_00866,prod_0078,2,43.46,2023-12-06T00:00:00Z,Beauty
cart_000317,user_00867,prod_0074,3,50.7,2023-12-05T00:00:00Z,Beauty
cart_000317,user_00867,prod_0061,3,287.47,2023-12-30T00:00:00Z,Sports & Fitness
cart_000317,user_00867,prod_0067,2,278.13,2024-01-01T00:00:00Z,Sports & Fitness
cart_000317,user_00867,prod_0076,2,78.83,2023-12-07T00:00:00Z,Beauty
cart_000317,user_00867,prod_0063,3,266.74,2023-12-14T00:00:00Z,Sports & Fitness
cart_000318,user_00869,prod_0060,3,176.75,2023-12-20T00:00:00Z,Books
cart_000318,user_00869,prod_0064,3,128.25,2023-12-17T00:00:00Z,Sports & Fitness
cart_000318,user_00869,prod_0068,3,298.55,2023-12-09T00:00:00Z,Sports & Fitness
cart_000319,user_00876,prod_0094,1,290.3,2023-12-14T00:00:00Z,Automotive
cart_000319,user_00876,prod_0076,3,78.83,2023-12-08T00:00:00Z,Beauty
cart_000320,user_00877,prod_0042,2,72.65,2023-12-11T00:00:00Z,Home & Kitchen
cart_000320,user_00877,prod_0061,2,287.47,2023-12-27T00:00:00Z,Sports & Fitness
cart_000321,user_00878,prod_0044,1,25.83,2023-12-22T00:00:00Z,Home & Kitchen
cart_000322,user_00879,prod_0087,1,126.04,2023-12-27T00:00:00Z,Toys & Games
cart_000322,user_00879,prod_0063,3,266.74,2023-12-29T00:00:00Z,Sports & Fitness
cart_000322,user_00879,prod_0072,1,245.23,2023-12-12T00:00:00Z,Beauty
cart_000322,user_00879,prod_0077,3,129.53,2023-12-25T00:00:00Z,Beauty
cart_000323,user_00880,prod_0075,3,64.86,2023-12-27T00:00:00Z,Beauty
cart_000324,user_00883,prod_0029,2,138.39,2023-12-07T00:00:00Z,Fashion
cart_000325,user_00889,prod_0097,1,18.05,2023-12-14T00:00:00Z,Automotive
cart_000325,user_00889,prod_0043,1,22.31,2023-12-13T00:00:00Z,Home & Kitchen
cart_000325,user_00889,prod_0069,2,153.73,2023-12-26T00:00:00Z,Sports & Fitness
cart_000325,user_00889,prod_0030,2,229.02,2023-12-13T00:00:00Z,Fashion
cart_000325,user_00889,prod_0064,1,128.25,2023-12-16T00:00:00Z,Sports & Fitness
cart_000325,user_00889,prod_0078,3,43.46,2023-12-09T00:00:00Z,Beauty
cart_000326,user_00897,prod_0008,2,110.54,2023-12-03T00:00:00Z,Electronics
cart_000326,user_00897,prod_0098,3,163.3,2023-12-22T00:00:00Z,Automotive
cart_000326,user_00897,prod_0059,1,175.28,2023-12-04T00:00:00Z,Books
cart_000326,user_00897,prod_0002,2,46.02,2023-12-08T00:00:00Z,Electronics
cart_000326,user_00897,prod_0003,3,129.05,2023-12-27T00:00:00Z,Electronics
cart_000327,user_00899,prod_0036,3,147.88,2023-12-30T00:00:00Z,Home & Kitchen
cart_000328,user_00904,prod_0048,1,258.97,2023-12-18T00:00:00Z,Books
cart_000328,user_00904,prod_0056,3,294.68,2023-12-06T00:00:00Z,Books
cart_000328,user_00904,prod_0001,3,192.99,2023-12-14T00:00:00Z,Electronics
cart_000329,user_00905,prod_0051,3,141.01,2023-12-06T00:00:00Z,Books
cart_000330,user_00908,prod_0004,2,181.99,2023-12-24T00:00:00Z,Electronics
cart_000330,user_00908,prod_0057,2,209.8,2023-12-21T00:00:00Z,Books
cart_000330,user_00908,prod_0009,1,219.54,2023-12-16T00:00:00Z,Electronics
cart_000330,user_00908,prod_0099,3,25.57,2023-12-03T00:00:00Z,Automotive
cart_000330,user_00908,prod_0039,1,227.05,2023-12-23T00:00:00Z,Home & Kitchen
cart_000330,user_00908,prod_0037,3,42.75,2023-12-26T00:00:00Z,Home & Kitchen
cart_000331,user_00910,prod_0021,3,46.05,2023-12-24T00:00:00Z,Fashion
cart_000331,user_00910,prod_0051,2,141.01,2023-12-28T00:00:00Z,Books
cart_000331,user_00910,prod_0060,3,176.75,2023-12-22T00:00:00Z,Books
cart_000331,user_00910,prod_0095,1,180.39,2023-12-13T00:00:00Z,Automotive
cart_000332,user_00911,prod_0003,3,129.05,2023-12-06T00:00:00Z,Electronics
cart_000332,user_00911,prod_0010,2,91.19,2023-12-09T00:00:00Z,Electronics
cart_000332,user_00911,prod_0032,1,229.18,2023-12-30T00:00:00Z,Home & Kitchen
cart_000333,user_00912,prod_0097,1,18.05,2023-12-27T00:00:00Z,Automotive
cart_000333,user_00912,prod_0070,3,263.51,2023-12-06T00:00:00Z,Sports & Fitness
cart_000333,user_00912,prod_0007,2,286.42,2023-12-24T00:00:00Z,Electronics
cart_000334,user_00914,prod_0003,3,129.05,2023-12-14T00:00:00Z,Electronics
cart_000334,user_00914,prod_0006,2,51.94,2023-12-06T00:00:00Z,Electronics
cart_000335,user_00915,prod_0098,2,163.3,2023-12-05T00:00:00Z,Automotive
cart_000335,user_00915,prod_0072,1,245.23,2023-12-10T00:00:00Z,Beauty
cart_000335,user_00915,prod_0006,1,51.94,2023-12-20T00:00:00Z,Electronics
cart_000335,user_00915,prod_0028,3,230.97,2023-12-30T00:00:00Z,Fashion
cart_000335,user_00915,prod_0008,3,110.54,2023-12-16T00:00:00Z,Electronics
cart_000336,user_00917,prod_0026,3,142.61,2023-12-16T00:00:00Z,Fashion
cart_000336,user_00917,prod_0057,3,209.8,2023-12-22T00:00:00Z,Books
cart_000336,user_00917,prod_0022,1,176.87,2023-12-04T00:00:00Z,Fashion
cart_000336,user_00917,prod_0081,2,250.37,2023-12-25T00:00:00Z,Toys & Games
cart_000336,user_00917,prod_0028,2,230.97,2023-12-24T00:00:00Z,Fashion
cart_000336,user_00917,prod_0076,2,78.83,2023-12-02T00:00:00Z,Beauty
cart_000337,user_00918,prod_0063,1,266.74,2023-12-16T00:00:00Z,Sports & Fitness
cart_000337,user_00918,prod_0081,2,250.37,2023-12-30T00:00:00Z,Toys & Games
cart_000337,user_00918,prod_0072,1,245.23,2023-12-10T00:00:00Z,Beauty
cart_000338,user_00919,prod_0047,3,33.5,2023-12-03T00:00:00Z,Books
cart_000338,user_00919,prod_0037,2,42.75,2023-12-16T00:00:00Z,Home & Kitchen
cart_000338,user_00919,prod_0060,2,176.75,2023-12-29T00:00:00Z,Books
cart_000338,user_00919,prod_0074,1,50.7,2023-12-22T00:00:00Z,Beauty
cart_000338,user_00919,prod_0054,3,254.52,2024-01-01T00:00:00Z,Books
cart_000338,user_00919,prod_0033,1,181.09,2023-12-09T00:00:00Z,Home & Kitchen
cart_000339,user_00921,prod_0011,1,212.14,2023-12-13T00:00:00Z,Electronics
cart_000339,user_00921,prod_0044,1,25.83,2023-12-11T00:00:00Z,Home & Kitchen
cart_000339,user_00921,prod_0032,3,229.18,2023-12-04T00:00:00Z,Home & Kitchen
cart_000339,user_00921,prod_0037,1,42.75,2023-12-13T00:00:00Z,Home & Kitchen
cart_000339,user_00921,prod_0075,2,64.86,2023-12-03T00:00:00Z,Beauty
cart_000339,user_00921,prod_0018,2,14.44,2023-12-11T00:00:00Z,Fashion
cart_000340,user_00922,prod_0019,2,273.46,2023-12-23T00:00:00Z,Fashion
cart_000340,user_00922,prod_0018,3,14.44,2023-12-26T00:00:00Z,Fashion
cart_000340,user_00922,prod_0029,3,138.39,2023-12-17T00:00:00Z,Fashion
cart_000340,user_00922,prod_0072,2,245.23,2023-12-17T00:00:00Z,Beauty
cart_000341,user_00924,prod_0003,2,129.05,2023-12-28T00:00:00Z,Electronics
cart_000341,user_00924,prod_0029,3,138.39,2023-12-24T00:00:00Z,Fashion
cart_000341,user_00924,prod_0017,1,100.34,2023-12-27T00:00:00Z,Fashion
cart_000341,user_00924,prod_0057,3,209.8,2023-12-03T00:00:00Z,Books
cart_000341,user_00924,prod_0012,2,294.66,2023-12-04T00:00:00Z,Electronics
cart_000341,user_00924,prod_0030,3,229.02,2023-12-21T00:00:00Z,Fashion
cart_000342,user_00928,prod_0053,1,163.93,2023-12-13T00:00:00Z,Books
cart_000342,user_00928,prod_0050,3,60.92,2023-12-08T00:00:00Z,Books
cart_000342,user_00928,prod_0090,2,246.24,2023-12-21T00:00:00Z,Toys & Games
cart_000342,user_00928,prod_0038,2,160.14,2023-12-15T00:00:00Z,Home & Kitchen
cart_000342,user_00928,prod_0041,2,77.88,2023-12-22T00:00:00Z,Home & Kitchen
cart_000343,user_00935,prod_0003,3,129.05,2023-12-06T00:00:00Z,Electronics
cart_000343,user_00935,prod_0084,1,169.61,2023-12-31T00:00:00Z,Toys & Games
cart_000343,user_00935,prod_0090,2,246.24,2023-12-16T00:00:00Z,Toys & Games
cart_000343,user_00935,prod_0049,1,219.09,2023-12-10T00:00:00Z,Books
cart_000343,user_00935,prod_0082,1,17.3,2023-12-29T00:00:00Z,Toys & Games
cart_000344,user_00936,prod_0037,3,42.75,2023-12-30T00:00:00Z,Home & Kitchen
cart_000344,user_00936,prod_0045,3,43.9,2023-12-18T00:00:00Z,Home & Kitchen
cart_000344,user_00936,prod_0088,1,236.49,2023-12-06T00:00:00Z,Toys & Games
cart_000344,user_00936,prod_0081,1,250.37,2023-12-15T00:00:00Z,Toys & Games
cart_000344,user_00936,prod_0041,3,77.88,2023-12-20T00:00:00Z,Home & Kitchen
cart_000345,user_00940,prod_0034,1,263.34,2023-12-27T00:00:00Z,Home & Kitchen
cart_000346,user_00941,prod_0076,1,78.83,2023-12-20T00:00:00Z,Beauty
cart_000346,user_00941,prod_0014,1,66.6,2023-12-23T00:00:00Z,Electronics
cart_000346,user_00941,prod_0088,1,236.49,2023-12-12T00:00:00Z,Toys & Games
cart_000346,user_00941,prod_0010,2,91.19,2023-12-21T00:00:00Z,Electronics
cart_000346,user_00941,prod_0047,2,33.5,2023-12-29T00:00:00Z,Books
cart_000347,user_00942,prod_0032,1,229.18,2023-12-08T00:00:00Z,Home & Kitchen
cart_000347,user_00942,prod_0057,3,209.8,2023-12-23T00:00:00Z,Books
cart_000347,user_00942,prod_0038,2,160.14,2023-12-21T00:00:00Z,Home & Kitchen
cart_000347,user_00942,prod_0049,2,219.09,2023-12-11T00:00:00Z,Books
cart_000347,user_00942,prod_0003,1,129.05,2023-12-05T00:00:00Z,Electronics
cart_000348,user_00951,prod_0084,3,169.61,2023-12-26T00:00:00Z,Toys & Games
cart_000348,user_00951,prod_0076,3,78.83,2023-12-06T00:00:00Z,Beauty
cart_000348,user_00951,prod_0037,1,42.75,2023-12-15T00:00:00Z,Home & Kitchen
cart_000348,user_00951,prod_0061,3,287.47,2023-12-06T00:00:00Z,Sports & Fitness
cart_000348,user_00951,prod_0080,2,282.84,2023-12-25T00:00:00Z,Beauty
cart_000348,user_00951,prod_0077,1,129.53,2023-12-07T00:00:00Z,Beauty
cart_000349,user_00952,prod_0067,3,278.13,2023-12-31T00:00:00Z,Sports & Fitness
cart_000349,user_00952,prod_0044,3,25.83,2023-12-28T00:00:00Z,Home & Kitchen
cart_000349,user_00952,prod_0024,2,18.85,2023-12-30T00:00:00Z,Fashion
cart_000349,user_00952,prod_0079,1,167.19,2023-12-14T00:00:00Z,Beauty
cart_000349,user_00952,prod_0074,1,50.7,2023-12-28T00:00:00Z,Beauty
cart_000350,user_00954,prod_0075,3,64.86,2023-12-25T00:00:00Z,Beauty
cart_000350,user_00954,prod_0073,1,44.48,2023-12-27T00:00:00Z,Beauty
cart_000350,user_00954,prod_0063,2,266.74,2023-12-15T00:00:00Z,Sports & Fitness
cart_000351,user_00956,prod_0021,2,46.05,2023-12-27T00:00:00Z,Fashion
cart_000352,user_00959,prod_0036,1,147.88,2023-12-05T00:00:00Z,Home & Kitchen
cart_000352,user_00959,prod_0056,3,294.68,2023-12-03T00:00:00Z,Books
cart_000352,user_00959,prod_0037,1,42.75,2023-12-23T00:00:00Z,Home & Kitchen
cart_000352,user_00959,prod_0077,2,129.53,2023-12-23T00:00:00Z,Beauty
cart_000352,user_00959,prod_0046,3,76.44,2023-12-23T00:00:00Z,Books
cart_000352,user_00959,prod_0094,2,290.3,2023-12-19T00:00:00Z,Automotive
cart_000353,user_00960,prod_0071,2,164.71,2023-12-22T00:00:00Z,Beauty
cart_000353,user_00960,prod_0097,3,18.05,2023-12-13T00:00:00Z,Automotive
cart_000353,user_00960,prod_0042,1,72.65,2024-01-01T00:00:00Z,Home & Kitchen
cart_000353,user_00960,prod_0070,2,263.51,2023-12-30T00:00:00Z,Sports & Fitness
cart_000353,user_00960,prod_0034,3,263.34,2023-12-20T00:00:00Z,Home & Kitchen
cart_000353,user_00960,prod_0001,1,192.99,2023-12-08T00:00:00Z,Electronics
cart_000354,user_00964,prod_0049,1,219.09,2024-01-01T00:00:00Z,Books
cart_000354,user_00964,prod_0077,2,129.53,2023-12-11T00:00:00Z,Beauty
cart_000354,user_00964,prod_0054,1,254.52,2023-12-17T00:00:00Z,Books
cart_000355,user_00965,prod_0046,1,76.44,2023-12-21T00:00:00Z,Books
cart_000355,user_00965,prod_0013,2,138.3,2023-12-30T00:00:00Z,Electronics
cart_000355,user_00965,prod_0052,3,258.24,2023-12-23T00:00:00Z,Books
cart_000355,user_00965,prod_0042,1,72.65,2023-12-05T00:00:00Z,Home & Kitchen
cart_000356,user_00981,prod_0065,1,81.67,2024-01-01T00:00:00Z,Sports & Fitness
cart_000356,user_00981,prod_0072,1,245.23,2023-12-29T00:00:00Z,Beauty
cart_000356,user_00981,prod_0062,1,24.98,2023-12-11T00:00:00Z,Sports & Fitness
cart_000357,user_00982,prod_0075,3,64.86,2023-12-08T00:00:00Z,Beauty
cart_000357,user_00982,prod_0008,1,110.54,2023-12-10T00:00:00Z,Electronics
cart_000357,user_00982,prod_0052,3,258.24,2023-12-09T00:00:00Z,Books
cart_000357,user_00982,prod_0077,1,129.53,2023-12-03T00:00:00Z,Beauty
cart_000357,user_00982,prod_0073,2,44.48,2023-12-11T00:00:00Z,Beauty
cart_000357,user_00982,prod_0028,3,230.97,2023-12-12T00:00:00Z,Fashion
cart_000358,user_00983,prod_0028,2,230.97,2023-12-28T00:00:00Z,Fashion
cart_000358,user_00983,prod_0066,3,121.36,2023-12-28T00:00:00Z,Sports & Fitness
cart_000358,user_00983,prod_0068,1,298.55,2023-12-31T00:00:00Z,Sports & Fitness
cart_000358,user_00983,prod_0100,3,200.04,2023-12-22T00:00:00Z,Automotive
cart_000359,user_00986,prod_0049,3,219.09,2023-12-16T00:00:00Z,Books
cart_000359,user_00986,prod_0085,2,74.6,2023-12-06T00:00:00Z,Toys & Games
cart_000359,user_00986,prod_0081,3,250.37,2023-12-28T00:00:00Z,Toys & Games
cart_000359,user_00986,prod_0054,2,254.52,2023-12-14T00:00:00Z,Books
cart_000360,user_00987,prod_0079,1,167.19,2023-12-20T00:00:00Z,Beauty
cart_000360,user_00987,prod_0026,3,142.61,2023-12-25T00:00:00Z,Fashion
cart_000360,user_00987,prod_0078,1,43.46,2023-12-11T00:00:00Z,Beauty
cart_000360,user_00987,prod_0063,2,266.74,2023-12-06T00:00:00Z,Sports & Fitness
cart_000360,user_00987,prod_0076,2,78.83,2023-12-28T00:00:00Z,Beauty
cart_000361,user_00991,prod_0044,3,25.83,2023-12-16T00:00:00Z,Home & Kitchen
cart_000361,user_00991,prod_0054,2,254.52,2023-12-26T00:00:00Z,Books
cart_000361,user_00991,prod_0012,1,294.66,2023-12-04T00:00:00Z,Electronics
cart_000362,user_00995,prod_0026,1,142.61,2023-12-14T00:00:00Z,Fashion
cart_000362,user_00995,prod_0074,1,50.7,2023-12-05T00:00:00Z,Beauty
cart_000362,user_00995,prod_0023,3,298.21,2023-12-24T00:00:00Z,Fashion
cart_000363,user_00998,prod_0089,2,70.4,2023-12-28T00:00:00Z,Toys & Games
cart_000363,user_00998,prod_0090,3,246.24,2023-12-21T00:00:00Z,Toys & Games
cart_000364,user_01003,prod_0047,2,33.5,2023-12-19T00:00:00Z,Books
cart_000364,user_01003,prod_0033,3,181.09,2023-12-26T00:00:00Z,Home & Kitchen
cart_000364,user_01003,prod_0014,3,66.6,2023-12-14T00:00:00Z,Electronics
cart_000364,user_01003,prod_0041,3,77.88,2023-12-15T00:00:00Z,Home & Kitchen
cart_000365,user_01007,prod_0050,2,60.92,2023-12-11T00:00:00Z,Books
cart_000365,user_01007,prod_0055,3,259.21,2023-12-04T00:00:00Z,Books
cart_000365,user_01007,prod_0046,2,76.44,2023-12-16T00:00:00Z,Books
cart_000365,user_01007,prod_0079,2,167.19,2023-12-19T00:00:00Z,Beauty
cart_000366,user_01008,prod_0021,2,46.05,2023-12-29T00:00:00Z,Fashion
cart_000366,user_01008,prod_0074,3,50.7,2023-12-03T00:00:00Z,Beauty
cart_000366,user_01008,prod_0025,3,129.12,2023-12-15T00:00:00Z,Fashion
cart_000366,user_01008,prod_0075,2,64.86,2023-12-15T00:00:00Z,Beauty
cart_000366,user_01008,prod_0073,3,44.48,2023-12-05T00:00:00Z,Beauty
cart_000367,user_01011,prod_0053,3,163.93,2023-12-21T00:00:00Z,Books
cart_000367,user_01011,prod_0045,2,43.9,2023-12-30T00:00:00Z,Home & Kitchen
cart_000367,user_01011,prod_0094,2,290.3,2023-12-31T00:00:00Z,Automotive
cart_000368,user_01012,prod_0090,3,246.24,2023-12-11T00:00:00Z,Toys & Games
cart_000369,user_01015,prod_0054,2,254.52,2023-12-26T00:00:00Z,Books
cart_000369,user_01015,prod_0001,1,192.99,2023-12-23T00:00:00Z,Electronics
cart_000369,user_01015,prod_0047,1,33.5,2023-12-16T00:00:00Z,Books
cart_000369,user_01015,prod_0006,1,51.94,2023-12-14T00:00:00Z,Electronics
cart_000369,user_01015,prod_0046,2,76.44,2023-12-02T00:00:00Z,Books
cart_000369,user_01015,prod_0012,3,294.66,2023-12-15T00:00:00Z,Electronics
cart_000370,user_01016,prod_0063,3,266.74,2023-12-22T00:00:00Z,Sports & Fitness
cart_000370,user_01016,prod_0073,1,44.48,2023-12-24T00:00:00Z,Beauty
cart_000370,user_01016,prod_0059,3,175.28,2023-12-10T00:00:00Z,Books
cart_000370,user_01016,prod_0035,2,75.82,2023-12-05T00:00:00Z,Home & Kitchen
cart_000371,user_01019,prod_0054,3,254.52,2023-12-21T00:00:00Z,Books
cart_000371,user_01019,prod_0012,3,294.66,2023-12-18T00:00:00Z,Electronics
cart_000372,user_01020,prod_0057,3,209.8,2023-12-03T00:00:00Z,Books
cart_000372,user_01020,prod_0069,3,153.73,2023-12-23T00:00:00Z,Sports & Fitness
cart_000372,user_01020,prod_0049,1,219.09,2023-12-19T00:00:00Z,Books
cart_000372,user_01020,prod_0026,3,142.61,2023-12-15T00:00:00Z,Fashion
cart_000373,user_01021,prod_0049,1,219.09,2023-12-23T00:00:00Z,Books
cart_000373,user_01021,prod_0072,1,245.23,2023-12-15T00:00:00Z,Beauty
cart_000373,user_01021,prod_0060,2,176.75,2023-12-05T00:00:00Z,Books
cart_000373,user_01021,prod_0070,2,263.51,2023-12-25T00:00:00Z,Sports & Fitness
cart_000373,user_01021,prod_0024,2,18.85,2023-12-06T00:00:00Z,Fashion
cart_000374,user_01023,prod_0068,3,298.55,2023-12-14T00:00:00Z,Sports & Fitness
cart_000374,user_01023,prod_0025,3,129.12,2023-12-29T00:00:00Z,Fashion
cart_000374,user_01023,prod_0083,2,66.76,2023-12-28T00:00:00Z,Toys & Games
cart_000375,user_01025,prod_0086,2,12.29,2023-12-30T00:00:00Z,Toys & Games
cart_000376,user_01026,prod_0074,1,50.7,2023-12-13T00:00:00Z,Beauty
cart_000376,user_01026,prod_0065,1,81.67,2023-12-26T00:00:00Z,Sports & Fitness
cart_000376,user_01026,prod_0061,2,287.47,2023-12-09T00:00:00Z,Sports & Fitness
cart_000376,user_01026,prod_0069,3,153.73,2023-12-26T00:00:00Z,Sports & Fitness
cart_000377,user_01027,prod_0017,3,100.34,2023-12-27T00:00:00Z,Fashion
cart_000377,user_01027,prod_0021,1,46.05,2023-12-16T00:00:00Z,Fashion
cart_000377,user_01027,prod_0031,3,92.74,2023-12-29T00:00:00Z,Home & Kitchen
cart_000378,user_01032,prod_0014,2,66.6,2023-12-12T00:00:00Z,Electronics
cart_000378,user_01032,prod_0060,2,176.75,2023-12-29T00:00:00Z,Books
cart_000378,user_01032,prod_0042,2,72.65,2023-12-08T00:00:00Z,Home & Kitchen
cart_000378,user_01032,prod_0054,1,254.52,2023-12-18T00:00:00Z,Books
cart_000378,user_01032,prod_0002,1,46.02,2023-12-21T00:00:00Z,Electronics
cart_000379,user_01038,prod_0084,1,169.61,2023-12-03T00:00:00Z,Toys & Games
cart_000379,user_01038,prod_0096,1,294.37,2023-12-02T00:00:00Z,Automotive
cart_000380,user_01040,prod_0052,2,258.24,2023-12-26T00:00:00Z,Books
cart_000380,user_01040,prod_0053,2,163.93,2023-12-22T00:00:00Z,Books
cart_000380,user_01040,prod_0050,1,60.92,2023-12-10T00:00:00Z,Books
cart_000380,user_01040,prod_0044,3,25.83,2023-12-02T00:00:00Z,Home & Kitchen
cart_000380,user_01040,prod_0012,2,294.66,2023-12-04T00:00:00Z,Electronics
cart_000381,user_01041,prod_0081,1,250.37,2023-12-15T00:00:00Z,Toys & Games
cart_000381,user_01041,prod_0074,2,50.7,2023-12-26T00:00:00Z,Beauty
cart_000381,user_01041,prod_0019,2,273.46,2023-12-10T00:00:00Z,Fashion
cart_000381,user_01041,prod_0007,1,286.42,2023-12-25T00:00:00Z,Electronics
cart_000381,user_01041,prod_0075,1,64.86,2023-12-17T00:00:00Z,Beauty
cart_000381,user_01041,prod_0006,2,51.94,2023-12-05T00:00:00Z,Electronics
cart_000382,user_01043,prod_0050,3,60.92,2023-12-07T00:00:00Z,Books
cart_000382,user_01043,prod_0057,2,209.8,2023-12-09T00:00:00Z,Books
cart_000382,user_01043,prod_0074,3,50.7,2023-12-22T00:00:00Z,Beauty
cart_000382,user_01043,prod_0007,3,286.42,2023-12-26T00:00:00Z,Electronics
cart_000382,user_01043,prod_0031,3,92.74,2023-12-11T00:00:00Z,Home & Kitchen
cart_000383,user_01044,prod_0035,1,75.82,2024-01-01T00:00:00Z,Home & Kitchen
cart_000383,user_01044,prod_0037,1,42.75,2023-12-22T00:00:00Z,Home & Kitchen
cart_000383,user_01044,prod_0086,2,12.29,2023-12-28T00:00:00Z,Toys & Games
cart_000383,user_01044,prod_0048,2,258.97,2023-12-02T00:00:00Z,Books
cart_000384,user_01052,prod_0012,2,294.66,2023-12-17T00:00:00Z,Electronics
cart_000384,user_01052,prod_0026,3,142.61,2023-12-17T00:00:00Z,Fashion
cart_000384,user_01052,prod_0009,3,219.54,2023-12-04T00:00:00Z,Electronics
cart_000384,user_01052,prod_0065,1,81.67,2023-12-29T00:00:00Z,Sports & Fitness
cart_000385,user_01054,prod_0017,3,100.34,2023-12-19T00:00:00Z,Fashion
cart_000385,user_01054,prod_0003,3,129.05,2023-12-21T00:00:00Z,Electronics
cart_000385,user_01054,prod_0085,3,74.6,2023-12-09T00:00:00Z,Toys & Games
cart_000385,user_01054,prod_0077,2,129.53,2023-12-28T00:00:00Z,Beauty
cart_000386,user_01058,prod_0040,1,202.48,2023-12-04T00:00:00Z,Home & Kitchen
cart_000387,user_01060,prod_0012,3,294.66,2023-12-12T00:00:00Z,Electronics
cart_000387,user_01060,prod_0077,3,129.53,2023-12-05T00:00:00Z,Beauty
cart_000387,user_01060,prod_0074,3,50.7,2023-12-31T00:00:00Z,Beauty
cart_000387,user_01060,prod_0067,2,278.13,2023-12-26T00:00:00Z,Sports & Fitness
cart_000387,user_01060,prod_0018,3,14.44,2023-12-03T00:00:00Z,Fashion
cart_000387,user_01060,prod_0072,3,245.23,2023-12-28T00:00:00Z,Beauty
cart_000388,user_01065,prod_0063,1,266.74,2023-12-09T00:00:00Z,Sports & Fitness
cart_000388,user_01065,prod_0029,1,138.39,2023-12-07T00:00:00Z,Fashion
cart_000388,user_01065,prod_0053,3,163.93,2023-12-09T00:00:00Z,Books
cart_000388,user_01065,prod_0057,2,209.8,2023-12-12T00:00:00Z,Books
cart_000388,user_01065,prod_0052,2,258.24,2023-12-29T00:00:00Z,Books
cart_000389,user_01069,prod_0095,2,180.39,2023-12-16T00:00:00Z,Automotive
cart_000389,user_01069,prod_0041,3,77.88,2023-12-09T00:00:00Z,Home & Kitchen
cart_000389,user_01069,prod_0011,3,212.14,2023-12-03T00:00:00Z,Electronics
cart_000389,user_01069,prod_0017,1,100.34,2023-12-09T00:00:00Z,Fashion
cart_000390,user_01072,prod_0098,1,163.3,2023-12-23T00:00:00Z,Automotive
cart_000390,user_01072,prod_0081,2,250.37,2023-12-28T00:00:00Z,Toys & Games
cart_000390,user_01072,prod_0021,1,46.05,2023-12-12T00:00:00Z,Fashion
cart_000390,user_01072,prod_0029,2,138.39,2023-12-02T00:00:00Z,Fashion
cart_000390,user_01072,prod_0058,2,148.08,2023-12-20T00:00:00Z,Books
cart_000391,user_01076,prod_0027,1,8.38,2023-12-04T00:00:00Z,Fashion
cart_000391,user_01076,prod_0007,3,286.42,2023-12-07T00:00:00Z,Electronics
cart_000391,user_01076,prod_0067,3,278.13,2023-12-10T00:00:00Z,Sports & Fitness
cart_000391,user_01076,prod_0074,1,50.7,2023-12-27T00:00:00Z,Beauty
cart_000391,user_01076,prod_0065,2,81.67,2023-12-20T00:00:00Z,Sports & Fitness
cart_000392,user_01077,prod_0066,3,121.36,2023-12-05T00:00:00Z,Sports & Fitness
cart_000392,user_01077,prod_0090,2,246.24,2023-12-26T00:00:00Z,Toys & Games
cart_000392,user_01077,prod_0067,1,278.13,2023-12-28T00:00:00Z,Sports & Fitness
cart_000392,user_01077,prod_0046,1,76.44,2023-12-21T00:00:00Z,Books
cart_000393,user_01082,prod_0069,3,153.73,2023-12-29T00:00:00Z,Sports & Fitness
cart_000394,user_01083,prod_0071,2,164.71,2023-12-18T00:00:00Z,Beauty
cart_000394,user_01083,prod_0074,2,50.7,2023-12-26T00:00:00Z,Beauty
cart_000394,user_01083,prod_0073,2,44.48,2023-12-27T00:00:00Z,Beauty
cart_000395,user_01084,prod_0045,3,43.9,2023-12-27T00:00:00Z,Home & Kitchen
cart_000395,user_01084,prod_0044,2,25.83,2023-12-12T00:00:00Z,Home & Kitchen
cart_000395,user_01084,prod_0075,1,64.86,2023-12-13T00:00:00Z,Beauty
cart_000395,user_01084,prod_0050,1,60.92,2023-12-11T00:00:00Z,Books
cart_000395,user_01084,prod_0083,3,66.76,2023-12-17T00:00:00Z,Toys & Games
cart_000395,user_01084,prod_0043,3,22.31,2023-12-17T00:00:00Z,Home & Kitchen
cart_000396,user_01088,prod_0023,3,298.21,2023-12-07T00:00:00Z,Fashion
cart_000396,user_01088,prod_0011,2,212.14,2023-12-20T00:00:00Z,Electronics
cart_000397,user_01095,prod_0013,3,138.3,2023-12-11T00:00:00Z,Electronics
cart_000397,user_01095,prod_0068,3,298.55,2023-12-28T00:00:00Z,Sports & Fitness
cart_000397,user_01095,prod_0023,2,298.21,2023-12-19T00:00:00Z,Fashion
cart_000397,user_01095,prod_0050,2,60.92,2023-12-08T00:00:00Z,Books
cart_000398,user_01098,prod_0089,3,70.4,2023-12-18T00:00:00Z,Toys & Games
cart_000398,user_01098,prod_0046,1,76.44,2023-12-08T00:00:00Z,Books
cart_000399,user_01104,prod_0053,2,163.93,2023-12-19T00:00:00Z,Books
cart_000399,user_01104,prod_0030,2,229.02,2023-12-28T00:00:00Z,Fashion
cart_000399,user_01104,prod_0017,3,100.34,2023-12-19T00:00:00Z,Fashion
cart_000399,user_01104,prod_0018,3,14.44,2024-01-01T00:00:00Z,Fashion
cart_000400,user_01108,prod_0041,1,77.88,2023-12-26T00:00:00Z,Home & Kitchen
cart_000400,user_01108,prod_0050,3,60.92,2023-12-31T00:00:00Z,Books
cart_000400,user_01108,prod_0048,1,258.97,2023-12-20T00:00:00Z,Books
cart_000401,user_01110,prod_0035,2,75.82,2023-12-07T00:00:00Z,Home & Kitchen
cart_000401,user_01110,prod_0065,1,81.67,2023-12-30T00:00:00Z,Sports & Fitness
cart_000402,user_01121,prod_0006,1,51.94,2023-12-12T00:00:00Z,Electronics
cart_000402,user_01121,prod_0081,2,250.37,2023-12-27T00:00:00Z,Toys & Games
cart_000402,user_01121,prod_0067,2,278.13,2023-12-24T00:00:00Z,Sports & Fitness
cart_000402,user_01121,prod_0003,1,129.05,2023-12-31T00:00:00Z,Electronics
cart_000402,user_01121,prod_0023,2,298.21,2023-12-07T00:00:00Z,Fashion
cart_000403,user_01122,prod_0090,3,246.24,2023-12-18T00:00:00Z,Toys & Games
cart_000403,user_01122,prod_0095,3,180.39,2023-12-12T00:00:00Z,Automotive
cart_000403,user_01122,prod_0017,2,100.34,2023-12-07T00:00:00Z,Fashion
cart_000403,user_01122,prod_0092,2,87.06,2023-12-14T00:00:00Z,Automotive
cart_000404,user_01126,prod_0095,2,180.39,2023-12-30T00:00:00Z,Automotive
cart_000404,user_01126,prod_0054,3,254.52,2023-12-24T00:00:00Z,Books
cart_000404,user_01126,prod_0049,1,219.09,2023-12-19T00:00:00Z,Books
cart_000404,user_01126,prod_0042,3,72.65,2023-12-08T00:00:00Z,Home & Kitchen
cart_000404,user_01126,prod_0033,3,181.09,2023-12-31T00:00:00Z,Home & Kitchen
cart_000405,user_01131,prod_0023,2,298.21,2023-12-30T00:00:00Z,Fashion
cart_000406,user_01134,prod_0016,2,84.36,2023-12-21T00:00:00Z,Fashion
cart_000406,user_01134,prod_0027,3,8.38,2023-12-13T00:00:00Z,Fashion
cart_000406,user_01134,prod_0009,3,219.54,2023-12-16T00:00:00Z,Electronics
cart_000406,user_01134,prod_0080,2,282.84,2023-12-21T00:00:00Z,Beauty
cart_000406,user_01134,prod_0028,3,230.97,2023-12-04T00:00:00Z,Fashion
cart_000406,user_01134,prod_0085,2,74.6,2023-12-08T00:00:00Z,Toys & Games
cart_000407,user_01135,prod_0099,3,25.57,2023-12-02T00:00:00Z,Automotive
cart_000407,user_01135,prod_0017,1,100.34,2023-12-09T00:00:00Z,Fashion
cart_000407,user_01135,prod_0064,3,128.25,2023-12-21T00:00:00Z,Sports & Fitness
cart_000407,user_01135,prod_0019,2,273.46,2023-12-26T00:00:00Z,Fashion
cart_000408,user_01140,prod_0004,3,181.99,2023-12-05T00:00:00Z,Electronics
cart_000409,user_01142,prod_0057,3,209.8,2023-12-05T00:00:00Z,Books
cart_000409,user_01142,prod_0060,3,176.75,2023-12-10T00:00:00Z,Books
cart_000409,user_01142,prod_0059,2,175.28,2023-12-05T00:00:00Z,Books
cart_000409,user_01142,prod_0013,2,138.3,2023-12-06T00:00:00Z,Electronics
cart_000410,user_01144,prod_0049,1,219.09,2023-12-15T00:00:00Z,Books
cart_000410,user_01144,prod_0009,1,219.54,2023-12-24T00:00:00Z,Electronics
cart_000410,user_01144,prod_0035,1,75.82,2023-12-18T00:00:00Z,Home & Kitchen
cart_000411,user_01155,prod_0054,1,254.52,2023-12-27T00:00:00Z,Books
cart_000411,user_01155,prod_0053,3,163.93,2023-12-05T00:00:00Z,Books
cart_000412,user_01159,prod_0039,3,227.05,2024-01-01T00:00:00Z,Home & Kitchen
cart_000412,user_01159,prod_0044,1,25.83,2023-12-18T00:00:00Z,Home & Kitchen
cart_000412,user_01159,prod_0054,1,254.52,2023-12-29T00:00:00Z,Books
cart_000413,user_01162,prod_0024,2,18.85,2023-12-20T00:00:00Z,Fashion
cart_000413,user_01162,prod_0057,3,209.8,2023-12-23T00:00:00Z,Books
cart_000413,user_01162,prod_0087,1,126.04,2023-12-15T00:00:00Z,Toys & Games
cart_000413,user_01162,prod_0052,2,258.24,2023-12-19T00:00:00Z,Books
cart_000413,user_01162,prod_0041,3,77.88,2023-12-29T00:00:00Z,Home & Kitchen
cart_000413,user_01162,prod_0037,3,42.75,2023-12-15T00:00:00Z,Home & Kitchen
cart_000414,user_01164,prod_0022,1,176.87,2023-12-07T00:00:00Z,Fashion
cart_000414,user_01164,prod_0076,1,78.83,2023-12-18T00:00:00Z,Beauty
cart_000414,user_01164,prod_0024,1,18.85,2023-12-08T00:00:00Z,Fashion
cart_000414,user_01164,prod_0047,1,33.5,2023-12-17T00:00:00Z,Books
cart_000414,user_01164,prod_0017,2,100.34,2023-12-22T00:00:00Z,Fashion
cart_000414,user_01164,prod_0025,1,129.12,2023-12-27T00:00:00Z,Fashion
cart_000415,user_01166,prod_0054,2,254.52,2023-12-11T00:00:00Z,Books
cart_000415,user_01166,prod_0044,2,25.83,2023-12-24T00:00:00Z,Home & Kitchen
cart_000415,user_01166,prod_0014,3,66.6,2023-12-30T00:00:00Z,Electronics
cart_000415,user_01166,prod_0042,2,72.65,2023-12-14T00:00:00Z,Home & Kitchen
cart_000416,user_01168,prod_0054,1,254.52,2023-12-06T00:00:00Z,Books
cart_000417,user_01172,prod_0085,1,74.6,2023-12-26T00:00:00Z,Toys & Games
cart_000417,user_01172,prod_0089,1,70.4,2023-12-31T00:00:00Z,Toys & Games
cart_000417,user_01172,prod_0005,3,137.07,2023-12-14T00:00:00Z,Electronics
cart_000417,user_01172,prod_0082,1,17.3,2023-12-16T00:00:00Z,Toys & Games
cart_000417,user_01172,prod_0074,2,50.7,2023-12-17T00:00:00Z,Beauty
cart_000418,user_01177,prod_0056,2,294.68,2023-12-26T00:00:00Z,Books
cart_000418,user_01177,prod_0051,2,141.01,2023-12-26T00:00:00Z,Books
cart_000418,user_01177,prod_0007,2,286.42,2023-12-03T00:00:00Z,Electronics
cart_000418,user_01177,prod_0057,2,209.8,2023-12-23T00:00:00Z,Books
cart_000418,user_01177,prod_0019,1,273.46,2023-12-12T00:00:00Z,Fashion
cart_000418,user_01177,prod_0008,2,110.54,2023-12-20T00:00:00Z,Electronics
cart_000419,user_01178,prod_0085,1,74.6,2023-12-14T00:00:00Z,Toys & Games
cart_000419,user_01178,prod_0055,3,259.21,2023-12-05T00:00:00Z,Books
cart_000419,user_01178,prod_0058,3,148.08,2023-12-15T00:00:00Z,Books
cart_000419,user_01178,prod_0054,1,254.52,2024-01-01T00:00:00Z,Books
cart_000419,user_01178,prod_0059,3,175.28,2023-12-02T00:00:00Z,Books
cart_000419,user_01178,prod_0056,3,294.68,2023-12-02T00:00:00Z,Books
cart_000420,user_01179,prod_0064,3,128.25,2023-12-02T00:00:00Z,Sports & Fitness
cart_000420,user_01179,prod_0081,2,250.37,2023-12-20T00:00:00Z,Toys & Games
cart_000420,user_01179,prod_0001,1,192.99,2024-01-01T00:00:00Z,Electronics
cart_000420,user_01179,prod_0096,1,294.37,2023-12-05T00:00:00Z,Automotive
cart_000420,user_01179,prod_0089,1,70.4,2023-12-29T00:00:00Z,Toys & Games
cart_000420,user_01179,prod_0087,3,126.04,2023-12-05T00:00:00Z,Toys & Games
cart_000421,user_01180,prod_0051,1,141.01,2023-12-29T00:00:00Z,Books
cart_000421,user_01180,prod_0001,3,192.99,2023-12-16T00:00:00Z,Electronics
cart_000422,user_01183,prod_0077,1,129.53,2023-12-11T00:00:00Z,Beauty
cart_000422,user_01183,prod_0069,2,153.73,2023-12-22T00:00:00Z,Sports & Fitness
cart_000422,user_01183,prod_0071,1,164.71,2023-12-25T00:00:00Z,Beauty
cart_000422,user_01183,prod_0066,2,121.36,2023-12-28T00:00:00Z,Sports & Fitness
cart_000423,user_01185,prod_0073,2,44.48,2023-12-03T00:00:00Z,Beauty
cart_000423,user_01185,prod_0001,2,192.99,2023-12-12T00:00:00Z,Electronics
cart_000423,user_01185,prod_0070,1,263.51,2023-12-30T00:00:00Z,Sports & Fitness
cart_000423,user_01185,prod_0011,1,212.14,2023-12-24T00:00:00Z,Electronics
cart_000424,user_01201,prod_0003,1,129.05,2023-12-09T00:00:00Z,Electronics
cart_000424,user_01201,prod_0023,3,298.21,2023-12-14T00:00:00Z,Fashion
cart_000424,user_01201,prod_0025,3,129.12,2023-12-05T00:00:00Z,Fashion
cart_000424,user_01201,prod_0045,1,43.9,2023-12-09T00:00:00Z,Home & Kitchen
cart_000424,user_01201,prod_0038,3,160.14,2023-12-23T00:00:00Z,Home & Kitchen
cart_000425,user_01202,prod_0074,3,50.7,2024-01-01T00:00:00Z,Beauty
cart_000425,user_01202,prod_0023,1,298.21,2023-12-30T00:00:00Z,Fashion
cart_000426,user_01209,prod_0053,1,163.93,2023-12-16T00:00:00Z,Books
cart_000426,user_01209,prod_0008,1,110.54,2023-12-27T00:00:00Z,Electronics
cart_000426,user_01209,prod_0023,2,298.21,2023-12-20T00:00:00Z,Fashion
cart_000426,user_01209,prod_0009,2,219.54,2023-12-26T00:00:00Z,Electronics
cart_000426,user_01209,prod_0042,1,72.65,2023-12-09T00:00:00Z,Home & Kitchen
cart_000426,user_01209,prod_0048,3,258.97,2023-12-23T00:00:00Z,Books
cart_000427,user_01210,prod_0052,2,258.24,2023-12-10T00:00:00Z,Books
cart_000427,user_01210,prod_0011,3,212.14,2023-12-27T00:00:00Z,Electronics
cart_000427,user_01210,prod_0051,1,141.01,2023-12-17T00:00:00Z,Books
cart_000427,user_01210,prod_0059,3,175.28,2023-12-30T00:00:00Z,Books
cart_000427,user_01210,prod_0009,3,219.54,2023-12-31T00:00:00Z,Electronics
cart_000428,user_01211,prod_0023,2,298.21,2023-12-27T00:00:00Z,Fashion
cart_000428,user_01211,prod_0017,3,100.34,2024-01-01T00:00:00Z,Fashion
cart_000428,user_01211,prod_0080,2,282.84,2023-12-17T00:00:00Z,Beauty
cart_000428,user_01211,prod_0021,1,46.05,2023-12-17T00:00:00Z,Fashion
cart_000428,user_01211,prod_0078,1,43.46,2023-12-25T00:00:00Z,Beauty
cart_000428,user_01211,prod_0075,2,64.86,2023-12-25T00:00:00Z,Beauty
cart_000429,user_01212,prod_0091,2,61.78,2023-12-16T00:00:00Z,Automotive
cart_000430,user_01213,prod_0013,3,138.3,2023-12-08T00:00:00Z,Electronics
cart_000430,user_01213,prod_0009,2,219.54,2023-12-24T00:00:00Z,Electronics
cart_000430,user_01213,prod_0037,2,42.75,2024-01-01T00:00:00Z,Home & Kitchen
cart_000430,user_01213,prod_0083,3,66.76,2023-12-07T00:00:00Z,Toys & Games
cart_000430,user_01213,prod_0010,1,91.19,2023-12-19T00:00:00Z,Electronics
cart_000430,user_01213,prod_0041,1,77.88,2023-12-02T00:00:00Z,Home & Kitchen
cart_000431,user_01214,prod_0070,3,263.51,2023-12-12T00:00:00Z,Sports & Fitness
cart_000431,user_01214,prod_0050,3,60.92,2023-12-22T00:00:00Z,Books
cart_000431,user_01214,prod_0009,3,219.54,2023-12-30T00:00:00Z,Electronics
cart_000431,user_01214,prod_0006,2,51.94,2023-12-11T00:00:00Z,Electronics
cart_000431,user_01214,prod_0057,1,209.8,2023-12-30T00:00:00Z,Books
cart_000431,user_01214,prod_0084,2,169.61,2023-12-20T00:00:00Z,Toys & Games
cart_000432,user_01219,prod_0078,3,43.46,2023-12-21T00:00:00Z,Beauty
cart_000432,user_01219,prod_0022,1,176.87,2023-12-03T00:00:00Z,Fashion
cart_000432,user_01219,prod_0021,1,46.05,2023-12-21T00:00:00Z,Fashion
cart_000432,user_01219,prod_0028,1,230.97,2023-12-05T00:00:00Z,Fashion
cart_000432,user_01219,prod_0038,1,160.14,2023-12-03T00:00:00Z,Home & Kitchen
cart_000432,user_01219,prod_0083,3,66.76,2023-12-24T00:00:00Z,Toys & Games
cart_000433,user_01222,prod_0049,1,219.09,2023-12-05T00:00:00Z,Books
cart_000433,user_01222,prod_0053,3,163.93,2023-12-06T00:00:00Z,Books
cart_000433,user_01222,prod_0047,2,33.5,2023-12-09T00:00:00Z,Books
cart_000433,user_01222,prod_0035,1,75.82,2023-12-06T00:00:00Z,Home & Kitchen
cart_000434,user_01236,prod_0011,1,212.14,2023-12-23T00:00:00Z,Electronics
cart_000435,user_01240,prod_0011,3,212.14,2023-12-24T00:00:00Z,Electronics
cart_000435,user_01240,prod_0003,2,129.05,2023-12-24T00:00:00Z,Electronics
cart_000435,user_01240,prod_0055,1,259.21,2023-12-23T00:00:00Z,Books
cart_000435,user_01240,prod_0033,1,181.09,2023-12-06T00:00:00Z,Home & Kitchen
cart_000435,user_01240,prod_0048,2,258.97,2023-12-20T00:00:00Z,Books
cart_000435,user_01240,prod_0045,2,43.9,2023-12-13T00:00:00Z,Home & Kitchen
cart_000436,user_01241,prod_0008,3,110.54,2023-12-15T00:00:00Z,Electronics
cart_000436,user_01241,prod_0094,2,290.3,2023-12-16T00:00:00Z,Automotive
cart_000436,user_01241,prod_0014,2,66.6,2023-12-06T00:00:00Z,Electronics
cart_000437,user_01243,prod_0053,2,163.93,2023-12-24T00:00:00Z,Books
cart_000437,user_01243,prod_0057,3,209.8,2023-12-13T00:00:00Z,Books
cart_000437,user_01243,prod_0075,2,64.86,2023-12-18T00:00:00Z,Beauty
cart_000438,user_01246,prod_0048,3,258.97,2023-12-23T00:00:00Z,Books
cart_000438,user_01246,prod_0035,2,75.82,2023-12-15T00:00:00Z,Home & Kitchen
cart_000438,user_01246,prod_0041,2,77.88,2023-12-21T00:00:00Z,Home & Kitchen
cart_000438,user_01246,prod_0085,3,74.6,2023-12-26T00:00:00Z,Toys & Games
cart_000438,user_01246,prod_0011,2,212.14,2023-12-09T00:00:00Z,Electronics
cart_000438,user_01246,prod_0031,1,92.74,2023-12-19T00:00:00Z,Home & Kitchen
cart_000439,user_01252,prod_0057,3,209.8,2024-01-01T00:00:00Z,Books
cart_000439,user_01252,prod_0049,3,219.09,2023-12-19T00:00:00Z,Books
cart_000439,user_01252,prod_0059,3,175.28,2023-12-11T00:00:00Z,Books
cart_000440,user_01256,prod_0048,2,258.97,2023-12-23T00:00:00Z,Books
cart_000440,user_01256,prod_0046,3,76.44,2023-12-18T00:00:00Z,Books
cart_000440,user_01256,prod_0035,2,75.82,2023-12-12T00:00:00Z,Home & Kitchen
cart_000440,user_01256,prod_0047,1,33.5,2023-12-02T00:00:00Z,Books
cart_000440,user_01256,prod_0088,2,236.49,2023-12-31T00:00:00Z,Toys & Games
cart_000440,user_01256,prod_0055,2,259.21,2023-12-24T00:00:00Z,Books
cart_000441,user_01259,prod_0066,3,121.36,2023-12-14T00:00:00Z,Sports & Fitness
cart_000441,user_01259,prod_0047,2,33.5,2023-12-26T00:00:00Z,Books
cart_000441,user_01259,prod_0076,3,78.83,2023-12-18T00:00:00Z,Beauty
cart_000441,user_01259,prod_0080,3,282.84,2023-12-22T00:00:00Z,Beauty
cart_000442,user_01263,prod_0008,2,110.54,2023-12-21T00:00:00Z,Electronics
cart_000442,user_01263,prod_0002,2,46.02,2024-01-01T00:00:00Z,Electronics
cart_000443,user_01266,prod_0023,1,298.21,2023-12-21T00:00:00Z,Fashion
cart_000443,user_01266,prod_0030,1,229.02,2023-12-08T00:00:00Z,Fashion
cart_000443,user_01266,prod_0008,2,110.54,2023-12-29T00:00:00Z,Electronics
cart_000443,user_01266,prod_0013,2,138.3,2023-12-20T00:00:00Z,Electronics
cart_000443,user_01266,prod_0061,3,287.47,2023-12-18T00:00:00Z,Sports & Fitness
cart_000443,user_01266,prod_0021,2,46.05,2023-12-27T00:00:00Z,Fashion
cart_000444,user_01268,prod_0009,2,219.54,2023-12-20T00:00:00Z,Electronics
cart_000444,user_01268,prod_0029,3,138.39,2023-12-21T00:00:00Z,Fashion
cart_000444,user_01268,prod_0041,1,77.88,2023-12-30T00:00:00Z,Home & Kitchen
cart_000444,user_01268,prod_0072,3,245.23,2023-12-05T00:00:00Z,Beauty
cart_000444,user_01268,prod_0077,1,129.53,2023-12-03T00:00:00Z,Beauty
cart_000444,user_01268,prod_0017,3,100.34,2023-12-16T00:00:00Z,Fashion
cart_000445,user_01272,prod_0031,3,92.74,2023-12-20T00:00:00Z,Home & Kitchen
cart_000446,user_01273,prod_0062,2,24.98,2023-12-11T00:00:00Z,Sports & Fitness
cart_000447,user_01275,prod_0082,1,17.3,2023-12-08T00:00:00Z,Toys & Games
cart_000448,user_01276,prod_0057,1,209.8,2023-12-26T00:00:00Z,Books
cart_000448,user_01276,prod_0049,3,219.09,2023-12-28T00:00:00Z,Books
cart_000448,user_01276,prod_0080,2,282.84,2023-12-08T00:00:00Z,Beauty
cart_000448,user_01276,prod_0097,3,18.05,2023-12-07T00:00:00Z,Automotive
cart_000448,user_01276,prod_0025,3,129.12,2023-12-24T00:00:00Z,Fashion
cart_000449,user_01277,prod_0098,3,163.3,2023-12-28T00:00:00Z,Automotive
cart_000450,user_01279,prod_0035,2,75.82,2023-12-17T00:00:00Z,Home & Kitchen
cart_000450,user_01279,prod_0066,2,121.36,2024-01-01T00:00:00Z,Sports & Fitness
cart_000451,user_01283,prod_0064,1,128.25,2023-12-22T00:00:00Z,Sports & Fitness
cart_000452,user_01286,prod_0003,2,129.05,2023-12-15T00:00:00Z,Electronics
cart_000453,user_01288,prod_0021,1,46.05,2023-12-23T00:00:00Z,Fashion
cart_000454,user_01292,prod_0079,1,167.19,2023-12-21T00:00:00Z,Beauty
cart_000454,user_01292,prod_0096,2,294.37,2023-12-09T00:00:00Z,Automotive
cart_000455,user_01293,prod_0005,2,137.07,2023-12-20T00:00:00Z,Electronics
cart_000455,user_01293,prod_0007,2,286.42,2023-12-11T00:00:00Z,Electronics
cart_000456,user_01294,prod_0067,3,278.13,2023-12-04T00:00:00Z,Sports & Fitness
cart_000456,user_01294,prod_0034,1,263.34,2023-12-24T00:00:00Z,Home & Kitchen
cart_000457,user_01295,prod_0004,1,181.99,2023-12-04T00:00:00Z,Electronics
cart_000457,user_01295,prod_0056,1,294.68,2023-12-02T00:00:00Z,Books
cart_000457,user_01295,prod_0093,2,253.04,2023-12-28T00:00:00Z,Automotive
cart_000458,user_01296,prod_0009,2,219.54,2023-12-26T00:00:00Z,Electronics
cart_000458,user_01296,prod_0038,3,160.14,2023-12-27T00:00:00Z,Home & Kitchen
cart_000458,user_01296,prod_0001,2,192.99,2023-12-28T00:00:00Z,Electronics
cart_000458,user_01296,prod_0063,3,266.74,2023-12-04T00:00:00Z,Sports & Fitness
cart_000458,user_01296,prod_0035,3,75.82,2023-12-30T00:00:00Z,Home & Kitchen
cart_000459,user_01298,prod_0041,2,77.88,2023-12-12T00:00:00Z,Home & Kitchen
cart_000459,user_01298,prod_0088,2,236.49,2023-12-24T00:00:00Z,Toys & Games
cart_000459,user_01298,prod_0078,3,43.46,2023-12-04T00:00:00Z,Beauty
cart_000459,user_01298,prod_0006,3,51.94,2023-12-20T00:00:00Z,Electronics
cart_000459,user_01298,prod_0013,2,138.3,2023-12-17T00:00:00Z,Electronics
cart_000459,user_01298,prod_0024,3,18.85,2023-12-25T00:00:00Z,Fashion
cart_000460,user_01302,prod_0010,1,91.19,2023-12-17T00:00:00Z,Electronics
cart_000460,user_01302,prod_0085,2,74.6,2023-12-02T00:00:00Z,Toys & Games
cart_000460,user_01302,prod_0073,3,44.48,2023-12-26T00:00:00Z,Beauty
cart_000460,user_01302,prod_0017,3,100.34,2023-12-15T00:00:00Z,Fashion
cart_000460,user_01302,prod_0056,3,294.68,2024-01-01T00:00:00Z,Books
cart_000461,user_01303,prod_0056,1,294.68,2024-01-01T00:00:00Z,Books
cart_000461,user_01303,prod_0020,1,151.77,2023-12-13T00:00:00Z,Fashion
cart_000461,user_01303,prod_0090,1,246.24,2023-12-24T00:00:00Z,Toys & Games
cart_000461,user_01303,prod_0071,1,164.71,2023-12-18T00:00:00Z,Beauty
cart_000462,user_01304,prod_0034,3,263.34,2023-12-19T00:00:00Z,Home & Kitchen
cart_000463,user_01306,prod_0090,3,246.24,2023-12-22T00:00:00Z,Toys & Games
cart_000463,user_01306,prod_0074,2,50.7,2023-12-05T00:00:00Z,Beauty
cart_000463,user_01306,prod_0009,1,219.54,2023-12-08T00:00:00Z,Electronics
cart_000464,user_01310,prod_0076,3,78.83,2023-12-04T00:00:00Z,Beauty
cart_000464,user_01310,prod_0021,3,46.05,2023-12-03T00:00:00Z,Fashion
cart_000465,user_01311,prod_0016,3,84.36,2023-12-22T00:00:00Z,Fashion
cart_000465,user_01311,prod_0096,2,294.37,2023-12-24T00:00:00Z,Automotive
cart_000465,user_01311,prod_0052,2,258.24,2023-12-27T00:00:00Z,Books
cart_000465,user_01311,prod_0002,3,46.02,2023-12-21T00:00:00Z,Electronics
cart_000465,user_01311,prod_0089,2,70.4,2023-12-10T00:00:00Z,Toys & Games
cart_000466,user_01313,prod_0069,1,153.73,2023-12-15T00:00:00Z,Sports & Fitness
cart_000466,user_01313,prod_0015,1,55.31,2023-12-15T00:00:00Z,Electronics
cart_000466,user_01313,prod_0013,1,138.3,2023-12-29T00:00:00Z,Electronics
cart_000466,user_01313,prod_0081,1,250.37,2023-12-23T00:00:00Z,Toys & Games
cart_000466,user_01313,prod_0011,2,212.14,2023-12-06T00:00:00Z,Electronics
cart_000466,user_01313,prod_0012,2,294.66,2023-12-11T00:00:00Z,Electronics
cart_000467,user_01316,prod_0031,2,92.74,2023-12-14T00:00:00Z,Home & Kitchen
cart_000467,user_01316,prod_0084,1,169.61,2023-12-02T00:00:00Z,Toys & Games
cart_000467,user_01316,prod_0014,2,66.6,2023-12-22T00:00:00Z,Electronics
cart_000468,user_01320,prod_0032,2,229.18,2023-12-04T00:00:00Z,Home & Kitchen
cart_000468,user_01320,prod_0049,3,219.09,2023-12-03T00:00:00Z,Books
cart_000469,user_01321,prod_0058,3,148.08,2023-12-30T00:00:00Z,Books
cart_000469,user_01321,prod_0077,2,129.53,2023-12-02T00:00:00Z,Beauty
cart_000469,user_01321,prod_0079,1,167.19,2023-12-24T00:00:00Z,Beauty
cart_000469,user_01321,prod_0053,3,163.93,2023-12-07T00:00:00Z,Books
cart_000469,user_01321,prod_0019,2,273.46,2023-12-13T00:00:00Z,Fashion
cart_000470,user_01326,prod_0096,1,294.37,2023-12-09T00:00:00Z,Automotive
cart_000470,user_01326,prod_0091,2,61.78,2023-12-03T00:00:00Z,Automotive
cart_000471,user_01327,prod_0030,1,229.02,2023-12-11T00:00:00Z,Fashion
cart_000471,user_01327,prod_0027,3,8.38,2023-12-23T00:00:00Z,Fashion
cart_000471,user_01327,prod_0076,2,78.83,2023-12-28T00:00:00Z,Beauty
cart_000472,user_01328,prod_0031,1,92.74,2023-12-05T00:00:00Z,Home & Kitchen
cart_000472,user_01328,prod_0044,3,25.83,2023-12-15T00:00:00Z,Home & Kitchen
cart_000472,user_01328,prod_0084,1,169.61,2023-12-11T00:00:00Z,Toys & Games
cart_000472,user_01328,prod_0042,2,72.65,2023-12-08T00:00:00Z,Home & Kitchen
cart_000473,user_01330,prod_0050,3,60.92,2023-12-31T00:00:00Z,Books
cart_000473,user_01330,prod_0047,1,33.5,2023-12-28T00:00:00Z,Books
cart_000474,user_01331,prod_0054,2,254.52,2023-12-17T00:00:00Z,Books
cart_000474,user_01331,prod_0050,1,60.92,2023-12-17T00:00:00Z,Books
cart_000474,user_01331,prod_0018,1,14.44,2023-12-31T00:00:00Z,Fashion
cart_000474,user_01331,prod_0016,1,84.36,2023-12-04T00:00:00Z,Fashion
cart_000474,user_01331,prod_0008,1,110.54,2023-12-30T00:00:00Z,Electronics
cart_000475,user_01333,prod_0089,3,70.4,2023-12-22T00:00:00Z,Toys & Games
cart_000475,user_01333,prod_0022,1,176.87,2023-12-08T00:00:00Z,Fashion
cart_000475,user_01333,prod_0036,3,147.88,2023-12-29T00:00:00Z,Home & Kitchen
cart_000475,user_01333,prod_0068,3,298.55,2023-12-27T00:00:00Z,Sports & Fitness
cart_000475,user_01333,prod_0051,2,141.01,2023-12-25T00:00:00Z,Books
cart_000476,user_01334,prod_0038,2,160.14,2023-12-12T00:00:00Z,Home & Kitchen
cart_000476,user_01334,prod_0067,3,278.13,2023-12-20T00:00:00Z,Sports & Fitness
cart_000476,user_01334,prod_0066,3,121.36,2023-12-28T00:00:00Z,Sports & Fitness
cart_000477,user_01338,prod_0059,1,175.28,2023-12-20T00:00:00Z,Books
cart_000478,user_01339,prod_0047,2,33.5,2023-12-29T00:00:00Z,Books
cart_000478,user_01339,prod_0069,1,153.73,2023-12-09T00:00:00Z,Sports & Fitness
cart_000478,user_01339,prod_0022,1,176.87,2023-12-14T00:00:00Z,Fashion
cart_000478,user_01339,prod_0057,1,209.8,2023-12-08T00:00:00Z,Books
cart_000479,user_01340,prod_0070,2,263.51,2023-12-23T00:00:00Z,Sports & Fitness
cart_000479,user_01340,prod_0054,1,254.52,2023-12-16T00:00:00Z,Books
cart_000479,user_01340,prod_0033,3,181.09,2023-12-14T00:00:00Z,Home & Kitchen
cart_000479,user_01340,prod_0046,1,76.44,2023-12-31T00:00:00Z,Books
cart_000479,user_01340,prod_0048,1,258.97,2023-12-08T00:00:00Z,Books
cart_000479,user_01340,prod_0015,2,55.31,2023-12-12T00:00:00Z,Electronics
cart_000480,user_01342,prod_0050,2,60.92,2023-12-25T00:00:00Z,Books
cart_000480,user_01342,prod_0079,1,167.19,2023-12-29T00:00:00Z,Beauty
cart_000481,user_01344,prod_0096,3,294.37,2023-12-21T00:00:00Z,Automotive
cart_000481,user_01344,prod_0007,3,286.42,2023-12-16T00:00:00Z,Electronics
cart_000481,user_01344,prod_0053,3,163.93,2023-12-22T00:00:00Z,Books
cart_000481,user_01344,prod_0089,1,70.4,2023-12-23T00:00:00Z,Toys & Games
cart_000481,user_01344,prod_0049,1,219.09,2023-12-02T00:00:00Z,Books
cart_000482,user_01345,prod_0064,1,128.25,2023-12-04T00:00:00Z,Sports & Fitness
cart_000483,user_01353,prod_0075,2,64.86,2023-12-07T00:00:00Z,Beauty
cart_000483,user_01353,prod_0090,3,246.24,2024-01-01T00:00:00Z,Toys & Games
cart_000483,user_01353,prod_0098,2,163.3,2023-12-24T00:00:00Z,Automotive
cart_000484,user_01355,prod_0076,2,78.83,2023-12-20T00:00:00Z,Beauty
cart_000484,user_01355,prod_0016,3,84.36,2023-12-03T00:00:00Z,Fashion
cart_000484,user_01355,prod_0061,3,287.47,2023-12-24T00:00:00Z,Sports & Fitness
cart_000484,user_01355,prod_0080,2,282.84,2023-12-28T00:00:00Z,Beauty
cart_000484,user_01355,prod_0022,1,176.87,2024-01-01T00:00:00Z,Fashion
cart_000484,user_01355,prod_0092,3,87.06,2023-12-16T00:00:00Z,Automotive
cart_000485,user_01358,prod_0071,2,164.71,2023-12-11T00:00:00Z,Beauty
cart_000485,user_01358,prod_0036,2,147.88,2023-12-13T00:00:00Z,Home & Kitchen
cart_000486,user_01362,prod_0075,3,64.86,2023-12-07T00:00:00Z,Beauty
cart_000486,user_01362,prod_0020,3,151.77,2023-12-26T00:00:00Z,Fashion
cart_000486,user_01362,prod_0030,2,229.02,2023-12-09T00:00:00Z,Fashion
cart_000486,user_01362,prod_0024,2,18.85,2023-12-12T00:00:00Z,Fashion
cart_000486,user_01362,prod_0071,2,164.71,2023-12-14T00:00:00Z,Beauty
cart_000487,user_01363,prod_0084,2,169.61,2023-12-21T00:00:00Z,Toys & Games
cart_000487,user_01363,prod_0001,3,192.99,2023-12-03T00:00:00Z,Electronics
cart_000487,user_01363,prod_0044,1,25.83,2023-12-14T00:00:00Z,Home & Kitchen
cart_000487,user_01363,prod_0059,3,175.28,2023-12-28T00:00:00Z,Books
cart_000487,user_01363,prod_0038,3,160.14,2023-12-27T00:00:00Z,Home & Kitchen
cart_000488,user_01365,prod_0067,1,278.13,2023-12-10T00:00:00Z,Sports & Fitness
cart_000489,user_01367,prod_0022,3,176.87,2023-12-30T00:00:00Z,Fashion
cart_000490,user_01372,prod_0053,1,163.93,2023-12-17T00:00:00Z,Books
cart_000490,user_01372,prod_0058,3,148.08,2023-12-11T00:00:00Z,Books
cart_000490,user_01372,prod_0045,1,43.9,2023-12-29T00:00:00Z,Home & Kitchen
cart_000491,user_01374,prod_0034,1,263.34,2023-12-13T00:00:00Z,Home & Kitchen
cart_000492,user_01377,prod_0056,2,294.68,2023-12-26T00:00:00Z,Books
cart_000492,user_01377,prod_0065,1,81.67,2023-12-09T00:00:00Z,Sports & Fitness
cart_000492,user_01377,prod_0013,2,138.3,2023-12-14T00:00:00Z,Electronics
cart_000492,user_01377,prod_0008,2,110.54,2023-12-13T00:00:00Z,Electronics
cart_000492,user_01377,prod_0037,3,42.75,2023-12-24T00:00:00Z,Home & Kitchen
cart_000492,user_01377,prod_0030,2,229.02,2023-12-25T00:00:00Z,Fashion
cart_000493,user_01378,prod_0096,3,294.37,2023-12-16T00:00:00Z,Automotive
cart_000494,user_01380,prod_0052,3,258.24,2023-12-02T00:00:00Z,Books
cart_000494,user_01380,prod_0011,2,212.14,2023-12-17T00:00:00Z,Electronics
cart_000494,user_01380,prod_0062,1,24.98,2023-12-12T00:00:00Z,Sports & Fitness
cart_000494,user_01380,prod_0065,3,81.67,2024-01-01T00:00:00Z,Sports & Fitness
cart_000494,user_01380,prod_0013,3,138.3,2023-12-07T00:00:00Z,Electronics
cart_000495,user_01381,prod_0047,2,33.5,2023-12-06T00:00:00Z,Books
cart_000495,user_01381,prod_0085,3,74.6,2023-12-12T00:00:00Z,Toys & Games
cart_000495,user_01381,prod_0052,2,258.24,2023-12-16T00:00:00Z,Books
cart_000495,user_01381,prod_0051,1,141.01,2023-12-11T00:00:00Z,Books
cart_000495,user_01381,prod_0058,2,148.08,2023-12-25T00:00:00Z,Books
cart_000495,user_01381,prod_0060,1,176.75,2023-12-02T00:00:00Z,Books
cart_000496,user_01382,prod_0055,2,259.21,2023-12-10T00:00:00Z,Books
cart_000496,user_01382,prod_0061,1,287.47,2023-12-30T00:00:00Z,Sports & Fitness
cart_000496,user_01382,prod_0028,1,230.97,2023-12-21T00:00:00Z,Fashion
cart_000496,user_01382,prod_0080,3,282.84,2023-12-26T00:00:00Z,Beauty
cart_000496,user_01382,prod_0084,3,169.61,2023-12-21T00:00:00Z,Toys & Games
cart_000497,user_01384,prod_0027,3,8.38,2023-12-14T00:00:00Z,Fashion
cart_000497,user_01384,prod_0099,1,25.57,2023-12-24T00:00:00Z,Automotive
cart_000498,user_01385,prod_0079,2,167.19,2023-12-24T00:00:00Z,Beauty
cart_000498,user_01385,prod_0082,3,17.3,2023-12-18T00:00:00Z,Toys & Games
cart_000499,user_01386,prod_0047,1,33.5,2023-12-04T00:00:00Z,Books
cart_000499,user_01386,prod_0078,3,43.46,2023-12-13T00:00:00Z,Beauty
cart_000499,user_01386,prod_0072,2,245.23,2023-12-02T00:00:00Z,Beauty
cart_000499,user_01386,prod_0065,1,81.67,2023-12-03T00:00:00Z,Sports & Fitness
cart_000499,user_01386,prod_0007,2,286.42,2023-12-15T00:00:00Z,Electronics
cart_000500,user_01390,prod_0043,1,22.31,2023-12-04T00:00:00Z,Home & Kitchen
cart_000500,user_01390,prod_0081,1,250.37,2023-12-13T00:00:00Z,Toys & Games
cart_000500,user_01390,prod_0032,1,229.18,2023-12-25T00:00:00Z,Home & Kitchen
cart_000501,user_01391,prod_0075,1,64.86,2023-12-03T00:00:00Z,Beauty
cart_000501,user_01391,prod_0065,2,81.67,2023-12-30T00:00:00Z,Sports & Fitness
cart_000501,user_01391,prod_0020,1,151.77,2023-12-26T00:00:00Z,Fashion
cart_000501,user_01391,prod_0056,1,294.68,2023-12-06T00:00:00Z,Books
cart_000502,user_01392,prod_0038,1,160.14,2023-12-04T00:00:00Z,Home & Kitchen
cart_000502,user_01392,prod_0075,2,64.86,2023-12-16T00:00:00Z,Beauty
cart_000502,user_01392,prod_0058,3,148.08,2023-12-14T00:00:00Z,Books
cart_000502,user_01392,prod_0010,1,91.19,2023-12-05T00:00:00Z,Electronics
cart_000502,user_01392,prod_0051,1,141.01,2023-12-22T00:00:00Z,Books
cart_000503,user_01396,prod_0079,1,167.19,2023-12-31T00:00:00Z,Beauty
cart_000503,user_01396,prod_0064,2,128.25,2024-01-01T00:00:00Z,Sports & Fitness
cart_000504,user_01398,prod_0100,2,200.04,2023-12-24T00:00:00Z,Automotive
cart_000504,user_01398,prod_0022,3,176.87,2024-01-01T00:00:00Z,Fashion
cart_000504,user_01398,prod_0011,1,212.14,2023-12-16T00:00:00Z,Electronics
cart_000504,user_01398,prod_0064,1,128.25,2023-12-09T00:00:00Z,Sports & Fitness
cart_000504,user_01398,prod_0078,3,43.46,2023-12-27T00:00:00Z,Beauty
cart_000504,user_01398,prod_0074,1,50.7,2023-12-21T00:00:00Z,Beauty
cart_000505,user_01400,prod_0051,2,141.01,2023-12-22T00:00:00Z,Books
cart_000506,user_01402,prod_0042,3,72.65,2023-12-16T00:00:00Z,Home & Kitchen
cart_000506,user_01402,prod_0007,1,286.42,2023-12-24T00:00:00Z,Electronics
cart_000506,user_01402,prod_0037,3,42.75,2023-12-31T00:00:00Z,Home & Kitchen
cart_000506,user_01402,prod_0069,1,153.73,2023-12-15T00:00:00Z,Sports & Fitness
cart_000507,user_01403,prod_0078,1,43.46,2023-12-22T00:00:00Z,Beauty
cart_000508,user_01405,prod_0055,3,259.21,2023-12-14T00:00:00Z,Books
cart_000508,user_01405,prod_0014,2,66.6,2024-01-01T00:00:00Z,Electronics
cart_000508,user_01405,prod_0009,1,219.54,2023-12-03T00:00:00Z,Electronics
cart_000508,user_01405,prod_0011,1,212.14,2023-12-29T00:00:00Z,Electronics
cart_000508,user_01405,prod_0052,2,258.24,2023-12-16T00:00:00Z,Books
cart_000508,user_01405,prod_0060,3,176.75,2023-12-29T00:00:00Z,Books
cart_000509,user_01410,prod_0068,2,298.55,2023-12-15T00:00:00Z,Sports & Fitness
cart_000509,user_01410,prod_0089,3,70.4,2023-12-02T00:00:00Z,Toys & Games
cart_000509,user_01410,prod_0053,1,163.93,2023-12-10T00:00:00Z,Books
cart_000510,user_01411,prod_0069,2,153.73,2023-12-06T00:00:00Z,Sports & Fitness
cart_000511,user_01419,prod_0010,1,91.19,2023-12-27T00:00:00Z,Electronics
cart_000511,user_01419,prod_0099,2,25.57,2023-12-27T00:00:00Z,Automotive
cart_000511,user_01419,prod_0002,3,46.02,2023-12-05T00:00:00Z,Electronics
cart_000512,user_01422,prod_0073,1,44.48,2023-12-24T00:00:00Z,Beauty
cart_000512,user_01422,prod_0048,2,258.97,2023-12-05T00:00:00Z,Books
cart_000512,user_01422,prod_0065,1,81.67,2023-12-08T00:00:00Z,Sports & Fitness
cart_000513,user_01424,prod_0089,2,70.4,2023-12-26T00:00:00Z,Toys & Games
cart_000514,user_01425,prod_0012,3,294.66,2023-12-07T00:00:00Z,Electronics
cart_000514,user_01425,prod_0051,3,141.01,2023-12-25T00:00:00Z,Books
cart_000515,user_01426,prod_0015,2,55.31,2023-12-27T00:00:00Z,Electronics
cart_000515,user_01426,prod_0005,1,137.07,2023-12-29T00:00:00Z,Electronics
cart_000515,user_01426,prod_0006,1,51.94,2023-12-04T00:00:00Z,Electronics
cart_000515,user_01426,prod_0085,3,74.6,2023-12-21T00:00:00Z,Toys & Games
cart_000516,user_01427,prod_0082,1,17.3,2023-12-02T00:00:00Z,Toys & Games
cart_000517,user_01428,prod_0033,2,181.09,2023-12-24T00:00:00Z,Home & Kitchen
cart_000517,user_01428,prod_0056,1,294.68,2023-12-24T00:00:00Z,Books
cart_000518,user_01432,prod_0033,1,181.09,2023-12-20T00:00:00Z,Home & Kitchen
cart_000518,user_01432,prod_0086,2,12.29,2023-12-22T00:00:00Z,Toys & Games
cart_000519,user_01433,prod_0038,3,160.14,2023-12-07T00:00:00Z,Home & Kitchen
cart_000519,user_01433,prod_0095,3,180.39,2023-12-14T00:00:00Z,Automotive
cart_000519,user_01433,prod_0061,3,287.47,2023-12-19T00:00:00Z,Sports & Fitness
cart_000520,user_01434,prod_0003,1,129.05,2023-12-26T00:00:00Z,Electronics
cart_000520,user_01434,prod_0099,3,25.57,2023-12-23T00:00:00Z,Automotive
cart_000521,user_01435,prod_0021,2,46.05,2023-12-29T00:00:00Z,Fashion
cart_000521,user_01435,prod_0015,2,55.31,2023-12-24T00:00:00Z,Electronics
cart_000521,user_01435,prod_0060,1,176.75,2023-12-19T00:00:00Z,Books
cart_000521,user_01435,prod_0010,2,91.19,2023-12-08T00:00:00Z,Electronics
cart_000521,user_01435,prod_0093,1,253.04,2023-12-26T00:00:00Z,Automotive
cart_000522,user_01437,prod_0047,1,33.5,2023-12-05T00:00:00Z,Books
cart_000523,user_01438,prod_0075,1,64.86,2023-12-21T00:00:00Z,Beauty
cart_000523,user_01438,prod_0055,3,259.21,2023-12-10T00:00:00Z,Books
cart_000523,user_01438,prod_0039,3,227.05,2023-12-22T00:00:00Z,Home & Kitchen
cart_000523,user_01438,prod_0056,3,294.68,2023-12-25T00:00:00Z,Books
cart_000524,user_01440,prod_0097,1,18.05,2023-12-11T00:00:00Z,Automotive
cart_000524,user_01440,prod_0071,3,164.71,2023-12-10T00:00:00Z,Beauty
cart_000524,user_01440,prod_0021,1,46.05,2023-12-05T00:00:00Z,Fashion
cart_000525,user_01441,prod_0056,2,294.68,2024-01-01T00:00:00Z,Books
cart_000525,user_01441,prod_0034,2,263.34,2023-12-22T00:00:00Z,Home & Kitchen
cart_000525,user_01441,prod_0015,2,55.31,2023-12-08T00:00:00Z,Electronics
cart_000525,user_01441,prod_0049,3,219.09,2023-12-27T00:00:00Z,Books
cart_000526,user_01443,prod_0074,2,50.7,2023-12-31T00:00:00Z,Beauty
cart_000526,user_01443,prod_0075,1,64.86,2023-12-04T00:00:00Z,Beauty
cart_000526,user_01443,prod_0016,2,84.36,2023-12-27T00:00:00Z,Fashion
cart_000526,user_01443,prod_0023,3,298.21,2023-12-13T00:00:00Z,Fashion
cart_000527,user_01446,prod_0041,1,77.88,2023-12-23T00:00:00Z,Home & Kitchen
cart_000527,user_01446,prod_0092,1,87.06,2023-12-12T00:00:00Z,Automotive
cart_000528,user_01447,prod_0094,3,290.3,2023-12-24T00:00:00Z,Automotive
cart_000528,user_01447,prod_0020,1,151.77,2023-12-25T00:00:00Z,Fashion
cart_000528,user_01447,prod_0074,1,50.7,2023-12-22T00:00:00Z,Beauty
cart_000528,user_01447,prod_0024,1,18.85,2023-12-04T00:00:00Z,Fashion
cart_000528,user_01447,prod_0028,2,230.97,2023-12-19T00:00:00Z,Fashion
cart_000528,user_01447,prod_0084,2,169.61,2023-12-02T00:00:00Z,Toys & Games
cart_000529,user_01455,prod_0089,2,70.4,2023-12-07T00:00:00Z,Toys & Games
cart_000530,user_01456,prod_0060,1,176.75,2023-12-15T00:00:00Z,Books
cart_000530,user_01456,prod_0027,1,8.38,2023-12-15T00:00:00Z,Fashion
cart_000530,user_01456,prod_0058,1,148.08,2023-12-02T00:00:00Z,Books
cart_000530,user_01456,prod_0089,3,70.4,2023-12-21T00:00:00Z,Toys & Games
cart_000530,user_01456,prod_0033,3,181.09,2023-12-30T00:00:00Z,Home & Kitchen
cart_000530,user_01456,prod_0040,1,202.48,2023-12-12T00:00:00Z,Home & Kitchen
cart_000531,user_01460,prod_0029,2,138.39,2023-12-08T00:00:00Z,Fashion
cart_000531,user_01460,prod_0075,3,64.86,2023-12-19T00:00:00Z,Beauty
cart_000531,user_01460,prod_0022,2,176.87,2023-12-12T00:00:00Z,Fashion
cart_000532,user_01461,prod_0033,1,181.09,2023-12-17T00:00:00Z,Home & Kitchen
cart_000532,user_01461,prod_0052,3,258.24,2023-12-17T00:00:00Z,Books
cart_000532,user_01461,prod_0034,2,263.34,2023-12-14T00:00:00Z,Home & Kitchen
cart_000532,user_01461,prod_0046,1,76.44,2023-12-19T00:00:00Z,Books
cart_000532,user_01461,prod_0049,1,219.09,2023-12-05T00:00:00Z,Books
cart_000533,user_01466,prod_0061,2,287.47,2023-12-12T00:00:00Z,Sports & Fitness
cart_000533,user_01466,prod_0080,1,282.84,2023-12-29T00:00:00Z,Beauty
cart_000533,user_01466,prod_0030,3,229.02,2023-12-28T00:00:00Z,Fashion
cart_000533,user_01466,prod_0078,1,43.46,2023-12-28T00:00:00Z,Beauty
cart_000534,user_01470,prod_0039,1,227.05,2023-12-11T00:00:00Z,Home & Kitchen
cart_000535,user_01475,prod_0034,1,263.34,2023-12-07T00:00:00Z,Home & Kitchen
cart_000535,user_01475,prod_0048,1,258.97,2023-12-21T00:00:00Z,Books
cart_000536,user_01477,prod_0077,3,129.53,2023-12-11T00:00:00Z,Beauty
cart_000536,user_01477,prod_0065,3,81.67,2023-12-10T00:00:00Z,Sports & Fitness
cart_000536,user_01477,prod_0070,3,263.51,2023-12-02T00:00:00Z,Sports & Fitness
cart_000536,user_01477,prod_0078,1,43.46,2023-12-22T00:00:00Z,Beauty
cart_000536,user_01477,prod_0060,2,176.75,2023-12-31T00:00:00Z,Books
cart_000536,user_01477,prod_0061,3,287.47,2023-12-18T00:00:00Z,Sports & Fitness
cart_000537,user_01478,prod_0071,3,164.71,2023-12-08T00:00:00Z,Beauty
cart_000537,user_01478,prod_0047,2,33.5,2024-01-01T00:00:00Z,Books
cart_000537,user_01478,prod_0019,1,273.46,2023-12-18T00:00:00Z,Fashion
cart_000538,user_01483,prod_0064,3,128.25,2023-12-31T00:00:00Z,Sports & Fitness
cart_000538,user_01483,prod_0004,3,181.99,2023-12-06T00:00:00Z,Electronics
cart_000538,user_01483,prod_0043,1,22.31,2023-12-15T00:00:00Z,Home & Kitchen
cart_000538,user_01483,prod_0049,1,219.09,2023-12-29T00:00:00Z,Books
cart_000539,user_01487,prod_0097,3,18.05,2023-12-20T00:00:00Z,Automotive
cart_000539,user_01487,prod_0036,1,147.88,2023-12-20T00:00:00Z,Home & Kitchen
cart_000539,user_01487,prod_0052,1,258.24,2023-12-09T00:00:00Z,Books
cart_000539,user_01487,prod_0099,1,25.57,2023-12-24T00:00:00Z,Automotive
cart_000539,user_01487,prod_0055,1,259.21,2023-12-03T00:00:00Z,Books
cart_000540,user_01488,prod_0005,1,137.07,2023-12-18T00:00:00Z,Electronics
cart_000540,user_01488,prod_0073,1,44.48,2023-12-20T00:00:00Z,Beauty
cart_000540,user_01488,prod_0075,1,64.86,2023-12-10T00:00:00Z,Beauty
cart_000540,user_01488,prod_0035,1,75.82,2023-12-09T00:00:00Z,Home & Kitchen
cart_000541,user_01489,prod_0091,1,61.78,2023-12-15T00:00:00Z,Automotive
cart_000541,user_01489,prod_0053,2,163.93,2023-12-31T00:00:00Z,Books
cart_000541,user_01489,prod_0037,2,42.75,2023-12-24T00:00:00Z,Home & Kitchen
cart_000541,user_01489,prod_0099,3,25.57,2023-12-12T00:00:00Z,Automotive
cart_000541,user_01489,prod_0002,1,46.02,2023-12-18T00:00:00Z,Electronics
cart_000541,user_01489,prod_0060,2,176.75,2023-12-28T00:00:00Z,Books
cart_000542,user_01490,prod_0068,1,298.55,2023-12-26T00:00:00Z,Sports & Fitness
cart_000543,user_01495,prod_0006,3,51.94,2023-12-04T00:00:00Z,Electronics
cart_000543,user_01495,prod_0031,3,92.74,2023-12-04T00:00:00Z,Home & Kitchen
cart_000543,user_01495,prod_0086,1,12.29,2024-01-01T00:00:00Z,Toys & Games
cart_000544,user_01496,prod_0046,2,76.44,2023-12-21T00:00:00Z,Books
cart_000544,user_01496,prod_0014,2,66.6,2023-12-08T00:00:00Z,Electronics
cart_000544,user_01496,prod_0061,2,287.47,2023-12-14T00:00:00Z,Sports & Fitness
cart_000544,user_01496,prod_0019,3,273.46,2023-12-10T00:00:00Z,Fashion
cart_000544,user_01496,prod_0056,2,294.68,2023-12-31T00:00:00Z,Books
cart_000544,user_01496,prod_0007,3,286.42,2023-12-21T00:00:00Z,Electronics
cart_000545,user_01497,prod_0052,2,258.24,2023-12-12T00:00:00Z,Books
cart_000545,user_01497,prod_0079,1,167.19,2023-12-08T00:00:00Z,Beauty
cart_000545,user_01497,prod_0095,2,180.39,2023-12-06T00:00:00Z,Automotive
cart_000545,user_01497,prod_0004,1,181.99,2023-12-13T00:00:00Z,Electronics
cart_000545,user_01497,prod_0023,2,298.21,2023-12-28T00:00:00Z,Fashion
cart_000546,user_01499,prod_0019,1,273.46,2023-12-05T00:00:00Z,Fashion
cart_000546,user_01499,prod_0071,2,164.71,2023-12-09T00:00:00Z,Beauty
cart_000546,user_01499,prod_0079,1,167.19,2023-12-17T00:00:00Z,Beauty
cart_000546,user_01499,prod_0078,1,43.46,2023-12-24T00:00:00Z,Beauty
cart_000546,user_01499,prod_0086,2,12.29,2023-12-15T00:00:00Z,Toys & Games
cart_000547,user_01502,prod_0044,2,25.83,2023-12-27T00:00:00Z,Home & Kitchen
cart_000548,user_01504,prod_0006,3,51.94,2023-12-28T00:00:00Z,Electronics
cart_000548,user_01504,prod_0021,3,46.05,2023-12-22T00:00:00Z,Fashion
cart_000548,user_01504,prod_0010,1,91.19,2023-12-04T00:00:00Z,Electronics
cart_000548,user_01504,prod_0038,1,160.14,2024-01-01T00:00:00Z,Home & Kitchen
cart_000548,user_01504,prod_0046,2,76.44,2023-12-21T00:00:00Z,Books
cart_000549,user_01508,prod_0050,3,60.92,2023-12-10T00:00:00Z,Books
cart_000549,user_01508,prod_0060,2,176.75,2023-12-21T00:00:00Z,Books
cart_000549,user_01508,prod_0034,3,263.34,2023-12-26T00:00:00Z,Home & Kitchen
cart_000549,user_01508,prod_0041,1,77.88,2023-12-23T00:00:00Z,Home & Kitchen
cart_000549,user_01508,prod_0044,3,25.83,2023-12-13T00:00:00Z,Home & Kitchen
cart_000549,user_01508,prod_0055,3,259.21,2023-12-07T00:00:00Z,Books
cart_000550,user_01510,prod_0092,1,87.06,2023-12-04T00:00:00Z,Automotive
cart_000550,user_01510,prod_0023,3,298.21,2023-12-16T00:00:00Z,Fashion
cart_000550,user_01510,prod_0063,3,266.74,2023-12-07T00:00:00Z,Sports & Fitness
cart_000550,user_01510,prod_0091,1,61.78,2023-12-07T00:00:00Z,Automotive
cart_000551,user_01512,prod_0019,1,273.46,2023-12-13T00:00:00Z,Fashion
cart_000551,user_01512,prod_0060,1,176.75,2023-12-04T00:00:00Z,Books
cart_000551,user_01512,prod_0008,2,110.54,2023-12-21T00:00:00Z,Electronics
cart_000551,user_01512,prod_0057,1,209.8,2023-12-10T00:00:00Z,Books
cart_000552,user_01513,prod_0015,3,55.31,2023-12-16T00:00:00Z,Electronics
cart_000552,user_01513,prod_0008,1,110.54,2023-12-26T00:00:00Z,Electronics
cart_000552,user_01513,prod_0004,1,181.99,2023-12-03T00:00:00Z,Electronics
cart_000553,user_01515,prod_0061,3,287.47,2023-12-07T00:00:00Z,Sports & Fitness
cart_000553,user_01515,prod_0046,2,76.44,2023-12-25T00:00:00Z,Books
cart_000553,user_01515,prod_0081,2,250.37,2023-12-12T00:00:00Z,Toys & Games
cart_000553,user_01515,prod_0088,2,236.49,2023-12-03T00:00:00Z,Toys & Games
cart_000553,user_01515,prod_0073,2,44.48,2023-12-14T00:00:00Z,Beauty
cart_000554,user_01517,prod_0048,3,258.97,2023-12-13T00:00:00Z,Books
cart_000555,user_01521,prod_0054,1,254.52,2023-12-09T00:00:00Z,Books
cart_000555,user_01521,prod_0001,1,192.99,2023-12-17T00:00:00Z,Electronics
cart_000555,user_01521,prod_0059,3,175.28,2023-12-28T00:00:00Z,Books
cart_000556,user_01523,prod_0052,3,258.24,2023-12-24T00:00:00Z,Books
cart_000556,user_01523,prod_0023,3,298.21,2023-12-05T00:00:00Z,Fashion
cart_000556,user_01523,prod_0041,3,77.88,2023-12-20T00:00:00Z,Home & Kitchen
cart_000556,user_01523,prod_0061,2,287.47,2023-12-24T00:00:00Z,Sports & Fitness
cart_000556,user_01523,prod_0048,2,258.97,2023-12-29T00:00:00Z,Books
cart_000556,user_01523,prod_0078,2,43.46,2023-12-06T00:00:00Z,Beauty
cart_000557,user_01527,prod_0031,2,92.74,2023-12-15T00:00:00Z,Home & Kitchen
cart_000557,user_01527,prod_0034,1,263.34,2023-12-06T00:00:00Z,Home & Kitchen
cart_000557,user_01527,prod_0041,3,77.88,2023-12-27T00:00:00Z,Home & Kitchen
cart_000557,user_01527,prod_0045,1,43.9,2023-12-10T00:00:00Z,Home & Kitchen
cart_000557,user_01527,prod_0011,3,212.14,2023-12-18T00:00:00Z,Electronics
cart_000558,user_01530,prod_0089,2,70.4,2023-12-06T00:00:00Z,Toys & Games
cart_000558,user_01530,prod_0037,3,42.75,2024-01-01T00:00:00Z,Home & Kitchen
cart_000558,user_01530,prod_0090,3,246.24,2023-12-21T00:00:00Z,Toys & Games
cart_000558,user_01530,prod_0001,1,192.99,2023-12-16T00:00:00Z,Electronics
cart_000558,user_01530,prod_0085,2,74.6,2023-12-22T00:00:00Z,Toys & Games
cart_000558,user_01530,prod_0012,2,294.66,2023-12-30T00:00:00Z,Electronics
cart_000559,user_01547,prod_0046,1,76.44,2023-12-02T00:00:00Z,Books
cart_000559,user_01547,prod_0047,2,33.5,2023-12-15T00:00:00Z,Books
cart_000559,user_01547,prod_0052,3,258.24,2024-01-01T00:00:00Z,Books
cart_000560,user_01548,prod_0080,2,282.84,2023-12-27T00:00:00Z,Beauty
cart_000560,user_01548,prod_0017,2,100.34,2023-12-28T00:00:00Z,Fashion
cart_000560,user_01548,prod_0036,1,147.88,2023-12-23T00:00:00Z,Home & Kitchen
cart_000561,user_01549,prod_0045,3,43.9,2023-12-12T00:00:00Z,Home & Kitchen
cart_000561,user_01549,prod_0006,1,51.94,2023-12-10T00:00:00Z,Electronics
cart_000561,user_01549,prod_0043,2,22.31,2023-12-15T00:00:00Z,Home & Kitchen
cart_000561,user_01549,prod_0005,2,137.07,2023-12-05T00:00:00Z,Electronics
cart_000561,user_01549,prod_0100,2,200.04,2023-12-16T00:00:00Z,Automotive
cart_000562,user_01551,prod_0096,1,294.37,2023-12-19T00:00:00Z,Automotive
cart_000562,user_01551,prod_0083,1,66.76,2023-12-04T00:00:00Z,Toys & Games
cart_000563,user_01555,prod_0086,1,12.29,2023-12-19T00:00:00Z,Toys & Games
cart_000563,user_01555,prod_0020,3,151.77,2023-12-19T00:00:00Z,Fashion
cart_000563,user_01555,prod_0060,3,176.75,2023-12-15T00:00:00Z,Books
cart_000564,user_01560,prod_0045,3,43.9,2023-12-30T00:00:00Z,Home & Kitchen
cart_000564,user_01560,prod_0018,2,14.44,2023-12-04T00:00:00Z,Fashion
cart_000564,user_01560,prod_0082,3,17.3,2023-12-16T00:00:00Z,Toys & Games
cart_000564,user_01560,prod_0021,1,46.05,2023-12-09T00:00:00Z,Fashion
cart_000564,user_01560,prod_0077,2,129.53,2023-12-27T00:00:00Z,Beauty
cart_000564,user_01560,prod_0030,3,229.02,2023-12-30T00:00:00Z,Fashion
cart_000565,user_01561,prod_0070,2,263.51,2023-12-02T00:00:00Z,Sports & Fitness
cart_000565,user_01561,prod_0067,2,278.13,2023-12-13T00:00:00Z,Sports & Fitness
cart_000565,user_01561,prod_0079,2,167.19,2023-12-16T00:00:00Z,Beauty
cart_000565,user_01561,prod_0086,2,12.29,2023-12-14T00:00:00Z,Toys & Games
cart_000566,user_01567,prod_0089,3,70.4,2024-01-01T00:00:00Z,Toys & Games
cart_000567,user_01569,prod_0083,1,66.76,2023-12-04T00:00:00Z,Toys & Games
cart_000567,user_01569,prod_0010,1,91.19,2023-12-25T00:00:00Z,Electronics
cart_000567,user_01569,prod_0002,2,46.02,2023-12-08T00:00:00Z,Electronics
cart_000568,user_01572,prod_0055,2,259.21,2023-12-23T00:00:00Z,Books
cart_000568,user_01572,prod_0067,2,278.13,2023-12-09T00:00:00Z,Sports & Fitness
cart_000568,user_01572,prod_0051,1,141.01,2023-12-02T00:00:00Z,Books
cart_000568,user_01572,prod_0096,2,294.37,2023-12-06T00:00:00Z,Automotive
cart_000568,user_01572,prod_0009,3,219.54,2023-12-30T00:00:00Z,Electronics
cart_000568,user_01572,prod_0056,3,294.68,2023-12-17T00:00:00Z,Books
cart_000569,user_01574,prod_0084,1,169.61,2023-12-08T00:00:00Z,Toys & Games
cart_000569,user_01574,prod_0010,3,91.19,2023-12-17T00:00:00Z,Electronics
cart_000569,user_01574,prod_0089,1,70.4,2023-12-13T00:00:00Z,Toys & Games
cart_000569,user_01574,prod_0096,2,294.37,2023-12-03T00:00:00Z,Automotive
cart_000569,user_01574,prod_0034,2,263.34,2023-12-18T00:00:00Z,Home & Kitchen
cart_000570,user_01577,prod_0013,1,138.3,2023-12-13T00:00:00Z,Electronics
cart_000570,user_01577,prod_0073,2,44.48,2023-12-03T00:00:00Z,Beauty
cart_000570,user_01577,prod_0097,2,18.05,2024-01-01T00:00:00Z,Automotive
cart_000570,user_01577,prod_0087,1,126.04,2023-12-17T00:00:00Z,Toys & Games
cart_000570,user_01577,prod_0062,1,24.98,2023-12-18T00:00:00Z,Sports & Fitness
cart_000571,user_01580,prod_0058,1,148.08,2023-12-06T00:00:00Z,Books
cart_000571,user_01580,prod_0047,2,33.5,2023-12-02T00:00:00Z,Books
cart_000571,user_01580,prod_0026,1,142.61,2023-12-17T00:00:00Z,Fashion
cart_000571,user_01580,prod_0053,3,163.93,2023-12-06T00:00:00Z,Books
cart_000571,user_01580,prod_0059,3,175.28,2023-12-08T00:00:00Z,Books
cart_000571,user_01580,prod_0049,2,219.09,2023-12-02T00:00:00Z,Books
cart_000572,user_01582,prod_0021,2,46.05,2023-12-13T00:00:00Z,Fashion
cart_000572,user_01582,prod_0091,1,61.78,2023-12-17T00:00:00Z,Automotive
cart_000572,user_01582,prod_0017,2,100.34,2023-12-17T00:00:00Z,Fashion
cart_000572,user_01582,prod_0007,1,286.42,2023-12-30T00:00:00Z,Electronics
cart_000572,user_01582,prod_0016,2,84.36,2023-12-20T00:00:00Z,Fashion
cart_000573,user_01583,prod_0062,2,24.98,2023-12-22T00:00:00Z,Sports & Fitness
cart_000573,user_01583,prod_0010,3,91.19,2023-12-28T00:00:00Z,Electronics
cart_000573,user_01583,prod_0064,1,128.25,2023-12-23T00:00:00Z,Sports & Fitness
cart_000574,user_01585,prod_0079,2,167.19,2023-12-06T00:00:00Z,Beauty
cart_000574,user_01585,prod_0003,1,129.05,2023-12-29T00:00:00Z,Electronics
cart_000574,user_01585,prod_0062,1,24.98,2024-01-01T00:00:00Z,Sports & Fitness
cart_000574,user_01585,prod_0071,3,164.71,2023-12-31T00:00:00Z,Beauty
cart_000574,user_01585,prod_0075,3,64.86,2023-12-10T00:00:00Z,Beauty
cart_000575,user_01587,prod_0095,1,180.39,2023-12-13T00:00:00Z,Automotive
cart_000575,user_01587,prod_0013,1,138.3,2023-12-16T00:00:00Z,Electronics
cart_000576,user_01596,prod_0049,1,219.09,2023-12-25T00:00:00Z,Books
cart_000576,user_01596,prod_0073,1,44.48,2023-12-30T00:00:00Z,Beauty
cart_000576,user_01596,prod_0029,1,138.39,2023-12-07T00:00:00Z,Fashion
cart_000576,user_01596,prod_0030,1,229.02,2023-12-23T00:00:00Z,Fashion
cart_000577,user_01600,prod_0089,3,70.4,2023-12-29T00:00:00Z,Toys & Games
cart_000577,user_01600,prod_0061,1,287.47,2023-12-14T00:00:00Z,Sports & Fitness
cart_000577,user_01600,prod_0063,1,266.74,2023-12-07T00:00:00Z,Sports & Fitness
cart_000578,user_01601,prod_0013,3,138.3,2023-12-07T00:00:00Z,Electronics
cart_000578,user_01601,prod_0066,1,121.36,2024-01-01T00:00:00Z,Sports & Fitness
cart_000578,user_01601,prod_0052,2,258.24,2023-12-11T00:00:00Z,Books
cart_000579,user_01604,prod_0097,2,18.05,2023-12-03T00:00:00Z,Automotive
cart_000579,user_01604,prod_0035,2,75.82,2023-12-06T00:00:00Z,Home & Kitchen
cart_000579,user_01604,prod_0053,1,163.93,2023-12-22T00:00:00Z,Books
cart_000580,user_01606,prod_0066,2,121.36,2023-12-10T00:00:00Z,Sports & Fitness
cart_000581,user_01607,prod_0098,3,163.3,2023-12-07T00:00:00Z,Automotive
cart_000581,user_01607,prod_0052,1,258.24,2023-12-21T00:00:00Z,Books
cart_000581,user_01607,prod_0074,2,50.7,2023-12-18T00:00:00Z,Beauty
cart_000582,user_01610,prod_0049,3,219.09,2023-12-19T00:00:00Z,Books
cart_000582,user_01610,prod_0051,1,141.01,2023-12-14T00:00:00Z,Books
cart_000582,user_01610,prod_0088,3,236.49,2023-12-25T00:00:00Z,Toys & Games
cart_000583,user_01613,prod_0043,3,22.31,2023-12-17T00:00:00Z,Home & Kitchen
cart_000583,user_01613,prod_0074,1,50.7,2023-12-05T00:00:00Z,Beauty
cart_000583,user_01613,prod_0057,3,209.8,2023-12-02T00:00:00Z,Books
cart_000584,user_01615,prod_0003,3,129.05,2023-12-04T00:00:00Z,Electronics
cart_000584,user_01615,prod_0049,1,219.09,2023-12-02T00:00:00Z,Books
cart_000584,user_01615,prod_0053,3,163.93,2023-12-13T00:00:00Z,Books
cart_000584,user_01615,prod_0076,3,78.83,2023-12-03T00:00:00Z,Beauty
cart_000584,user_01615,prod_0052,1,258.24,2023-12-06T00:00:00Z,Books
cart_000584,user_01615,prod_0096,3,294.37,2023-12-23T00:00:00Z,Automotive
cart_000585,user_01617,prod_0047,3,33.5,2023-12-03T00:00:00Z,Books
cart_000585,user_01617,prod_0039,1,227.05,2023-12-09T00:00:00Z,Home & Kitchen
cart_000585,user_01617,prod_0023,1,298.21,2023-12-07T00:00:00Z,Fashion
cart_000585,user_01617,prod_0090,3,246.24,2023-12-29T00:00:00Z,Toys & Games
cart_000585,user_01617,prod_0029,2,138.39,2023-12-16T00:00:00Z,Fashion
cart_000585,user_01617,prod_0082,2,17.3,2023-12-31T00:00:00Z,Toys & Games
cart_000586,user_01624,prod_0002,1,46.02,2023-12-11T00:00:00Z,Electronics
cart_000586,user_01624,prod_0003,3,129.05,2023-12-19T00:00:00Z,Electronics
cart_000586,user_01624,prod_0030,1,229.02,2023-12-14T00:00:00Z,Fashion
cart_000586,user_01624,prod_0067,3,278.13,2023-12-21T00:00:00Z,Sports & Fitness
cart_000586,user_01624,prod_0084,1,169.61,2023-12-18T00:00:00Z,Toys & Games
cart_000587,user_01628,prod_0022,3,176.87,2023-12-11T00:00:00Z,Fashion
cart_000587,user_01628,prod_0017,3,100.34,2023-12-22T00:00:00Z,Fashion
cart_000587,user_01628,prod_0015,3,55.31,2023-12-22T00:00:00Z,Electronics
cart_000588,user_01633,prod_0020,2,151.77,2023-12-09T00:00:00Z,Fashion
cart_000588,user_01633,prod_0047,3,33.5,2023-12-08T00:00:00Z,Books
cart_000589,user_01647,prod_0031,3,92.74,2023-12-21T00:00:00Z,Home & Kitchen
cart_000589,user_01647,prod_0059,1,175.28,2023-12-17T00:00:00Z,Books
cart_000589,user_01647,prod_0032,1,229.18,2023-12-24T00:00:00Z,Home & Kitchen
cart_000590,user_01650,prod_0060,3,176.75,2023-12-10T00:00:00Z,Books
cart_000591,user_01653,prod_0018,3,14.44,2023-12-02T00:00:00Z,Fashion
cart_000591,user_01653,prod_0011,2,212.14,2023-12-03T00:00:00Z,Electronics
cart_000591,user_01653,prod_0058,3,148.08,2023-12-11T00:00:00Z,Books
cart_000592,user_01656,prod_0026,1,142.61,2023-12-16T00:00:00Z,Fashion
cart_000592,user_01656,prod_0056,3,294.68,2023-12-12T00:00:00Z,Books
cart_000592,user_01656,prod_0002,1,46.02,2023-12-13T00:00:00Z,Electronics
cart_000592,user_01656,prod_0047,2,33.5,2023-12-20T00:00:00Z,Books
cart_000593,user_01657,prod_0002,3,46.02,2023-12-15T00:00:00Z,Electronics
cart_000593,user_01657,prod_0077,2,129.53,2023-12-28T00:00:00Z,Beauty
cart_000593,user_01657,prod_0026,2,142.61,2023-12-11T00:00:00Z,Fashion
cart_000593,user_01657,prod_0018,3,14.44,2023-12-20T00:00:00Z,Fashion
cart_000593,user_01657,prod_0079,3,167.19,2023-12-13T00:00:00Z,Beauty
cart_000593,user_01657,prod_0030,3,229.02,2023-12-25T00:00:00Z,Fashion
cart_000594,user_01658,prod_0029,3,138.39,2023-12-22T00:00:00Z,Fashion
cart_000594,user_01658,prod_0025,2,129.12,2023-12-21T00:00:00Z,Fashion
cart_000594,user_01658,prod_0063,1,266.74,2023-12-21T00:00:00Z,Sports & Fitness
cart_000594,user_01658,prod_0016,1,84.36,2023-12-06T00:00:00Z,Fashion
cart_000595,user_01666,prod_0048,3,258.97,2023-12-21T00:00:00Z,Books
cart_000596,user_01669,prod_0055,3,259.21,2023-12-22T00:00:00Z,Books
cart_000596,user_01669,prod_0053,1,163.93,2023-12-12T00:00:00Z,Books
cart_000597,user_01670,prod_0071,3,164.71,2023-12-03T00:00:00Z,Beauty
cart_000597,user_01670,prod_0013,2,138.3,2023-12-19T00:00:00Z,Electronics
cart_000598,user_01673,prod_0046,1,76.44,2024-01-01T00:00:00Z,Books
cart_000598,user_01673,prod_0058,3,148.08,2023-12-14T00:00:00Z,Books
cart_000598,user_01673,prod_0054,3,254.52,2023-12-28T00:00:00Z,Books
cart_000598,user_01673,prod_0049,1,219.09,2023-12-15T00:00:00Z,Books
cart_000599,user_01675,prod_0046,2,76.44,2023-12-11T00:00:00Z,Books
cart_000599,user_01675,prod_0038,1,160.14,2023-12-30T00:00:00Z,Home & Kitchen
cart_000599,user_01675,prod_0097,1,18.05,2023-12-23T00:00:00Z,Automotive
cart_000599,user_01675,prod_0032,2,229.18,2023-12-30T00:00:00Z,Home & Kitchen
cart_000599,user_01675,prod_0083,2,66.76,2023-12-30T00:00:00Z,Toys & Games
cart_000600,user_01677,prod_0027,1,8.38,2023-12-16T00:00:00Z,Fashion
cart_000600,user_01677,prod_0022,2,176.87,2023-12-24T00:00:00Z,Fashion
cart_000600,user_01677,prod_0074,3,50.7,2023-12-31T00:00:00Z,Beauty
cart_000601,user_01678,prod_0095,1,180.39,2023-12-04T00:00:00Z,Automotive
cart_000601,user_01678,prod_0066,1,121.36,2023-12-12T00:00:00Z,Sports & Fitness
cart_000601,user_01678,prod_0082,1,17.3,2023-12-03T00:00:00Z,Toys & Games
cart_000602,user_01679,prod_0044,2,25.83,2023-12-20T00:00:00Z,Home & Kitchen
cart_000602,user_01679,prod_0091,1,61.78,2024-01-01T00:00:00Z,Automotive
cart_000602,user_01679,prod_0015,1,55.31,2023-12-25T00:00:00Z,Electronics
cart_000603,user_01681,prod_0053,1,163.93,2023-12-23T00:00:00Z,Books
cart_000603,user_01681,prod_0089,1,70.4,2023-12-27T00:00:00Z,Toys & Games
cart_000603,user_01681,prod_0007,2,286.42,2023-12-11T00:00:00Z,Electronics
cart_000603,user_01681,prod_0057,1,209.8,2023-12-15T00:00:00Z,Books
cart_000603,user_01681,prod_0043,2,22.31,2023-12-27T00:00:00Z,Home & Kitchen
cart_000604,user_01684,prod_0035,3,75.82,2024-01-01T00:00:00Z,Home & Kitchen
cart_000604,user_01684,prod_0086,2,12.29,2023-12-18T00:00:00Z,Toys & Games
cart_000604,user_01684,prod_0033,2,181.09,2023-12-12T00:00:00Z,Home & Kitchen
cart_000604,user_01684,prod_0056,1,294.68,2024-01-01T00:00:00Z,Books
cart_000604,user_01684,prod_0037,3,42.75,2023-12-17T00:00:00Z,Home & Kitchen
cart_000604,user_01684,prod_0006,3,51.94,2023-12-03T00:00:00Z,Electronics
cart_000605,user_01686,prod_0003,1,129.05,2023-12-24T00:00:00Z,Electronics
cart_000605,user_01686,prod_0054,3,254.52,2023-12-26T00:00:00Z,Books
cart_000605,user_01686,prod_0091,3,61.78,2023-12-31T00:00:00Z,Automotive
cart_000606,user_01688,prod_0001,3,192.99,2024-01-01T00:00:00Z,Electronics
cart_000607,user_01691,prod_0013,1,138.3,2023-12-31T00:00:00Z,Electronics
cart_000607,user_01691,prod_0059,3,175.28,2023-12-27T00:00:00Z,Books
cart_000607,user_01691,prod_0058,2,148.08,2023-12-23T00:00:00Z,Books
cart_000607,user_01691,prod_0052,2,258.24,2023-12-10T00:00:00Z,Books
cart_000607,user_01691,prod_0088,2,236.49,2023-12-19T00:00:00Z,Toys & Games
cart_000608,user_01693,prod_0026,3,142.61,2023-12-24T00:00:00Z,Fashion
cart_000608,user_01693,prod_0077,3,129.53,2023-12-12T00:00:00Z,Beauty
cart_000608,user_01693,prod_0095,2,180.39,2023-12-13T00:00:00Z,Automotive
cart_000609,user_01694,prod_0091,3,61.78,2023-12-27T00:00:00Z,Automotive
cart_000609,user_01694,prod_0033,1,181.09,2023-12-19T00:00:00Z,Home & Kitchen
cart_000609,user_01694,prod_0099,1,25.57,2023-12-23T00:00:00Z,Automotive
cart_000609,user_01694,prod_0001,2,192.99,2023-12-27T00:00:00Z,Electronics
cart_000609,user_01694,prod_0010,1,91.19,2023-12-06T00:00:00Z,Electronics
cart_000609,user_01694,prod_0035,3,75.82,2023-12-21T00:00:00Z,Home & Kitchen
cart_000610,user_01697,prod_0070,3,263.51,2023-12-29T00:00:00Z,Sports & Fitness
cart_000610,user_01697,prod_0015,2,55.31,2023-12-25T00:00:00Z,Electronics
cart_000611,user_01698,prod_0022,1,176.87,2023-12-25T00:00:00Z,Fashion
cart_000611,user_01698,prod_0063,3,266.74,2023-12-10T00:00:00Z,Sports & Fitness
cart_000611,user_01698,prod_0088,3,236.49,2024-01-01T00:00:00Z,Toys & Games
cart_000611,user_01698,prod_0080,2,282.84,2023-12-31T00:00:00Z,Beauty
cart_000611,user_01698,prod_0070,3,263.51,2023-12-08T00:00:00Z,Sports & Fitness
cart_000612,user_01699,prod_0059,3,175.28,2023-12-26T00:00:00Z,Books
cart_000612,user_01699,prod_0046,1,76.44,2023-12-04T00:00:00Z,Books
cart_000613,user_01703,prod_0016,2,84.36,2023-12-20T00:00:00Z,Fashion
cart_000613,user_01703,prod_0009,3,219.54,2023-12-14T00:00:00Z,Electronics
cart_000613,user_01703,prod_0091,2,61.78,2023-12-27T00:00:00Z,Automotive
cart_000614,user_01706,prod_0057,1,209.8,2023-12-18T00:00:00Z,Books
cart_000614,user_01706,prod_0028,3,230.97,2023-12-15T00:00:00Z,Fashion
cart_000614,user_01706,prod_0018,3,14.44,2023-12-30T00:00:00Z,Fashion
cart_000615,user_01713,prod_0067,3,278.13,2023-12-04T00:00:00Z,Sports & Fitness
cart_000615,user_01713,prod_0016,2,84.36,2023-12-28T00:00:00Z,Fashion
cart_000616,user_01718,prod_0092,1,87.06,2023-12-05T00:00:00Z,Automotive
cart_000616,user_01718,prod_0076,1,78.83,2023-12-25T00:00:00Z,Beauty
cart_000616,user_01718,prod_0020,3,151.77,2023-12-12T00:00:00Z,Fashion
cart_000616,user_01718,prod_0058,3,148.08,2024-01-01T00:00:00Z,Books
cart_000617,user_01732,prod_0044,1,25.83,2023-12-07T00:00:00Z,Home & Kitchen
cart_000617,user_01732,prod_0005,1,137.07,2023-12-18T00:00:00Z,Electronics
cart_000617,user_01732,prod_0055,1,259.21,2023-12-06T00:00:00Z,Books
cart_000618,user_01739,prod_0074,1,50.7,2023-12-15T00:00:00Z,Beauty
cart_000618,user_01739,prod_0079,2,167.19,2023-12-29T00:00:00Z,Beauty
cart_000618,user_01739,prod_0066,1,121.36,2023-12-25T00:00:00Z,Sports & Fitness
cart_000618,user_01739,prod_0071,2,164.71,2023-12-05T00:00:00Z,Beauty
cart_000618,user_01739,prod_0069,2,153.73,2023-12-28T00:00:00Z,Sports & Fitness
cart_000618,user_01739,prod_0043,2,22.31,2023-12-29T00:00:00Z,Home & Kitchen
cart_000619,user_01742,prod_0055,3,259.21,2023-12-25T00:00:00Z,Books
cart_000619,user_01742,prod_0054,2,254.52,2024-01-01T00:00:00Z,Books
cart_000619,user_01742,prod_0014,2,66.6,2023-12-31T00:00:00Z,Electronics
cart_000619,user_01742,prod_0034,1,263.34,2023-12-26T00:00:00Z,Home & Kitchen
cart_000619,user_01742,prod_0033,2,181.09,2023-12-05T00:00:00Z,Home & Kitchen
cart_000620,user_01743,prod_0030,2,229.02,2023-12-06T00:00:00Z,Fashion
cart_000620,user_01743,prod_0064,2,128.25,2023-12-18T00:00:00Z,Sports & Fitness
cart_000620,user_01743,prod_0024,3,18.85,2023-12-09T00:00:00Z,Fashion
cart_000620,user_01743,prod_0075,3,64.86,2023-12-29T00:00:00Z,Beauty
cart_000621,user_01744,prod_0094,1,290.3,2023-12-21T00:00:00Z,Automotive
cart_000621,user_01744,prod_0045,2,43.9,2023-12-12T00:00:00Z,Home & Kitchen
cart_000621,user_01744,prod_0010,1,91.19,2023-12-30T00:00:00Z,Electronics
cart_000621,user_01744,prod_0089,3,70.4,2023-12-12T00:00:00Z,Toys & Games
cart_000621,user_01744,prod_0030,3,229.02,2023-12-10T00:00:00Z,Fashion
cart_000621,user_01744,prod_0005,1,137.07,2023-12-20T00:00:00Z,Electronics
cart_000622,user_01745,prod_0050,3,60.92,2023-12-28T00:00:00Z,Books
cart_000622,user_01745,prod_0059,3,175.28,2023-12-22T00:00:00Z,Books
cart_000622,user_01745,prod_0012,1,294.66,2023-12-16T00:00:00Z,Electronics
cart_000623,user_01746,prod_0069,3,153.73,2023-12-02T00:00:00Z,Sports & Fitness
cart_000623,user_01746,prod_0089,3,70.4,2023-12-09T00:00:00Z,Toys & Games
cart_000623,user_01746,prod_0080,2,282.84,2023-12-16T00:00:00Z,Beauty
cart_000623,user_01746,prod_0054,3,254.52,2023-12-15T00:00:00Z,Books
cart_000624,user_01756,prod_0058,3,148.08,2024-01-01T00:00:00Z,Books
cart_000625,user_01759,prod_0009,3,219.54,2023-12-20T00:00:00Z,Electronics
cart_000626,user_01760,prod_0005,1,137.07,2023-12-04T00:00:00Z,Electronics
cart_000626,user_01760,prod_0012,3,294.66,2023-12-08T00:00:00Z,Electronics
cart_000626,user_01760,prod_0056,2,294.68,2023-12-08T00:00:00Z,Books
cart_000626,user_01760,prod_0009,2,219.54,2023-12-25T00:00:00Z,Electronics
cart_000626,user_01760,prod_0019,1,273.46,2023-12-03T00:00:00Z,Fashion
cart_000627,user_01765,prod_0040,3,202.48,2023-12-17T00:00:00Z,Home & Kitchen
cart_000628,user_01772,prod_0052,2,258.24,2024-01-01T00:00:00Z,Books
cart_000629,user_01776,prod_0021,3,46.05,2023-12-05T00:00:00Z,Fashion
cart_000629,user_01776,prod_0019,2,273.46,2023-12-02T00:00:00Z,Fashion
cart_000629,user_01776,prod_0060,3,176.75,2023-12-11T00:00:00Z,Books
cart_000629,user_01776,prod_0015,1,55.31,2023-12-14T00:00:00Z,Electronics
cart_000630,user_01780,prod_0011,1,212.14,2023-12-02T00:00:00Z,Electronics
cart_000630,user_01780,prod_0017,1,100.34,2023-12-24T00:00:00Z,Fashion
cart_000630,user_01780,prod_0032,3,229.18,2023-12-14T00:00:00Z,Home & Kitchen
cart_000630,user_01780,prod_0009,2,219.54,2023-12-26T00:00:00Z,Electronics
cart_000630,user_01780,prod_0084,2,169.61,2023-12-31T00:00:00Z,Toys & Games
cart_000630,user_01780,prod_0094,2,290.3,2023-12-07T00:00:00Z,Automotive
cart_000631,user_01781,prod_0066,1,121.36,2023-12-22T00:00:00Z,Sports & Fitness
cart_000632,user_01782,prod_0073,3,44.48,2023-12-23T00:00:00Z,Beauty
cart_000633,user_01791,prod_0006,3,51.94,2023-12-04T00:00:00Z,Electronics
cart_000633,user_01791,prod_0008,1,110.54,2023-12-06T00:00:00Z,Electronics
cart_000633,user_01791,prod_0011,3,212.14,2024-01-01T00:00:00Z,Electronics
cart_000633,user_01791,prod_0005,3,137.07,2023-12-08T00:00:00Z,Electronics
cart_000633,user_01791,prod_0047,3,33.5,2023-12-27T00:00:00Z,Books
cart_000634,user_01792,prod_0001,3,192.99,2023-12-30T00:00:00Z,Electronics
cart_000634,user_01792,prod_0094,2,290.3,2023-12-20T00:00:00Z,Automotive
cart_000634,user_01792,prod_0098,2,163.3,2023-12-13T00:00:00Z,Automotive
cart_000635,user_01794,prod_0084,2,169.61,2023-12-10T00:00:00Z,Toys & Games
cart_000635,user_01794,prod_0044,2,25.83,2023-12-04T00:00:00Z,Home & Kitchen
cart_000635,user_01794,prod_0012,3,294.66,2023-12-17T00:00:00Z,Electronics
cart_000635,user_01794,prod_0036,2,147.88,2023-12-25T00:00:00Z,Home & Kitchen
cart_000635,user_01794,prod_0082,3,17.3,2023-12-16T00:00:00Z,Toys & Games
cart_000635,user_01794,prod_0059,2,175.28,2023-12-31T00:00:00Z,Books
cart_000636,user_01795,prod_0056,3,294.68,2023-12-24T00:00:00Z,Books
cart_000636,user_01795,prod_0001,2,192.99,2023-12-27T00:00:00Z,Electronics
cart_000637,user_01796,prod_0067,3,278.13,2023-12-18T00:00:00Z,Sports & Fitness
cart_000637,user_01796,prod_0026,3,142.61,2023-12-18T00:00:00Z,Fashion
cart_000638,user_01797,prod_0082,2,17.3,2023-12-24T00:00:00Z,Toys & Games
cart_000638,user_01797,prod_0052,2,258.24,2023-12-21T00:00:00Z,Books
cart_000638,user_01797,prod_0024,3,18.85,2023-12-16T00:00:00Z,Fashion
cart_000639,user_01800,prod_0047,2,33.5,2023-12-23T00:00:00Z,Books
cart_000639,user_01800,prod_0097,2,18.05,2023-12-27T00:00:00Z,Automotive
cart_000640,user_01802,prod_0007,1,286.42,2023-12-16T00:00:00Z,Electronics
cart_000640,user_01802,prod_0068,2,298.55,2023-12-25T00:00:00Z,Sports & Fitness
cart_000640,user_01802,prod_0012,3,294.66,2023-12-10T00:00:00Z,Electronics
cart_000640,user_01802,prod_0002,1,46.02,2023-12-24T00:00:00Z,Electronics
cart_000640,user_01802,prod_0054,2,254.52,2023-12-22T00:00:00Z,Books
cart_000641,user_01803,prod_0085,3,74.6,2023-12-14T00:00:00Z,Toys & Games
cart_000641,user_01803,prod_0082,1,17.3,2023-12-19T00:00:00Z,Toys & Games
cart_000641,user_01803,prod_0011,3,212.14,2023-12-30T00:00:00Z,Electronics
cart_000642,user_01804,prod_0071,3,164.71,2023-12-12T00:00:00Z,Beauty
cart_000642,user_01804,prod_0068,1,298.55,2023-12-07T00:00:00Z,Sports & Fitness
cart_000642,user_01804,prod_0028,3,230.97,2023-12-27T00:00:00Z,Fashion
cart_000642,user_01804,prod_0074,2,50.7,2023-12-14T00:00:00Z,Beauty
cart_000642,user_01804,prod_0078,2,43.46,2023-12-03T00:00:00Z,Beauty
cart_000642,user_01804,prod_0024,2,18.85,2023-12-25T00:00:00Z,Fashion
cart_000643,user_01809,prod_0056,3,294.68,2023-12-27T00:00:00Z,Books
cart_000643,user_01809,prod_0037,1,42.75,2023-12-12T00:00:00Z,Home & Kitchen
cart_000643,user_01809,prod_0054,2,254.52,2023-12-30T00:00:00Z,Books
cart_000643,user_01809,prod_0041,2,77.88,2023-12-24T00:00:00Z,Home & Kitchen
cart_000644,user_01811,prod_0019,1,273.46,2023-12-15T00:00:00Z,Fashion
cart_000644,user_01811,prod_0004,3,181.99,2023-12-11T00:00:00Z,Electronics
cart_000645,user_01815,prod_0072,2,245.23,2023-12-08T00:00:00Z,Beauty
cart_000645,user_01815,prod_0070,3,263.51,2023-12-12T00:00:00Z,Sports & Fitness
cart_000645,user_01815,prod_0052,1,258.24,2023-12-13T00:00:00Z,Books
cart_000645,user_01815,prod_0045,2,43.9,2024-01-01T00:00:00Z,Home & Kitchen
cart_000646,user_01818,prod_0012,3,294.66,2023-12-23T00:00:00Z,Electronics
cart_000646,user_01818,prod_0086,2,12.29,2023-12-29T00:00:00Z,Toys & Games
cart_000646,user_01818,prod_0013,3,138.3,2023-12-13T00:00:00Z,Electronics
cart_000646,user_01818,prod_0084,2,169.61,2023-12-31T00:00:00Z,Toys & Games
cart_000646,user_01818,prod_0100,2,200.04,2023-12-25T00:00:00Z,Automotive
cart_000646,user_01818,prod_0081,1,250.37,2023-12-31T00:00:00Z,Toys & Games
cart_000647,user_01819,prod_0004,2,181.99,2023-12-29T00:00:00Z,Electronics
cart_000647,user_01819,prod_0009,2,219.54,2023-12-20T00:00:00Z,Electronics
cart_000647,user_01819,prod_0089,1,70.4,2023-12-03T00:00:00Z,Toys & Games
cart_000647,user_01819,prod_0080,3,282.84,2023-12-05T00:00:00Z,Beauty
cart_000647,user_01819,prod_0002,2,46.02,2023-12-02T00:00:00Z,Electronics
cart_000648,user_01826,prod_0015,2,55.31,2023-12-26T00:00:00Z,Electronics
cart_000648,user_01826,prod_0083,3,66.76,2024-01-01T00:00:00Z,Toys & Games
cart_000648,user_01826,prod_0086,2,12.29,2023-12-23T00:00:00Z,Toys & Games
cart_000648,user_01826,prod_0023,3,298.21,2023-12-24T00:00:00Z,Fashion
cart_000649,user_01828,prod_0052,3,258.24,2023-12-05T00:00:00Z,Books
cart_000649,user_01828,prod_0035,1,75.82,2023-12-20T00:00:00Z,Home & Kitchen
cart_000650,user_01830,prod_0023,1,298.21,2023-12-31T00:00:00Z,Fashion
cart_000650,user_01830,prod_0030,2,229.02,2023-12-23T00:00:00Z,Fashion
cart_000650,user_01830,prod_0004,1,181.99,2023-12-20T00:00:00Z,Electronics
cart_000651,user_01831,prod_0073,3,44.48,2023-12-12T00:00:00Z,Beauty
cart_000651,user_01831,prod_0090,2,246.24,2023-12-18T00:00:00Z,Toys & Games
cart_000652,user_01832,prod_0020,2,151.77,2023-12-03T00:00:00Z,Fashion
cart_000652,user_01832,prod_0021,1,46.05,2023-12-11T00:00:00Z,Fashion
cart_000652,user_01832,prod_0073,1,44.48,2023-12-24T00:00:00Z,Beauty
cart_000652,user_01832,prod_0040,1,202.48,2023-12-31T00:00:00Z,Home & Kitchen
cart_000652,user_01832,prod_0028,1,230.97,2023-12-30T00:00:00Z,Fashion
cart_000653,user_01833,prod_0046,1,76.44,2023-12-18T00:00:00Z,Books
cart_000654,user_01835,prod_0040,3,202.48,2023-12-16T00:00:00Z,Home & Kitchen
cart_000655,user_01836,prod_0004,2,181.99,2023-12-03T00:00:00Z,Electronics
cart_000655,user_01836,prod_0003,1,129.05,2023-12-25T00:00:00Z,Electronics
cart_000655,user_01836,prod_0067,3,278.13,2023-12-26T00:00:00Z,Sports & Fitness
cart_000655,user_01836,prod_0096,3,294.37,2023-12-23T00:00:00Z,Automotive
cart_000655,user_01836,prod_0066,1,121.36,2023-12-24T00:00:00Z,Sports & Fitness
cart_000656,user_01837,prod_0092,1,87.06,2023-12-03T00:00:00Z,Automotive
cart_000656,user_01837,prod_0006,3,51.94,2023-12-09T00:00:00Z,Electronics
cart_000656,user_01837,prod_0061,2,287.47,2023-12-14T00:00:00Z,Sports & Fitness
cart_000656,user_01837,prod_0096,3,294.37,2023-12-26T00:00:00Z,Automotive
cart_000657,user_01838,prod_0080,2,282.84,2023-12-22T00:00:00Z,Beauty
cart_000657,user_01838,prod_0072,1,245.23,2023-12-05T00:00:00Z,Beauty
cart_000657,user_01838,prod_0075,2,64.86,2023-12-12T00:00:00Z,Beauty
cart_000658,user_01840,prod_0064,2,128.25,2023-12-21T00:00:00Z,Sports & Fitness
cart_000658,user_01840,prod_0010,2,91.19,2023-12-30T00:00:00Z,Electronics
cart_000658,user_01840,prod_0044,1,25.83,2023-12-25T00:00:00Z,Home & Kitchen
cart_000659,user_01841,prod_0071,1,164.71,2023-12-18T00:00:00Z,Beauty
cart_000659,user_01841,prod_0012,3,294.66,2023-12-09T00:00:00Z,Electronics
cart_000660,user_01844,prod_0015,2,55.31,2023-12-24T00:00:00Z,Electronics
cart_000660,user_01844,prod_0014,3,66.6,2023-12-29T00:00:00Z,Electronics
cart_000660,user_01844,prod_0056,3,294.68,2023-12-30T00:00:00Z,Books
cart_000660,user_01844,prod_0006,2,51.94,2023-12-28T00:00:00Z,Electronics
cart_000661,user_01849,prod_0092,1,87.06,2023-12-28T00:00:00Z,Automotive
cart_000662,user_01850,prod_0058,1,148.08,2023-12-30T00:00:00Z,Books
cart_000662,user_01850,prod_0030,1,229.02,2023-12-22T00:00:00Z,Fashion
cart_000662,user_01850,prod_0053,2,163.93,2023-12-23T00:00:00Z,Books
cart_000662,user_01850,prod_0043,3,22.31,2023-12-31T00:00:00Z,Home & Kitchen
cart_000662,user_01850,prod_0021,2,46.05,2023-12-04T00:00:00Z,Fashion
cart_000662,user_01850,prod_0008,1,110.54,2023-12-13T00:00:00Z,Electronics
cart_000663,user_01851,prod_0008,2,110.54,2024-01-01T00:00:00Z,Electronics
cart_000663,user_01851,prod_0024,1,18.85,2023-12-29T00:00:00Z,Fashion
cart_000664,user_01852,prod_0014,3,66.6,2024-01-01T00:00:00Z,Electronics
cart_000664,user_01852,prod_0013,2,138.3,2023-12-12T00:00:00Z,Electronics
cart_000664,user_01852,prod_0058,3,148.08,2023-12-10T00:00:00Z,Books
cart_000664,user_01852,prod_0004,2,181.99,2023-12-05T00:00:00Z,Electronics
cart_000664,user_01852,prod_0094,1,290.3,2023-12-09T00:00:00Z,Automotive
cart_000665,user_01853,prod_0073,2,44.48,2023-12-09T00:00:00Z,Beauty
cart_000665,user_01853,prod_0076,1,78.83,2023-12-30T00:00:00Z,Beauty
cart_000665,user_01853,prod_0060,1,176.75,2023-12-15T00:00:00Z,Books
cart_000665,user_01853,prod_0063,3,266.74,2023-12-21T00:00:00Z,Sports & Fitness
cart_000665,user_01853,prod_0072,2,245.23,2023-12-28T00:00:00Z,Beauty
cart_000665,user_01853,prod_0062,1,24.98,2023-12-27T00:00:00Z,Sports & Fitness
cart_000666,user_01854,prod_0029,2,138.39,2023-12-27T00:00:00Z,Fashion
cart_000667,user_01855,prod_0060,2,176.75,2023-12-06T00:00:00Z,Books
cart_000667,user_01855,prod_0036,1,147.88,2023-12-23T00:00:00Z,Home & Kitchen
cart_000668,user_01859,prod_0079,3,167.19,2023-12-15T00:00:00Z,Beauty
cart_000668,user_01859,prod_0025,2,129.12,2023-12-18T00:00:00Z,Fashion
cart_000668,user_01859,prod_0030,1,229.02,2023-12-26T00:00:00Z,Fashion
cart_000669,user_01869,prod_0086,1,12.29,2023-12-05T00:00:00Z,Toys & Games
cart_000669,user_01869,prod_0016,1,84.36,2023-12-26T00:00:00Z,Fashion
cart_000669,user_01869,prod_0046,1,76.44,2023-12-06T00:00:00Z,Books
cart_000670,user_01870,prod_0002,3,46.02,2023-12-03T00:00:00Z,Electronics
cart_000670,user_01870,prod_0089,3,70.4,2023-12-05T00:00:00Z,Toys & Games
cart_000671,user_01872,prod_0038,2,160.14,2023-12-29T00:00:00Z,Home & Kitchen
cart_000671,user_01872,prod_0010,2,91.19,2023-12-02T00:00:00Z,Electronics
cart_000671,user_01872,prod_0034,2,263.34,2023-12-17T00:00:00Z,Home & Kitchen
cart_000671,user_01872,prod_0023,3,298.21,2023-12-22T00:00:00Z,Fashion
cart_000672,user_01874,prod_0096,1,294.37,2023-12-06T00:00:00Z,Automotive
cart_000672,user_01874,prod_0071,1,164.71,2023-12-23T00:00:00Z,Beauty
cart_000672,user_01874,prod_0098,1,163.3,2023-12-21T00:00:00Z,Automotive
cart_000672,user_01874,prod_0095,3,180.39,2023-12-26T00:00:00Z,Automotive
cart_000672,user_01874,prod_0079,3,167.19,2023-12-04T00:00:00Z,Beauty
cart_000673,user_01876,prod_0092,3,87.06,2023-12-03T00:00:00Z,Automotive
cart_000673,user_01876,prod_0094,1,290.3,2023-12-27T00:00:00Z,Automotive
cart_000673,user_01876,prod_0007,2,286.42,2023-12-28T00:00:00Z,Electronics
cart_000673,user_01876,prod_0005,3,137.07,2023-12-28T00:00:00Z,Electronics
cart_000673,user_01876,prod_0043,3,22.31,2023-12-29T00:00:00Z,Home & Kitchen
cart_000673,user_01876,prod_0006,1,51.94,2023-12-08T00:00:00Z,Electronics
cart_000674,user_01880,prod_0003,3,129.05,2023-12-31T00:00:00Z,Electronics
cart_000675,user_01885,prod_0059,3,175.28,2023-12-19T00:00:00Z,Books
cart_000675,user_01885,prod_0037,3,42.75,2023-12-20T00:00:00Z,Home & Kitchen
cart_000676,user_01892,prod_0051,1,141.01,2024-01-01T00:00:00Z,Books
cart_000677,user_01895,prod_0074,3,50.7,2023-12-06T00:00:00Z,Beauty
cart_000677,user_01895,prod_0001,3,192.99,2023-12-28T00:00:00Z,Electronics
cart_000677,user_01895,prod_0071,2,164.71,2023-12-31T00:00:00Z,Beauty
cart_000677,user_01895,prod_0026,1,142.61,2023-12-06T00:00:00Z,Fashion
cart_000677,user_01895,prod_0019,1,273.46,2024-01-01T00:00:00Z,Fashion
cart_000678,user_01898,prod_0025,1,129.12,2023-12-12T00:00:00Z,Fashion
cart_000678,user_01898,prod_0003,2,129.05,2023-12-15T00:00:00Z,Electronics
cart_000678,user_01898,prod_0010,3,91.19,2023-12-18T00:00:00Z,Electronics
cart_000678,user_01898,prod_0058,2,148.08,2023-12-15T00:00:00Z,Books
cart_000679,user_01902,prod_0090,3,246.24,2023-12-08T00:00:00Z,Toys & Games
cart_000679,user_01902,prod_0045,3,43.9,2023-12-14T00:00:00Z,Home & Kitchen
cart_000679,user_01902,prod_0100,3,200.04,2023-12-10T00:00:00Z,Automotive
cart_000680,user_01903,prod_0054,1,254.52,2023-12-14T00:00:00Z,Books
cart_000680,user_01903,prod_0007,3,286.42,2023-12-07T00:00:00Z,Electronics
cart_000681,user_01905,prod_0012,2,294.66,2023-12-19T00:00:00Z,Electronics
cart_000681,user_01905,prod_0008,2,110.54,2023-12-19T00:00:00Z,Electronics
cart_000681,user_01905,prod_0061,2,287.47,2023-12-28T00:00:00Z,Sports & Fitness
cart_000681,user_01905,prod_0032,1,229.18,2024-01-01T00:00:00Z,Home & Kitchen
cart_000681,user_01905,prod_0091,3,61.78,2023-12-28T00:00:00Z,Automotive
cart_000682,user_01910,prod_0073,2,44.48,2023-12-14T00:00:00Z,Beauty
cart_000682,user_01910,prod_0051,1,141.01,2023-12-16T00:00:00Z,Books
cart_000682,user_01910,prod_0082,2,17.3,2023-12-15T00:00:00Z,Toys & Games
cart_000682,user_01910,prod_0078,2,43.46,2023-12-17T00:00:00Z,Beauty
cart_000683,user_01911,prod_0053,3,163.93,2023-12-06T00:00:00Z,Books
cart_000683,user_01911,prod_0019,1,273.46,2023-12-09T00:00:00Z,Fashion
cart_000683,user_01911,prod_0046,3,76.44,2023-12-28T00:00:00Z,Books
cart_000683,user_01911,prod_0063,3,266.74,2023-12-06T00:00:00Z,Sports & Fitness
cart_000683,user_01911,prod_0050,3,60.92,2023-12-07T00:00:00Z,Books
cart_000684,user_01914,prod_0014,2,66.6,2023-12-03T00:00:00Z,Electronics
cart_000684,user_01914,prod_0019,3,273.46,2023-12-03T00:00:00Z,Fashion
cart_000684,user_01914,prod_0012,2,294.66,2023-12-30T00:00:00Z,Electronics
cart_000684,user_01914,prod_0069,2,153.73,2023-12-07T00:00:00Z,Sports & Fitness
cart_000684,user_01914,prod_0035,1,75.82,2023-12-14T00:00:00Z,Home & Kitchen
cart_000684,user_01914,prod_0050,1,60.92,2023-12-28T00:00:00Z,Books
cart_000685,user_01916,prod_0078,2,43.46,2023-12-07T00:00:00Z,Beauty
cart_000685,user_01916,prod_0021,2,46.05,2023-12-29T00:00:00Z,Fashion
cart_000685,user_01916,prod_0065,2,81.67,2023-12-13T00:00:00Z,Sports & Fitness
cart_000686,user_01917,prod_0060,3,176.75,2023-12-15T00:00:00Z,Books
cart_000686,user_01917,prod_0004,1,181.99,2023-12-17T00:00:00Z,Electronics
cart_000686,user_01917,prod_0041,2,77.88,2023-12-23T00:00:00Z,Home & Kitchen
cart_000686,user_01917,prod_0064,1,128.25,2023-12-12T00:00:00Z,Sports & Fitness
cart_000686,user_01917,prod_0010,2,91.19,2023-12-29T00:00:00Z,Electronics
cart_000687,user_01921,prod_0010,3,91.19,2023-12-17T00:00:00Z,Electronics
cart_000687,user_01921,prod_0046,1,76.44,2023-12-22T00:00:00Z,Books
cart_000687,user_01921,prod_0100,1,200.04,2023-12-23T00:00:00Z,Automotive
cart_000688,user_01922,prod_0041,2,77.88,2023-12-24T00:00:00Z,Home & Kitchen
cart_000688,user_01922,prod_0013,1,138.3,2023-12-09T00:00:00Z,Electronics
cart_000688,user_01922,prod_0039,1,227.05,2023-12-05T00:00:00Z,Home & Kitchen
cart_000688,user_01922,prod_0006,1,51.94,2023-12-10T00:00:00Z,Electronics
cart_000689,user_01927,prod_0053,2,163.93,2023-12-07T00:00:00Z,Books
cart_000689,user_01927,prod_0040,3,202.48,2024-01-01T00:00:00Z,Home & Kitchen
cart_000690,user_01929,prod_0064,2,128.25,2023-12-12T00:00:00Z,Sports & Fitness
cart_000691,user_01931,prod_0036,3,147.88,2023-12-19T00:00:00Z,Home & Kitchen
cart_000691,user_01931,prod_0071,2,164.71,2023-12-25T00:00:00Z,Beauty
cart_000692,user_01932,prod_0048,2,258.97,2023-12-09T00:00:00Z,Books
cart_000692,user_01932,prod_0047,1,33.5,2023-12-04T00:00:00Z,Books
cart_000692,user_01932,prod_0055,2,259.21,2023-12-02T00:00:00Z,Books
cart_000693,user_01941,prod_0095,1,180.39,2023-12-09T00:00:00Z,Automotive
cart_000693,user_01941,prod_0093,2,253.04,2023-12-08T00:00:00Z,Automotive
cart_000693,user_01941,prod_0009,1,219.54,2023-12-12T00:00:00Z,Electronics
cart_000693,user_01941,prod_0004,1,181.99,2023-12-21T00:00:00Z,Electronics
cart_000693,user_01941,prod_0040,1,202.48,2023-12-31T00:00:00Z,Home & Kitchen
cart_000694,user_01942,prod_0036,1,147.88,2023-12-20T00:00:00Z,Home & Kitchen
cart_000695,user_01944,prod_0050,3,60.92,2023-12-10T00:00:00Z,Books
cart_000696,user_01948,prod_0005,2,137.07,2023-12-23T00:00:00Z,Electronics
cart_000696,user_01948,prod_0004,1,181.99,2023-12-29T00:00:00Z,Electronics
cart_000696,user_01948,prod_0058,2,148.08,2023-12-04T00:00:00Z,Books
cart_000697,user_01950,prod_0013,2,138.3,2023-12-06T00:00:00Z,Electronics
cart_000698,user_01951,prod_0081,2,250.37,2023-12-25T00:00:00Z,Toys & Games
cart_000698,user_01951,prod_0004,1,181.99,2023-12-29T00:00:00Z,Electronics
cart_000698,user_01951,prod_0088,3,236.49,2024-01-01T00:00:00Z,Toys & Games
cart_000698,user_01951,prod_0001,1,192.99,2023-12-14T00:00:00Z,Electronics
cart_000698,user_01951,prod_0084,1,169.61,2023-12-18T00:00:00Z,Toys & Games
cart_000698,user_01951,prod_0060,3,176.75,2023-12-20T00:00:00Z,Books
cart_000699,user_01956,prod_0053,2,163.93,2023-12-04T00:00:00Z,Books
cart_000699,user_01956,prod_0086,1,12.29,2023-12-28T00:00:00Z,Toys & Games
cart_000700,user_01958,prod_0023,1,298.21,2023-12-16T00:00:00Z,Fashion
cart_000700,user_01958,prod_0025,1,129.12,2023-12-08T00:00:00Z,Fashion
cart_000700,user_01958,prod_0074,3,50.7,2023-12-26T00:00:00Z,Beauty
cart_000700,user_01958,prod_0072,3,245.23,2023-12-20T00:00:00Z,Beauty
cart_000700,user_01958,prod_0073,1,44.48,2023-12-03T00:00:00Z,Beauty
cart_000701,user_01959,prod_0008,3,110.54,2023-12-25T00:00:00Z,Electronics
cart_000701,user_01959,prod_0019,3,273.46,2023-12-08T00:00:00Z,Fashion
cart_000702,user_01961,prod_0035,1,75.82,2023-12-19T00:00:00Z,Home & Kitchen
cart_000702,user_01961,prod_0056,2,294.68,2023-12-04T00:00:00Z,Books
cart_000702,user_01961,prod_0030,1,229.02,2023-12-28T00:00:00Z,Fashion
cart_000703,user_01963,prod_0081,1,250.37,2023-12-12T00:00:00Z,Toys & Games
cart_000703,user_01963,prod_0041,3,77.88,2023-12-23T00:00:00Z,Home & Kitchen
cart_000703,user_01963,prod_0035,3,75.82,2023-12-25T00:00:00Z,Home & Kitchen
cart_000703,user_01963,prod_0038,1,160.14,2023-12-13T00:00:00Z,Home & Kitchen
cart_000703,user_01963,prod_0033,2,181.09,2024-01-01T00:00:00Z,Home & Kitchen
cart_000703,user_01963,prod_0084,3,169.61,2023-12-08T00:00:00Z,Toys & Games
cart_000704,user_01964,prod_0058,1,148.08,2023-12-08T00:00:00Z,Books
cart_000704,user_01964,prod_0037,2,42.75,2023-12-13T00:00:00Z,Home & Kitchen
cart_000705,user_01967,prod_0055,2,259.21,2023-12-17T00:00:00Z,Books
cart_000705,user_01967,prod_0074,2,50.7,2023-12-12T00:00:00Z,Beauty
cart_000705,user_01967,prod_0016,3,84.36,2023-12-19T00:00:00Z,Fashion
cart_000705,user_01967,prod_0093,3,253.04,2023-12-17T00:00:00Z,Automotive
cart_000705,user_01967,prod_0005,3,137.07,2023-12-22T00:00:00Z,Electronics
cart_000705,user_01967,prod_0024,3,18.85,2023-12-13T00:00:00Z,Fashion
cart_000706,user_01969,prod_0050,2,60.92,2023-12-09T00:00:00Z,Books
cart_000706,user_01969,prod_0044,3,25.83,2023-12-18T00:00:00Z,Home & Kitchen
cart_000706,user_01969,prod_0041,3,77.88,2023-12-16T00:00:00Z,Home & Kitchen
cart_000706,user_01969,prod_0022,3,176.87,2023-12-28T00:00:00Z,Fashion
cart_000707,user_01971,prod_0020,3,151.77,2023-12-02T00:00:00Z,Fashion
cart_000707,user_01971,prod_0063,1,266.74,2023-12-14T00:00:00Z,Sports & Fitness
cart_000708,user_01972,prod_0013,1,138.3,2023-12-06T00:00:00Z,Electronics
cart_000709,user_01973,prod_0070,1,263.51,2023-12-15T00:00:00Z,Sports & Fitness
cart_000709,user_01973,prod_0005,1,137.07,2023-12-04T00:00:00Z,Electronics
cart_000709,user_01973,prod_0065,2,81.67,2023-12-14T00:00:00Z,Sports & Fitness
cart_000709,user_01973,prod_0050,2,60.92,2023-12-24T00:00:00Z,Books
cart_000709,user_01973,prod_0024,3,18.85,2023-12-23T00:00:00Z,Fashion
cart_000710,user_01977,prod_0056,3,294.68,2023-12-08T00:00:00Z,Books
cart_000710,user_01977,prod_0013,3,138.3,2023-12-30T00:00:00Z,Electronics
cart_000711,user_01980,prod_0071,2,164.71,2024-01-01T00:00:00Z,Beauty
cart_000711,user_01980,prod_0018,3,14.44,2023-12-16T00:00:00Z,Fashion
cart_000711,user_01980,prod_0080,1,282.84,2023-12-28T00:00:00Z,Beauty
cart_000712,user_01981,prod_0089,2,70.4,2023-12-17T00:00:00Z,Toys & Games
cart_000712,user_01981,prod_0032,2,229.18,2023-12-02T00:00:00Z,Home & Kitchen
cart_000712,user_01981,prod_0025,1,129.12,2023-12-02T00:00:00Z,Fashion
cart_000712,user_01981,prod_0031,2,92.74,2023-12-26T00:00:00Z,Home & Kitchen
cart_000713,user_01983,prod_0023,1,298.21,2023-12-07T00:00:00Z,Fashion
cart_000713,user_01983,prod_0084,1,169.61,2023-12-18T00:00:00Z,Toys & Games
cart_000713,user_01983,prod_0082,2,17.3,2023-12-29T00:00:00Z,Toys & Games
cart_000714,user_01984,prod_0015,1,55.31,2023-12-16T00:00:00Z,Electronics
cart_000714,user_01984,prod_0023,2,298.21,2023-12-13T00:00:00Z,Fashion
cart_000714,user_01984,prod_0051,3,141.01,2023-12-15T00:00:00Z,Books
cart_000714,user_01984,prod_0046,2,76.44,2023-12-20T00:00:00Z,Books
cart_000714,user_01984,prod_0008,2,110.54,2023-12-19T00:00:00Z,Electronics
cart_000715,user_01990,prod_0066,3,121.36,2023-12-14T00:00:00Z,Sports & Fitness
cart_000716,user_01991,prod_0015,1,55.31,2023-12-24T00:00:00Z,Electronics
cart_000716,user_01991,prod_0059,3,175.28,2023-12-13T00:00:00Z,Books
cart_000717,user_01996,prod_0007,3,286.42,2023-12-25T00:00:00Z,Electronics
cart_000717,user_01996,prod_0041,2,77.88,2023-12-10T00:00:00Z,Home & Kitchen
cart_000717,user_01996,prod_0052,2,258.24,2023-12-12T00:00:00Z,Books
cart_000717,user_01996,prod_0082,3,17.3,2023-12-11T00:00:00Z,Toys & Games
cart_000717,user_01996,prod_0044,3,25.83,2023-12-03T00:00:00Z,Home & Kitchen
cart_000718,user_02002,prod_0044,2,25.83,2023-12-22T00:00:00Z,Home & Kitchen
cart_000719,user_02008,prod_0073,3,44.48,2023-12-07T00:00:00Z,Beauty
cart_000719,user_02008,prod_0061,3,287.47,2023-12-14T00:00:00Z,Sports & Fitness
cart_000720,user_02010,prod_0040,3,202.48,2023-12-24T00:00:00Z,Home & Kitchen
cart_000720,user_02010,prod_0008,2,110.54,2023-12-04T00:00:00Z,Electronics
cart_000720,user_02010,prod_0071,1,164.71,2023-12-03T00:00:00Z,Beauty
cart_000720,user_02010,prod_0019,1,273.46,2023-12-26T00:00:00Z,Fashion
cart_000720,user_02010,prod_0070,3,263.51,2023-12-26T00:00:00Z,Sports & Fitness
cart_000721,user_02011,prod_0046,3,76.44,2023-12-05T00:00:00Z,Books
cart_000721,user_02011,prod_0060,3,176.75,2023-12-04T00:00:00Z,Books
cart_000721,user_02011,prod_0018,3,14.44,2023-12-06T00:00:00Z,Fashion
cart_000721,user_02011,prod_0049,1,219.09,2023-12-16T00:00:00Z,Books
cart_000721,user_02011,prod_0058,2,148.08,2023-12-13T00:00:00Z,Books
cart_000721,user_02011,prod_0073,2,44.48,2023-12-18T00:00:00Z,Beauty
cart_000722,user_02013,prod_0071,1,164.71,2023-12-10T00:00:00Z,Beauty
cart_000722,user_02013,prod_0098,3,163.3,2023-12-31T00:00:00Z,Automotive
cart_000723,user_02026,prod_0060,2,176.75,2023-12-31T00:00:00Z,Books
cart_000723,user_02026,prod_0095,3,180.39,2023-12-24T00:00:00Z,Automotive
cart_000723,user_02026,prod_0024,2,18.85,2023-12-02T00:00:00Z,Fashion
cart_000723,user_02026,prod_0045,1,43.9,2023-12-09T00:00:00Z,Home & Kitchen
cart_000723,user_02026,prod_0036,1,147.88,2023-12-08T00:00:00Z,Home & Kitchen
cart_000724,user_02031,prod_0014,3,66.6,2023-12-31T00:00:00Z,Electronics
cart_000724,user_02031,prod_0004,2,181.99,2023-12-30T00:00:00Z,Electronics
cart_000724,user_02031,prod_0056,1,294.68,2023-12-31T00:00:00Z,Books
cart_000724,user_02031,prod_0088,1,236.49,2023-12-10T00:00:00Z,Toys & Games
cart_000724,user_02031,prod_0029,1,138.39,2023-12-09T00:00:00Z,Fashion
cart_000724,user_02031,prod_0064,3,128.25,2023-12-09T00:00:00Z,Sports & Fitness
cart_000725,user_02038,prod_0010,2,91.19,2023-12-24T00:00:00Z,Electronics
cart_000725,user_02038,prod_0044,1,25.83,2023-12-25T00:00:00Z,Home & Kitchen
cart_000725,user_02038,prod_0003,3,129.05,2023-12-18T00:00:00Z,Electronics
cart_000725,user_02038,prod_0077,2,129.53,2023-12-06T00:00:00Z,Beauty
cart_000725,user_02038,prod_0046,3,76.44,2023-12-27T00:00:00Z,Books
cart_000725,user_02038,prod_0060,1,176.75,2023-12-19T00:00:00Z,Books
cart_000726,user_02039,prod_0021,1,46.05,2023-12-25T00:00:00Z,Fashion
cart_000726,user_02039,prod_0048,1,258.97,2023-12-28T00:00:00Z,Books
cart_000726,user_02039,prod_0077,2,129.53,2023-12-02T00:00:00Z,Beauty
cart_000726,user_02039,prod_0017,2,100.34,2023-12-25T00:00:00Z,Fashion
cart_000726,user_02039,prod_0042,1,72.65,2023-12-20T00:00:00Z,Home & Kitchen
cart_000726,user_02039,prod_0098,2,163.3,2023-12-02T00:00:00Z,Automotive
cart_000727,user_02041,prod_0063,1,266.74,2023-12-23T00:00:00Z,Sports & Fitness
cart_000727,user_02041,prod_0013,2,138.3,2023-12-22T00:00:00Z,Electronics
cart_000727,user_02041,prod_0042,2,72.65,2023-12-12T00:00:00Z,Home & Kitchen
cart_000728,user_02042,prod_0063,1,266.74,2024-01-01T00:00:00Z,Sports & Fitness
cart_000728,user_02042,prod_0035,1,75.82,2023-12-12T00:00:00Z,Home & Kitchen
cart_000728,user_02042,prod_0059,1,175.28,2023-12-12T00:00:00Z,Books
cart_000729,user_02046,prod_0034,2,263.34,2023-12-29T00:00:00Z,Home & Kitchen
cart_000729,user_02046,prod_0047,3,33.5,2023-12-04T00:00:00Z,Books
cart_000729,user_02046,prod_0013,3,138.3,2023-12-07T00:00:00Z,Electronics
cart_000730,user_02047,prod_0017,1,100.34,2023-12-29T00:00:00Z,Fashion
cart_000730,user_02047,prod_0045,2,43.9,2023-12-19T00:00:00Z,Home & Kitchen
cart_000730,user_02047,prod_0016,2,84.36,2023-12-07T00:00:00Z,Fashion
cart_000731,user_02050,prod_0100,1,200.04,2023-12-10T00:00:00Z,Automotive
cart_000731,user_02050,prod_0077,1,129.53,2023-12-21T00:00:00Z,Beauty
cart_000731,user_02050,prod_0071,1,164.71,2023-12-23T00:00:00Z,Beauty
cart_000732,user_02051,prod_0086,1,12.29,2023-12-19T00:00:00Z,Toys & Games
cart_000732,user_02051,prod_0036,3,147.88,2023-12-26T00:00:00Z,Home & Kitchen
cart_000732,user_02051,prod_0006,1,51.94,2023-12-28T00:00:00Z,Electronics
cart_000732,user_02051,prod_0037,3,42.75,2023-12-06T00:00:00Z,Home & Kitchen
cart_000732,user_02051,prod_0009,1,219.54,2023-12-21T00:00:00Z,Electronics
cart_000732,user_02051,prod_0051,3,141.01,2023-12-13T00:00:00Z,Books
cart_000733,user_02053,prod_0063,3,266.74,2023-12-21T00:00:00Z,Sports & Fitness
cart_000733,user_02053,prod_0002,2,46.02,2023-12-14T00:00:00Z,Electronics
cart_000733,user_02053,prod_0008,2,110.54,2023-12-04T00:00:00Z,Electronics
cart_000733,user_02053,prod_0078,2,43.46,2023-12-30T00:00:00Z,Beauty
cart_000733,user_02053,prod_0052,2,258.24,2023-12-26T00:00:00Z,Books
cart_000733,user_02053,prod_0067,1,278.13,2023-12-21T00:00:00Z,Sports & Fitness
cart_000734,user_02054,prod_0066,3,121.36,2023-12-11T00:00:00Z,Sports & Fitness
cart_000735,user_02059,prod_0041,1,77.88,2023-12-25T00:00:00Z,Home & Kitchen
cart_000736,user_02064,prod_0029,1,138.39,2023-12-15T00:00:00Z,Fashion
cart_000736,user_02064,prod_0022,2,176.87,2023-12-15T00:00:00Z,Fashion
cart_000736,user_02064,prod_0030,1,229.02,2023-12-11T00:00:00Z,Fashion
cart_000736,user_02064,prod_0027,1,8.38,2023-12-16T00:00:00Z,Fashion
cart_000736,user_02064,prod_0028,1,230.97,2023-12-31T00:00:00Z,Fashion
cart_000736,user_02064,prod_0007,3,286.42,2023-12-05T00:00:00Z,Electronics
cart_000737,user_02065,prod_0079,3,167.19,2024-01-01T00:00:00Z,Beauty
cart_000738,user_02071,prod_0059,2,175.28,2023-12-27T00:00:00Z,Books
cart_000738,user_02071,prod_0053,3,163.93,2023-12-02T00:00:00Z,Books
cart_000738,user_02071,prod_0048,1,258.97,2023-12-16T00:00:00Z,Books
cart_000738,user_02071,prod_0074,2,50.7,2023-12-13T00:00:00Z,Beauty
cart_000739,user_02078,prod_0086,3,12.29,2023-12-06T00:00:00Z,Toys & Games
cart_000739,user_02078,prod_0065,1,81.67,2024-01-01T00:00:00Z,Sports & Fitness
cart_000739,user_02078,prod_0087,2,126.04,2023-12-14T00:00:00Z,Toys & Games
cart_000739,user_02078,prod_0063,2,266.74,2023-12-25T00:00:00Z,Sports & Fitness
cart_000739,user_02078,prod_0013,3,138.3,2023-12-08T00:00:00Z,Electronics
cart_000740,user_02079,prod_0048,3,258.97,2023-12-18T00:00:00Z,Books
cart_000740,user_02079,prod_0060,2,176.75,2023-12-11T00:00:00Z,Books
cart_000740,user_02079,prod_0013,2,138.3,2023-12-13T00:00:00Z,Electronics
cart_000740,user_02079,prod_0085,1,74.6,2023-12-12T00:00:00Z,Toys & Games
cart_000740,user_02079,prod_0100,2,200.04,2023-12-19T00:00:00Z,Automotive
cart_000741,user_02082,prod_0058,3,148.08,2023-12-03T00:00:00Z,Books
cart_000741,user_02082,prod_0056,2,294.68,2023-12-08T00:00:00Z,Books
cart_000741,user_02082,prod_0075,3,64.86,2023-12-08T00:00:00Z,Beauty
cart_000741,user_02082,prod_0011,3,212.14,2023-12-07T00:00:00Z,Electronics
cart_000742,user_02090,prod_0027,2,8.38,2023-12-16T00:00:00Z,Fashion
cart_000742,user_02090,prod_0100,3,200.04,2023-12-15T00:00:00Z,Automotive
cart_000742,user_02090,prod_0002,2,46.02,2023-12-28T00:00:00Z,Electronics
cart_000743,user_02093,prod_0072,1,245.23,2023-12-28T00:00:00Z,Beauty
cart_000743,user_02093,prod_0007,3,286.42,2023-12-17T00:00:00Z,Electronics
cart_000743,user_02093,prod_0015,3,55.31,2023-12-30T00:00:00Z,Electronics
cart_000743,user_02093,prod_0020,2,151.77,2023-12-20T00:00:00Z,Fashion
cart_000743,user_02093,prod_0058,3,148.08,2023-12-17T00:00:00Z,Books
cart_000743,user_02093,prod_0088,1,236.49,2023-12-13T00:00:00Z,Toys & Games
cart_000744,user_02097,prod_0005,3,137.07,2023-12-30T00:00:00Z,Electronics
cart_000744,user_02097,prod_0065,3,81.67,2023-12-12T00:00:00Z,Sports & Fitness
cart_000744,user_02097,prod_0067,2,278.13,2023-12-11T00:00:00Z,Sports & Fitness
cart_000744,user_02097,prod_0013,3,138.3,2023-12-12T00:00:00Z,Electronics
cart_000744,user_02097,prod_0025,1,129.12,2023-12-07T00:00:00Z,Fashion
cart_000745,user_02108,prod_0035,2,75.82,2023-12-25T00:00:00Z,Home & Kitchen
cart_000745,user_02108,prod_0041,1,77.88,2023-12-21T00:00:00Z,Home & Kitchen
cart_000745,user_02108,prod_0039,1,227.05,2023-12-27T00:00:00Z,Home & Kitchen
cart_000745,user_02108,prod_0088,1,236.49,2023-12-21T00:00:00Z,Toys & Games
cart_000746,user_02110,prod_0040,2,202.48,2023-12-12T00:00:00Z,Home & Kitchen
cart_000747,user_02114,prod_0014,3,66.6,2023-12-21T00:00:00Z,Electronics
cart_000747,user_02114,prod_0049,2,219.09,2023-12-18T00:00:00Z,Books
cart_000747,user_02114,prod_0081,3,250.37,2023-12-19T00:00:00Z,Toys & Games
cart_000748,user_02118,prod_0055,3,259.21,2024-01-01T00:00:00Z,Books
cart_000748,user_02118,prod_0088,3,236.49,2023-12-11T00:00:00Z,Toys & Games
cart_000748,user_02118,prod_0072,3,245.23,2023-12-02T00:00:00Z,Beauty
cart_000748,user_02118,prod_0067,1,278.13,2023-12-21T00:00:00Z,Sports & Fitness
cart_000749,user_02121,prod_0079,2,167.19,2023-12-05T00:00:00Z,Beauty
cart_000749,user_02121,prod_0006,2,51.94,2023-12-07T00:00:00Z,Electronics
cart_000749,user_02121,prod_0021,2,46.05,2023-12-20T00:00:00Z,Fashion
cart_000749,user_02121,prod_0077,3,129.53,2023-12-03T00:00:00Z,Beauty
cart_000749,user_02121,prod_0030,1,229.02,2023-12-25T00:00:00Z,Fashion
cart_000750,user_02123,prod_0008,2,110.54,2023-12-09T00:00:00Z,Electronics
cart_000750,user_02123,prod_0060,2,176.75,2023-12-20T00:00:00Z,Books
cart_000750,user_02123,prod_0036,2,147.88,2023-12-22T00:00:00Z,Home & Kitchen
cart_000750,user_02123,prod_0058,2,148.08,2023-12-10T00:00:00Z,Books
cart_000750,user_02123,prod_0056,2,294.68,2023-12-12T00:00:00Z,Books
cart_000751,user_02124,prod_0071,2,164.71,2023-12-16T00:00:00Z,Beauty
cart_000751,user_02124,prod_0025,1,129.12,2023-12-24T00:00:00Z,Fashion
cart_000752,user_02126,prod_0064,1,128.25,2023-12-13T00:00:00Z,Sports & Fitness
cart_000752,user_02126,prod_0078,1,43.46,2023-12-07T00:00:00Z,Beauty
cart_000752,user_02126,prod_0013,1,138.3,2023-12-20T00:00:00Z,Electronics
cart_000752,user_02126,prod_0065,2,81.67,2023-12-28T00:00:00Z,Sports & Fitness
cart_000752,user_02126,prod_0067,1,278.13,2024-01-01T00:00:00Z,Sports & Fitness
cart_000753,user_02127,prod_0068,2,298.55,2023-12-26T00:00:00Z,Sports & Fitness
cart_000753,user_02127,prod_0062,3,24.98,2023-12-27T00:00:00Z,Sports & Fitness
cart_000753,user_02127,prod_0066,3,121.36,2023-12-24T00:00:00Z,Sports & Fitness
cart_000753,user_02127,prod_0015,1,55.31,2024-01-01T00:00:00Z,Electronics
cart_000753,user_02127,prod_0050,2,60.92,2023-12-13T00:00:00Z,Books
cart_000753,user_02127,prod_0026,2,142.61,2024-01-01T00:00:00Z,Fashion
cart_000754,user_02130,prod_0001,3,192.99,2023-12-23T00:00:00Z,Electronics
cart_000754,user_02130,prod_0045,2,43.9,2023-12-21T00:00:00Z,Home & Kitchen
cart_000754,user_02130,prod_0057,3,209.8,2023-12-16T00:00:00Z,Books
cart_000754,user_02130,prod_0082,2,17.3,2023-12-25T00:00:00Z,Toys & Games
cart_000755,user_02132,prod_0018,2,14.44,2023-12-14T00:00:00Z,Fashion
cart_000755,user_02132,prod_0087,2,126.04,2023-12-02T00:00:00Z,Toys & Games
cart_000755,user_02132,prod_0082,1,17.3,2023-12-31T00:00:00Z,Toys & Games
cart_000756,user_02138,prod_0087,1,126.04,2023-12-28T00:00:00Z,Toys & Games
cart_000756,user_02138,prod_0006,2,51.94,2023-12-07T00:00:00Z,Electronics
cart_000757,user_02139,prod_0014,3,66.6,2023-12-13T00:00:00Z,Electronics
cart_000757,user_02139,prod_0015,2,55.31,2023-12-11T00:00:00Z,Electronics
cart_000757,user_02139,prod_0026,1,142.61,2023-12-16T00:00:00Z,Fashion
cart_000758,user_02140,prod_0046,1,76.44,2023-12-31T00:00:00Z,Books
cart_000758,user_02140,prod_0031,2,92.74,2023-12-08T00:00:00Z,Home & Kitchen
cart_000758,user_02140,prod_0055,1,259.21,2023-12-17T00:00:00Z,Books
cart_000758,user_02140,prod_0084,2,169.61,2023-12-28T00:00:00Z,Toys & Games
cart_000758,user_02140,prod_0056,1,294.68,2023-12-29T00:00:00Z,Books
cart_000759,user_02143,prod_0036,1,147.88,2023-12-28T00:00:00Z,Home & Kitchen
cart_000759,user_02143,prod_0060,3,176.75,2023-12-17T00:00:00Z,Books
cart_000759,user_02143,prod_0052,3,258.24,2023-12-10T00:00:00Z,Books
cart_000760,user_02147,prod_0060,3,176.75,2023-12-28T00:00:00Z,Books
cart_000760,user_02147,prod_0080,2,282.84,2023-12-06T00:00:00Z,Beauty
cart_000761,user_02150,prod_0027,1,8.38,2023-12-05T00:00:00Z,Fashion
cart_000761,user_02150,prod_0002,3,46.02,2023-12-17T00:00:00Z,Electronics
cart_000761,user_02150,prod_0089,2,70.4,2023-12-23T00:00:00Z,Toys & Games
cart_000761,user_02150,prod_0012,1,294.66,2023-12-16T00:00:00Z,Electronics
cart_000761,user_02150,prod_0071,1,164.71,2023-12-03T00:00:00Z,Beauty
cart_000762,user_02151,prod_0070,1,263.51,2023-12-16T00:00:00Z,Sports & Fitness
cart_000762,user_02151,prod_0016,2,84.36,2023-12-14T00:00:00Z,Fashion
cart_000762,user_02151,prod_0036,1,147.88,2023-12-12T00:00:00Z,Home & Kitchen
cart_000762,user_02151,prod_0079,2,167.19,2023-12-30T00:00:00Z,Beauty
cart_000762,user_02151,prod_0074,3,50.7,2023-12-15T00:00:00Z,Beauty
cart_000763,user_02153,prod_0016,1,84.36,2023-12-15T00:00:00Z,Fashion
cart_000763,user_02153,prod_0075,3,64.86,2023-12-08T00:00:00Z,Beauty
cart_000764,user_02157,prod_0026,1,142.61,2023-12-15T00:00:00Z,Fashion
cart_000764,user_02157,prod_0033,2,181.09,2023-12-09T00:00:00Z,Home & Kitchen
cart_000765,user_02161,prod_0021,1,46.05,2023-12-31T00:00:00Z,Fashion
cart_000765,user_02161,prod_0026,2,142.61,2023-12-22T00:00:00Z,Fashion
cart_000765,user_02161,prod_0029,3,138.39,2023-12-20T00:00:00Z,Fashion
cart_000765,user_02161,prod_0019,3,273.46,2023-12-17T00:00:00Z,Fashion
cart_000766,user_02168,prod_0017,3,100.34,2023-12-12T00:00:00Z,Fashion
cart_000766,user_02168,prod_0073,3,44.48,2023-12-22T00:00:00Z,Beauty
cart_000766,user_02168,prod_0015,1,55.31,2023-12-11T00:00:00Z,Electronics
cart_000767,user_02169,prod_0078,3,43.46,2023-12-24T00:00:00Z,Beauty
cart_000768,user_02173,prod_0040,1,202.48,2023-12-16T00:00:00Z,Home & Kitchen
cart_000769,user_02177,prod_0009,1,219.54,2023-12-31T00:00:00Z,Electronics
cart_000769,user_02177,prod_0054,2,254.52,2023-12-31T00:00:00Z,Books
cart_000770,user_02178,prod_0080,3,282.84,2023-12-15T00:00:00Z,Beauty
cart_000770,user_02178,prod_0099,3,25.57,2023-12-21T00:00:00Z,Automotive
cart_000771,user_02180,prod_0031,1,92.74,2023-12-09T00:00:00Z,Home & Kitchen
cart_000771,user_02180,prod_0046,1,76.44,2023-12-13T00:00:00Z,Books
cart_000771,user_02180,prod_0090,2,246.24,2023-12-14T00:00:00Z,Toys & Games
cart_000771,user_02180,prod_0067,1,278.13,2023-12-20T00:00:00Z,Sports & Fitness
cart_000771,user_02180,prod_0050,3,60.92,2023-12-22T00:00:00Z,Books
cart_000771,user_02180,prod_0002,2,46.02,2023-12-31T00:00:00Z,Electronics
cart_000772,user_02188,prod_0003,3,129.05,2023-12-18T00:00:00Z,Electronics
cart_000772,user_02188,prod_0012,2,294.66,2023-12-11T00:00:00Z,Electronics
cart_000772,user_02188,prod_0009,3,219.54,2023-12-31T00:00:00Z,Electronics
cart_000773,user_02189,prod_0100,1,200.04,2023-12-27T00:00:00Z,Automotive
cart_000773,user_02189,prod_0022,3,176.87,2023-12-04T00:00:00Z,Fashion
cart_000773,user_02189,prod_0080,1,282.84,2023-12-22T00:00:00Z,Beauty
cart_000773,user_02189,prod_0040,1,202.48,2023-12-10T00:00:00Z,Home & Kitchen
cart_000774,user_02192,prod_0034,2,263.34,2023-12-04T00:00:00Z,Home & Kitchen
cart_000774,user_02192,prod_0049,2,219.09,2023-12-08T00:00:00Z,Books
cart_000774,user_02192,prod_0043,1,22.31,2023-12-12T00:00:00Z,Home & Kitchen
cart_000774,user_02192,prod_0084,3,169.61,2023-12-28T00:00:00Z,Toys & Games
cart_000774,user_02192,prod_0046,2,76.44,2023-12-31T00:00:00Z,Books
cart_000775,user_02194,prod_0029,1,138.39,2023-12-15T00:00:00Z,Fashion
cart_000776,user_02198,prod_0029,1,138.39,2023-12-29T00:00:00Z,Fashion
cart_000776,user_02198,prod_0085,3,74.6,2023-12-04T00:00:00Z,Toys & Games
cart_000776,user_02198,prod_0016,2,84.36,2023-12-07T00:00:00Z,Fashion
cart_000776,user_02198,prod_0053,1,163.93,2023-12-07T00:00:00Z,Books
cart_000777,user_02202,prod_0006,2,51.94,2023-12-30T00:00:00Z,Electronics
cart_000777,user_02202,prod_0007,3,286.42,2023-12-05T00:00:00Z,Electronics
cart_000777,user_02202,prod_0057,2,209.8,2023-12-11T00:00:00Z,Books
cart_000777,user_02202,prod_0046,1,76.44,2023-12-23T00:00:00Z,Books
cart_000777,user_02202,prod_0034,2,263.34,2023-12-25T00:00:00Z,Home & Kitchen
cart_000778,user_02208,prod_0004,1,181.99,2023-12-12T00:00:00Z,Electronics
cart_000779,user_02213,prod_0046,1,76.44,2023-12-30T00:00:00Z,Books
cart_000780,user_02214,prod_0079,1,167.19,2023-12-30T00:00:00Z,Beauty
cart_000781,user_02217,prod_0064,2,128.25,2023-12-06T00:00:00Z,Sports & Fitness
cart_000782,user_02218,prod_0042,1,72.65,2023-12-08T00:00:00Z,Home & Kitchen
cart_000782,user_02218,prod_0080,3,282.84,2023-12-16T00:00:00Z,Beauty
cart_000782,user_02218,prod_0021,3,46.05,2023-12-04T00:00:00Z,Fashion
cart_000782,user_02218,prod_0058,3,148.08,2023-12-22T00:00:00Z,Books
cart_000782,user_02218,prod_0032,1,229.18,2023-12-10T00:00:00Z,Home & Kitchen
cart_000783,user_02221,prod_0016,1,84.36,2023-12-12T00:00:00Z,Fashion
cart_000784,user_02224,prod_0007,3,286.42,2023-12-19T00:00:00Z,Electronics
cart_000784,user_02224,prod_0059,3,175.28,2023-12-25T00:00:00Z,Books
cart_000784,user_02224,prod_0003,2,129.05,2023-12-30T00:00:00Z,Electronics
cart_000785,user_02226,prod_0037,2,42.75,2023-12-07T00:00:00Z,Home & Kitchen
cart_000785,user_02226,prod_0049,2,219.09,2023-12-21T00:00:00Z,Books
cart_000785,user_02226,prod_0056,1,294.68,2023-12-06T00:00:00Z,Books
cart_000786,user_02228,prod_0062,1,24.98,2023-12-23T00:00:00Z,Sports & Fitness
cart_000786,user_02228,prod_0035,2,75.82,2023-12-21T00:00:00Z,Home & Kitchen
cart_000786,user_02228,prod_0069,3,153.73,2023-12-25T00:00:00Z,Sports & Fitness
cart_000786,user_02228,prod_0064,3,128.25,2023-12-26T00:00:00Z,Sports & Fitness
cart_000787,user_02231,prod_0046,2,76.44,2023-12-30T00:00:00Z,Books
cart_000788,user_02233,prod_0068,2,298.55,2023-12-16T00:00:00Z,Sports & Fitness
cart_000788,user_02233,prod_0018,3,14.44,2023-12-27T00:00:00Z,Fashion
cart_000788,user_02233,prod_0051,1,141.01,2023-12-11T00:00:00Z,Books
cart_000789,user_02238,prod_0073,1,44.48,2023-12-03T00:00:00Z,Beauty
cart_000789,user_02238,prod_0008,3,110.54,2023-12-15T00:00:00Z,Electronics
cart_000789,user_02238,prod_0070,3,263.51,2023-12-05T00:00:00Z,Sports & Fitness
cart_000789,user_02238,prod_0056,3,294.68,2023-12-07T00:00:00Z,Books
cart_000789,user_02238,prod_0098,1,163.3,2023-12-31T00:00:00Z,Automotive
cart_000790,user_02239,prod_0005,3,137.07,2023-12-17T00:00:00Z,Electronics
cart_000790,user_02239,prod_0011,1,212.14,2023-12-23T00:00:00Z,Electronics
cart_000790,user_02239,prod_0008,1,110.54,2023-12-19T00:00:00Z,Electronics
cart_000790,user_02239,prod_0065,2,81.67,2023-12-21T00:00:00Z,Sports & Fitness
cart_000791,user_02241,prod_0065,2,81.67,2023-12-27T00:00:00Z,Sports & Fitness
cart_000791,user_02241,prod_0069,1,153.73,2023-12-24T00:00:00Z,Sports & Fitness
cart_000791,user_02241,prod_0048,1,258.97,2023-12-07T00:00:00Z,Books
cart_000791,user_02241,prod_0079,3,167.19,2023-12-25T00:00:00Z,Beauty
cart_000792,user_02242,prod_0007,1,286.42,2023-12-10T00:00:00Z,Electronics
cart_000792,user_02242,prod_0046,2,76.44,2023-12-15T00:00:00Z,Books
cart_000793,user_02244,prod_0065,3,81.67,2023-12-05T00:00:00Z,Sports & Fitness
cart_000793,user_02244,prod_0071,3,164.71,2023-12-11T00:00:00Z,Beauty
cart_000793,user_02244,prod_0075,1,64.86,2023-12-25T00:00:00Z,Beauty
cart_000793,user_02244,prod_0089,1,70.4,2023-12-14T00:00:00Z,Toys & Games
cart_000793,user_02244,prod_0025,3,129.12,2023-12-08T00:00:00Z,Fashion
cart_000793,user_02244,prod_0066,1,121.36,2023-12-24T00:00:00Z,Sports & Fitness
cart_000794,user_02246,prod_0082,2,17.3,2023-12-15T00:00:00Z,Toys & Games
cart_000794,user_02246,prod_0003,1,129.05,2023-12-24T00:00:00Z,Electronics
cart_000795,user_02248,prod_0053,1,163.93,2024-01-01T00:00:00Z,Books
cart_000795,user_02248,prod_0017,1,100.34,2023-12-07T00:00:00Z,Fashion
cart_000796,user_02249,prod_0010,3,91.19,2023-12-15T00:00:00Z,Electronics
cart_000796,user_02249,prod_0050,2,60.92,2023-12-25T00:00:00Z,Books
cart_000796,user_02249,prod_0080,3,282.84,2023-12-26T00:00:00Z,Beauty
cart_000796,user_02249,prod_0065,2,81.67,2023-12-05T00:00:00Z,Sports & Fitness
cart_000797,user_02251,prod_0049,2,219.09,2023-12-26T00:00:00Z,Books
cart_000797,user_02251,prod_0028,2,230.97,2024-01-01T00:00:00Z,Fashion
cart_000797,user_02251,prod_0050,2,60.92,2023-12-15T00:00:00Z,Books
cart_000797,user_02251,prod_0014,2,66.6,2023-12-26T00:00:00Z,Electronics
cart_000797,user_02251,prod_0003,2,129.05,2024-01-01T00:00:00Z,Electronics
cart_000798,user_02253,prod_0020,2,151.77,2023-12-04T00:00:00Z,Fashion
cart_000798,user_02253,prod_0010,2,91.19,2023-12-02T00:00:00Z,Electronics
cart_000798,user_02253,prod_0025,2,129.12,2023-12-11T00:00:00Z,Fashion
cart_000798,user_02253,prod_0072,2,245.23,2023-12-31T00:00:00Z,Beauty
cart_000798,user_02253,prod_0016,1,84.36,2023-12-08T00:00:00Z,Fashion
cart_000798,user_02253,prod_0045,3,43.9,2023-12-23T00:00:00Z,Home & Kitchen
cart_000799,user_02254,prod_0022,2,176.87,2023-12-26T00:00:00Z,Fashion
cart_000799,user_02254,prod_0050,1,60.92,2023-12-25T00:00:00Z,Books
cart_000800,user_02255,prod_0054,2,254.52,2023-12-20T00:00:00Z,Books
cart_000800,user_02255,prod_0086,2,12.29,2023-12-04T00:00:00Z,Toys & Games
cart_000800,user_02255,prod_0067,3,278.13,2023-12-14T00:00:00Z,Sports & Fitness
cart_000800,user_02255,prod_0059,1,175.28,2023-12-08T00:00:00Z,Books
cart_000800,user_02255,prod_0038,1,160.14,2023-12-24T00:00:00Z,Home & Kitchen
cart_000801,user_02257,prod_0012,1,294.66,2023-12-13T00:00:00Z,Electronics
cart_000802,user_02260,prod_0052,1,258.24,2023-12-30T00:00:00Z,Books
cart_000802,user_02260,prod_0096,3,294.37,2023-12-18T00:00:00Z,Automotive
cart_000802,user_02260,prod_0089,2,70.4,2024-01-01T00:00:00Z,Toys & Games
cart_000803,user_02261,prod_0075,3,64.86,2023-12-25T00:00:00Z,Beauty
cart_000804,user_02265,prod_0025,2,129.12,2023-12-25T00:00:00Z,Fashion
cart_000804,user_02265,prod_0022,3,176.87,2023-12-25T00:00:00Z,Fashion
cart_000804,user_02265,prod_0048,2,258.97,2023-12-09T00:00:00Z,Books
cart_000804,user_02265,prod_0079,2,167.19,2023-12-26T00:00:00Z,Beauty
cart_000805,user_02267,prod_0040,1,202.48,2023-12-30T00:00:00Z,Home & Kitchen
cart_000805,user_02267,prod_0075,2,64.86,2023-12-24T00:00:00Z,Beauty
cart_000805,user_02267,prod_0011,3,212.14,2023-12-15T00:00:00Z,Electronics
cart_000806,user_02268,prod_0084,3,169.61,2023-12-02T00:00:00Z,Toys & Games
cart_000806,user_02268,prod_0011,3,212.14,2023-12-10T00:00:00Z,Electronics
cart_000806,user_02268,prod_0081,1,250.37,2023-12-04T00:00:00Z,Toys & Games
cart_000807,user_02272,prod_0027,2,8.38,2023-12-15T00:00:00Z,Fashion
cart_000807,user_02272,prod_0002,3,46.02,2023-12-02T00:00:00Z,Electronics
cart_000808,user_02281,prod_0003,3,129.05,2023-12-20T00:00:00Z,Electronics
cart_000809,user_02284,prod_0046,1,76.44,2023-12-14T00:00:00Z,Books
cart_000809,user_02284,prod_0020,3,151.77,2023-12-06T00:00:00Z,Fashion
cart_000809,user_02284,prod_0024,3,18.85,2024-01-01T00:00:00Z,Fashion
cart_000809,user_02284,prod_0083,2,66.76,2023-12-08T00:00:00Z,Toys & Games
cart_000810,user_02285,prod_0085,2,74.6,2023-12-30T00:00:00Z,Toys & Games
cart_000810,user_02285,prod_0021,2,46.05,2023-12-05T00:00:00Z,Fashion
cart_000810,user_02285,prod_0081,1,250.37,2023-12-20T00:00:00Z,Toys & Games
cart_000810,user_02285,prod_0056,3,294.68,2023-12-20T00:00:00Z,Books
cart_000810,user_02285,prod_0043,3,22.31,2023-12-02T00:00:00Z,Home & Kitchen
cart_000810,user_02285,prod_0035,2,75.82,2023-12-11T00:00:00Z,Home & Kitchen
cart_000811,user_02290,prod_0010,1,91.19,2023-12-07T00:00:00Z,Electronics
cart_000811,user_02290,prod_0023,1,298.21,2023-12-28T00:00:00Z,Fashion
cart_000811,user_02290,prod_0003,3,129.05,2023-12-29T00:00:00Z,Electronics
cart_000811,user_02290,prod_0013,2,138.3,2023-12-16T00:00:00Z,Electronics
cart_000811,user_02290,prod_0032,2,229.18,2023-12-06T00:00:00Z,Home & Kitchen
cart_000812,user_02296,prod_0089,3,70.4,2023-12-19T00:00:00Z,Toys & Games
cart_000813,user_02299,prod_0084,2,169.61,2023-12-06T00:00:00Z,Toys & Games
cart_000813,user_02299,prod_0099,3,25.57,2023-12-16T00:00:00Z,Automotive
cart_000814,user_02300,prod_0055,2,259.21,2023-12-15T00:00:00Z,Books
cart_000814,user_02300,prod_0047,3,33.5,2023-12-15T00:00:00Z,Books
cart_000814,user_02300,prod_0014,3,66.6,2023-12-20T00:00:00Z,Electronics
cart_000814,user_02300,prod_0058,1,148.08,2023-12-14T00:00:00Z,Books
cart_000814,user_02300,prod_0002,3,46.02,2023-12-19T00:00:00Z,Electronics
cart_000815,user_02308,prod_0019,3,273.46,2023-12-16T00:00:00Z,Fashion
cart_000815,user_02308,prod_0049,3,219.09,2024-01-01T00:00:00Z,Books
cart_000815,user_02308,prod_0071,2,164.71,2023-12-07T00:00:00Z,Beauty
cart_000816,user_02309,prod_0024,3,18.85,2023-12-24T00:00:00Z,Fashion
cart_000816,user_02309,prod_0004,3,181.99,2023-12-14T00:00:00Z,Electronics
cart_000816,user_02309,prod_0046,3,76.44,2023-12-21T00:00:00Z,Books
cart_000816,user_02309,prod_0072,3,245.23,2023-12-19T00:00:00Z,Beauty
cart_000816,user_02309,prod_0030,3,229.02,2023-12-26T00:00:00Z,Fashion
cart_000816,user_02309,prod_0054,2,254.52,2023-12-21T00:00:00Z,Books
cart_000817,user_02311,prod_0016,2,84.36,2023-12-07T00:00:00Z,Fashion
cart_000817,user_02311,prod_0050,2,60.92,2023-12-09T00:00:00Z,Books
cart_000818,user_02316,prod_0074,2,50.7,2023-12-17T00:00:00Z,Beauty
cart_000818,user_02316,prod_0059,1,175.28,2023-12-18T00:00:00Z,Books
cart_000818,user_02316,prod_0056,1,294.68,2023-12-22T00:00:00Z,Books
cart_000819,user_02317,prod_0085,3,74.6,2023-12-17T00:00:00Z,Toys & Games
cart_000819,user_02317,prod_0051,3,141.01,2023-12-04T00:00:00Z,Books
cart_000820,user_02318,prod_0046,1,76.44,2023-12-02T00:00:00Z,Books
cart_000820,user_02318,prod_0064,2,128.25,2024-01-01T00:00:00Z,Sports & Fitness
cart_000820,user_02318,prod_0011,1,212.14,2023-12-16T00:00:00Z,Electronics
cart_000820,user_02318,prod_0089,2,70.4,2023-12-29T00:00:00Z,Toys & Games
cart_000821,user_02319,prod_0059,1,175.28,2023-12-17T00:00:00Z,Books
cart_000821,user_02319,prod_0012,2,294.66,2023-12-19T00:00:00Z,Electronics
cart_000821,user_02319,prod_0041,2,77.88,2023-12-23T00:00:00Z,Home & Kitchen
cart_000821,user_02319,prod_0010,1,91.19,2023-12-11T00:00:00Z,Electronics
cart_000821,user_02319,prod_0056,1,294.68,2023-12-05T00:00:00Z,Books
cart_000821,user_02319,prod_0096,2,294.37,2023-12-22T00:00:00Z,Automotive
cart_000822,user_02321,prod_0043,2,22.31,2023-12-21T00:00:00Z,Home & Kitchen
cart_000822,user_02321,prod_0063,1,266.74,2023-12-25T00:00:00Z,Sports & Fitness
cart_000822,user_02321,prod_0075,3,64.86,2023-12-08T00:00:00Z,Beauty
cart_000822,user_02321,prod_0085,1,74.6,2023-12-26T00:00:00Z,Toys & Games
cart_000822,user_02321,prod_0068,2,298.55,2023-12-13T00:00:00Z,Sports & Fitness
cart_000823,user_02325,prod_0026,1,142.61,2023-12-19T00:00:00Z,Fashion
cart_000823,user_02325,prod_0063,2,266.74,2024-01-01T00:00:00Z,Sports & Fitness
cart_000823,user_02325,prod_0028,3,230.97,2023-12-05T00:00:00Z,Fashion
cart_000824,user_02327,prod_0084,3,169.61,2023-12-20T00:00:00Z,Toys & Games
cart_000824,user_02327,prod_0045,3,43.9,2023-12-09T00:00:00Z,Home & Kitchen
cart_000824,user_02327,prod_0006,2,51.94,2023-12-08T00:00:00Z,Electronics
cart_000824,user_02327,prod_0082,2,17.3,2023-12-28T00:00:00Z,Toys & Games
cart_000824,user_02327,prod_0013,1,138.3,2023-12-18T00:00:00Z,Electronics
cart_000824,user_02327,prod_0012,1,294.66,2023-12-11T00:00:00Z,Electronics
cart_000825,user_02330,prod_0079,2,167.19,2023-12-03T00:00:00Z,Beauty
cart_000826,user_02333,prod_0045,1,43.9,2023-12-27T00:00:00Z,Home & Kitchen
cart_000826,user_02333,prod_0011,1,212.14,2023-12-04T00:00:00Z,Electronics
cart_000827,user_02343,prod_0091,2,61.78,2023-12-07T00:00:00Z,Automotive
cart_000827,user_02343,prod_0021,1,46.05,2023-12-29T00:00:00Z,Fashion
cart_000827,user_02343,prod_0038,2,160.14,2023-12-19T00:00:00Z,Home & Kitchen
cart_000827,user_02343,prod_0019,3,273.46,2024-01-01T00:00:00Z,Fashion
cart_000827,user_02343,prod_0069,2,153.73,2023-12-16T00:00:00Z,Sports & Fitness
cart_000828,user_02348,prod_0037,2,42.75,2023-12-16T00:00:00Z,Home & Kitchen
cart_000829,user_02350,prod_0005,1,137.07,2023-12-28T00:00:00Z,Electronics
cart_000829,user_02350,prod_0008,1,110.54,2023-12-23T00:00:00Z,Electronics
cart_000830,user_02351,prod_0047,3,33.5,2023-12-30T00:00:00Z,Books
cart_000830,user_02351,prod_0094,3,290.3,2023-12-27T00:00:00Z,Automotive
cart_000831,user_02352,prod_0057,2,209.8,2023-12-15T00:00:00Z,Books
cart_000831,user_02352,prod_0003,3,129.05,2023-12-09T00:00:00Z,Electronics
cart_000831,user_02352,prod_0010,1,91.19,2023-12-10T00:00:00Z,Electronics
cart_000831,user_02352,prod_0025,1,129.12,2023-12-27T00:00:00Z,Fashion
cart_000831,user_02352,prod_0005,1,137.07,2023-12-19T00:00:00Z,Electronics
cart_000831,user_02352,prod_0059,1,175.28,2024-01-01T00:00:00Z,Books
cart_000832,user_02353,prod_0020,1,151.77,2023-12-09T00:00:00Z,Fashion
cart_000832,user_02353,prod_0073,3,44.48,2023-12-18T00:00:00Z,Beauty
cart_000833,user_02354,prod_0046,3,76.44,2023-12-26T00:00:00Z,Books
cart_000833,user_02354,prod_0076,2,78.83,2023-12-30T00:00:00Z,Beauty
cart_000834,user_02359,prod_0079,3,167.19,2023-12-12T00:00:00Z,Beauty
cart_000834,user_02359,prod_0080,3,282.84,2023-12-28T00:00:00Z,Beauty
cart_000834,user_02359,prod_0050,2,60.92,2023-12-12T00:00:00Z,Books
cart_000834,user_02359,prod_0066,2,121.36,2023-12-20T00:00:00Z,Sports & Fitness
cart_000834,user_02359,prod_0057,1,209.8,2023-12-24T00:00:00Z,Books
cart_000834,user_02359,prod_0045,3,43.9,2023-12-21T00:00:00Z,Home & Kitchen
cart_000835,user_02366,prod_0033,3,181.09,2023-12-17T00:00:00Z,Home & Kitchen
cart_000835,user_02366,prod_0045,2,43.9,2023-12-06T00:00:00Z,Home & Kitchen
cart_000835,user_02366,prod_0051,1,141.01,2023-12-21T00:00:00Z,Books
cart_000835,user_02366,prod_0063,1,266.74,2023-12-10T00:00:00Z,Sports & Fitness
cart_000836,user_02368,prod_0066,2,121.36,2023-12-09T00:00:00Z,Sports & Fitness
cart_000836,user_02368,prod_0073,1,44.48,2023-12-31T00:00:00Z,Beauty
cart_000837,user_02370,prod_0057,2,209.8,2023-12-17T00:00:00Z,Books
cart_000837,user_02370,prod_0056,1,294.68,2023-12-14T00:00:00Z,Books
cart_000837,user_02370,prod_0007,1,286.42,2023-12-05T00:00:00Z,Electronics
cart_000837,user_02370,prod_0032,3,229.18,2023-12-03T00:00:00Z,Home & Kitchen
cart_000838,user_02371,prod_0064,3,128.25,2023-12-24T00:00:00Z,Sports & Fitness
cart_000838,user_02371,prod_0014,3,66.6,2023-12-25T00:00:00Z,Electronics
cart_000839,user_02375,prod_0033,2,181.09,2023-12-28T00:00:00Z,Home & Kitchen
cart_000839,user_02375,prod_0083,2,66.76,2023-12-20T00:00:00Z,Toys & Games
cart_000839,user_02375,prod_0035,1,75.82,2023-12-18T00:00:00Z,Home & Kitchen
cart_000839,user_02375,prod_0045,2,43.9,2023-12-19T00:00:00Z,Home & Kitchen
cart_000840,user_02383,prod_0027,1,8.38,2023-12-22T00:00:00Z,Fashion
cart_000841,user_02388,prod_0047,1,33.5,2023-12-20T00:00:00Z,Books
cart_000841,user_02388,prod_0087,3,126.04,2023-12-16T00:00:00Z,Toys & Games
cart_000841,user_02388,prod_0088,3,236.49,2023-12-05T00:00:00Z,Toys & Games
cart_000841,user_02388,prod_0051,2,141.01,2023-12-12T00:00:00Z,Books
cart_000841,user_02388,prod_0085,3,74.6,2023-12-15T00:00:00Z,Toys & Games
cart_000841,user_02388,prod_0043,1,22.31,2023-12-05T00:00:00Z,Home & Kitchen
cart_000842,user_02391,prod_0074,1,50.7,2023-12-06T00:00:00Z,Beauty
cart_000842,user_02391,prod_0063,1,266.74,2023-12-28T00:00:00Z,Sports & Fitness
cart_000842,user_02391,prod_0068,3,298.55,2023-12-07T00:00:00Z,Sports & Fitness
cart_000842,user_02391,prod_0073,2,44.48,2023-12-31T00:00:00Z,Beauty
cart_000843,user_02392,prod_0046,3,76.44,2023-12-12T00:00:00Z,Books
cart_000843,user_02392,prod_0031,1,92.74,2023-12-25T00:00:00Z,Home & Kitchen
cart_000843,user_02392,prod_0035,2,75.82,2023-12-20T00:00:00Z,Home & Kitchen
cart_000844,user_02395,prod_0002,3,46.02,2023-12-09T00:00:00Z,Electronics
cart_000844,user_02395,prod_0009,2,219.54,2023-12-08T00:00:00Z,Electronics
cart_000845,user_02396,prod_0046,1,76.44,2023-12-14T00:00:00Z,Books
cart_000845,user_02396,prod_0049,3,219.09,2023-12-12T00:00:00Z,Books
cart_000845,user_02396,prod_0050,3,60.92,2024-01-01T00:00:00Z,Books
cart_000845,user_02396,prod_0001,3,192.99,2023-12-02T00:00:00Z,Electronics
cart_000845,user_02396,prod_0003,2,129.05,2023-12-28T00:00:00Z,Electronics
cart_000846,user_02400,prod_0055,3,259.21,2023-12-22T00:00:00Z,Books
cart_000846,user_02400,prod_0008,3,110.54,2023-12-03T00:00:00Z,Electronics
cart_000846,user_02400,prod_0001,2,192.99,2023-12-16T00:00:00Z,Electronics
cart_000846,user_02400,prod_0054,2,254.52,2023-12-20T00:00:00Z,Books
cart_000846,user_02400,prod_0022,2,176.87,2023-12-07T00:00:00Z,Fashion
cart_000847,user_02401,prod_0047,2,33.5,2023-12-27T00:00:00Z,Books
cart_000847,user_02401,prod_0039,1,227.05,2023-12-21T00:00:00Z,Home & Kitchen
cart_000847,user_02401,prod_0045,1,43.9,2023-12-20T00:00:00Z,Home & Kitchen
cart_000848,user_02406,prod_0021,1,46.05,2023-12-17T00:00:00Z,Fashion
cart_000848,user_02406,prod_0032,1,229.18,2024-01-01T00:00:00Z,Home & Kitchen
cart_000848,user_02406,prod_0008,2,110.54,2023-12-16T00:00:00Z,Electronics
cart_000848,user_02406,prod_0046,1,76.44,2023-12-02T00:00:00Z,Books
cart_000848,user_02406,prod_0012,2,294.66,2023-12-05T00:00:00Z,Electronics
cart_000848,user_02406,prod_0024,2,18.85,2023-12-10T00:00:00Z,Fashion
cart_000849,user_02413,prod_0063,3,266.74,2023-12-19T00:00:00Z,Sports & Fitness
cart_000850,user_02414,prod_0055,3,259.21,2023-12-09T00:00:00Z,Books
cart_000850,user_02414,prod_0034,1,263.34,2023-12-20T00:00:00Z,Home & Kitchen
cart_000850,user_02414,prod_0054,2,254.52,2023-12-30T00:00:00Z,Books
cart_000850,user_02414,prod_0046,3,76.44,2023-12-18T00:00:00Z,Books
cart_000850,user_02414,prod_0056,1,294.68,2023-12-09T00:00:00Z,Books
cart_000850,user_02414,prod_0051,2,141.01,2023-12-30T00:00:00Z,Books
cart_000851,user_02415,prod_0083,2,66.76,2023-12-11T00:00:00Z,Toys & Games
cart_000851,user_02415,prod_0003,1,129.05,2023-12-17T00:00:00Z,Electronics
cart_000851,user_02415,prod_0082,3,17.3,2023-12-16T00:00:00Z,Toys & Games
cart_000851,user_02415,prod_0011,2,212.14,2023-12-21T00:00:00Z,Electronics
cart_000851,user_02415,prod_0056,2,294.68,2023-12-21T00:00:00Z,Books
cart_000851,user_02415,prod_0031,3,92.74,2023-12-15T00:00:00Z,Home & Kitchen
cart_000852,user_02419,prod_0078,1,43.46,2023-12-28T00:00:00Z,Beauty
cart_000852,user_02419,prod_0014,1,66.6,2023-12-28T00:00:00Z,Electronics
cart_000852,user_02419,prod_0086,2,12.29,2023-12-09T00:00:00Z,Toys & Games
cart_000852,user_02419,prod_0050,3,60.92,2023-12-26T00:00:00Z,Books
cart_000852,user_02419,prod_0088,3,236.49,2023-12-31T00:00:00Z,Toys & Games
cart_000852,user_02419,prod_0005,2,137.07,2023-12-20T00:00:00Z,Electronics
cart_000853,user_02420,prod_0025,1,129.12,2023-12-27T00:00:00Z,Fashion
cart_000853,user_02420,prod_0059,2,175.28,2023-12-06T00:00:00Z,Books
cart_000853,user_02420,prod_0055,1,259.21,2023-12-02T00:00:00Z,Books
cart_000854,user_02422,prod_0035,1,75.82,2023-12-28T00:00:00Z,Home & Kitchen
cart_000854,user_02422,prod_0080,1,282.84,2023-12-10T00:00:00Z,Beauty
cart_000854,user_02422,prod_0054,2,254.52,2023-12-22T00:00:00Z,Books
cart_000855,user_02426,prod_0023,3,298.21,2023-12-17T00:00:00Z,Fashion
cart_000855,user_02426,prod_0011,1,212.14,2023-12-02T00:00:00Z,Electronics
cart_000855,user_02426,prod_0025,2,129.12,2024-01-01T00:00:00Z,Fashion
cart_000855,user_02426,prod_0092,3,87.06,2023-12-06T00:00:00Z,Automotive
cart_000856,user_02430,prod_0047,2,33.5,2023-12-19T00:00:00Z,Books
cart_000856,user_02430,prod_0039,1,227.05,2023-12-21T00:00:00Z,Home & Kitchen
cart_000857,user_02432,prod_0019,3,273.46,2023-12-03T00:00:00Z,Fashion
cart_000857,user_02432,prod_0020,3,151.77,2023-12-24T00:00:00Z,Fashion
cart_000857,user_02432,prod_0047,3,33.5,2023-12-19T00:00:00Z,Books
cart_000858,user_02440,prod_0005,2,137.07,2023-12-06T00:00:00Z,Electronics
cart_000858,user_02440,prod_0014,3,66.6,2023-12-25T00:00:00Z,Electronics
cart_000858,user_02440,prod_0009,1,219.54,2023-12-23T00:00:00Z,Electronics
cart_000858,user_02440,prod_0021,1,46.05,2023-12-11T00:00:00Z,Fashion
cart_000858,user_02440,prod_0006,1,51.94,2023-12-13T00:00:00Z,Electronics
cart_000859,user_02441,prod_0052,2,258.24,2023-12-24T00:00:00Z,Books
cart_000859,user_02441,prod_0095,1,180.39,2024-01-01T00:00:00Z,Automotive
cart_000859,user_02441,prod_0066,3,121.36,2023-12-22T00:00:00Z,Sports & Fitness
cart_000859,user_02441,prod_0091,1,61.78,2023-12-24T00:00:00Z,Automotive
cart_000859,user_02441,prod_0054,3,254.52,2023-12-11T00:00:00Z,Books
cart_000860,user_02444,prod_0033,3,181.09,2023-12-09T00:00:00Z,Home & Kitchen
cart_000860,user_02444,prod_0040,1,202.48,2023-12-07T00:00:00Z,Home & Kitchen
cart_000860,user_02444,prod_0012,3,294.66,2023-12-04T00:00:00Z,Electronics
cart_000861,user_02453,prod_0013,3,138.3,2023-12-22T00:00:00Z,Electronics
cart_000862,user_02456,prod_0059,1,175.28,2023-12-24T00:00:00Z,Books
cart_000862,user_02456,prod_0036,1,147.88,2023-12-11T00:00:00Z,Home & Kitchen
cart_000862,user_02456,prod_0035,3,75.82,2023-12-07T00:00:00Z,Home & Kitchen
cart_000862,user_02456,prod_0095,3,180.39,2023-12-24T00:00:00Z,Automotive
cart_000862,user_02456,prod_0055,3,259.21,2023-12-13T00:00:00Z,Books
cart_000863,user_02459,prod_0052,3,258.24,2023-12-12T00:00:00Z,Books
cart_000863,user_02459,prod_0003,2,129.05,2023-12-15T00:00:00Z,Electronics
cart_000863,user_02459,prod_0009,3,219.54,2024-01-01T00:00:00Z,Electronics
cart_000864,user_02460,prod_0046,2,76.44,2023-12-17T00:00:00Z,Books
cart_000864,user_02460,prod_0070,1,263.51,2023-12-20T00:00:00Z,Sports & Fitness
cart_000864,user_02460,prod_0053,1,163.93,2023-12-27T00:00:00Z,Books
cart_000865,user_02462,prod_0001,3,192.99,2023-12-07T00:00:00Z,Electronics
cart_000866,user_02464,prod_0079,3,167.19,2023-12-28T00:00:00Z,Beauty
cart_000866,user_02464,prod_0012,3,294.66,2023-12-12T00:00:00Z,Electronics
cart_000866,user_02464,prod_0025,1,129.12,2024-01-01T00:00:00Z,Fashion
cart_000867,user_02466,prod_0031,3,92.74,2023-12-20T00:00:00Z,Home & Kitchen
cart_000867,user_02466,prod_0043,3,22.31,2023-12-03T00:00:00Z,Home & Kitchen
cart_000867,user_02466,prod_0033,2,181.09,2023-12-30T00:00:00Z,Home & Kitchen
cart_000867,user_02466,prod_0053,3,163.93,2023-12-03T00:00:00Z,Books
cart_000867,user_02466,prod_0042,2,72.65,2023-12-07T00:00:00Z,Home & Kitchen
cart_000868,user_02469,prod_0088,2,236.49,2023-12-19T00:00:00Z,Toys & Games
cart_000868,user_02469,prod_0033,2,181.09,2024-01-01T00:00:00Z,Home & Kitchen
cart_000869,user_02470,prod_0060,1,176.75,2023-12-12T00:00:00Z,Books
cart_000869,user_02470,prod_0065,3,81.67,2023-12-14T00:00:00Z,Sports & Fitness
cart_000869,user_02470,prod_0036,2,147.88,2023-12-13T00:00:00Z,Home & Kitchen
cart_000870,user_02477,prod_0077,1,129.53,2023-12-02T00:00:00Z,Beauty
cart_000870,user_02477,prod_0072,1,245.23,2023-12-24T00:00:00Z,Beauty
cart_000870,user_02477,prod_0098,2,163.3,2023-12-11T00:00:00Z,Automotive
cart_000871,user_02481,prod_0007,2,286.42,2023-12-06T00:00:00Z,Electronics
cart_000871,user_02481,prod_0047,3,33.5,2023-12-18T00:00:00Z,Books
cart_000872,user_02483,prod_0076,1,78.83,2023-12-02T00:00:00Z,Beauty
cart_000872,user_02483,prod_0065,1,81.67,2023-12-21T00:00:00Z,Sports & Fitness
cart_000872,user_02483,prod_0007,1,286.42,2023-12-09T00:00:00Z,Electronics
cart_000872,user_02483,prod_0055,2,259.21,2023-12-11T00:00:00Z,Books
cart_000872,user_02483,prod_0079,2,167.19,2023-12-29T00:00:00Z,Beauty
cart_000873,user_02485,prod_0024,1,18.85,2023-12-21T00:00:00Z,Fashion
cart_000873,user_02485,prod_0088,1,236.49,2023-12-07T00:00:00Z,Toys & Games
cart_000873,user_02485,prod_0086,1,12.29,2024-01-01T00:00:00Z,Toys & Games
cart_000873,user_02485,prod_0057,1,209.8,2023-12-24T00:00:00Z,Books
cart_000873,user_02485,prod_0004,2,181.99,2023-12-05T00:00:00Z,Electronics
cart_000874,user_02496,prod_0003,3,129.05,2023-12-27T00:00:00Z,Electronics
cart_000875,user_02499,prod_0024,2,18.85,2023-12-13T00:00:00Z,Fashion
cart_000875,user_02499,prod_0097,2,18.05,2023-12-07T00:00:00Z,Automotive
cart_000875,user_02499,prod_0064,1,128.25,2023-12-15T00:00:00Z,Sports & Fitness
cart_000875,user_02499,prod_0012,2,294.66,2023-12-18T00:00:00Z,Electronics
cart_000875,user_02499,prod_0049,1,219.09,2023-12-11T00:00:00Z,Books
cart_000876,user_02500,prod_0006,1,51.94,2023-12-05T00:00:00Z,Electronics
cart_000876,user_02500,prod_0097,3,18.05,2023-12-03T00:00:00Z,Automotive
cart_000876,user_02500,prod_0099,2,25.57,2024-01-01T00:00:00Z,Automotive
cart_000876,user_02500,prod_0095,3,180.39,2023-12-13T00:00:00Z,Automotive
cart_000877,user_02505,prod_0024,3,18.85,2023-12-04T00:00:00Z,Fashion
cart_000877,user_02505,prod_0078,1,43.46,2023-12-20T00:00:00Z,Beauty
cart_000878,user_02506,prod_0033,3,181.09,2023-12-19T00:00:00Z,Home & Kitchen
cart_000879,user_02509,prod_0013,2,138.3,2023-12-11T00:00:00Z,Electronics
cart_000879,user_02509,prod_0028,2,230.97,2023-12-17T00:00:00Z,Fashion
cart_000880,user_02510,prod_0015,3,55.31,2023-12-31T00:00:00Z,Electronics
cart_000880,user_02510,prod_0005,2,137.07,2023-12-07T00:00:00Z,Electronics
cart_000880,user_02510,prod_0053,1,163.93,2023-12-17T00:00:00Z,Books
cart_000880,user_02510,prod_0074,1,50.7,2023-12-11T00:00:00Z,Beauty
cart_000881,user_02511,prod_0100,1,200.04,2023-12-04T00:00:00Z,Automotive
cart_000881,user_02511,prod_0032,3,229.18,2023-12-05T00:00:00Z,Home & Kitchen
cart_000881,user_02511,prod_0031,2,92.74,2023-12-09T00:00:00Z,Home & Kitchen
cart_000881,user_02511,prod_0099,1,25.57,2023-12-22T00:00:00Z,Automotive
cart_000882,user_02512,prod_0040,2,202.48,2023-12-31T00:00:00Z,Home & Kitchen
cart_000882,user_02512,prod_0026,3,142.61,2023-12-03T00:00:00Z,Fashion
cart_000882,user_02512,prod_0079,3,167.19,2023-12-30T00:00:00Z,Beauty
cart_000882,user_02512,prod_0081,2,250.37,2023-12-02T00:00:00Z,Toys & Games
cart_000883,user_02514,prod_0007,2,286.42,2023-12-21T00:00:00Z,Electronics
cart_000883,user_02514,prod_0009,1,219.54,2023-12-16T00:00:00Z,Electronics
cart_000883,user_02514,prod_0062,1,24.98,2023-12-18T00:00:00Z,Sports & Fitness
cart_000884,user_02515,prod_0015,1,55.31,2023-12-07T00:00:00Z,Electronics
cart_000884,user_02515,prod_0006,1,51.94,2023-12-22T00:00:00Z,Electronics
cart_000884,user_02515,prod_0078,3,43.46,2023-12-26T00:00:00Z,Beauty
cart_000884,user_02515,prod_0096,3,294.37,2023-12-12T00:00:00Z,Automotive
cart_000884,user_02515,prod_0069,3,153.73,2023-12-26T00:00:00Z,Sports & Fitness
cart_000884,user_02515,prod_0008,2,110.54,2024-01-01T00:00:00Z,Electronics
cart_000885,user_02519,prod_0003,3,129.05,2023-12-25T00:00:00Z,Electronics
cart_000885,user_02519,prod_0095,3,180.39,2023-12-24T00:00:00Z,Automotive
cart_000885,user_02519,prod_0068,3,298.55,2023-12-24T00:00:00Z,Sports & Fitness
cart_000885,user_02519,prod_0078,3,43.46,2023-12-25T00:00:00Z,Beauty
cart_000886,user_02531,prod_0083,2,66.76,2023-12-26T00:00:00Z,Toys & Games
cart_000886,user_02531,prod_0043,3,22.31,2023-12-11T00:00:00Z,Home & Kitchen
cart_000886,user_02531,prod_0027,1,8.38,2023-12-28T00:00:00Z,Fashion
cart_000886,user_02531,prod_0051,2,141.01,2023-12-05T00:00:00Z,Books
cart_000886,user_02531,prod_0037,2,42.75,2023-12-25T00:00:00Z,Home & Kitchen
cart_000887,user_02541,prod_0022,2,176.87,2023-12-13T00:00:00Z,Fashion
cart_000887,user_02541,prod_0016,3,84.36,2024-01-01T00:00:00Z,Fashion
cart_000887,user_02541,prod_0087,3,126.04,2023-12-13T00:00:00Z,Toys & Games
cart_000887,user_02541,prod_0071,2,164.71,2023-12-27T00:00:00Z,Beauty
cart_000887,user_02541,prod_0019,1,273.46,2023-12-30T00:00:00Z,Fashion
cart_000888,user_02543,prod_0085,1,74.6,2023-12-14T00:00:00Z,Toys & Games
cart_000888,user_02543,prod_0014,1,66.6,2023-12-09T00:00:00Z,Electronics
cart_000888,user_02543,prod_0015,3,55.31,2023-12-12T00:00:00Z,Electronics
cart_000888,user_02543,prod_0009,3,219.54,2023-12-22T00:00:00Z,Electronics
cart_000888,user_02543,prod_0004,2,181.99,2023-12-30T00:00:00Z,Electronics
cart_000888,user_02543,prod_0089,2,70.4,2023-12-23T00:00:00Z,Toys & Games
cart_000889,user_02544,prod_0005,2,137.07,2024-01-01T00:00:00Z,Electronics
cart_000889,user_02544,prod_0097,3,18.05,2023-12-20T00:00:00Z,Automotive
cart_000889,user_02544,prod_0081,1,250.37,2023-12-23T00:00:00Z,Toys & Games
cart_000889,user_02544,prod_0011,3,212.14,2023-12-19T00:00:00Z,Electronics
cart_000889,user_02544,prod_0056,2,294.68,2023-12-30T00:00:00Z,Books
cart_000889,user_02544,prod_0067,2,278.13,2023-12-04T00:00:00Z,Sports & Fitness
cart_000890,user_02546,prod_0097,3,18.05,2023-12-31T00:00:00Z,Automotive
cart_000890,user_02546,prod_0091,2,61.78,2023-12-02T00:00:00Z,Automotive
cart_000890,user_02546,prod_0056,2,294.68,2023-12-17T00:00:00Z,Books
cart_000890,user_02546,prod_0067,2,278.13,2023-12-28T00:00:00Z,Sports & Fitness
cart_000890,user_02546,prod_0032,3,229.18,2023-12-07T00:00:00Z,Home & Kitchen
cart_000890,user_02546,prod_0044,2,25.83,2023-12-14T00:00:00Z,Home & Kitchen
cart_000891,user_02547,prod_0013,2,138.3,2023-12-11T00:00:00Z,Electronics
cart_000892,user_02549,prod_0059,2,175.28,2023-12-02T00:00:00Z,Books
cart_000892,user_02549,prod_0082,3,17.3,2023-12-14T00:00:00Z,Toys & Games
cart_000892,user_02549,prod_0048,2,258.97,2023-12-06T00:00:00Z,Books
cart_000892,user_02549,prod_0063,3,266.74,2023-12-08T00:00:00Z,Sports & Fitness
cart_000892,user_02549,prod_0056,2,294.68,2023-12-10T00:00:00Z,Books
cart_000892,user_02549,prod_0053,1,163.93,2023-12-15T00:00:00Z,Books
cart_000893,user_02551,prod_0042,2,72.65,2023-12-06T00:00:00Z,Home & Kitchen
cart_000893,user_02551,prod_0054,3,254.52,2023-12-16T00:00:00Z,Books
cart_000893,user_02551,prod_0039,2,227.05,2023-12-05T00:00:00Z,Home & Kitchen
cart_000893,user_02551,prod_0038,2,160.14,2023-12-11T00:00:00Z,Home & Kitchen
cart_000893,user_02551,prod_0089,3,70.4,2023-12-07T00:00:00Z,Toys & Games
cart_000893,user_02551,prod_0043,1,22.31,2023-12-23T00:00:00Z,Home & Kitchen
cart_000894,user_02553,prod_0013,2,138.3,2024-01-01T00:00:00Z,Electronics
cart_000895,user_02555,prod_0082,1,17.3,2023-12-21T00:00:00Z,Toys & Games
cart_000895,user_02555,prod_0010,1,91.19,2023-12-16T00:00:00Z,Electronics
cart_000895,user_02555,prod_0090,2,246.24,2023-12-04T00:00:00Z,Toys & Games
cart_000896,user_02559,prod_0015,1,55.31,2023-12-11T00:00:00Z,Electronics
cart_000896,user_02559,prod_0039,1,227.05,2023-12-30T00:00:00Z,Home & Kitchen
cart_000896,user_02559,prod_0088,3,236.49,2023-12-05T00:00:00Z,Toys & Games
cart_000896,user_02559,prod_0060,1,176.75,2023-12-05T00:00:00Z,Books
cart_000896,user_02559,prod_0032,3,229.18,2023-12-19T00:00:00Z,Home & Kitchen
cart_000896,user_02559,prod_0080,1,282.84,2023-12-10T00:00:00Z,Beauty
cart_000897,user_02564,prod_0035,3,75.82,2023-12-28T00:00:00Z,Home & Kitchen
cart_000897,user_02564,prod_0043,3,22.31,2024-01-01T00:00:00Z,Home & Kitchen
cart_000897,user_02564,prod_0058,1,148.08,2023-12-28T00:00:00Z,Books
cart_000897,user_02564,prod_0022,3,176.87,2023-12-15T00:00:00Z,Fashion
cart_000897,user_02564,prod_0042,2,72.65,2023-12-14T00:00:00Z,Home & Kitchen
cart_000897,user_02564,prod_0080,3,282.84,2023-12-18T00:00:00Z,Beauty
cart_000898,user_02565,prod_0005,2,137.07,2023-12-13T00:00:00Z,Electronics
cart_000898,user_02565,prod_0046,3,76.44,2023-12-05T00:00:00Z,Books
cart_000899,user_02567,prod_0018,3,14.44,2023-12-26T00:00:00Z,Fashion
cart_000899,user_02567,prod_0012,3,294.66,2023-12-13T00:00:00Z,Electronics
cart_000899,user_02567,prod_0048,1,258.97,2023-12-22T00:00:00Z,Books
cart_000899,user_02567,prod_0075,2,64.86,2023-12-14T00:00:00Z,Beauty
cart_000900,user_02570,prod_0059,3,175.28,2023-12-11T00:00:00Z,Books
cart_000901,user_02575,prod_0001,3,192.99,2023-12-27T00:00:00Z,Electronics
cart_000901,user_02575,prod_0018,2,14.44,2023-12-24T00:00:00Z,Fashion
cart_000902,user_02576,prod_0028,3,230.97,2023-12-21T00:00:00Z,Fashion
cart_000902,user_02576,prod_0038,3,160.14,2023-12-18T00:00:00Z,Home & Kitchen
cart_000902,user_02576,prod_0096,1,294.37,2023-12-02T00:00:00Z,Automotive
cart_000902,user_02576,prod_0042,2,72.65,2023-12-09T00:00:00Z,Home & Kitchen
cart_000903,user_02577,prod_0093,1,253.04,2023-12-16T00:00:00Z,Automotive
cart_000903,user_02577,prod_0003,1,129.05,2023-12-17T00:00:00Z,Electronics
cart_000903,user_02577,prod_0008,1,110.54,2023-12-03T00:00:00Z,Electronics
cart_000904,user_02578,prod_0076,3,78.83,2023-12-30T00:00:00Z,Beauty
cart_000905,user_02579,prod_0004,2,181.99,2023-12-31T00:00:00Z,Electronics
cart_000905,user_02579,prod_0007,2,286.42,2023-12-10T00:00:00Z,Electronics
cart_000906,user_02583,prod_0060,2,176.75,2023-12-15T00:00:00Z,Books
cart_000906,user_02583,prod_0046,2,76.44,2023-12-05T00:00:00Z,Books
cart_000906,user_02583,prod_0055,1,259.21,2023-12-15T00:00:00Z,Books
cart_000906,user_02583,prod_0001,2,192.99,2023-12-25T00:00:00Z,Electronics
cart_000907,user_02586,prod_0020,1,151.77,2023-12-02T00:00:00Z,Fashion
cart_000907,user_02586,prod_0073,2,44.48,2023-12-05T00:00:00Z,Beauty
cart_000908,user_02592,prod_0005,1,137.07,2023-12-12T00:00:00Z,Electronics
cart_000908,user_02592,prod_0046,2,76.44,2023-12-27T00:00:00Z,Books
cart_000908,user_02592,prod_0052,3,258.24,2023-12-15T00:00:00Z,Books
cart_000909,user_02597,prod_0020,3,151.77,2023-12-13T00:00:00Z,Fashion
cart_000909,user_02597,prod_0096,2,294.37,2023-12-27T00:00:00Z,Automotive
cart_000909,user_02597,prod_0051,1,141.01,2023-12-13T00:00:00Z,Books
cart_000910,user_02605,prod_0077,3,129.53,2023-12-14T00:00:00Z,Beauty
cart_000911,user_02606,prod_0071,1,164.71,2023-12-17T00:00:00Z,Beauty
cart_000911,user_02606,prod_0059,1,175.28,2023-12-07T00:00:00Z,Books
cart_000911,user_02606,prod_0020,2,151.77,2023-12-20T00:00:00Z,Fashion
cart_000911,user_02606,prod_0036,3,147.88,2023-12-31T00:00:00Z,Home & Kitchen
cart_000911,user_02606,prod_0098,3,163.3,2023-12-26T00:00:00Z,Automotive
cart_000911,user_02606,prod_0012,1,294.66,2023-12-06T00:00:00Z,Electronics
cart_000912,user_02608,prod_0027,2,8.38,2023-12-11T00:00:00Z,Fashion
cart_000912,user_02608,prod_0084,3,169.61,2023-12-09T00:00:00Z,Toys & Games
cart_000912,user_02608,prod_0035,1,75.82,2023-12-15T00:00:00Z,Home & Kitchen
cart_000912,user_02608,prod_0040,3,202.48,2023-12-14T00:00:00Z,Home & Kitchen
cart_000912,user_02608,prod_0028,3,230.97,2023-12-29T00:00:00Z,Fashion
cart_000913,user_02609,prod_0059,3,175.28,2023-12-30T00:00:00Z,Books
cart_000913,user_02609,prod_0034,3,263.34,2023-12-06T00:00:00Z,Home & Kitchen
cart_000913,user_02609,prod_0039,1,227.05,2023-12-27T00:00:00Z,Home & Kitchen
cart_000913,user_02609,prod_0047,3,33.5,2023-12-08T00:00:00Z,Books
cart_000914,user_02612,prod_0009,1,219.54,2023-12-19T00:00:00Z,Electronics
cart_000914,user_02612,prod_0007,1,286.42,2023-12-31T00:00:00Z,Electronics
cart_000914,user_02612,prod_0010,3,91.19,2023-12-30T00:00:00Z,Electronics
cart_000914,user_02612,prod_0080,1,282.84,2023-12-23T00:00:00Z,Beauty
cart_000915,user_02613,prod_0047,3,33.5,2023-12-20T00:00:00Z,Books
cart_000915,user_02613,prod_0048,2,258.97,2023-12-12T00:00:00Z,Books
cart_000915,user_02613,prod_0065,1,81.67,2023-12-25T00:00:00Z,Sports & Fitness
cart_000915,user_02613,prod_0005,3,137.07,2023-12-03T00:00:00Z,Electronics
cart_000915,user_02613,prod_0042,1,72.65,2023-12-16T00:00:00Z,Home & Kitchen
cart_000916,user_02614,prod_0041,2,77.88,2023-12-29T00:00:00Z,Home & Kitchen
cart_000916,user_02614,prod_0058,2,148.08,2023-12-21T00:00:00Z,Books
cart_000916,user_02614,prod_0036,1,147.88,2023-12-16T00:00:00Z,Home & Kitchen
cart_000917,user_02618,prod_0003,2,129.05,2023-12-05T00:00:00Z,Electronics
cart_000917,user_02618,prod_0049,1,219.09,2023-12-29T00:00:00Z,Books
cart_000917,user_02618,prod_0058,2,148.08,2023-12-18T00:00:00Z,Books
cart_000917,user_02618,prod_0048,3,258.97,2023-12-14T00:00:00Z,Books
cart_000917,user_02618,prod_0046,3,76.44,2023-12-30T00:00:00Z,Books
cart_000918,user_02620,prod_0002,1,46.02,2023-12-04T00:00:00Z,Electronics
cart_000918,user_02620,prod_0019,3,273.46,2023-12-31T00:00:00Z,Fashion
cart_000919,user_02621,prod_0058,1,148.08,2023-12-06T00:00:00Z,Books
cart_000919,user_02621,prod_0066,1,121.36,2023-12-22T00:00:00Z,Sports & Fitness
cart_000919,user_02621,prod_0057,2,209.8,2023-12-24T00:00:00Z,Books
cart_000919,user_02621,prod_0033,1,181.09,2023-12-03T00:00:00Z,Home & Kitchen
cart_000919,user_02621,prod_0087,3,126.04,2023-12-25T00:00:00Z,Toys & Games
cart_000919,user_02621,prod_0053,2,163.93,2023-12-09T00:00:00Z,Books
cart_000920,user_02622,prod_0005,1,137.07,2023-12-15T00:00:00Z,Electronics
cart_000920,user_02622,prod_0030,2,229.02,2023-12-20T00:00:00Z,Fashion
cart_000920,user_02622,prod_0029,1,138.39,2023-12-04T00:00:00Z,Fashion
cart_000920,user_02622,prod_0072,2,245.23,2023-12-11T00:00:00Z,Beauty
cart_000920,user_02622,prod_0088,2,236.49,2023-12-16T00:00:00Z,Toys & Games
cart_000920,user_02622,prod_0074,1,50.7,2023-12-15T00:00:00Z,Beauty
cart_000921,user_02623,prod_0049,3,219.09,2023-12-23T00:00:00Z,Books
cart_000922,user_02624,prod_0081,1,250.37,2023-12-12T00:00:00Z,Toys & Games
cart_000922,user_02624,prod_0036,2,147.88,2023-12-29T00:00:00Z,Home & Kitchen
cart_000922,user_02624,prod_0086,1,12.29,2023-12-31T00:00:00Z,Toys & Games
cart_000922,user_02624,prod_0077,3,129.53,2023-12-07T00:00:00Z,Beauty
cart_000923,user_02629,prod_0073,3,44.48,2023-12-24T00:00:00Z,Beauty
cart_000924,user_02630,prod_0039,1,227.05,2023-12-12T00:00:00Z,Home & Kitchen
cart_000924,user_02630,prod_0092,3,87.06,2023-12-31T00:00:00Z,Automotive
cart_000924,user_02630,prod_0041,1,77.88,2023-12-28T00:00:00Z,Home & Kitchen
cart_000924,user_02630,prod_0087,1,126.04,2023-12-30T00:00:00Z,Toys & Games
cart_000924,user_02630,prod_0014,1,66.6,2023-12-28T00:00:00Z,Electronics
cart_000925,user_02635,prod_0069,3,153.73,2023-12-10T00:00:00Z,Sports & Fitness
cart_000925,user_02635,prod_0048,1,258.97,2023-12-22T00:00:00Z,Books
cart_000925,user_02635,prod_0088,1,236.49,2023-12-25T00:00:00Z,Toys & Games
cart_000925,user_02635,prod_0062,1,24.98,2023-12-26T00:00:00Z,Sports & Fitness
cart_000925,user_02635,prod_0023,3,298.21,2023-12-21T00:00:00Z,Fashion
cart_000926,user_02637,prod_0046,1,76.44,2023-12-31T00:00:00Z,Books
cart_000927,user_02640,prod_0073,1,44.48,2023-12-30T00:00:00Z,Beauty
cart_000927,user_02640,prod_0006,3,51.94,2023-12-03T00:00:00Z,Electronics
cart_000928,user_02642,prod_0078,2,43.46,2023-12-14T00:00:00Z,Beauty
cart_000928,user_02642,prod_0030,1,229.02,2023-12-12T00:00:00Z,Fashion
cart_000929,user_02643,prod_0029,3,138.39,2023-12-27T00:00:00Z,Fashion
cart_000929,user_02643,prod_0054,3,254.52,2023-12-19T00:00:00Z,Books
cart_000929,user_02643,prod_0008,2,110.54,2023-12-31T00:00:00Z,Electronics
cart_000929,user_02643,prod_0051,1,141.01,2023-12-26T00:00:00Z,Books
cart_000929,user_02643,prod_0085,2,74.6,2023-12-20T00:00:00Z,Toys & Games
cart_000930,user_02644,prod_0047,1,33.5,2023-12-06T00:00:00Z,Books
cart_000930,user_02644,prod_0024,2,18.85,2023-12-28T00:00:00Z,Fashion
cart_000930,user_02644,prod_0021,2,46.05,2023-12-12T00:00:00Z,Fashion
cart_000930,user_02644,prod_0016,3,84.36,2023-12-23T00:00:00Z,Fashion
cart_000930,user_02644,prod_0057,3,209.8,2023-12-13T00:00:00Z,Books
cart_000931,user_02646,prod_0038,1,160.14,2023-12-17T00:00:00Z,Home & Kitchen
cart_000931,user_02646,prod_0023,2,298.21,2023-12-25T00:00:00Z,Fashion
cart_000932,user_02648,prod_0007,3,286.42,2023-12-21T00:00:00Z,Electronics
cart_000932,user_02648,prod_0015,2,55.31,2023-12-16T00:00:00Z,Electronics
cart_000932,user_02648,prod_0099,2,25.57,2024-01-01T00:00:00Z,Automotive
cart_000932,user_02648,prod_0006,3,51.94,2023-12-09T00:00:00Z,Electronics
cart_000932,user_02648,prod_0025,2,129.12,2023-12-11T00:00:00Z,Fashion
cart_000932,user_02648,prod_0078,3,43.46,2023-12-13T00:00:00Z,Beauty
cart_000933,user_02650,prod_0013,3,138.3,2023-12-05T00:00:00Z,Electronics
cart_000933,user_02650,prod_0049,1,219.09,2023-12-28T00:00:00Z,Books
cart_000933,user_02650,prod_0009,2,219.54,2023-12-16T00:00:00Z,Electronics
cart_000933,user_02650,prod_0047,2,33.5,2023-12-12T00:00:00Z,Books
cart_000934,user_02654,prod_0021,1,46.05,2023-12-08T00:00:00Z,Fashion
cart_000934,user_02654,prod_0046,2,76.44,2023-12-11T00:00:00Z,Books
cart_000934,user_02654,prod_0055,1,259.21,2023-12-27T00:00:00Z,Books
cart_000935,user_02658,prod_0077,3,129.53,2023-12-16T00:00:00Z,Beauty
cart_000936,user_02659,prod_0006,3,51.94,2023-12-28T00:00:00Z,Electronics
cart_000936,user_02659,prod_0031,3,92.74,2023-12-18T00:00:00Z,Home & Kitchen
cart_000936,user_02659,prod_0009,3,219.54,2023-12-29T00:00:00Z,Electronics
cart_000936,user_02659,prod_0080,2,282.84,2023-12-02T00:00:00Z,Beauty
cart_000936,user_02659,prod_0068,3,298.55,2023-12-17T00:00:00Z,Sports & Fitness
cart_000936,user_02659,prod_0007,1,286.42,2023-12-28T00:00:00Z,Electronics
cart_000937,user_02660,prod_0090,2,246.24,2023-12-29T00:00:00Z,Toys & Games
cart_000937,user_02660,prod_0089,1,70.4,2024-01-01T00:00:00Z,Toys & Games
cart_000938,user_02662,prod_0079,1,167.19,2023-12-16T00:00:00Z,Beauty
cart_000938,user_02662,prod_0054,3,254.52,2023-12-03T00:00:00Z,Books
cart_000938,user_02662,prod_0083,2,66.76,2023-12-22T00:00:00Z,Toys & Games
cart_000939,user_02666,prod_0009,1,219.54,2023-12-05T00:00:00Z,Electronics
cart_000939,user_02666,prod_0047,1,33.5,2023-12-15T00:00:00Z,Books
cart_000939,user_02666,prod_0037,2,42.75,2023-12-22T00:00:00Z,Home & Kitchen
cart_000940,user_02669,prod_0015,2,55.31,2023-12-10T00:00:00Z,Electronics
cart_000940,user_02669,prod_0001,3,192.99,2023-12-15T00:00:00Z,Electronics
cart_000940,user_02669,prod_0057,2,209.8,2023-12-22T00:00:00Z,Books
cart_000940,user_02669,prod_0052,1,258.24,2023-12-15T00:00:00Z,Books
cart_000940,user_02669,prod_0002,2,46.02,2023-12-04T00:00:00Z,Electronics
cart_000940,user_02669,prod_0022,1,176.87,2023-12-16T00:00:00Z,Fashion
cart_000941,user_02672,prod_0073,1,44.48,2023-12-25T00:00:00Z,Beauty
cart_000941,user_02672,prod_0013,3,138.3,2023-12-22T00:00:00Z,Electronics
cart_000941,user_02672,prod_0040,3,202.48,2023-12-15T00:00:00Z,Home & Kitchen
cart_000941,user_02672,prod_0012,2,294.66,2023-12-03T00:00:00Z,Electronics
cart_000941,user_02672,prod_0015,2,55.31,2023-12-24T00:00:00Z,Electronics
cart_000942,user_02674,prod_0084,2,169.61,2023-12-12T00:00:00Z,Toys & Games
cart_000942,user_02674,prod_0057,1,209.8,2023-12-07T00:00:00Z,Books
cart_000942,user_02674,prod_0031,2,92.74,2023-12-14T00:00:00Z,Home & Kitchen
cart_000943,user_02675,prod_0049,1,219.09,2023-12-07T00:00:00Z,Books
cart_000943,user_02675,prod_0057,1,209.8,2023-12-13T00:00:00Z,Books
cart_000943,user_02675,prod_0010,2,91.19,2023-12-09T00:00:00Z,Electronics
cart_000943,user_02675,prod_0046,2,76.44,2023-12-20T00:00:00Z,Books
cart_000943,user_02675,prod_0011,1,212.14,2023-12-26T00:00:00Z,Electronics
cart_000944,user_02678,prod_0070,2,263.51,2023-12-27T00:00:00Z,Sports & Fitness
cart_000944,user_02678,prod_0052,2,258.24,2023-12-28T00:00:00Z,Books
cart_000944,user_02678,prod_0059,1,175.28,2023-12-24T00:00:00Z,Books
cart_000944,user_02678,prod_0076,3,78.83,2023-12-17T00:00:00Z,Beauty
cart_000945,user_02680,prod_0003,3,129.05,2023-12-23T00:00:00Z,Electronics
cart_000945,user_02680,prod_0013,2,138.3,2023-12-10T00:00:00Z,Electronics
cart_000946,user_02684,prod_0013,1,138.3,2023-12-30T00:00:00Z,Electronics
cart_000947,user_02686,prod_0073,3,44.48,2023-12-14T00:00:00Z,Beauty
cart_000947,user_02686,prod_0088,3,236.49,2023-12-22T00:00:00Z,Toys & Games
cart_000947,user_02686,prod_0024,3,18.85,2023-12-07T00:00:00Z,Fashion
cart_000947,user_02686,prod_0001,3,192.99,2023-12-27T00:00:00Z,Electronics
cart_000947,user_02686,prod_0012,3,294.66,2023-12-16T00:00:00Z,Electronics
cart_000947,user_02686,prod_0094,2,290.3,2023-12-04T00:00:00Z,Automotive
cart_000948,user_02688,prod_0072,1,245.23,2023-12-28T00:00:00Z,Beauty
cart_000948,user_02688,prod_0027,2,8.38,2023-12-20T00:00:00Z,Fashion
cart_000948,user_02688,prod_0034,2,263.34,2024-01-01T00:00:00Z,Home & Kitchen
cart_000949,user_02691,prod_0045,1,43.9,2023-12-17T00:00:00Z,Home & Kitchen
cart_000949,user_02691,prod_0049,3,219.09,2023-12-27T00:00:00Z,Books
cart_000949,user_02691,prod_0055,3,259.21,2023-12-08T00:00:00Z,Books
cart_000949,user_02691,prod_0057,2,209.8,2023-12-27T00:00:00Z,Books
cart_000949,user_02691,prod_0058,2,148.08,2023-12-24T00:00:00Z,Books
cart_000950,user_02693,prod_0096,3,294.37,2024-01-01T00:00:00Z,Automotive
cart_000950,user_02693,prod_0071,1,164.71,2023-12-30T00:00:00Z,Beauty
cart_000950,user_02693,prod_0037,1,42.75,2023-12-21T00:00:00Z,Home & Kitchen
cart_000950,user_02693,prod_0038,1,160.14,2023-12-28T00:00:00Z,Home & Kitchen
cart_000950,user_02693,prod_0095,1,180.39,2023-12-23T00:00:00Z,Automotive
cart_000951,user_02695,prod_0013,2,138.3,2023-12-24T00:00:00Z,Electronics
cart_000951,user_02695,prod_0051,3,141.01,2023-12-31T00:00:00Z,Books
cart_000952,user_02699,prod_0053,1,163.93,2023-12-29T00:00:00Z,Books
cart_000952,user_02699,prod_0057,3,209.8,2023-12-06T00:00:00Z,Books
cart_000952,user_02699,prod_0009,3,219.54,2023-12-12T00:00:00Z,Electronics
cart_000952,user_02699,prod_0051,1,141.01,2023-12-19T00:00:00Z,Books
cart_000952,user_02699,prod_0091,1,61.78,2023-12-21T00:00:00Z,Automotive
cart_000953,user_02700,prod_0072,3,245.23,2023-12-22T00:00:00Z,Beauty
cart_000953,user_02700,prod_0095,1,180.39,2023-12-06T00:00:00Z,Automotive
cart_000953,user_02700,prod_0035,1,75.82,2023-12-13T00:00:00Z,Home & Kitchen
cart_000953,user_02700,prod_0042,1,72.65,2023-12-10T00:00:00Z,Home & Kitchen
cart_000954,user_02703,prod_0016,3,84.36,2023-12-18T00:00:00Z,Fashion
cart_000954,user_02703,prod_0091,2,61.78,2023-12-11T00:00:00Z,Automotive
cart_000954,user_02703,prod_0013,2,138.3,2023-12-26T00:00:00Z,Electronics
cart_000954,user_02703,prod_0068,2,298.55,2023-12-06T00:00:00Z,Sports & Fitness
cart_000954,user_02703,prod_0020,2,151.77,2023-12-30T00:00:00Z,Fashion
cart_000954,user_02703,prod_0079,2,167.19,2023-12-14T00:00:00Z,Beauty
cart_000955,user_02711,prod_0005,1,137.07,2023-12-30T00:00:00Z,Electronics
cart_000955,user_02711,prod_0084,1,169.61,2023-12-24T00:00:00Z,Toys & Games
cart_000955,user_02711,prod_0052,2,258.24,2023-12-27T00:00:00Z,Books
cart_000955,user_02711,prod_0032,3,229.18,2023-12-15T00:00:00Z,Home & Kitchen
cart_000955,user_02711,prod_0009,2,219.54,2023-12-12T00:00:00Z,Electronics
cart_000956,user_02712,prod_0040,2,202.48,2023-12-12T00:00:00Z,Home & Kitchen
cart_000956,user_02712,prod_0089,3,70.4,2023-12-18T00:00:00Z,Toys & Games
cart_000956,user_02712,prod_0087,3,126.04,2023-12-14T00:00:00Z,Toys & Games
cart_000956,user_02712,prod_0013,2,138.3,2023-12-22T00:00:00Z,Electronics
cart_000957,user_02713,prod_0006,3,51.94,2023-12-21T00:00:00Z,Electronics
cart_000957,user_02713,prod_0015,3,55.31,2023-12-27T00:00:00Z,Electronics
cart_000957,user_02713,prod_0002,1,46.02,2023-12-27T00:00:00Z,Electronics
cart_000957,user_02713,prod_0083,3,66.76,2023-12-24T00:00:00Z,Toys & Games
cart_000957,user_02713,prod_0075,1,64.86,2023-12-25T00:00:00Z,Beauty
cart_000958,user_02715,prod_0042,1,72.65,2023-12-05T00:00:00Z,Home & Kitchen
cart_000958,user_02715,prod_0090,3,246.24,2023-12-04T00:00:00Z,Toys & Games
cart_000958,user_02715,prod_0056,1,294.68,2023-12-06T00:00:00Z,Books
cart_000958,user_02715,prod_0059,2,175.28,2023-12-16T00:00:00Z,Books
cart_000958,user_02715,prod_0027,3,8.38,2023-12-16T00:00:00Z,Fashion
cart_000959,user_02716,prod_0082,3,17.3,2023-12-09T00:00:00Z,Toys & Games
cart_000959,user_02716,prod_0057,1,209.8,2023-12-06T00:00:00Z,Books
cart_000959,user_02716,prod_0046,1,76.44,2023-12-25T00:00:00Z,Books
cart_000960,user_02724,prod_0016,2,84.36,2023-12-28T00:00:00Z,Fashion
cart_000961,user_02725,prod_0008,2,110.54,2023-12-09T00:00:00Z,Electronics
cart_000961,user_02725,prod_0013,3,138.3,2023-12-19T00:00:00Z,Electronics
cart_000961,user_02725,prod_0059,1,175.28,2023-12-06T00:00:00Z,Books
cart_000962,user_02726,prod_0007,3,286.42,2023-12-23T00:00:00Z,Electronics
cart_000962,user_02726,prod_0012,3,294.66,2023-12-22T00:00:00Z,Electronics
cart_000962,user_02726,prod_0002,3,46.02,2023-12-28T00:00:00Z,Electronics
cart_000962,user_02726,prod_0027,3,8.38,2023-12-10T00:00:00Z,Fashion
cart_000962,user_02726,prod_0083,3,66.76,2023-12-04T00:00:00Z,Toys & Games
cart_000963,user_02729,prod_0019,2,273.46,2023-12-28T00:00:00Z,Fashion
cart_000963,user_02729,prod_0039,2,227.05,2023-12-17T00:00:00Z,Home & Kitchen
cart_000964,user_02735,prod_0060,3,176.75,2023-12-27T00:00:00Z,Books
cart_000964,user_02735,prod_0049,2,219.09,2023-12-16T00:00:00Z,Books
cart_000964,user_02735,prod_0051,2,141.01,2023-12-20T00:00:00Z,Books
cart_000965,user_02736,prod_0012,3,294.66,2023-12-14T00:00:00Z,Electronics
cart_000965,user_02736,prod_0094,2,290.3,2023-12-22T00:00:00Z,Automotive
cart_000965,user_02736,prod_0078,2,43.46,2023-12-03T00:00:00Z,Beauty
cart_000965,user_02736,prod_0013,1,138.3,2023-12-06T00:00:00Z,Electronics
cart_000965,user_02736,prod_0073,2,44.48,2023-12-17T00:00:00Z,Beauty
cart_000966,user_02738,prod_0044,1,25.83,2024-01-01T00:00:00Z,Home & Kitchen
cart_000966,user_02738,prod_0018,2,14.44,2023-12-16T00:00:00Z,Fashion
cart_000966,user_02738,prod_0008,2,110.54,2023-12-23T00:00:00Z,Electronics
cart_000966,user_02738,prod_0023,2,298.21,2023-12-03T00:00:00Z,Fashion
cart_000967,user_02741,prod_0046,3,76.44,2023-12-10T00:00:00Z,Books
cart_000968,user_02742,prod_0037,3,42.75,2023-12-19T00:00:00Z,Home & Kitchen
cart_000968,user_02742,prod_0003,3,129.05,2023-12-10T00:00:00Z,Electronics
cart_000968,user_02742,prod_0012,2,294.66,2023-12-12T00:00:00Z,Electronics
cart_000968,user_02742,prod_0081,3,250.37,2023-12-27T00:00:00Z,Toys & Games
cart_000968,user_02742,prod_0001,1,192.99,2023-12-07T00:00:00Z,Electronics
cart_000968,user_02742,prod_0018,3,14.44,2023-12-09T00:00:00Z,Fashion
cart_000969,user_02744,prod_0021,3,46.05,2023-12-14T00:00:00Z,Fashion
cart_000969,user_02744,prod_0085,3,74.6,2023-12-29T00:00:00Z,Toys & Games
cart_000969,user_02744,prod_0018,2,14.44,2023-12-02T00:00:00Z,Fashion
cart_000970,user_02749,prod_0039,2,227.05,2023-12-22T00:00:00Z,Home & Kitchen
cart_000970,user_02749,prod_0025,3,129.12,2023-12-11T00:00:00Z,Fashion
cart_000970,user_02749,prod_0053,3,163.93,2023-12-05T00:00:00Z,Books
cart_000970,user_02749,prod_0068,1,298.55,2023-12-04T00:00:00Z,Sports & Fitness
cart_000971,user_02751,prod_0062,2,24.98,2023-12-26T00:00:00Z,Sports & Fitness
cart_000971,user_02751,prod_0043,2,22.31,2023-12-31T00:00:00Z,Home & Kitchen
cart_000972,user_02752,prod_0056,1,294.68,2023-12-18T00:00:00Z,Books
cart_000972,user_02752,prod_0042,1,72.65,2023-12-06T00:00:00Z,Home & Kitchen
cart_000973,user_02753,prod_0006,2,51.94,2023-12-27T00:00:00Z,Electronics
cart_000973,user_02753,prod_0049,1,219.09,2023-12-24T00:00:00Z,Books
cart_000974,user_02754,prod_0013,3,138.3,2023-12-14T00:00:00Z,Electronics
cart_000974,user_02754,prod_0047,3,33.5,2023-12-20T00:00:00Z,Books
cart_000974,user_02754,prod_0045,3,43.9,2023-12-19T00:00:00Z,Home & Kitchen
cart_000974,user_02754,prod_0057,3,209.8,2023-12-16T00:00:00Z,Books
cart_000974,user_02754,prod_0042,1,72.65,2023-12-07T00:00:00Z,Home & Kitchen
cart_000975,user_02756,prod_0022,2,176.87,2023-12-18T00:00:00Z,Fashion
cart_000975,user_02756,prod_0031,1,92.74,2023-12-10T00:00:00Z,Home & Kitchen
cart_000975,user_02756,prod_0014,2,66.6,2024-01-01T00:00:00Z,Electronics
cart_000975,user_02756,prod_0087,3,126.04,2023-12-02T00:00:00Z,Toys & Games
cart_000976,user_02757,prod_0029,3,138.39,2024-01-01T00:00:00Z,Fashion
cart_000976,user_02757,prod_0079,2,167.19,2023-12-03T00:00:00Z,Beauty
cart_000976,user_02757,prod_0016,1,84.36,2023-12-11T00:00:00Z,Fashion
cart_000977,user_02758,prod_0062,3,24.98,2024-01-01T00:00:00Z,Sports & Fitness
cart_000977,user_02758,prod_0057,2,209.8,2023-12-12T00:00:00Z,Books
cart_000977,user_02758,prod_0084,3,169.61,2023-12-19T00:00:00Z,Toys & Games
cart_000977,user_02758,prod_0064,1,128.25,2023-12-28T00:00:00Z,Sports & Fitness
cart_000977,user_02758,prod_0049,3,219.09,2024-01-01T00:00:00Z,Books
cart_000977,user_02758,prod_0028,3,230.97,2023-12-24T00:00:00Z,Fashion
cart_000978,user_02761,prod_0017,2,100.34,2023-12-09T00:00:00Z,Fashion
cart_000978,user_02761,prod_0045,2,43.9,2023-12-27T00:00:00Z,Home & Kitchen
cart_000979,user_02762,prod_0037,2,42.75,2023-12-22T00:00:00Z,Home & Kitchen
cart_000979,user_02762,prod_0071,3,164.71,2023-12-05T00:00:00Z,Beauty
cart_000980,user_02767,prod_0071,1,164.71,2023-12-29T00:00:00Z,Beauty
cart_000980,user_02767,prod_0013,2,138.3,2023-12-21T00:00:00Z,Electronics
cart_000980,user_02767,prod_0057,2,209.8,2023-12-23T00:00:00Z,Books
cart_000980,user_02767,prod_0055,3,259.21,2023-12-14T00:00:00Z,Books
cart_000980,user_02767,prod_0053,2,163.93,2023-12-16T00:00:00Z,Books
cart_000981,user_02775,prod_0055,2,259.21,2023-12-10T00:00:00Z,Books
cart_000981,user_02775,prod_0016,3,84.36,2023-12-10T00:00:00Z,Fashion
cart_000981,user_02775,prod_0018,1,14.44,2023-12-07T00:00:00Z,Fashion
cart_000981,user_02775,prod_0041,1,77.88,2024-01-01T00:00:00Z,Home & Kitchen
cart_000982,user_02777,prod_0060,1,176.75,2023-12-27T00:00:00Z,Books
cart_000982,user_02777,prod_0004,2,181.99,2023-12-16T00:00:00Z,Electronics
cart_000982,user_02777,prod_0036,1,147.88,2023-12-18T00:00:00Z,Home & Kitchen
cart_000982,user_02777,prod_0045,2,43.9,2023-12-02T00:00:00Z,Home & Kitchen
cart_000982,user_02777,prod_0082,3,17.3,2023-12-08T00:00:00Z,Toys & Games
cart_000982,user_02777,prod_0077,3,129.53,2023-12-09T00:00:00Z,Beauty
cart_000983,user_02778,prod_0048,2,258.97,2023-12-30T00:00:00Z,Books
cart_000983,user_02778,prod_0083,1,66.76,2024-01-01T00:00:00Z,Toys & Games
cart_000984,user_02779,prod_0022,3,176.87,2023-12-21T00:00:00Z,Fashion
cart_000984,user_02779,prod_0071,2,164.71,2023-12-27T00:00:00Z,Beauty
cart_000985,user_02780,prod_0026,3,142.61,2023-12-11T00:00:00Z,Fashion
cart_000986,user_02782,prod_0044,2,25.83,2023-12-11T00:00:00Z,Home & Kitchen
cart_000987,user_02785,prod_0100,1,200.04,2023-12-28T00:00:00Z,Automotive
cart_000988,user_02791,prod_0014,1,66.6,2023-12-03T00:00:00Z,Electronics
cart_000989,user_02793,prod_0058,3,148.08,2023-12-31T00:00:00Z,Books
cart_000989,user_02793,prod_0032,3,229.18,2023-12-25T00:00:00Z,Home & Kitchen
cart_000989,user_02793,prod_0054,1,254.52,2023-12-16T00:00:00Z,Books
cart_000990,user_02796,prod_0017,2,100.34,2023-12-04T00:00:00Z,Fashion
cart_000991,user_02801,prod_0034,1,263.34,2023-12-20T00:00:00Z,Home & Kitchen
cart_000991,user_02801,prod_0057,1,209.8,2023-12-04T00:00:00Z,Books
cart_000991,user_02801,prod_0041,2,77.88,2023-12-26T00:00:00Z,Home & Kitchen
cart_000991,user_02801,prod_0024,2,18.85,2023-12-23T00:00:00Z,Fashion
cart_000991,user_02801,prod_0036,3,147.88,2024-01-01T00:00:00Z,Home & Kitchen
cart_000992,user_02806,prod_0047,2,33.5,2023-12-29T00:00:00Z,Books
cart_000992,user_02806,prod_0089,2,70.4,2023-12-27T00:00:00Z,Toys & Games
cart_000992,user_02806,prod_0014,2,66.6,2023-12-24T00:00:00Z,Electronics
cart_000992,user_02806,prod_0037,3,42.75,2023-12-15T00:00:00Z,Home & Kitchen
cart_000992,user_02806,prod_0071,2,164.71,2023-12-10T00:00:00Z,Beauty
cart_000992,user_02806,prod_0083,3,66.76,2023-12-13T00:00:00Z,Toys & Games
cart_000993,user_02808,prod_0017,3,100.34,2023-12-16T00:00:00Z,Fashion
cart_000993,user_02808,prod_0005,1,137.07,2023-12-11T00:00:00Z,Electronics
cart_000993,user_02808,prod_0057,2,209.8,2023-12-24T00:00:00Z,Books
cart_000993,user_02808,prod_0048,1,258.97,2024-01-01T00:00:00Z,Books
cart_000993,user_02808,prod_0063,2,266.74,2023-12-08T00:00:00Z,Sports & Fitness
cart_000994,user_02810,prod_0014,3,66.6,2023-12-25T00:00:00Z,Electronics
cart_000995,user_02813,prod_0006,3,51.94,2023-12-09T00:00:00Z,Electronics
cart_000995,user_02813,prod_0022,2,176.87,2023-12-20T00:00:00Z,Fashion
cart_000995,user_02813,prod_0019,2,273.46,2023-12-03T00:00:00Z,Fashion
cart_000996,user_02814,prod_0048,2,258.97,2023-12-14T00:00:00Z,Books
cart_000996,user_02814,prod_0063,1,266.74,2023-12-27T00:00:00Z,Sports & Fitness
cart_000996,user_02814,prod_0046,1,76.44,2023-12-05T00:00:00Z,Books
cart_000997,user_02821,prod_0055,3,259.21,2023-12-17T00:00:00Z,Books
cart_000997,user_02821,prod_0089,1,70.4,2023-12-31T00:00:00Z,Toys & Games
cart_000997,user_02821,prod_0044,3,25.83,2024-01-01T00:00:00Z,Home & Kitchen
cart_000997,user_02821,prod_0054,1,254.52,2023-12-31T00:00:00Z,Books
cart_000997,user_02821,prod_0060,1,176.75,2023-12-25T00:00:00Z,Books
cart_000997,user_02821,prod_0048,3,258.97,2023-12-25T00:00:00Z,Books
cart_000998,user_02826,prod_0069,2,153.73,2023-12-31T00:00:00Z,Sports & Fitness
cart_000998,user_02826,prod_0011,2,212.14,2023-12-02T00:00:00Z,Electronics
cart_000998,user_02826,prod_0031,3,92.74,2024-01-01T00:00:00Z,Home & Kitchen
cart_000998,user_02826,prod_0060,2,176.75,2023-12-23T00:00:00Z,Books
cart_000998,user_02826,prod_0047,3,33.5,2023-12-11T00:00:00Z,Books
cart_000999,user_02827,prod_0020,3,151.77,2023-12-10T00:00:00Z,Fashion
cart_001000,user_02828,prod_0012,1,294.66,2023-12-10T00:00:00Z,Electronics
cart_001000,user_02828,prod_0004,3,181.99,2023-12-18T00:00:00Z,Electronics
cart_001000,user_02828,prod_0035,3,75.82,2023-12-06T00:00:00Z,Home & Kitchen
cart_001000,user_02828,prod_0071,1,164.71,2023-12-26T00:00:00Z,Beauty
cart_001000,user_02828,prod_0002,2,46.02,2023-12-08T00:00:00Z,Electronics
cart_001000,user_02828,prod_0058,2,148.08,2023-12-24T00:00:00Z,Books
cart_001001,user_02831,prod_0096,2,294.37,2023-12-15T00:00:00Z,Automotive
cart_001001,user_02831,prod_0029,3,138.39,2024-01-01T00:00:00Z,Fashion
cart_001001,user_02831,prod_0098,3,163.3,2023-12-02T00:00:00Z,Automotive
cart_001001,user_02831,prod_0039,3,227.05,2023-12-13T00:00:00Z,Home & Kitchen
cart_001001,user_02831,prod_0041,1,77.88,2023-12-26T00:00:00Z,Home & Kitchen
cart_001001,user_02831,prod_0056,2,294.68,2023-12-10T00:00:00Z,Books
cart_001002,user_02832,prod_0042,3,72.65,2023-12-11T00:00:00Z,Home & Kitchen
cart_001002,user_02832,prod_0036,3,147.88,2023-12-15T00:00:00Z,Home & Kitchen
cart_001002,user_02832,prod_0005,2,137.07,2023-12-07T00:00:00Z,Electronics
cart_001002,user_02832,prod_0047,1,33.5,2023-12-15T00:00:00Z,Books
cart_001002,user_02832,prod_0054,1,254.52,2024-01-01T00:00:00Z,Books
cart_001003,user_02838,prod_0062,3,24.98,2023-12-10T00:00:00Z,Sports & Fitness
cart_001004,user_02841,prod_0068,1,298.55,2023-12-28T00:00:00Z,Sports & Fitness
cart_001004,user_02841,prod_0071,3,164.71,2023-12-22T00:00:00Z,Beauty
cart_001004,user_02841,prod_0023,1,298.21,2023-12-26T00:00:00Z,Fashion
cart_001004,user_02841,prod_0087,1,126.04,2024-01-01T00:00:00Z,Toys & Games
cart_001004,user_02841,prod_0081,3,250.37,2023-12-14T00:00:00Z,Toys & Games
cart_001005,user_02843,prod_0001,1,192.99,2023-12-26T00:00:00Z,Electronics
cart_001005,user_02843,prod_0049,1,219.09,2023-12-05T00:00:00Z,Books
cart_001005,user_02843,prod_0005,3,137.07,2023-12-12T00:00:00Z,Electronics
cart_001005,user_02843,prod_0006,2,51.94,2023-12-11T00:00:00Z,Electronics
cart_001005,user_02843,prod_0053,1,163.93,2023-12-16T00:00:00Z,Books
cart_001006,user_02845,prod_0048,2,258.97,2023-12-26T00:00:00Z,Books
cart_001006,user_02845,prod_0016,2,84.36,2023-12-11T00:00:00Z,Fashion
cart_001006,user_02845,prod_0055,2,259.21,2023-12-21T00:00:00Z,Books
cart_001007,user_02846,prod_0047,2,33.5,2023-12-23T00:00:00Z,Books
cart_001007,user_02846,prod_0037,1,42.75,2023-12-09T00:00:00Z,Home & Kitchen
cart_001008,user_02847,prod_0075,3,64.86,2023-12-25T00:00:00Z,Beauty
cart_001009,user_02848,prod_0053,1,163.93,2023-12-22T00:00:00Z,Books
cart_001009,user_02848,prod_0082,2,17.3,2023-12-18T00:00:00Z,Toys & Games
cart_001009,user_02848,prod_0039,2,227.05,2023-12-19T00:00:00Z,Home & Kitchen
cart_001009,user_02848,prod_0029,2,138.39,2023-12-26T00:00:00Z,Fashion
cart_001009,user_02848,prod_0015,3,55.31,2023-12-02T00:00:00Z,Electronics
cart_001010,user_02849,prod_0019,2,273.46,2023-12-16T00:00:00Z,Fashion
cart_001010,user_02849,prod_0018,1,14.44,2023-12-18T00:00:00Z,Fashion
cart_001010,user_02849,prod_0013,1,138.3,2023-12-05T00:00:00Z,Electronics
cart_001010,user_02849,prod_0016,1,84.36,2023-12-03T00:00:00Z,Fashion
cart_001011,user_02850,prod_0072,1,245.23,2023-12-17T00:00:00Z,Beauty
cart_001012,user_02852,prod_0038,1,160.14,2023-12-28T00:00:00Z,Home & Kitchen
cart_001013,user_02854,prod_0017,1,100.34,2023-12-09T00:00:00Z,Fashion
cart_001013,user_02854,prod_0075,2,64.86,2023-12-28T00:00:00Z,Beauty
cart_001013,user_02854,prod_0097,1,18.05,2023-12-12T00:00:00Z,Automotive
cart_001013,user_02854,prod_0008,2,110.54,2023-12-21T00:00:00Z,Electronics
cart_001013,user_02854,prod_0078,2,43.46,2023-12-22T00:00:00Z,Beauty
cart_001014,user_02858,prod_0044,1,25.83,2023-12-28T00:00:00Z,Home & Kitchen
cart_001015,user_02861,prod_0073,3,44.48,2023-12-20T00:00:00Z,Beauty
cart_001015,user_02861,prod_0032,3,229.18,2023-12-28T00:00:00Z,Home & Kitchen
cart_001015,user_02861,prod_0008,2,110.54,2023-12-14T00:00:00Z,Electronics
cart_001016,user_02864,prod_0025,2,129.12,2023-12-24T00:00:00Z,Fashion
cart_001016,user_02864,prod_0044,3,25.83,2023-12-16T00:00:00Z,Home & Kitchen
cart_001017,user_02870,prod_0024,1,18.85,2023-12-15T00:00:00Z,Fashion
cart_001017,user_02870,prod_0015,3,55.31,2023-12-16T00:00:00Z,Electronics
cart_001017,user_02870,prod_0048,1,258.97,2023-12-10T00:00:00Z,Books
cart_001018,user_02871,prod_0045,2,43.9,2023-12-26T00:00:00Z,Home & Kitchen
cart_001018,user_02871,prod_0039,2,227.05,2023-12-10T00:00:00Z,Home & Kitchen
cart_001018,user_02871,prod_0054,2,254.52,2023-12-08T00:00:00Z,Books
cart_001019,user_02872,prod_0034,1,263.34,2023-12-27T00:00:00Z,Home & Kitchen
cart_001019,user_02872,prod_0045,3,43.9,2023-12-22T00:00:00Z,Home & Kitchen
cart_001019,user_02872,prod_0031,2,92.74,2023-12-30T00:00:00Z,Home & Kitchen
cart_001019,user_02872,prod_0043,2,22.31,2023-12-28T00:00:00Z,Home & Kitchen
cart_001019,user_02872,prod_0039,2,227.05,2023-12-10T00:00:00Z,Home & Kitchen
cart_001020,user_02873,prod_0008,2,110.54,2023-12-22T00:00:00Z,Electronics
cart_001020,user_02873,prod_0087,1,126.04,2023-12-12T00:00:00Z,Toys & Games
cart_001021,user_02874,prod_0045,2,43.9,2023-12-18T00:00:00Z,Home & Kitchen
cart_001021,user_02874,prod_0059,1,175.28,2023-12-20T00:00:00Z,Books
cart_001021,user_02874,prod_0040,3,202.48,2023-12-21T00:00:00Z,Home & Kitchen
cart_001021,user_02874,prod_0054,2,254.52,2023-12-24T00:00:00Z,Books
cart_001022,user_02875,prod_0058,2,148.08,2023-12-14T00:00:00Z,Books
cart_001022,user_02875,prod_0093,1,253.04,2023-12-30T00:00:00Z,Automotive
cart_001023,user_02876,prod_0094,3,290.3,2023-12-24T00:00:00Z,Automotive
cart_001023,user_02876,prod_0055,3,259.21,2023-12-23T00:00:00Z,Books
cart_001024,user_02878,prod_0024,3,18.85,2023-12-28T00:00:00Z,Fashion
cart_001025,user_02879,prod_0097,2,18.05,2023-12-17T00:00:00Z,Automotive
cart_001025,user_02879,prod_0047,2,33.5,2023-12-27T00:00:00Z,Books
cart_001026,user_02883,prod_0006,3,51.94,2024-01-01T00:00:00Z,Electronics
cart_001027,user_02888,prod_0060,2,176.75,2023-12-27T00:00:00Z,Books
cart_001027,user_02888,prod_0088,3,236.49,2023-12-10T00:00:00Z,Toys & Games
cart_001027,user_02888,prod_0005,2,137.07,2023-12-05T00:00:00Z,Electronics
cart_001028,user_02895,prod_0051,2,141.01,2023-12-14T00:00:00Z,Books
cart_001028,user_02895,prod_0054,3,254.52,2023-12-22T00:00:00Z,Books
cart_001028,user_02895,prod_0049,2,219.09,2023-12-20T00:00:00Z,Books
cart_001028,user_02895,prod_0007,1,286.42,2023-12-07T00:00:00Z,Electronics
cart_001028,user_02895,prod_0057,1,209.8,2023-12-08T00:00:00Z,Books
cart_001029,user_02897,prod_0050,3,60.92,2023-12-24T00:00:00Z,Books
cart_001030,user_02898,prod_0078,2,43.46,2023-12-22T00:00:00Z,Beauty
cart_001030,user_02898,prod_0077,1,129.53,2023-12-15T00:00:00Z,Beauty
cart_001031,user_02899,prod_0053,1,163.93,2023-12-10T00:00:00Z,Books
cart_001031,user_02899,prod_0092,3,87.06,2023-12-18T00:00:00Z,Automotive
cart_001031,user_02899,prod_0061,1,287.47,2023-12-13T00:00:00Z,Sports & Fitness
cart_001031,user_02899,prod_0065,1,81.67,2023-12-04T00:00:00Z,Sports & Fitness
cart_001031,user_02899,prod_0052,1,258.24,2023-12-16T00:00:00Z,Books
cart_001031,user_02899,prod_0002,3,46.02,2023-12-29T00:00:00Z,Electronics
cart_001032,user_02902,prod_0099,2,25.57,2023-12-24T00:00:00Z,Automotive
cart_001032,user_02902,prod_0002,2,46.02,2023-12-06T00:00:00Z,Electronics
cart_001032,user_02902,prod_0049,3,219.09,2023-12-17T00:00:00Z,Books
cart_001032,user_02902,prod_0048,3,258.97,2023-12-04T00:00:00Z,Books
cart_001033,user_02903,prod_0092,2,87.06,2023-12-19T00:00:00Z,Automotive
cart_001033,user_02903,prod_0050,1,60.92,2023-12-03T00:00:00Z,Books
cart_001033,user_02903,prod_0047,1,33.5,2023-12-15T00:00:00Z,Books
cart_001033,user_02903,prod_0051,1,141.01,2023-12-23T00:00:00Z,Books
cart_001034,user_02904,prod_0067,3,278.13,2023-12-05T00:00:00Z,Sports & Fitness
cart_001034,user_02904,prod_0050,2,60.92,2023-12-05T00:00:00Z,Books
cart_001034,user_02904,prod_0003,1,129.05,2023-12-31T00:00:00Z,Electronics
cart_001035,user_02906,prod_0015,2,55.31,2023-12-02T00:00:00Z,Electronics
cart_001035,user_02906,prod_0084,1,169.61,2023-12-12T00:00:00Z,Toys & Games
cart_001035,user_02906,prod_0019,3,273.46,2023-12-06T00:00:00Z,Fashion
cart_001036,user_02907,prod_0006,2,51.94,2023-12-06T00:00:00Z,Electronics
cart_001036,user_02907,prod_0011,2,212.14,2023-12-07T00:00:00Z,Electronics
cart_001037,user_02908,prod_0080,3,282.84,2023-12-05T00:00:00Z,Beauty
cart_001037,user_02908,prod_0051,3,141.01,2023-12-10T00:00:00Z,Books
cart_001037,user_02908,prod_0091,2,61.78,2023-12-19T00:00:00Z,Automotive
cart_001037,user_02908,prod_0071,2,164.71,2023-12-28T00:00:00Z,Beauty
cart_001038,user_02909,prod_0099,3,25.57,2023-12-03T00:00:00Z,Automotive
cart_001038,user_02909,prod_0038,2,160.14,2023-12-05T00:00:00Z,Home & Kitchen
cart_001039,user_02910,prod_0090,3,246.24,2023-12-12T00:00:00Z,Toys & Games
cart_001039,user_02910,prod_0051,1,141.01,2023-12-29T00:00:00Z,Books
cart_001039,user_02910,prod_0001,1,192.99,2023-12-16T00:00:00Z,Electronics
cart_001039,user_02910,prod_0033,2,181.09,2023-12-08T00:00:00Z,Home & Kitchen
cart_001039,user_02910,prod_0061,1,287.47,2023-12-31T00:00:00Z,Sports & Fitness
cart_001039,user_02910,prod_0047,1,33.5,2023-12-23T00:00:00Z,Books
cart_001040,user_02912,prod_0061,1,287.47,2023-12-27T00:00:00Z,Sports & Fitness
cart_001040,user_02912,prod_0028,1,230.97,2023-12-08T00:00:00Z,Fashion
cart_001041,user_02915,prod_0060,1,176.75,2023-12-10T00:00:00Z,Books
cart_001041,user_02915,prod_0035,2,75.82,2023-12-25T00:00:00Z,Home & Kitchen
cart_001041,user_02915,prod_0045,2,43.9,2023-12-05T00:00:00Z,Home & Kitchen
cart_001041,user_02915,prod_0048,3,258.97,2023-12-13T00:00:00Z,Books
cart_001041,user_02915,prod_0037,3,42.75,2023-12-24T00:00:00Z,Home & Kitchen
cart_001042,user_02916,prod_0042,2,72.65,2023-12-11T00:00:00Z,Home & Kitchen
cart_001042,user_02916,prod_0048,2,258.97,2023-12-31T00:00:00Z,Books
cart_001043,user_02920,prod_0092,3,87.06,2023-12-24T00:00:00Z,Automotive
cart_001043,user_02920,prod_0008,2,110.54,2023-12-14T00:00:00Z,Electronics
cart_001043,user_02920,prod_0079,1,167.19,2023-12-12T00:00:00Z,Beauty
cart_001043,user_02920,prod_0001,2,192.99,2023-12-13T00:00:00Z,Electronics
cart_001043,user_02920,prod_0007,3,286.42,2023-12-22T00:00:00Z,Electronics
cart_001044,user_02922,prod_0001,1,192.99,2023-12-31T00:00:00Z,Electronics
cart_001044,user_02922,prod_0076,3,78.83,2023-12-23T00:00:00Z,Beauty
cart_001044,user_02922,prod_0031,1,92.74,2023-12-21T00:00:00Z,Home & Kitchen
cart_001044,user_02922,prod_0050,3,60.92,2023-12-25T00:00:00Z,Books
cart_001044,user_02922,prod_0063,1,266.74,2023-12-12T00:00:00Z,Sports & Fitness
cart_001044,user_02922,prod_0049,1,219.09,2023-12-31T00:00:00Z,Books
cart_001045,user_02925,prod_0098,2,163.3,2023-12-19T00:00:00Z,Automotive
cart_001046,user_02926,prod_0060,2,176.75,2023-12-18T00:00:00Z,Books
cart_001046,user_02926,prod_0053,3,163.93,2023-12-26T00:00:00Z,Books
cart_001047,user_02927,prod_0064,2,128.25,2023-12-09T00:00:00Z,Sports & Fitness
cart_001047,user_02927,prod_0061,2,287.47,2023-12-17T00:00:00Z,Sports & Fitness
cart_001047,user_02927,prod_0072,3,245.23,2023-12-28T00:00:00Z,Beauty
cart_001047,user_02927,prod_0060,1,176.75,2023-12-29T00:00:00Z,Books
cart_001047,user_02927,prod_0075,1,64.86,2024-01-01T00:00:00Z,Beauty
cart_001048,user_02930,prod_0087,1,126.04,2023-12-05T00:00:00Z,Toys & Games
cart_001048,user_02930,prod_0013,2,138.3,2023-12-12T00:00:00Z,Electronics
cart_001048,user_02930,prod_0066,1,121.36,2023-12-13T00:00:00Z,Sports & Fitness
cart_001048,user_02930,prod_0081,3,250.37,2023-12-22T00:00:00Z,Toys & Games
cart_001048,user_02930,prod_0010,1,91.19,2023-12-03T00:00:00Z,Electronics
cart_001048,user_02930,prod_0014,1,66.6,2023-12-12T00:00:00Z,Electronics
cart_001049,user_02931,prod_0039,3,227.05,2023-12-26T00:00:00Z,Home & Kitchen
cart_001049,user_02931,prod_0012,2,294.66,2023-12-05T00:00:00Z,Electronics
cart_001049,user_02931,prod_0096,1,294.37,2023-12-20T00:00:00Z,Automotive
cart_001049,user_02931,prod_0003,1,129.05,2023-12-26T00:00:00Z,Electronics
cart_001050,user_02932,prod_0046,3,76.44,2023-12-15T00:00:00Z,Books
cart_001050,user_02932,prod_0056,3,294.68,2023-12-26T00:00:00Z,Books
cart_001050,user_02932,prod_0099,1,25.57,2023-12-07T00:00:00Z,Automotive
cart_001050,user_02932,prod_0076,2,78.83,2023-12-04T00:00:00Z,Beauty
cart_001050,user_02932,prod_0078,3,43.46,2023-12-15T00:00:00Z,Beauty
cart_001050,user_02932,prod_0013,2,138.3,2023-12-10T00:00:00Z,Electronics
cart_001051,user_02934,prod_0052,1,258.24,2023-12-21T00:00:00Z,Books
cart_001052,user_02935,prod_0062,1,24.98,2023-12-08T00:00:00Z,Sports & Fitness
cart_001053,user_02938,prod_0005,3,137.07,2023-12-07T00:00:00Z,Electronics
cart_001053,user_02938,prod_0090,3,246.24,2023-12-05T00:00:00Z,Toys & Games
cart_001053,user_02938,prod_0002,1,46.02,2023-12-10T00:00:00Z,Electronics
cart_001054,user_02939,prod_0047,2,33.5,2023-12-06T00:00:00Z,Books
cart_001054,user_02939,prod_0006,1,51.94,2023-12-26T00:00:00Z,Electronics
cart_001054,user_02939,prod_0093,1,253.04,2023-12-07T00:00:00Z,Automotive
cart_001054,user_02939,prod_0080,1,282.84,2023-12-07T00:00:00Z,Beauty
cart_001054,user_02939,prod_0056,2,294.68,2023-12-10T00:00:00Z,Books
cart_001054,user_02939,prod_0089,1,70.4,2023-12-21T00:00:00Z,Toys & Games
cart_001055,user_02941,prod_0041,3,77.88,2023-12-13T00:00:00Z,Home & Kitchen
cart_001055,user_02941,prod_0032,1,229.18,2023-12-22T00:00:00Z,Home & Kitchen
cart_001055,user_02941,prod_0034,3,263.34,2023-12-11T00:00:00Z,Home & Kitchen
cart_001055,user_02941,prod_0057,2,209.8,2023-12-28T00:00:00Z,Books
cart_001055,user_02941,prod_0033,1,181.09,2023-12-25T00:00:00Z,Home & Kitchen
cart_001055,user_02941,prod_0038,3,160.14,2023-12-03T00:00:00Z,Home & Kitchen
cart_001056,user_02942,prod_0007,2,286.42,2024-01-01T00:00:00Z,Electronics
cart_001057,user_02944,prod_0062,3,24.98,2023-12-09T00:00:00Z,Sports & Fitness
cart_001057,user_02944,prod_0094,3,290.3,2023-12-31T00:00:00Z,Automotive
cart_001057,user_02944,prod_0072,3,245.23,2023-12-04T00:00:00Z,Beauty
cart_001058,user_02953,prod_0082,2,17.3,2023-12-20T00:00:00Z,Toys & Games
cart_001058,user_02953,prod_0039,3,227.05,2023-12-22T00:00:00Z,Home & Kitchen
cart_001058,user_02953,prod_0018,1,14.44,2023-12-22T00:00:00Z,Fashion
cart_001058,user_02953,prod_0071,2,164.71,2023-12-10T00:00:00Z,Beauty
cart_001058,user_02953,prod_0038,1,160.14,2023-12-07T00:00:00Z,Home & Kitchen
cart_001059,user_02954,prod_0090,3,246.24,2023-12-11T00:00:00Z,Toys & Games
cart_001059,user_02954,prod_0073,3,44.48,2023-12-18T00:00:00Z,Beauty
cart_001059,user_02954,prod_0052,3,258.24,2023-12-14T00:00:00Z,Books
cart_001059,user_02954,prod_0088,3,236.49,2023-12-09T00:00:00Z,Toys & Games
cart_001059,user_02954,prod_0083,2,66.76,2023-12-20T00:00:00Z,Toys & Games
cart_001059,user_02954,prod_0085,3,74.6,2023-12-02T00:00:00Z,Toys & Games
cart_001060,user_02955,prod_0013,1,138.3,2023-12-05T00:00:00Z,Electronics
cart_001060,user_02955,prod_0038,1,160.14,2023-12-27T00:00:00Z,Home & Kitchen
cart_001060,user_02955,prod_0019,1,273.46,2023-12-22T00:00:00Z,Fashion
cart_001060,user_02955,prod_0014,1,66.6,2023-12-22T00:00:00Z,Electronics
cart_001060,user_02955,prod_0001,1,192.99,2023-12-13T00:00:00Z,Electronics
cart_001061,user_02960,prod_0017,2,100.34,2023-12-23T00:00:00Z,Fashion
cart_001061,user_02960,prod_0023,2,298.21,2023-12-11T00:00:00Z,Fashion
cart_001061,user_02960,prod_0029,2,138.39,2023-12-10T00:00:00Z,Fashion
cart_001061,user_02960,prod_0007,2,286.42,2023-12-19T00:00:00Z,Electronics
cart_001062,user_02963,prod_0056,1,294.68,2023-12-25T00:00:00Z,Books
cart_001062,user_02963,prod_0014,3,66.6,2023-12-26T00:00:00Z,Electronics
cart_001062,user_02963,prod_0022,2,176.87,2023-12-09T00:00:00Z,Fashion
cart_001062,user_02963,prod_0030,1,229.02,2023-12-25T00:00:00Z,Fashion
cart_001062,user_02963,prod_0054,3,254.52,2023-12-29T00:00:00Z,Books
cart_001063,user_02967,prod_0055,1,259.21,2024-01-01T00:00:00Z,Books
cart_001063,user_02967,prod_0074,3,50.7,2023-12-02T00:00:00Z,Beauty
cart_001063,user_02967,prod_0053,2,163.93,2023-12-21T00:00:00Z,Books
cart_001064,user_02968,prod_0054,3,254.52,2023-12-30T00:00:00Z,Books
cart_001064,user_02968,prod_0060,2,176.75,2023-12-04T00:00:00Z,Books
cart_001064,user_02968,prod_0007,3,286.42,2024-01-01T00:00:00Z,Electronics
cart_001064,user_02968,prod_0046,3,76.44,2023-12-16T00:00:00Z,Books
cart_001064,user_02968,prod_0051,2,141.01,2023-12-16T00:00:00Z,Books
cart_001065,user_02970,prod_0054,1,254.52,2023-12-09T00:00:00Z,Books
cart_001065,user_02970,prod_0060,3,176.75,2023-12-17T00:00:00Z,Books
cart_001065,user_02970,prod_0037,2,42.75,2023-12-10T00:00:00Z,Home & Kitchen
cart_001065,user_02970,prod_0025,2,129.12,2023-12-27T00:00:00Z,Fashion
cart_001066,user_02974,prod_0069,2,153.73,2023-12-31T00:00:00Z,Sports & Fitness
cart_001066,user_02974,prod_0040,3,202.48,2023-12-03T00:00:00Z,Home & Kitchen
cart_001066,user_02974,prod_0080,3,282.84,2023-12-30T00:00:00Z,Beauty
cart_001066,user_02974,prod_0064,3,128.25,2023-12-03T00:00:00Z,Sports & Fitness
cart_001066,user_02974,prod_0088,3,236.49,2023-12-03T00:00:00Z,Toys & Games
cart_001066,user_02974,prod_0072,2,245.23,2023-12-03T00:00:00Z,Beauty
cart_001067,user_02975,prod_0074,1,50.7,2023-12-26T00:00:00Z,Beauty
cart_001067,user_02975,prod_0060,3,176.75,2023-12-07T00:00:00Z,Books
cart_001067,user_02975,prod_0083,3,66.76,2023-12-31T00:00:00Z,Toys & Games
cart_001068,user_02977,prod_0080,1,282.84,2023-12-26T00:00:00Z,Beauty
cart_001068,user_02977,prod_0031,1,92.74,2023-12-27T00:00:00Z,Home & Kitchen
cart_001068,user_02977,prod_0057,2,209.8,2023-12-05T00:00:00Z,Books
cart_001069,user_02981,prod_0030,1,229.02,2023-12-31T00:00:00Z,Fashion
cart_001069,user_02981,prod_0086,3,12.29,2023-12-18T00:00:00Z,Toys & Games
cart_001069,user_02981,prod_0074,2,50.7,2023-12-29T00:00:00Z,Beauty
cart_001069,user_02981,prod_0071,3,164.71,2023-12-17T00:00:00Z,Beauty
cart_001069,user_02981,prod_0017,2,100.34,2023-12-13T00:00:00Z,Fashion
cart_001070,user_02982,prod_0014,1,66.6,2023-12-20T00:00:00Z,Electronics
cart_001070,user_02982,prod_0012,3,294.66,2023-12-06T00:00:00Z,Electronics
cart_001071,user_02985,prod_0088,2,236.49,2023-12-16T00:00:00Z,Toys & Games
cart_001071,user_02985,prod_0002,1,46.02,2023-12-21T00:00:00Z,Electronics
cart_001071,user_02985,prod_0069,3,153.73,2023-12-02T00:00:00Z,Sports & Fitness
cart_001072,user_02992,prod_0092,2,87.06,2024-01-01T00:00:00Z,Automotive
cart_001072,user_02992,prod_0047,1,33.5,2023-12-28T00:00:00Z,Books
cart_001072,user_02992,prod_0057,1,209.8,2024-01-01T00:00:00Z,Books
cart_001073,user_03001,prod_0014,3,66.6,2023-12-26T00:00:00Z,Electronics
cart_001073,user_03001,prod_0030,3,229.02,2023-12-14T00:00:00Z,Fashion
cart_001073,user_03001,prod_0093,3,253.04,2023-12-30T00:00:00Z,Automotive
cart_001073,user_03001,prod_0008,3,110.54,2023-12-09T00:00:00Z,Electronics
cart_001073,user_03001,prod_0022,3,176.87,2023-12-31T00:00:00Z,Fashion
cart_001074,user_03002,prod_0039,2,227.05,2023-12-02T00:00:00Z,Home & Kitchen
cart_001074,user_03002,prod_0034,3,263.34,2023-12-13T00:00:00Z,Home & Kitchen
cart_001074,user_03002,prod_0085,2,74.6,2023-12-10T00:00:00Z,Toys & Games
cart_001074,user_03002,prod_0087,2,126.04,2023-12-11T00:00:00Z,Toys & Games
cart_001075,user_03003,prod_0072,1,245.23,2023-12-17T00:00:00Z,Beauty
cart_001075,user_03003,prod_0087,3,126.04,2023-12-27T00:00:00Z,Toys & Games
cart_001075,user_03003,prod_0090,3,246.24,2023-12-10T00:00:00Z,Toys & Games
cart_001075,user_03003,prod_0066,2,121.36,2023-12-08T00:00:00Z,Sports & Fitness
cart_001076,user_03004,prod_0021,3,46.05,2023-12-13T00:00:00Z,Fashion
cart_001076,user_03004,prod_0051,2,141.01,2023-12-26T00:00:00Z,Books
cart_001077,user_03009,prod_0018,3,14.44,2023-12-13T00:00:00Z,Fashion
cart_001077,user_03009,prod_0050,3,60.92,2024-01-01T00:00:00Z,Books
cart_001077,user_03009,prod_0003,3,129.05,2023-12-26T00:00:00Z,Electronics
cart_001078,user_03013,prod_0005,2,137.07,2023-12-24T00:00:00Z,Electronics
cart_001078,user_03013,prod_0019,3,273.46,2023-12-28T00:00:00Z,Fashion
cart_001078,user_03013,prod_0026,3,142.61,2023-12-16T00:00:00Z,Fashion
cart_001078,user_03013,prod_0020,1,151.77,2023-12-07T00:00:00Z,Fashion
cart_001079,user_03015,prod_0057,3,209.8,2023-12-10T00:00:00Z,Books
cart_001079,user_03015,prod_0024,3,18.85,2023-12-22T00:00:00Z,Fashion
cart_001079,user_03015,prod_0021,3,46.05,2023-12-22T00:00:00Z,Fashion
cart_001079,user_03015,prod_0012,2,294.66,2023-12-10T00:00:00Z,Electronics
cart_001080,user_03016,prod_0051,2,141.01,2023-12-30T00:00:00Z,Books
cart_001080,user_03016,prod_0008,1,110.54,2023-12-24T00:00:00Z,Electronics
cart_001081,user_03020,prod_0015,1,55.31,2023-12-04T00:00:00Z,Electronics
cart_001082,user_03021,prod_0036,2,147.88,2023-12-06T00:00:00Z,Home & Kitchen
cart_001083,user_03023,prod_0021,2,46.05,2023-12-06T00:00:00Z,Fashion
cart_001083,user_03023,prod_0002,1,46.02,2023-12-25T00:00:00Z,Electronics
cart_001084,user_03024,prod_0053,2,163.93,2023-12-04T00:00:00Z,Books
cart_001084,user_03024,prod_0042,3,72.65,2023-12-17T00:00:00Z,Home & Kitchen
cart_001084,user_03024,prod_0051,3,141.01,2023-12-13T00:00:00Z,Books
cart_001084,user_03024,prod_0058,3,148.08,2023-12-07T00:00:00Z,Books
cart_001084,user_03024,prod_0041,2,77.88,2023-12-10T00:00:00Z,Home & Kitchen
cart_001085,user_03028,prod_0058,2,148.08,2023-12-27T00:00:00Z,Books
cart_001085,user_03028,prod_0005,1,137.07,2023-12-02T00:00:00Z,Electronics
cart_001085,user_03028,prod_0043,3,22.31,2023-12-05T00:00:00Z,Home & Kitchen
cart_001085,user_03028,prod_0079,3,167.19,2023-12-26T00:00:00Z,Beauty
cart_001085,user_03028,prod_0048,2,258.97,2023-12-28T00:00:00Z,Books
cart_001085,user_03028,prod_0014,2,66.6,2023-12-08T00:00:00Z,Electronics
cart_001086,user_03032,prod_0040,2,202.48,2023-12-07T00:00:00Z,Home & Kitchen
cart_001087,user_03041,prod_0078,1,43.46,2023-12-15T00:00:00Z,Beauty
cart_001087,user_03041,prod_0083,3,66.76,2023-12-22T00:00:00Z,Toys & Games
cart_001087,user_03041,prod_0069,2,153.73,2023-12-04T00:00:00Z,Sports & Fitness
cart_001087,user_03041,prod_0066,1,121.36,2023-12-11T00:00:00Z,Sports & Fitness
cart_001088,user_03042,prod_0056,2,294.68,2023-12-12T00:00:00Z,Books
cart_001088,user_03042,prod_0026,2,142.61,2023-12-03T00:00:00Z,Fashion
cart_001088,user_03042,prod_0038,3,160.14,2023-12-27T00:00:00Z,Home & Kitchen
cart_001089,user_03043,prod_0018,1,14.44,2023-12-07T00:00:00Z,Fashion
cart_001089,user_03043,prod_0061,2,287.47,2023-12-17T00:00:00Z,Sports & Fitness
cart_001089,user_03043,prod_0027,2,8.38,2023-12-15T00:00:00Z,Fashion
cart_001089,user_03043,prod_0010,3,91.19,2023-12-24T00:00:00Z,Electronics
cart_001089,user_03043,prod_0066,1,121.36,2023-12-30T00:00:00Z,Sports & Fitness
cart_001090,user_03050,prod_0049,3,219.09,2023-12-18T00:00:00Z,Books
cart_001091,user_03052,prod_0053,2,163.93,2023-12-16T00:00:00Z,Books
cart_001092,user_03055,prod_0046,3,76.44,2023-12-18T00:00:00Z,Books
cart_001093,user_03057,prod_0069,2,153.73,2023-12-29T00:00:00Z,Sports & Fitness
cart_001093,user_03057,prod_0061,1,287.47,2023-12-05T00:00:00Z,Sports & Fitness
cart_001093,user_03057,prod_0049,3,219.09,2023-12-03T00:00:00Z,Books
cart_001094,user_03060,prod_0073,1,44.48,2023-12-23T00:00:00Z,Beauty
cart_001094,user_03060,prod_0057,3,209.8,2023-12-06T00:00:00Z,Books
cart_001094,user_03060,prod_0047,3,33.5,2023-12-04T00:00:00Z,Books
cart_001094,user_03060,prod_0034,3,263.34,2023-12-19T00:00:00Z,Home & Kitchen
cart_001095,user_03062,prod_0001,3,192.99,2023-12-04T00:00:00Z,Electronics
cart_001096,user_03065,prod_0066,2,121.36,2023-12-04T00:00:00Z,Sports & Fitness
cart_001096,user_03065,prod_0043,2,22.31,2023-12-22T00:00:00Z,Home & Kitchen
cart_001096,user_03065,prod_0077,1,129.53,2023-12-19T00:00:00Z,Beauty
cart_001097,user_03066,prod_0078,2,43.46,2023-12-19T00:00:00Z,Beauty
cart_001098,user_03068,prod_0046,1,76.44,2023-12-09T00:00:00Z,Books
cart_001099,user_03070,prod_0036,2,147.88,2023-12-08T00:00:00Z,Home & Kitchen
cart_001099,user_03070,prod_0059,3,175.28,2023-12-24T00:00:00Z,Books
cart_001099,user_03070,prod_0050,3,60.92,2023-12-21T00:00:00Z,Books
cart_001100,user_03071,prod_0040,1,202.48,2023-12-30T00:00:00Z,Home & Kitchen
cart_001100,user_03071,prod_0062,3,24.98,2023-12-15T00:00:00Z,Sports & Fitness
cart_001100,user_03071,prod_0076,1,78.83,2023-12-21T00:00:00Z,Beauty
cart_001100,user_03071,prod_0077,2,129.53,2024-01-01T00:00:00Z,Beauty
cart_001100,user_03071,prod_0082,2,17.3,2023-12-25T00:00:00Z,Toys & Games
cart_001101,user_03072,prod_0097,2,18.05,2023-12-15T00:00:00Z,Automotive
cart_001102,user_03073,prod_0049,2,219.09,2023-12-29T00:00:00Z,Books
cart_001102,user_03073,prod_0081,3,250.37,2023-12-06T00:00:00Z,Toys & Games
cart_001102,user_03073,prod_0013,1,138.3,2023-12-25T00:00:00Z,Electronics
cart_001102,user_03073,prod_0038,1,160.14,2023-12-20T00:00:00Z,Home & Kitchen
cart_001102,user_03073,prod_0003,2,129.05,2023-12-06T00:00:00Z,Electronics
cart_001103,user_03075,prod_0010,1,91.19,2023-12-13T00:00:00Z,Electronics
cart_001103,user_03075,prod_0080,2,282.84,2023-12-24T00:00:00Z,Beauty
cart_001103,user_03075,prod_0009,3,219.54,2023-12-10T00:00:00Z,Electronics
cart_001104,user_03085,prod_0035,2,75.82,2023-12-14T00:00:00Z,Home & Kitchen
cart_001104,user_03085,prod_0001,1,192.99,2023-12-08T00:00:00Z,Electronics
cart_001105,user_03086,prod_0021,3,46.05,2023-12-31T00:00:00Z,Fashion
cart_001105,user_03086,prod_0065,2,81.67,2023-12-02T00:00:00Z,Sports & Fitness
cart_001105,user_03086,prod_0027,2,8.38,2023-12-02T00:00:00Z,Fashion
cart_001105,user_03086,prod_0016,2,84.36,2023-12-08T00:00:00Z,Fashion
cart_001106,user_03087,prod_0043,2,22.31,2023-12-14T00:00:00Z,Home & Kitchen
cart_001106,user_03087,prod_0062,1,24.98,2023-12-17T00:00:00Z,Sports & Fitness
cart_001106,user_03087,prod_0051,2,141.01,2023-12-21T00:00:00Z,Books
cart_001106,user_03087,prod_0052,3,258.24,2023-12-23T00:00:00Z,Books
cart_001106,user_03087,prod_0058,2,148.08,2023-12-11T00:00:00Z,Books
cart_001106,user_03087,prod_0049,1,219.09,2023-12-14T00:00:00Z,Books
cart_001107,user_03089,prod_0095,3,180.39,2023-12-23T00:00:00Z,Automotive
cart_001108,user_03092,prod_0051,2,141.01,2023-12-23T00:00:00Z,Books
cart_001109,user_03096,prod_0081,2,250.37,2023-12-15T00:00:00Z,Toys & Games
cart_001109,user_03096,prod_0013,3,138.3,2023-12-07T00:00:00Z,Electronics
cart_001109,user_03096,prod_0006,2,51.94,2023-12-15T00:00:00Z,Electronics
cart_001110,user_03100,prod_0025,3,129.12,2023-12-02T00:00:00Z,Fashion
cart_001110,user_03100,prod_0100,1,200.04,2023-12-14T00:00:00Z,Automotive
cart_001110,user_03100,prod_0018,1,14.44,2023-12-17T00:00:00Z,Fashion
cart_001111,user_03104,prod_0093,2,253.04,2023-12-22T00:00:00Z,Automotive
cart_001111,user_03104,prod_0018,2,14.44,2023-12-09T00:00:00Z,Fashion
cart_001111,user_03104,prod_0022,1,176.87,2023-12-29T00:00:00Z,Fashion
cart_001111,user_03104,prod_0030,2,229.02,2023-12-19T00:00:00Z,Fashion
cart_001111,user_03104,prod_0029,1,138.39,2023-12-27T00:00:00Z,Fashion
cart_001111,user_03104,prod_0017,3,100.34,2023-12-30T00:00:00Z,Fashion
cart_001112,user_03109,prod_0051,3,141.01,2023-12-15T00:00:00Z,Books
cart_001112,user_03109,prod_0064,2,128.25,2023-12-08T00:00:00Z,Sports & Fitness
cart_001112,user_03109,prod_0089,1,70.4,2023-12-12T00:00:00Z,Toys & Games
cart_001113,user_03110,prod_0015,3,55.31,2023-12-02T00:00:00Z,Electronics
cart_001114,user_03113,prod_0088,3,236.49,2023-12-04T00:00:00Z,Toys & Games
cart_001114,user_03113,prod_0009,3,219.54,2023-12-14T00:00:00Z,Electronics
cart_001114,user_03113,prod_0022,3,176.87,2023-12-11T00:00:00Z,Fashion
cart_001114,user_03113,prod_0050,1,60.92,2023-12-20T00:00:00Z,Books
cart_001114,user_03113,prod_0005,2,137.07,2024-01-01T00:00:00Z,Electronics
cart_001114,user_03113,prod_0046,2,76.44,2023-12-17T00:00:00Z,Books
cart_001115,user_03114,prod_0037,1,42.75,2023-12-04T00:00:00Z,Home & Kitchen
cart_001116,user_03118,prod_0028,2,230.97,2023-12-12T00:00:00Z,Fashion
cart_001116,user_03118,prod_0007,2,286.42,2023-12-24T00:00:00Z,Electronics
cart_001116,user_03118,prod_0077,2,129.53,2023-12-29T00:00:00Z,Beauty
cart_001117,user_03119,prod_0054,3,254.52,2023-12-24T00:00:00Z,Books
cart_001117,user_03119,prod_0098,1,163.3,2023-12-25T00:00:00Z,Automotive
cart_001117,user_03119,prod_0014,3,66.6,2023-12-07T00:00:00Z,Electronics
cart_001117,user_03119,prod_0073,2,44.48,2023-12-05T00:00:00Z,Beauty
cart_001118,user_03120,prod_0005,1,137.07,2023-12-27T00:00:00Z,Electronics
cart_001118,user_03120,prod_0006,2,51.94,2023-12-05T00:00:00Z,Electronics
cart_001118,user_03120,prod_0100,2,200.04,2023-12-21T00:00:00Z,Automotive
cart_001118,user_03120,prod_0003,1,129.05,2023-12-11T00:00:00Z,Electronics
cart_001118,user_03120,prod_0011,2,212.14,2023-12-30T00:00:00Z,Electronics
cart_001119,user_03130,prod_0030,2,229.02,2023-12-15T00:00:00Z,Fashion
cart_001119,user_03130,prod_0008,3,110.54,2023-12-26T00:00:00Z,Electronics
cart_001119,user_03130,prod_0100,2,200.04,2023-12-28T00:00:00Z,Automotive
cart_001119,user_03130,prod_0012,3,294.66,2023-12-20T00:00:00Z,Electronics
cart_001119,user_03130,prod_0001,3,192.99,2023-12-05T00:00:00Z,Electronics
cart_001120,user_03134,prod_0078,3,43.46,2023-12-27T00:00:00Z,Beauty
cart_001121,user_03140,prod_0015,1,55.31,2023-12-13T00:00:00Z,Electronics
cart_001121,user_03140,prod_0013,1,138.3,2023-12-30T00:00:00Z,Electronics
cart_001121,user_03140,prod_0050,2,60.92,2023-12-17T00:00:00Z,Books
cart_001121,user_03140,prod_0047,3,33.5,2023-12-18T00:00:00Z,Books
cart_001121,user_03140,prod_0060,3,176.75,2023-12-21T00:00:00Z,Books
cart_001122,user_03145,prod_0022,2,176.87,2023-12-16T00:00:00Z,Fashion
cart_001122,user_03145,prod_0057,2,209.8,2023-12-28T00:00:00Z,Books
cart_001122,user_03145,prod_0008,3,110.54,2023-12-06T00:00:00Z,Electronics
cart_001122,user_03145,prod_0074,2,50.7,2023-12-22T00:00:00Z,Beauty
cart_001123,user_03148,prod_0058,1,148.08,2023-12-27T00:00:00Z,Books
cart_001123,user_03148,prod_0097,1,18.05,2023-12-22T00:00:00Z,Automotive
cart_001124,user_03150,prod_0058,3,148.08,2023-12-20T00:00:00Z,Books
cart_001124,user_03150,prod_0003,3,129.05,2023-12-17T00:00:00Z,Electronics
cart_001124,user_03150,prod_0090,2,246.24,2023-12-30T00:00:00Z,Toys & Games
cart_001125,user_03153,prod_0013,3,138.3,2023-12-13T00:00:00Z,Electronics
cart_001125,user_03153,prod_0061,2,287.47,2023-12-29T00:00:00Z,Sports & Fitness
cart_001125,user_03153,prod_0007,3,286.42,2023-12-22T00:00:00Z,Electronics
cart_001125,user_03153,prod_0052,2,258.24,2023-12-24T00:00:00Z,Books
cart_001125,user_03153,prod_0012,2,294.66,2023-12-18T00:00:00Z,Electronics
cart_001125,user_03153,prod_0005,2,137.07,2023-12-21T00:00:00Z,Electronics
cart_001126,user_03158,prod_0009,1,219.54,2023-12-25T00:00:00Z,Electronics
cart_001126,user_03158,prod_0032,2,229.18,2023-12-02T00:00:00Z,Home & Kitchen
cart_001126,user_03158,prod_0011,1,212.14,2023-12-06T00:00:00Z,Electronics
cart_001126,user_03158,prod_0002,1,46.02,2023-12-15T00:00:00Z,Electronics
cart_001126,user_03158,prod_0074,1,50.7,2023-12-11T00:00:00Z,Beauty
cart_001126,user_03158,prod_0068,2,298.55,2023-12-05T00:00:00Z,Sports & Fitness
cart_001127,user_03159,prod_0019,1,273.46,2023-12-07T00:00:00Z,Fashion
cart_001127,user_03159,prod_0031,2,92.74,2023-12-12T00:00:00Z,Home & Kitchen
cart_001127,user_03159,prod_0077,1,129.53,2023-12-03T00:00:00Z,Beauty
cart_001127,user_03159,prod_0042,2,72.65,2023-12-18T00:00:00Z,Home & Kitchen
cart_001128,user_03161,prod_0097,1,18.05,2023-12-03T00:00:00Z,Automotive
cart_001129,user_03163,prod_0015,3,55.31,2023-12-17T00:00:00Z,Electronics
cart_001129,user_03163,prod_0012,3,294.66,2023-12-10T00:00:00Z,Electronics
cart_001129,user_03163,prod_0004,3,181.99,2023-12-25T00:00:00Z,Electronics
cart_001130,user_03165,prod_0044,1,25.83,2023-12-18T00:00:00Z,Home & Kitchen
cart_001131,user_03167,prod_0055,1,259.21,2023-12-29T00:00:00Z,Books
cart_001131,user_03167,prod_0001,1,192.99,2023-12-28T00:00:00Z,Electronics
cart_001131,user_03167,prod_0015,3,55.31,2023-12-23T00:00:00Z,Electronics
cart_001132,user_03170,prod_0087,1,126.04,2023-12-09T00:00:00Z,Toys & Games
cart_001132,user_03170,prod_0040,3,202.48,2023-12-19T00:00:00Z,Home & Kitchen
cart_001132,user_03170,prod_0069,1,153.73,2023-12-30T00:00:00Z,Sports & Fitness
cart_001133,user_03172,prod_0046,3,76.44,2023-12-26T00:00:00Z,Books
cart_001133,user_03172,prod_0020,2,151.77,2023-12-29T00:00:00Z,Fashion
cart_001133,user_03172,prod_0081,1,250.37,2023-12-23T00:00:00Z,Toys & Games
cart_001134,user_03173,prod_0017,2,100.34,2023-12-16T00:00:00Z,Fashion
cart_001134,user_03173,prod_0044,3,25.83,2023-12-26T00:00:00Z,Home & Kitchen
cart_001134,user_03173,prod_0018,1,14.44,2023-12-25T00:00:00Z,Fashion
cart_001135,user_03176,prod_0071,2,164.71,2023-12-09T00:00:00Z,Beauty
cart_001135,user_03176,prod_0031,1,92.74,2023-12-19T00:00:00Z,Home & Kitchen
cart_001136,user_03178,prod_0049,1,219.09,2023-12-14T00:00:00Z,Books
cart_001136,user_03178,prod_0018,3,14.44,2023-12-28T00:00:00Z,Fashion
cart_001136,user_03178,prod_0030,2,229.02,2023-12-26T00:00:00Z,Fashion
cart_001137,user_03179,prod_0095,1,180.39,2023-12-04T00:00:00Z,Automotive
cart_001137,user_03179,prod_0031,3,92.74,2023-12-17T00:00:00Z,Home & Kitchen
cart_001138,user_03180,prod_0068,3,298.55,2023-12-06T00:00:00Z,Sports & Fitness
cart_001138,user_03180,prod_0059,1,175.28,2023-12-04T00:00:00Z,Books
cart_001138,user_03180,prod_0009,1,219.54,2023-12-23T00:00:00Z,Electronics
cart_001138,user_03180,prod_0051,2,141.01,2023-12-05T00:00:00Z,Books
cart_001139,user_03184,prod_0030,1,229.02,2023-12-05T00:00:00Z,Fashion
cart_001140,user_03185,prod_0079,3,167.19,2023-12-15T00:00:00Z,Beauty
cart_001140,user_03185,prod_0060,2,176.75,2023-12-30T00:00:00Z,Books
cart_001140,user_03185,prod_0089,3,70.4,2023-12-18T00:00:00Z,Toys & Games
cart_001141,user_03186,prod_0011,3,212.14,2023-12-02T00:00:00Z,Electronics
cart_001141,user_03186,prod_0062,3,24.98,2023-12-06T00:00:00Z,Sports & Fitness
cart_001141,user_03186,prod_0012,2,294.66,2023-12-22T00:00:00Z,Electronics
cart_001141,user_03186,prod_0014,3,66.6,2023-12-27T00:00:00Z,Electronics
cart_001141,user_03186,prod_0057,1,209.8,2024-01-01T00:00:00Z,Books
cart_001142,user_03187,prod_0094,1,290.3,2023-12-18T00:00:00Z,Automotive
cart_001142,user_03187,prod_0073,1,44.48,2023-12-06T00:00:00Z,Beauty
cart_001142,user_03187,prod_0067,1,278.13,2023-12-10T00:00:00Z,Sports & Fitness
cart_001142,user_03187,prod_0021,3,46.05,2023-12-15T00:00:00Z,Fashion
cart_001142,user_03187,prod_0036,2,147.88,2023-12-10T00:00:00Z,Home & Kitchen
cart_001142,user_03187,prod_0079,1,167.19,2023-12-23T00:00:00Z,Beauty
cart_001143,user_03188,prod_0034,3,263.34,2023-12-15T00:00:00Z,Home & Kitchen
cart_001143,user_03188,prod_0053,2,163.93,2023-12-11T00:00:00Z,Books
cart_001144,user_03191,prod_0054,1,254.52,2023-12-08T00:00:00Z,Books
cart_001144,user_03191,prod_0001,3,192.99,2023-12-16T00:00:00Z,Electronics
cart_001144,user_03191,prod_0005,1,137.07,2023-12-30T00:00:00Z,Electronics
cart_001145,user_03192,prod_0029,2,138.39,2024-01-01T00:00:00Z,Fashion
cart_001145,user_03192,prod_0009,1,219.54,2023-12-20T00:00:00Z,Electronics
cart_001145,user_03192,prod_0010,3,91.19,2024-01-01T00:00:00Z,Electronics
cart_001145,user_03192,prod_0051,3,141.01,2023-12-26T00:00:00Z,Books
cart_001146,user_03193,prod_0024,2,18.85,2023-12-14T00:00:00Z,Fashion
cart_001146,user_03193,prod_0019,1,273.46,2023-12-25T00:00:00Z,Fashion
cart_001146,user_03193,prod_0033,3,181.09,2023-12-19T00:00:00Z,Home & Kitchen
cart_001147,user_03194,prod_0010,3,91.19,2023-12-17T00:00:00Z,Electronics
cart_001147,user_03194,prod_0058,1,148.08,2023-12-20T00:00:00Z,Books
cart_001147,user_03194,prod_0062,1,24.98,2023-12-22T00:00:00Z,Sports & Fitness
cart_001148,user_03195,prod_0092,1,87.06,2023-12-22T00:00:00Z,Automotive
cart_001148,user_03195,prod_0082,2,17.3,2023-12-21T00:00:00Z,Toys & Games
cart_001149,user_03199,prod_0007,3,286.42,2023-12-16T00:00:00Z,Electronics
cart_001149,user_03199,prod_0018,1,14.44,2023-12-07T00:00:00Z,Fashion
cart_001149,user_03199,prod_0100,2,200.04,2023-12-10T00:00:00Z,Automotive
cart_001150,user_03207,prod_0064,2,128.25,2023-12-07T00:00:00Z,Sports & Fitness
cart_001150,user_03207,prod_0011,3,212.14,2023-12-02T00:00:00Z,Electronics
cart_001150,user_03207,prod_0004,1,181.99,2023-12-30T00:00:00Z,Electronics
cart_001151,user_03211,prod_0003,2,129.05,2023-12-02T00:00:00Z,Electronics
cart_001151,user_03211,prod_0051,1,141.01,2023-12-29T00:00:00Z,Books
cart_001151,user_03211,prod_0085,3,74.6,2023-12-26T00:00:00Z,Toys & Games
cart_001152,user_03216,prod_0023,3,298.21,2023-12-15T00:00:00Z,Fashion
cart_001152,user_03216,prod_0025,1,129.12,2023-12-02T00:00:00Z,Fashion
cart_001152,user_03216,prod_0045,2,43.9,2023-12-29T00:00:00Z,Home & Kitchen
cart_001152,user_03216,prod_0066,2,121.36,2024-01-01T00:00:00Z,Sports & Fitness
cart_001152,user_03216,prod_0067,1,278.13,2023-12-14T00:00:00Z,Sports & Fitness
cart_001153,user_03218,prod_0002,2,46.02,2023-12-30T00:00:00Z,Electronics
cart_001153,user_03218,prod_0010,2,91.19,2023-12-07T00:00:00Z,Electronics
cart_001153,user_03218,prod_0092,2,87.06,2023-12-25T00:00:00Z,Automotive
cart_001153,user_03218,prod_0085,2,74.6,2023-12-14T00:00:00Z,Toys & Games
cart_001153,user_03218,prod_0029,2,138.39,2023-12-28T00:00:00Z,Fashion
cart_001154,user_03225,prod_0015,3,55.31,2023-12-08T00:00:00Z,Electronics
cart_001154,user_03225,prod_0031,2,92.74,2023-12-29T00:00:00Z,Home & Kitchen
cart_001154,user_03225,prod_0005,2,137.07,2023-12-06T00:00:00Z,Electronics
cart_001155,user_03226,prod_0042,3,72.65,2023-12-27T00:00:00Z,Home & Kitchen
cart_001155,user_03226,prod_0035,2,75.82,2023-12-28T00:00:00Z,Home & Kitchen
cart_001155,user_03226,prod_0018,1,14.44,2023-12-10T00:00:00Z,Fashion
cart_001155,user_03226,prod_0054,1,254.52,2024-01-01T00:00:00Z,Books
cart_001155,user_03226,prod_0012,1,294.66,2023-12-30T00:00:00Z,Electronics
cart_001155,user_03226,prod_0090,3,246.24,2023-12-12T00:00:00Z,Toys & Games
cart_001156,user_03233,prod_0086,1,12.29,2023-12-28T00:00:00Z,Toys & Games
cart_001156,user_03233,prod_0082,1,17.3,2023-12-02T00:00:00Z,Toys & Games
cart_001156,user_03233,prod_0052,2,258.24,2023-12-23T00:00:00Z,Books
cart_001157,user_03238,prod_0071,2,164.71,2024-01-01T00:00:00Z,Beauty
cart_001157,user_03238,prod_0017,2,100.34,2023-12-03T00:00:00Z,Fashion
cart_001158,user_03241,prod_0044,3,25.83,2023-12-22T00:00:00Z,Home & Kitchen
cart_001158,user_03241,prod_0055,2,259.21,2023-12-05T00:00:00Z,Books
cart_001159,user_03242,prod_0066,1,121.36,2023-12-12T00:00:00Z,Sports & Fitness
cart_001159,user_03242,prod_0060,2,176.75,2023-12-03T00:00:00Z,Books
cart_001159,user_03242,prod_0043,2,22.31,2023-12-29T00:00:00Z,Home & Kitchen
cart_001159,user_03242,prod_0054,2,254.52,2023-12-23T00:00:00Z,Books
cart_001159,user_03242,prod_0022,3,176.87,2023-12-27T00:00:00Z,Fashion
cart_001160,user_03243,prod_0078,3,43.46,2023-12-04T00:00:00Z,Beauty
cart_001160,user_03243,prod_0023,2,298.21,2023-12-31T00:00:00Z,Fashion
cart_001160,user_03243,prod_0018,1,14.44,2023-12-09T00:00:00Z,Fashion
cart_001160,user_03243,prod_0022,1,176.87,2023-12-27T00:00:00Z,Fashion
cart_001160,user_03243,prod_0030,2,229.02,2023-12-09T00:00:00Z,Fashion
cart_001161,user_03250,prod_0079,1,167.19,2023-12-11T00:00:00Z,Beauty
cart_001161,user_03250,prod_0064,1,128.25,2023-12-30T00:00:00Z,Sports & Fitness
cart_001161,user_03250,prod_0015,1,55.31,2023-12-10T00:00:00Z,Electronics
cart_001161,user_03250,prod_0072,2,245.23,2023-12-15T00:00:00Z,Beauty
cart_001161,user_03250,prod_0090,3,246.24,2023-12-10T00:00:00Z,Toys & Games
cart_001162,user_03255,prod_0034,3,263.34,2023-12-10T00:00:00Z,Home & Kitchen
cart_001163,user_03256,prod_0086,1,12.29,2023-12-20T00:00:00Z,Toys & Games
cart_001163,user_03256,prod_0050,3,60.92,2023-12-11T00:00:00Z,Books
cart_001163,user_03256,prod_0041,1,77.88,2023-12-29T00:00:00Z,Home & Kitchen
cart_001164,user_03257,prod_0050,3,60.92,2023-12-13T00:00:00Z,Books
cart_001164,user_03257,prod_0031,3,92.74,2023-12-23T00:00:00Z,Home & Kitchen
cart_001164,user_03257,prod_0049,1,219.09,2023-12-04T00:00:00Z,Books
cart_001164,user_03257,prod_0039,1,227.05,2023-12-07T00:00:00Z,Home & Kitchen
cart_001164,user_03257,prod_0055,1,259.21,2024-01-01T00:00:00Z,Books
cart_001164,user_03257,prod_0060,3,176.75,2023-12-14T00:00:00Z,Books
cart_001165,user_03261,prod_0039,3,227.05,2023-12-03T00:00:00Z,Home & Kitchen
cart_001165,user_03261,prod_0030,1,229.02,2023-12-03T00:00:00Z,Fashion
cart_001165,user_03261,prod_0076,1,78.83,2024-01-01T00:00:00Z,Beauty
cart_001165,user_03261,prod_0064,1,128.25,2023-12-26T00:00:00Z,Sports & Fitness
cart_001165,user_03261,prod_0065,2,81.67,2023-12-04T00:00:00Z,Sports & Fitness
cart_001166,user_03263,prod_0033,3,181.09,2023-12-24T00:00:00Z,Home & Kitchen
cart_001166,user_03263,prod_0023,3,298.21,2023-12-15T00:00:00Z,Fashion
cart_001166,user_03263,prod_0039,2,227.05,2023-12-11T00:00:00Z,Home & Kitchen
cart_001167,user_03265,prod_0067,3,278.13,2023-12-26T00:00:00Z,Sports & Fitness
cart_001168,user_03268,prod_0098,1,163.3,2023-12-23T00:00:00Z,Automotive
cart_001168,user_03268,prod_0062,1,24.98,2023-12-24T00:00:00Z,Sports & Fitness
cart_001169,user_03270,prod_0079,3,167.19,2023-12-18T00:00:00Z,Beauty
cart_001169,user_03270,prod_0061,2,287.47,2023-12-17T00:00:00Z,Sports & Fitness
cart_001170,user_03271,prod_0074,3,50.7,2023-12-24T00:00:00Z,Beauty
cart_001170,user_03271,prod_0095,2,180.39,2023-12-16T00:00:00Z,Automotive
cart_001170,user_03271,prod_0022,1,176.87,2023-12-12T00:00:00Z,Fashion
cart_001170,user_03271,prod_0012,3,294.66,2023-12-28T00:00:00Z,Electronics
cart_001170,user_03271,prod_0005,3,137.07,2023-12-25T00:00:00Z,Electronics
cart_001170,user_03271,prod_0009,1,219.54,2024-01-01T00:00:00Z,Electronics
cart_001171,user_03273,prod_0016,3,84.36,2023-12-22T00:00:00Z,Fashion
cart_001171,user_03273,prod_0028,3,230.97,2023-12-17T00:00:00Z,Fashion
cart_001172,user_03275,prod_0027,1,8.38,2023-12-02T00:00:00Z,Fashion
cart_001173,user_03276,prod_0022,3,176.87,2023-12-17T00:00:00Z,Fashion
cart_001173,user_03276,prod_0047,3,33.5,2023-12-14T00:00:00Z,Books
cart_001173,user_03276,prod_0033,1,181.09,2023-12-03T00:00:00Z,Home & Kitchen
cart_001173,user_03276,prod_0099,3,25.57,2023-12-16T00:00:00Z,Automotive
cart_001173,user_03276,prod_0089,3,70.4,2023-12-08T00:00:00Z,Toys & Games
cart_001174,user_03278,prod_0086,3,12.29,2023-12-29T00:00:00Z,Toys & Games
cart_001174,user_03278,prod_0049,3,219.09,2023-12-18T00:00:00Z,Books
cart_001175,user_03282,prod_0023,2,298.21,2023-12-09T00:00:00Z,Fashion
cart_001175,user_03282,prod_0080,2,282.84,2023-12-26T00:00:00Z,Beauty
cart_001175,user_03282,prod_0085,1,74.6,2023-12-03T00:00:00Z,Toys & Games
cart_001176,user_03283,prod_0094,3,290.3,2023-12-12T00:00:00Z,Automotive
cart_001176,user_03283,prod_0014,1,66.6,2023-12-10T00:00:00Z,Electronics
cart_001176,user_03283,prod_0006,2,51.94,2023-12-03T00:00:00Z,Electronics
cart_001176,user_03283,prod_0058,1,148.08,2023-12-04T00:00:00Z,Books
cart_001176,user_03283,prod_0039,2,227.05,2023-12-17T00:00:00Z,Home & Kitchen
cart_001177,user_03289,prod_0064,1,128.25,2023-12-06T00:00:00Z,Sports & Fitness
cart_001177,user_03289,prod_0041,3,77.88,2023-12-27T00:00:00Z,Home & Kitchen
cart_001177,user_03289,prod_0065,3,81.67,2023-12-27T00:00:00Z,Sports & Fitness
cart_001177,user_03289,prod_0073,3,44.48,2023-12-08T00:00:00Z,Beauty
cart_001178,user_03294,prod_0010,3,91.19,2023-12-08T00:00:00Z,Electronics
cart_001178,user_03294,prod_0091,1,61.78,2023-12-26T00:00:00Z,Automotive
cart_001179,user_03298,prod_0028,1,230.97,2023-12-23T00:00:00Z,Fashion
cart_001179,user_03298,prod_0090,3,246.24,2023-12-04T00:00:00Z,Toys & Games
cart_001179,user_03298,prod_0050,2,60.92,2023-12-02T00:00:00Z,Books
cart_001179,user_03298,prod_0060,2,176.75,2023-12-08T00:00:00Z,Books
cart_001179,user_03298,prod_0049,3,219.09,2023-12-16T00:00:00Z,Books
cart_001180,user_03301,prod_0060,3,176.75,2023-12-10T00:00:00Z,Books
cart_001180,user_03301,prod_0035,3,75.82,2023-12-14T00:00:00Z,Home & Kitchen
cart_001180,user_03301,prod_0043,3,22.31,2024-01-01T00:00:00Z,Home & Kitchen
cart_001181,user_03305,prod_0011,2,212.14,2023-12-03T00:00:00Z,Electronics
cart_001181,user_03305,prod_0052,2,258.24,2024-01-01T00:00:00Z,Books
cart_001182,user_03308,prod_0013,1,138.3,2023-12-15T00:00:00Z,Electronics
cart_001182,user_03308,prod_0003,1,129.05,2023-12-26T00:00:00Z,Electronics
cart_001182,user_03308,prod_0007,2,286.42,2023-12-09T00:00:00Z,Electronics
cart_001182,user_03308,prod_0082,3,17.3,2023-12-10T00:00:00Z,Toys & Games
cart_001183,user_03310,prod_0100,3,200.04,2023-12-29T00:00:00Z,Automotive
cart_001183,user_03310,prod_0085,2,74.6,2023-12-18T00:00:00Z,Toys & Games
cart_001183,user_03310,prod_0005,3,137.07,2023-12-06T00:00:00Z,Electronics
cart_001183,user_03310,prod_0036,1,147.88,2023-12-21T00:00:00Z,Home & Kitchen
cart_001183,user_03310,prod_0048,1,258.97,2023-12-03T00:00:00Z,Books
cart_001184,user_03314,prod_0009,3,219.54,2023-12-17T00:00:00Z,Electronics
cart_001184,user_03314,prod_0017,3,100.34,2023-12-29T00:00:00Z,Fashion
cart_001184,user_03314,prod_0076,1,78.83,2023-12-12T00:00:00Z,Beauty
cart_001185,user_03316,prod_0078,2,43.46,2023-12-26T00:00:00Z,Beauty
cart_001185,user_03316,prod_0066,1,121.36,2023-12-16T00:00:00Z,Sports & Fitness
cart_001186,user_03317,prod_0067,2,278.13,2023-12-18T00:00:00Z,Sports & Fitness
cart_001186,user_03317,prod_0052,1,258.24,2023-12-08T00:00:00Z,Books
cart_001186,user_03317,prod_0083,2,66.76,2023-12-17T00:00:00Z,Toys & Games
cart_001186,user_03317,prod_0038,1,160.14,2023-12-31T00:00:00Z,Home & Kitchen
cart_001187,user_03324,prod_0046,1,76.44,2023-12-07T00:00:00Z,Books
cart_001187,user_03324,prod_0080,2,282.84,2023-12-07T00:00:00Z,Beauty
cart_001188,user_03325,prod_0020,1,151.77,2023-12-12T00:00:00Z,Fashion
cart_001189,user_03328,prod_0011,1,212.14,2023-12-24T00:00:00Z,Electronics
cart_001189,user_03328,prod_0010,2,91.19,2023-12-13T00:00:00Z,Electronics
cart_001189,user_03328,prod_0008,1,110.54,2023-12-13T00:00:00Z,Electronics
cart_001189,user_03328,prod_0012,1,294.66,2023-12-08T00:00:00Z,Electronics
cart_001189,user_03328,prod_0054,1,254.52,2023-12-11T00:00:00Z,Books
cart_001189,user_03328,prod_0009,2,219.54,2023-12-14T00:00:00Z,Electronics
cart_001190,user_03336,prod_0011,1,212.14,2023-12-12T00:00:00Z,Electronics
cart_001190,user_03336,prod_0087,2,126.04,2023-12-03T00:00:00Z,Toys & Games
cart_001191,user_03339,prod_0030,1,229.02,2023-12-13T00:00:00Z,Fashion
cart_001191,user_03339,prod_0073,3,44.48,2023-12-02T00:00:00Z,Beauty
cart_001192,user_03346,prod_0050,1,60.92,2023-12-15T00:00:00Z,Books
cart_001192,user_03346,prod_0095,2,180.39,2023-12-03T00:00:00Z,Automotive
cart_001192,user_03346,prod_0020,2,151.77,2023-12-09T00:00:00Z,Fashion
cart_001192,user_03346,prod_0026,3,142.61,2023-12-18T00:00:00Z,Fashion
cart_001192,user_03346,prod_0055,1,259.21,2024-01-01T00:00:00Z,Books
cart_001193,user_03347,prod_0009,1,219.54,2023-12-07T00:00:00Z,Electronics
cart_001193,user_03347,prod_0055,2,259.21,2023-12-16T00:00:00Z,Books
cart_001193,user_03347,prod_0043,3,22.31,2023-12-23T00:00:00Z,Home & Kitchen
cart_001193,user_03347,prod_0019,3,273.46,2023-12-22T00:00:00Z,Fashion
cart_001194,user_03350,prod_0001,3,192.99,2023-12-05T00:00:00Z,Electronics
cart_001195,user_03352,prod_0007,1,286.42,2023-12-18T00:00:00Z,Electronics
cart_001195,user_03352,prod_0078,3,43.46,2023-12-19T00:00:00Z,Beauty
cart_001195,user_03352,prod_0083,3,66.76,2023-12-20T00:00:00Z,Toys & Games
cart_001195,user_03352,prod_0046,3,76.44,2023-12-25T00:00:00Z,Books
cart_001196,user_03354,prod_0030,3,229.02,2023-12-04T00:00:00Z,Fashion
cart_001196,user_03354,prod_0020,2,151.77,2023-12-05T00:00:00Z,Fashion
cart_001196,user_03354,prod_0009,1,219.54,2023-12-10T00:00:00Z,Electronics
cart_001196,user_03354,prod_0002,1,46.02,2023-12-28T00:00:00Z,Electronics
cart_001197,user_03355,prod_0079,2,167.19,2023-12-16T00:00:00Z,Beauty
cart_001197,user_03355,prod_0021,1,46.05,2023-12-05T00:00:00Z,Fashion
cart_001198,user_03357,prod_0053,3,163.93,2023-12-18T00:00:00Z,Books
cart_001198,user_03357,prod_0057,3,209.8,2023-12-10T00:00:00Z,Books
cart_001198,user_03357,prod_0038,2,160.14,2023-12-16T00:00:00Z,Home & Kitchen
cart_001198,user_03357,prod_0031,3,92.74,2023-12-23T00:00:00Z,Home & Kitchen
cart_001199,user_03361,prod_0045,3,43.9,2023-12-14T00:00:00Z,Home & Kitchen
cart_001199,user_03361,prod_0033,2,181.09,2023-12-19T00:00:00Z,Home & Kitchen
cart_001199,user_03361,prod_0034,2,263.34,2023-12-08T00:00:00Z,Home & Kitchen
cart_001199,user_03361,prod_0032,3,229.18,2023-12-20T00:00:00Z,Home & Kitchen
cart_001199,user_03361,prod_0080,3,282.84,2023-12-24T00:00:00Z,Beauty
cart_001199,user_03361,prod_0075,3,64.86,2023-12-10T00:00:00Z,Beauty
cart_001200,user_03363,prod_0073,3,44.48,2023-12-25T00:00:00Z,Beauty
cart_001201,user_03366,prod_0015,3,55.31,2023-12-15T00:00:00Z,Electronics
cart_001201,user_03366,prod_0089,1,70.4,2023-12-06T00:00:00Z,Toys & Games
cart_001201,user_03366,prod_0090,2,246.24,2023-12-24T00:00:00Z,Toys & Games
cart_001201,user_03366,prod_0056,1,294.68,2023-12-07T00:00:00Z,Books
cart_001202,user_03367,prod_0087,1,126.04,2023-12-13T00:00:00Z,Toys & Games
cart_001202,user_03367,prod_0081,3,250.37,2024-01-01T00:00:00Z,Toys & Games
cart_001202,user_03367,prod_0039,2,227.05,2023-12-17T00:00:00Z,Home & Kitchen
cart_001203,user_03369,prod_0006,1,51.94,2023-12-15T00:00:00Z,Electronics
cart_001203,user_03369,prod_0011,2,212.14,2023-12-12T00:00:00Z,Electronics
cart_001203,user_03369,prod_0071,2,164.71,2023-12-23T00:00:00Z,Beauty
cart_001203,user_03369,prod_0080,2,282.84,2023-12-07T00:00:00Z,Beauty
cart_001203,user_03369,prod_0059,2,175.28,2023-12-30T00:00:00Z,Books
cart_001204,user_03372,prod_0027,3,8.38,2023-12-18T00:00:00Z,Fashion
cart_001204,user_03372,prod_0021,1,46.05,2023-12-31T00:00:00Z,Fashion
cart_001204,user_03372,prod_0088,1,236.49,2023-12-09T00:00:00Z,Toys & Games
cart_001204,user_03372,prod_0083,2,66.76,2023-12-12T00:00:00Z,Toys & Games
cart_001204,user_03372,prod_0009,2,219.54,2023-12-21T00:00:00Z,Electronics
cart_001204,user_03372,prod_0023,3,298.21,2023-12-28T00:00:00Z,Fashion
cart_001205,user_03375,prod_0052,1,258.24,2023-12-19T00:00:00Z,Books
cart_001205,user_03375,prod_0037,3,42.75,2023-12-08T00:00:00Z,Home & Kitchen
cart_001206,user_03377,prod_0006,3,51.94,2023-12-19T00:00:00Z,Electronics
cart_001206,user_03377,prod_0072,2,245.23,2023-12-26T00:00:00Z,Beauty
cart_001206,user_03377,prod_0017,1,100.34,2023-12-06T00:00:00Z,Fashion
cart_001206,user_03377,prod_0007,3,286.42,2023-12-23T00:00:00Z,Electronics
cart_001207,user_03378,prod_0011,1,212.14,2023-12-23T00:00:00Z,Electronics
cart_001207,user_03378,prod_0005,1,137.07,2023-12-21T00:00:00Z,Electronics
cart_001207,user_03378,prod_0060,1,176.75,2023-12-31T00:00:00Z,Books
cart_001208,user_03380,prod_0041,1,77.88,2023-12-03T00:00:00Z,Home & Kitchen
cart_001209,user_03389,prod_0016,2,84.36,2024-01-01T00:00:00Z,Fashion
cart_001209,user_03389,prod_0065,3,81.67,2023-12-02T00:00:00Z,Sports & Fitness
cart_001209,user_03389,prod_0013,2,138.3,2023-12-16T00:00:00Z,Electronics
cart_001209,user_03389,prod_0023,3,298.21,2023-12-27T00:00:00Z,Fashion
cart_001209,user_03389,prod_0030,2,229.02,2023-12-13T00:00:00Z,Fashion
cart_001210,user_03394,prod_0048,2,258.97,2023-12-18T00:00:00Z,Books
cart_001210,user_03394,prod_0011,3,212.14,2023-12-20T00:00:00Z,Electronics
cart_001211,user_03399,prod_0046,2,76.44,2023-12-21T00:00:00Z,Books
cart_001211,user_03399,prod_0051,3,141.01,2023-12-28T00:00:00Z,Books
cart_001211,user_03399,prod_0047,1,33.5,2023-12-20T00:00:00Z,Books
cart_001211,user_03399,prod_0094,1,290.3,2023-12-08T00:00:00Z,Automotive
cart_001211,user_03399,prod_0038,1,160.14,2023-12-21T00:00:00Z,Home & Kitchen
cart_001212,user_03400,prod_0040,1,202.48,2023-12-25T00:00:00Z,Home & Kitchen
cart_001212,user_03400,prod_0058,2,148.08,2023-12-27T00:00:00Z,Books
cart_001212,user_03400,prod_0074,3,50.7,2023-12-08T00:00:00Z,Beauty
cart_001213,user_03406,prod_0030,3,229.02,2023-12-04T00:00:00Z,Fashion
cart_001213,user_03406,prod_0001,3,192.99,2023-12-27T00:00:00Z,Electronics
cart_001214,user_03408,prod_0047,1,33.5,2023-12-15T00:00:00Z,Books
cart_001214,user_03408,prod_0012,1,294.66,2023-12-03T00:00:00Z,Electronics
cart_001215,user_03409,prod_0067,3,278.13,2023-12-05T00:00:00Z,Sports & Fitness
cart_001216,user_03410,prod_0005,1,137.07,2023-12-04T00:00:00Z,Electronics
cart_001217,user_03411,prod_0012,2,294.66,2023-12-23T00:00:00Z,Electronics
cart_001217,user_03411,prod_0016,1,84.36,2023-12-22T00:00:00Z,Fashion
cart_001217,user_03411,prod_0097,3,18.05,2023-12-14T00:00:00Z,Automotive
cart_001218,user_03415,prod_0014,3,66.6,2023-12-03T00:00:00Z,Electronics
cart_001218,user_03415,prod_0075,3,64.86,2023-12-08T00:00:00Z,Beauty
cart_001218,user_03415,prod_0006,2,51.94,2023-12-11T00:00:00Z,Electronics
cart_001218,user_03415,prod_0005,1,137.07,2023-12-23T00:00:00Z,Electronics
cart_001218,user_03415,prod_0007,1,286.42,2023-12-05T00:00:00Z,Electronics
cart_001218,user_03415,prod_0020,2,151.77,2023-12-13T00:00:00Z,Fashion
cart_001219,user_03416,prod_0056,3,294.68,2023-12-27T00:00:00Z,Books
cart_001220,user_03417,prod_0010,2,91.19,2023-12-12T00:00:00Z,Electronics
cart_001220,user_03417,prod_0053,1,163.93,2023-12-11T00:00:00Z,Books
cart_001220,user_03417,prod_0054,2,254.52,2023-12-06T00:00:00Z,Books
cart_001220,user_03417,prod_0094,3,290.3,2023-12-14T00:00:00Z,Automotive
cart_001220,user_03417,prod_0056,1,294.68,2023-12-13T00:00:00Z,Books
cart_001221,user_03419,prod_0096,3,294.37,2023-12-24T00:00:00Z,Automotive
cart_001221,user_03419,prod_0084,2,169.61,2023-12-09T00:00:00Z,Toys & Games
cart_001222,user_03420,prod_0019,3,273.46,2023-12-02T00:00:00Z,Fashion
cart_001222,user_03420,prod_0023,1,298.21,2023-12-28T00:00:00Z,Fashion
cart_001222,user_03420,prod_0037,1,42.75,2023-12-09T00:00:00Z,Home & Kitchen
cart_001223,user_03423,prod_0049,1,219.09,2023-12-06T00:00:00Z,Books
cart_001224,user_03424,prod_0065,2,81.67,2023-12-12T00:00:00Z,Sports & Fitness
cart_001224,user_03424,prod_0076,2,78.83,2023-12-03T00:00:00Z,Beauty
cart_001224,user_03424,prod_0066,1,121.36,2023-12-18T00:00:00Z,Sports & Fitness
cart_001225,user_03426,prod_0100,2,200.04,2023-12-24T00:00:00Z,Automotive
cart_001225,user_03426,prod_0079,1,167.19,2023-12-21T00:00:00Z,Beauty
cart_001225,user_03426,prod_0089,2,70.4,2023-12-06T00:00:00Z,Toys & Games
cart_001225,user_03426,prod_0078,1,43.46,2023-12-25T00:00:00Z,Beauty
cart_001226,user_03427,prod_0029,2,138.39,2023-12-30T00:00:00Z,Fashion
cart_001226,user_03427,prod_0058,3,148.08,2023-12-22T00:00:00Z,Books
cart_001226,user_03427,prod_0055,2,259.21,2024-01-01T00:00:00Z,Books
cart_001227,user_03432,prod_0074,3,50.7,2023-12-29T00:00:00Z,Beauty
cart_001227,user_03432,prod_0024,1,18.85,2023-12-03T00:00:00Z,Fashion
cart_001227,user_03432,prod_0025,2,129.12,2023-12-14T00:00:00Z,Fashion
cart_001228,user_03436,prod_0063,3,266.74,2023-12-07T00:00:00Z,Sports & Fitness
cart_001228,user_03436,prod_0002,1,46.02,2023-12-19T00:00:00Z,Electronics
cart_001228,user_03436,prod_0011,3,212.14,2023-12-21T00:00:00Z,Electronics
cart_001229,user_03437,prod_0023,3,298.21,2023-12-07T00:00:00Z,Fashion
cart_001229,user_03437,prod_0017,2,100.34,2023-12-02T00:00:00Z,Fashion
cart_001230,user_03438,prod_0033,3,181.09,2023-12-04T00:00:00Z,Home & Kitchen
cart_001230,user_03438,prod_0083,1,66.76,2023-12-11T00:00:00Z,Toys & Games
cart_001230,user_03438,prod_0045,3,43.9,2023-12-24T00:00:00Z,Home & Kitchen
cart_001231,user_03439,prod_0069,1,153.73,2023-12-03T00:00:00Z,Sports & Fitness
cart_001231,user_03439,prod_0052,3,258.24,2023-12-29T00:00:00Z,Books
cart_001231,user_03439,prod_0063,1,266.74,2023-12-04T00:00:00Z,Sports & Fitness
cart_001232,user_03441,prod_0052,1,258.24,2023-12-20T00:00:00Z,Books
cart_001232,user_03441,prod_0002,1,46.02,2023-12-17T00:00:00Z,Electronics
cart_001232,user_03441,prod_0060,3,176.75,2023-12-25T00:00:00Z,Books
cart_001232,user_03441,prod_0038,3,160.14,2023-12-26T00:00:00Z,Home & Kitchen
cart_001232,user_03441,prod_0056,1,294.68,2023-12-18T00:00:00Z,Books
cart_001232,user_03441,prod_0059,2,175.28,2023-12-15T00:00:00Z,Books
cart_001233,user_03444,prod_0058,3,148.08,2023-12-09T00:00:00Z,Books
cart_001233,user_03444,prod_0007,1,286.42,2023-12-25T00:00:00Z,Electronics
cart_001233,user_03444,prod_0006,3,51.94,2023-12-24T00:00:00Z,Electronics
cart_001233,user_03444,prod_0056,1,294.68,2023-12-27T00:00:00Z,Books
cart_001233,user_03444,prod_0057,3,209.8,2023-12-11T00:00:00Z,Books
cart_001234,user_03449,prod_0053,3,163.93,2023-12-16T00:00:00Z,Books
cart_001234,user_03449,prod_0033,2,181.09,2023-12-30T00:00:00Z,Home & Kitchen
cart_001234,user_03449,prod_0081,2,250.37,2023-12-24T00:00:00Z,Toys & Games
cart_001234,user_03449,prod_0050,3,60.92,2023-12-31T00:00:00Z,Books
cart_001234,user_03449,prod_0043,3,22.31,2023-12-09T00:00:00Z,Home & Kitchen
cart_001235,user_03453,prod_0086,1,12.29,2023-12-19T00:00:00Z,Toys & Games
cart_001235,user_03453,prod_0059,1,175.28,2023-12-24T00:00:00Z,Books
cart_001236,user_03456,prod_0055,2,259.21,2023-12-11T00:00:00Z,Books
cart_001237,user_03460,prod_0098,1,163.3,2023-12-20T00:00:00Z,Automotive
cart_001237,user_03460,prod_0048,1,258.97,2023-12-02T00:00:00Z,Books
cart_001238,user_03461,prod_0038,2,160.14,2023-12-22T00:00:00Z,Home & Kitchen
cart_001238,user_03461,prod_0091,2,61.78,2023-12-30T00:00:00Z,Automotive
cart_001238,user_03461,prod_0069,3,153.73,2023-12-17T00:00:00Z,Sports & Fitness
cart_001238,user_03461,prod_0083,3,66.76,2023-12-05T00:00:00Z,Toys & Games
cart_001238,user_03461,prod_0045,1,43.9,2023-12-05T00:00:00Z,Home & Kitchen
cart_001238,user_03461,prod_0001,2,192.99,2023-12-21T00:00:00Z,Electronics
cart_001239,user_03465,prod_0069,2,153.73,2023-12-09T00:00:00Z,Sports & Fitness
cart_001239,user_03465,prod_0059,1,175.28,2023-12-24T00:00:00Z,Books
cart_001239,user_03465,prod_0081,1,250.37,2023-12-28T00:00:00Z,Toys & Games
cart_001239,user_03465,prod_0044,2,25.83,2023-12-16T00:00:00Z,Home & Kitchen
cart_001239,user_03465,prod_0036,1,147.88,2023-12-30T00:00:00Z,Home & Kitchen
cart_001240,user_03470,prod_0076,3,78.83,2023-12-13T00:00:00Z,Beauty
cart_001241,user_03475,prod_0040,1,202.48,2023-12-04T00:00:00Z,Home & Kitchen
cart_001241,user_03475,prod_0091,2,61.78,2023-12-13T00:00:00Z,Automotive
cart_001241,user_03475,prod_0049,2,219.09,2023-12-20T00:00:00Z,Books
cart_001241,user_03475,prod_0075,3,64.86,2023-12-21T00:00:00Z,Beauty
cart_001242,user_03478,prod_0059,1,175.28,2023-12-24T00:00:00Z,Books
cart_001242,user_03478,prod_0012,2,294.66,2023-12-08T00:00:00Z,Electronics
cart_001242,user_03478,prod_0066,3,121.36,2024-01-01T00:00:00Z,Sports & Fitness
cart_001243,user_03479,prod_0006,3,51.94,2023-12-28T00:00:00Z,Electronics
cart_001243,user_03479,prod_0047,1,33.5,2023-12-08T00:00:00Z,Books
cart_001243,user_03479,prod_0074,1,50.7,2023-12-20T00:00:00Z,Beauty
cart_001243,user_03479,prod_0052,1,258.24,2023-12-29T00:00:00Z,Books
cart_001243,user_03479,prod_0083,1,66.76,2023-12-15T00:00:00Z,Toys & Games
cart_001244,user_03484,prod_0057,3,209.8,2023-12-02T00:00:00Z,Books
cart_001245,user_03492,prod_0092,2,87.06,2023-12-26T00:00:00Z,Automotive
cart_001245,user_03492,prod_0097,1,18.05,2023-12-03T00:00:00Z,Automotive
cart_001246,user_03493,prod_0037,2,42.75,2023-12-10T00:00:00Z,Home & Kitchen
cart_001246,user_03493,prod_0048,1,258.97,2023-12-27T00:00:00Z,Books
cart_001247,user_03494,prod_0007,2,286.42,2023-12-11T00:00:00Z,Electronics
cart_001248,user_03496,prod_0012,3,294.66,2023-12-07T00:00:00Z,Electronics
cart_001248,user_03496,prod_0009,3,219.54,2023-12-20T00:00:00Z,Electronics
cart_001248,user_03496,prod_0068,1,298.55,2023-12-26T00:00:00Z,Sports & Fitness
cart_001248,user_03496,prod_0010,2,91.19,2023-12-07T00:00:00Z,Electronics
cart_001248,user_03496,prod_0008,3,110.54,2024-01-01T00:00:00Z,Electronics
cart_001249,user_03498,prod_0005,3,137.07,2023-12-23T00:00:00Z,Electronics
cart_001249,user_03498,prod_0035,1,75.82,2023-12-13T00:00:00Z,Home & Kitchen
cart_001250,user_03505,prod_0061,2,287.47,2023-12-15T00:00:00Z,Sports & Fitness
cart_001250,user_03505,prod_0076,3,78.83,2024-01-01T00:00:00Z,Beauty
cart_001250,user_03505,prod_0056,3,294.68,2023-12-21T00:00:00Z,Books
cart_001250,user_03505,prod_0037,1,42.75,2023-12-26T00:00:00Z,Home & Kitchen
cart_001250,user_03505,prod_0090,3,246.24,2023-12-06T00:00:00Z,Toys & Games
cart_001251,user_03508,prod_0023,2,298.21,2023-12-02T00:00:00Z,Fashion
cart_001251,user_03508,prod_0038,2,160.14,2023-12-21T00:00:00Z,Home & Kitchen
cart_001251,user_03508,prod_0057,1,209.8,2023-12-09T00:00:00Z,Books
cart_001252,user_03510,prod_0057,1,209.8,2023-12-19T00:00:00Z,Books
cart_001252,user_03510,prod_0005,2,137.07,2023-12-18T00:00:00Z,Electronics
cart_001252,user_03510,prod_0060,2,176.75,2023-12-09T00:00:00Z,Books
cart_001253,user_03511,prod_0028,2,230.97,2023-12-15T00:00:00Z,Fashion
cart_001253,user_03511,prod_0018,3,14.44,2023-12-29T00:00:00Z,Fashion
cart_001253,user_03511,prod_0073,1,44.48,2023-12-13T00:00:00Z,Beauty
cart_001253,user_03511,prod_0053,2,163.93,2023-12-24T00:00:00Z,Books
cart_001253,user_03511,prod_0019,1,273.46,2023-12-16T00:00:00Z,Fashion
cart_001253,user_03511,prod_0030,2,229.02,2023-12-15T00:00:00Z,Fashion
cart_001254,user_03513,prod_0048,1,258.97,2023-12-04T00:00:00Z,Books
cart_001254,user_03513,prod_0034,3,263.34,2023-12-24T00:00:00Z,Home & Kitchen
cart_001254,user_03513,prod_0091,2,61.78,2023-12-29T00:00:00Z,Automotive
cart_001254,user_03513,prod_0026,3,142.61,2023-12-03T00:00:00Z,Fashion
cart_001254,user_03513,prod_0035,3,75.82,2023-12-15T00:00:00Z,Home & Kitchen
cart_001255,user_03514,prod_0050,3,60.92,2023-12-27T00:00:00Z,Books
cart_001255,user_03514,prod_0001,3,192.99,2023-12-22T00:00:00Z,Electronics
cart_001255,user_03514,prod_0060,2,176.75,2023-12-04T00:00:00Z,Books
cart_001255,user_03514,prod_0046,2,76.44,2023-12-02T00:00:00Z,Books
cart_001255,user_03514,prod_0044,1,25.83,2023-12-08T00:00:00Z,Home & Kitchen
cart_001255,user_03514,prod_0020,1,151.77,2023-12-12T00:00:00Z,Fashion
cart_001256,user_03519,prod_0031,1,92.74,2023-12-07T00:00:00Z,Home & Kitchen
cart_001256,user_03519,prod_0050,2,60.92,2023-12-15T00:00:00Z,Books
cart_001256,user_03519,prod_0019,3,273.46,2023-12-18T00:00:00Z,Fashion
cart_001256,user_03519,prod_0053,1,163.93,2023-12-23T00:00:00Z,Books
cart_001256,user_03519,prod_0054,1,254.52,2023-12-19T00:00:00Z,Books
cart_001256,user_03519,prod_0084,3,169.61,2023-12-23T00:00:00Z,Toys & Games
cart_001257,user_03526,prod_0087,3,126.04,2023-12-24T00:00:00Z,Toys & Games
cart_001257,user_03526,prod_0066,2,121.36,2023-12-06T00:00:00Z,Sports & Fitness
cart_001257,user_03526,prod_0012,2,294.66,2023-12-25T00:00:00Z,Electronics
cart_001258,user_03528,prod_0091,3,61.78,2023-12-03T00:00:00Z,Automotive
cart_001258,user_03528,prod_0058,2,148.08,2023-12-24T00:00:00Z,Books
cart_001258,user_03528,prod_0026,2,142.61,2024-01-01T00:00:00Z,Fashion
cart_001258,user_03528,prod_0099,2,25.57,2023-12-09T00:00:00Z,Automotive
cart_001258,user_03528,prod_0057,1,209.8,2023-12-03T00:00:00Z,Books
cart_001259,user_03531,prod_0070,2,263.51,2023-12-18T00:00:00Z,Sports & Fitness
cart_001259,user_03531,prod_0064,1,128.25,2023-12-31T00:00:00Z,Sports & Fitness
cart_001259,user_03531,prod_0061,3,287.47,2023-12-11T00:00:00Z,Sports & Fitness
cart_001259,user_03531,prod_0016,3,84.36,2023-12-09T00:00:00Z,Fashion
cart_001259,user_03531,prod_0093,3,253.04,2023-12-13T00:00:00Z,Automotive
cart_001260,user_03532,prod_0026,2,142.61,2023-12-30T00:00:00Z,Fashion
cart_001261,user_03533,prod_0009,2,219.54,2023-12-15T00:00:00Z,Electronics
cart_001261,user_03533,prod_0011,1,212.14,2023-12-14T00:00:00Z,Electronics
cart_001261,user_03533,prod_0059,2,175.28,2023-12-12T00:00:00Z,Books
cart_001261,user_03533,prod_0012,2,294.66,2023-12-26T00:00:00Z,Electronics
cart_001262,user_03534,prod_0036,3,147.88,2023-12-28T00:00:00Z,Home & Kitchen
cart_001262,user_03534,prod_0095,1,180.39,2023-12-21T00:00:00Z,Automotive
cart_001263,user_03539,prod_0005,1,137.07,2023-12-24T00:00:00Z,Electronics
cart_001263,user_03539,prod_0020,3,151.77,2023-12-04T00:00:00Z,Fashion
cart_001263,user_03539,prod_0002,1,46.02,2023-12-08T00:00:00Z,Electronics
cart_001263,user_03539,prod_0013,1,138.3,2023-12-06T00:00:00Z,Electronics
cart_001263,user_03539,prod_0011,3,212.14,2023-12-04T00:00:00Z,Electronics
cart_001263,user_03539,prod_0038,2,160.14,2023-12-30T00:00:00Z,Home & Kitchen
cart_001264,user_03541,prod_0041,3,77.88,2024-01-01T00:00:00Z,Home & Kitchen
cart_001264,user_03541,prod_0098,1,163.3,2023-12-24T00:00:00Z,Automotive
cart_001265,user_03543,prod_0051,2,141.01,2023-12-15T00:00:00Z,Books
cart_001265,user_03543,prod_0059,2,175.28,2023-12-11T00:00:00Z,Books
cart_001265,user_03543,prod_0003,2,129.05,2023-12-26T00:00:00Z,Electronics
cart_001265,user_03543,prod_0074,3,50.7,2023-12-14T00:00:00Z,Beauty
cart_001266,user_03545,prod_0049,3,219.09,2023-12-08T00:00:00Z,Books
cart_001266,user_03545,prod_0060,2,176.75,2023-12-11T00:00:00Z,Books
cart_001266,user_03545,prod_0004,2,181.99,2023-12-13T00:00:00Z,Electronics
cart_001267,user_03547,prod_0005,2,137.07,2023-12-30T00:00:00Z,Electronics
cart_001267,user_03547,prod_0006,1,51.94,2023-12-19T00:00:00Z,Electronics
cart_001267,user_03547,prod_0011,3,212.14,2023-12-04T00:00:00Z,Electronics
cart_001268,user_03556,prod_0077,3,129.53,2023-12-08T00:00:00Z,Beauty
cart_001269,user_03557,prod_0069,3,153.73,2023-12-14T00:00:00Z,Sports & Fitness
cart_001269,user_03557,prod_0036,2,147.88,2023-12-21T00:00:00Z,Home & Kitchen
cart_001269,user_03557,prod_0008,2,110.54,2023-12-23T00:00:00Z,Electronics
cart_001269,user_03557,prod_0042,2,72.65,2023-12-27T00:00:00Z,Home & Kitchen
cart_001269,user_03557,prod_0012,3,294.66,2023-12-30T00:00:00Z,Electronics
cart_001269,user_03557,prod_0023,1,298.21,2023-12-14T00:00:00Z,Fashion
cart_001270,user_03559,prod_0006,3,51.94,2023-12-02T00:00:00Z,Electronics
cart_001270,user_03559,prod_0005,3,137.07,2023-12-28T00:00:00Z,Electronics
cart_001271,user_03562,prod_0057,2,209.8,2023-12-13T00:00:00Z,Books
cart_001271,user_03562,prod_0085,3,74.6,2023-12-17T00:00:00Z,Toys & Games
cart_001271,user_03562,prod_0069,1,153.73,2023-12-12T00:00:00Z,Sports & Fitness
cart_001271,user_03562,prod_0087,3,126.04,2023-12-13T00:00:00Z,Toys & Games
cart_001271,user_03562,prod_0035,3,75.82,2023-12-20T00:00:00Z,Home & Kitchen
cart_001272,user_03565,prod_0073,2,44.48,2023-12-03T00:00:00Z,Beauty
cart_001272,user_03565,prod_0067,3,278.13,2023-12-22T00:00:00Z,Sports & Fitness
cart_001272,user_03565,prod_0049,2,219.09,2023-12-14T00:00:00Z,Books
cart_001272,user_03565,prod_0062,2,24.98,2023-12-25T00:00:00Z,Sports & Fitness
cart_001272,user_03565,prod_0074,1,50.7,2023-12-23T00:00:00Z,Beauty
cart_001272,user_03565,prod_0024,1,18.85,2023-12-26T00:00:00Z,Fashion
cart_001273,user_03566,prod_0099,2,25.57,2023-12-05T00:00:00Z,Automotive
cart_001273,user_03566,prod_0047,3,33.5,2023-12-11T00:00:00Z,Books
cart_001273,user_03566,prod_0096,2,294.37,2023-12-07T00:00:00Z,Automotive
cart_001273,user_03566,prod_0056,2,294.68,2023-12-08T00:00:00Z,Books
cart_001274,user_03567,prod_0076,2,78.83,2023-12-04T00:00:00Z,Beauty
cart_001274,user_03567,prod_0080,2,282.84,2023-12-15T00:00:00Z,Beauty
cart_001274,user_03567,prod_0029,1,138.39,2023-12-07T00:00:00Z,Fashion
cart_001274,user_03567,prod_0072,3,245.23,2023-12-27T00:00:00Z,Beauty
cart_001274,user_03567,prod_0026,1,142.61,2023-12-12T00:00:00Z,Fashion
cart_001275,user_03569,prod_0052,1,258.24,2023-12-30T00:00:00Z,Books
cart_001275,user_03569,prod_0053,2,163.93,2023-12-27T00:00:00Z,Books
cart_001275,user_03569,prod_0048,2,258.97,2023-12-25T00:00:00Z,Books
cart_001275,user_03569,prod_0051,3,141.01,2023-12-10T00:00:00Z,Books
cart_001275,user_03569,prod_0011,1,212.14,2023-12-09T00:00:00Z,Electronics
cart_001276,user_03574,prod_0010,1,91.19,2023-12-03T00:00:00Z,Electronics
cart_001277,user_03576,prod_0035,2,75.82,2023-12-20T00:00:00Z,Home & Kitchen
cart_001277,user_03576,prod_0046,1,76.44,2023-12-18T00:00:00Z,Books
cart_001277,user_03576,prod_0091,3,61.78,2023-12-11T00:00:00Z,Automotive
cart_001277,user_03576,prod_0022,3,176.87,2023-12-09T00:00:00Z,Fashion
cart_001278,user_03577,prod_0043,1,22.31,2023-12-19T00:00:00Z,Home & Kitchen
cart_001278,user_03577,prod_0094,2,290.3,2023-12-25T00:00:00Z,Automotive
cart_001278,user_03577,prod_0063,1,266.74,2023-12-08T00:00:00Z,Sports & Fitness
cart_001278,user_03577,prod_0049,2,219.09,2023-12-12T00:00:00Z,Books
cart_001278,user_03577,prod_0062,2,24.98,2023-12-06T00:00:00Z,Sports & Fitness
cart_001278,user_03577,prod_0051,2,141.01,2023-12-29T00:00:00Z,Books
cart_001279,user_03584,prod_0039,1,227.05,2023-12-11T00:00:00Z,Home & Kitchen
cart_001279,user_03584,prod_0054,1,254.52,2023-12-18T00:00:00Z,Books
cart_001279,user_03584,prod_0036,1,147.88,2023-12-09T00:00:00Z,Home & Kitchen
cart_001280,user_03585,prod_0100,2,200.04,2023-12-23T00:00:00Z,Automotive
cart_001280,user_03585,prod_0005,2,137.07,2023-12-31T00:00:00Z,Electronics
cart_001281,user_03586,prod_0074,3,50.7,2023-12-02T00:00:00Z,Beauty
cart_001281,user_03586,prod_0079,3,167.19,2023-12-28T00:00:00Z,Beauty
cart_001281,user_03586,prod_0091,1,61.78,2023-12-02T00:00:00Z,Automotive
cart_001281,user_03586,prod_0089,1,70.4,2023-12-13T00:00:00Z,Toys & Games
cart_001281,user_03586,prod_0062,2,24.98,2023-12-28T00:00:00Z,Sports & Fitness
cart_001281,user_03586,prod_0077,2,129.53,2023-12-17T00:00:00Z,Beauty
cart_001282,user_03587,prod_0037,3,42.75,2023-12-26T00:00:00Z,Home & Kitchen
cart_001283,user_03589,prod_0075,3,64.86,2023-12-05T00:00:00Z,Beauty
cart_001284,user_03591,prod_0023,3,298.21,2023-12-06T00:00:00Z,Fashion
cart_001284,user_03591,prod_0073,3,44.48,2023-12-06T00:00:00Z,Beauty
cart_001285,user_03592,prod_0003,2,129.05,2023-12-14T00:00:00Z,Electronics
cart_001285,user_03592,prod_0053,2,163.93,2023-12-03T00:00:00Z,Books
cart_001285,user_03592,prod_0006,3,51.94,2023-12-22T00:00:00Z,Electronics
cart_001285,user_03592,prod_0002,3,46.02,2023-12-28T00:00:00Z,Electronics
cart_001285,user_03592,prod_0005,1,137.07,2023-12-05T00:00:00Z,Electronics
cart_001286,user_03597,prod_0057,2,209.8,2023-12-07T00:00:00Z,Books
cart_001286,user_03597,prod_0006,1,51.94,2023-12-21T00:00:00Z,Electronics
cart_001286,user_03597,prod_0060,1,176.75,2023-12-04T00:00:00Z,Books
cart_001286,user_03597,prod_0063,1,266.74,2023-12-11T00:00:00Z,Sports & Fitness
cart_001287,user_03600,prod_0069,3,153.73,2023-12-11T00:00:00Z,Sports & Fitness
cart_001288,user_03603,prod_0011,1,212.14,2023-12-04T00:00:00Z,Electronics
cart_001288,user_03603,prod_0091,3,61.78,2023-12-11T00:00:00Z,Automotive
cart_001288,user_03603,prod_0006,1,51.94,2023-12-05T00:00:00Z,Electronics
cart_001288,user_03603,prod_0080,1,282.84,2023-12-19T00:00:00Z,Beauty
cart_001288,user_03603,prod_0010,2,91.19,2023-12-08T00:00:00Z,Electronics
cart_001288,user_03603,prod_0088,3,236.49,2023-12-11T00:00:00Z,Toys & Games
cart_001289,user_03606,prod_0010,1,91.19,2023-12-31T00:00:00Z,Electronics
cart_001289,user_03606,prod_0059,3,175.28,2023-12-24T00:00:00Z,Books
cart_001289,user_03606,prod_0005,3,137.07,2023-12-06T00:00:00Z,Electronics
cart_001289,user_03606,prod_0025,1,129.12,2023-12-27T00:00:00Z,Fashion
cart_001289,user_03606,prod_0056,2,294.68,2023-12-08T00:00:00Z,Books
cart_001289,user_03606,prod_0060,1,176.75,2023-12-12T00:00:00Z,Books
cart_001290,user_03607,prod_0046,3,76.44,2023-12-19T00:00:00Z,Books
cart_001290,user_03607,prod_0007,2,286.42,2023-12-05T00:00:00Z,Electronics
cart_001290,user_03607,prod_0058,2,148.08,2024-01-01T00:00:00Z,Books
cart_001290,user_03607,prod_0094,1,290.3,2023-12-31T00:00:00Z,Automotive
cart_001290,user_03607,prod_0002,2,46.02,2023-12-16T00:00:00Z,Electronics
cart_001291,user_03608,prod_0015,3,55.31,2023-12-29T00:00:00Z,Electronics
cart_001291,user_03608,prod_0065,1,81.67,2023-12-17T00:00:00Z,Sports & Fitness
cart_001292,user_03609,prod_0032,2,229.18,2023-12-15T00:00:00Z,Home & Kitchen
cart_001292,user_03609,prod_0077,1,129.53,2023-12-28T00:00:00Z,Beauty
cart_001292,user_03609,prod_0057,3,209.8,2023-12-16T00:00:00Z,Books
cart_001292,user_03609,prod_0015,2,55.31,2023-12-26T00:00:00Z,Electronics
cart_001292,user_03609,prod_0025,1,129.12,2023-12-08T00:00:00Z,Fashion
cart_001292,user_03609,prod_0059,1,175.28,2023-12-18T00:00:00Z,Books
cart_001293,user_03611,prod_0015,3,55.31,2023-12-05T00:00:00Z,Electronics
cart_001293,user_03611,prod_0045,1,43.9,2023-12-21T00:00:00Z,Home & Kitchen
cart_001293,user_03611,prod_0012,1,294.66,2023-12-12T00:00:00Z,Electronics
cart_001294,user_03615,prod_0079,2,167.19,2023-12-22T00:00:00Z,Beauty
cart_001294,user_03615,prod_0076,1,78.83,2023-12-31T00:00:00Z,Beauty
cart_001295,user_03616,prod_0042,3,72.65,2023-12-28T00:00:00Z,Home & Kitchen
cart_001295,user_03616,prod_0036,3,147.88,2023-12-02T00:00:00Z,Home & Kitchen
cart_001295,user_03616,prod_0083,1,66.76,2023-12-17T00:00:00Z,Toys & Games
cart_001296,user_03620,prod_0002,1,46.02,2023-12-02T00:00:00Z,Electronics
cart_001296,user_03620,prod_0072,2,245.23,2023-12-21T00:00:00Z,Beauty
cart_001296,user_03620,prod_0065,3,81.67,2023-12-17T00:00:00Z,Sports & Fitness
cart_001296,user_03620,prod_0080,2,282.84,2023-12-21T00:00:00Z,Beauty
cart_001296,user_03620,prod_0062,3,24.98,2023-12-17T00:00:00Z,Sports & Fitness
cart_001296,user_03620,prod_0061,2,287.47,2023-12-29T00:00:00Z,Sports & Fitness
cart_001297,user_03625,prod_0086,3,12.29,2023-12-06T00:00:00Z,Toys & Games
cart_001297,user_03625,prod_0005,3,137.07,2023-12-10T00:00:00Z,Electronics
cart_001297,user_03625,prod_0076,3,78.83,2023-12-25T00:00:00Z,Beauty
cart_001297,user_03625,prod_0002,1,46.02,2023-12-21T00:00:00Z,Electronics
cart_001298,user_03626,prod_0048,2,258.97,2023-12-16T00:00:00Z,Books
cart_001298,user_03626,prod_0047,3,33.5,2023-12-09T00:00:00Z,Books
cart_001298,user_03626,prod_0015,3,55.31,2023-12-23T00:00:00Z,Electronics
cart_001299,user_03631,prod_0089,2,70.4,2023-12-06T00:00:00Z,Toys & Games
cart_001299,user_03631,prod_0064,3,128.25,2023-12-02T00:00:00Z,Sports & Fitness
cart_001299,user_03631,prod_0032,3,229.18,2023-12-08T00:00:00Z,Home & Kitchen
cart_001299,user_03631,prod_0058,2,148.08,2023-12-05T00:00:00Z,Books
cart_001299,user_03631,prod_0069,2,153.73,2023-12-11T00:00:00Z,Sports & Fitness
cart_001299,user_03631,prod_0038,2,160.14,2023-12-31T00:00:00Z,Home & Kitchen
cart_001300,user_03634,prod_0022,2,176.87,2023-12-29T00:00:00Z,Fashion
cart_001300,user_03634,prod_0037,3,42.75,2023-12-23T00:00:00Z,Home & Kitchen
cart_001300,user_03634,prod_0004,1,181.99,2023-12-16T00:00:00Z,Electronics
cart_001301,user_03639,prod_0006,1,51.94,2023-12-24T00:00:00Z,Electronics
cart_001301,user_03639,prod_0092,1,87.06,2023-12-16T00:00:00Z,Automotive
cart_001302,user_03645,prod_0089,3,70.4,2023-12-20T00:00:00Z,Toys & Games
cart_001302,user_03645,prod_0003,3,129.05,2023-12-14T00:00:00Z,Electronics
cart_001302,user_03645,prod_0064,2,128.25,2023-12-07T00:00:00Z,Sports & Fitness
cart_001302,user_03645,prod_0021,1,46.05,2023-12-27T00:00:00Z,Fashion
cart_001303,user_03648,prod_0064,1,128.25,2023-12-28T00:00:00Z,Sports & Fitness
cart_001303,user_03648,prod_0045,3,43.9,2023-12-19T00:00:00Z,Home & Kitchen
cart_001303,user_03648,prod_0053,1,163.93,2023-12-09T00:00:00Z,Books
cart_001303,user_03648,prod_0044,2,25.83,2023-12-24T00:00:00Z,Home & Kitchen
cart_001303,user_03648,prod_0057,2,209.8,2023-12-21T00:00:00Z,Books
cart_001304,user_03653,prod_0087,1,126.04,2023-12-14T00:00:00Z,Toys & Games
cart_001304,user_03653,prod_0050,2,60.92,2023-12-30T00:00:00Z,Books
cart_001304,user_03653,prod_0009,3,219.54,2023-12-02T00:00:00Z,Electronics
cart_001304,user_03653,prod_0055,1,259.21,2023-12-07T00:00:00Z,Books
cart_001304,user_03653,prod_0029,3,138.39,2023-12-27T00:00:00Z,Fashion
cart_001305,user_03655,prod_0050,2,60.92,2023-12-13T00:00:00Z,Books
cart_001305,user_03655,prod_0065,1,81.67,2023-12-13T00:00:00Z,Sports & Fitness
cart_001305,user_03655,prod_0060,3,176.75,2023-12-13T00:00:00Z,Books
cart_001305,user_03655,prod_0043,1,22.31,2023-12-27T00:00:00Z,Home & Kitchen
cart_001305,user_03655,prod_0040,3,202.48,2023-12-20T00:00:00Z,Home & Kitchen
cart_001305,user_03655,prod_0051,2,141.01,2023-12-31T00:00:00Z,Books
cart_001306,user_03656,prod_0088,1,236.49,2023-12-12T00:00:00Z,Toys & Games
cart_001306,user_03656,prod_0056,3,294.68,2023-12-29T00:00:00Z,Books
cart_001306,user_03656,prod_0062,3,24.98,2023-12-08T00:00:00Z,Sports & Fitness
cart_001307,user_03664,prod_0013,3,138.3,2024-01-01T00:00:00Z,Electronics
cart_001307,user_03664,prod_0083,3,66.76,2023-12-15T00:00:00Z,Toys & Games
cart_001308,user_03669,prod_0047,2,33.5,2023-12-25T00:00:00Z,Books
cart_001308,user_03669,prod_0038,2,160.14,2023-12-04T00:00:00Z,Home & Kitchen
cart_001309,user_03671,prod_0068,2,298.55,2023-12-30T00:00:00Z,Sports & Fitness
cart_001310,user_03675,prod_0049,2,219.09,2023-12-04T00:00:00Z,Books
cart_001310,user_03675,prod_0056,1,294.68,2023-12-31T00:00:00Z,Books
cart_001310,user_03675,prod_0091,2,61.78,2024-01-01T00:00:00Z,Automotive
cart_001310,user_03675,prod_0069,3,153.73,2023-12-10T00:00:00Z,Sports & Fitness
cart_001311,user_03677,prod_0082,3,17.3,2023-12-19T00:00:00Z,Toys & Games
cart_001311,user_03677,prod_0038,2,160.14,2023-12-12T00:00:00Z,Home & Kitchen
cart_001311,user_03677,prod_0086,1,12.29,2023-12-25T00:00:00Z,Toys & Games
cart_001311,user_03677,prod_0041,3,77.88,2023-12-25T00:00:00Z,Home & Kitchen
cart_001312,user_03686,prod_0006,3,51.94,2023-12-09T00:00:00Z,Electronics
cart_001312,user_03686,prod_0057,3,209.8,2023-12-15T00:00:00Z,Books
cart_001312,user_03686,prod_0050,3,60.92,2023-12-21T00:00:00Z,Books
cart_001313,user_03690,prod_0053,2,163.93,2023-12-13T00:00:00Z,Books
cart_001313,user_03690,prod_0059,2,175.28,2023-12-05T00:00:00Z,Books
cart_001313,user_03690,prod_0046,1,76.44,2023-12-02T00:00:00Z,Books
cart_001313,user_03690,prod_0032,3,229.18,2023-12-18T00:00:00Z,Home & Kitchen
cart_001314,user_03691,prod_0070,2,263.51,2023-12-07T00:00:00Z,Sports & Fitness
cart_001314,user_03691,prod_0069,1,153.73,2023-12-22T00:00:00Z,Sports & Fitness
cart_001314,user_03691,prod_0072,2,245.23,2023-12-27T00:00:00Z,Beauty
cart_001314,user_03691,prod_0079,2,167.19,2023-12-08T00:00:00Z,Beauty
cart_001315,user_03693,prod_0002,1,46.02,2023-12-31T00:00:00Z,Electronics
cart_001315,user_03693,prod_0067,2,278.13,2023-12-03T00:00:00Z,Sports & Fitness
cart_001315,user_03693,prod_0015,3,55.31,2023-12-04T00:00:00Z,Electronics
cart_001316,user_03694,prod_0089,2,70.4,2023-12-30T00:00:00Z,Toys & Games
cart_001316,user_03694,prod_0050,3,60.92,2023-12-14T00:00:00Z,Books
cart_001317,user_03695,prod_0033,1,181.09,2023-12-06T00:00:00Z,Home & Kitchen
cart_001317,user_03695,prod_0063,1,266.74,2023-12-14T00:00:00Z,Sports & Fitness
cart_001317,user_03695,prod_0010,2,91.19,2023-12-30T00:00:00Z,Electronics
cart_001317,user_03695,prod_0012,1,294.66,2023-12-07T00:00:00Z,Electronics
cart_001318,user_03698,prod_0024,3,18.85,2023-12-17T00:00:00Z,Fashion
cart_001318,user_03698,prod_0002,2,46.02,2023-12-05T00:00:00Z,Electronics
cart_001318,user_03698,prod_0019,2,273.46,2023-12-27T00:00:00Z,Fashion
cart_001318,user_03698,prod_0032,3,229.18,2023-12-13T00:00:00Z,Home & Kitchen
cart_001318,user_03698,prod_0078,2,43.46,2023-12-29T00:00:00Z,Beauty
cart_001318,user_03698,prod_0018,3,14.44,2023-12-07T00:00:00Z,Fashion
cart_001319,user_03703,prod_0062,1,24.98,2023-12-06T00:00:00Z,Sports & Fitness
cart_001319,user_03703,prod_0019,3,273.46,2023-12-16T00:00:00Z,Fashion
cart_001320,user_03707,prod_0057,3,209.8,2023-12-07T00:00:00Z,Books
cart_001320,user_03707,prod_0056,1,294.68,2023-12-12T00:00:00Z,Books
cart_001320,user_03707,prod_0046,2,76.44,2024-01-01T00:00:00Z,Books
cart_001320,user_03707,prod_0014,3,66.6,2023-12-17T00:00:00Z,Electronics
cart_001320,user_03707,prod_0002,3,46.02,2023-12-10T00:00:00Z,Electronics
cart_001320,user_03707,prod_0009,3,219.54,2024-01-01T00:00:00Z,Electronics
cart_001321,user_03712,prod_0061,1,287.47,2024-01-01T00:00:00Z,Sports & Fitness
cart_001321,user_03712,prod_0088,1,236.49,2023-12-22T00:00:00Z,Toys & Games
cart_001321,user_03712,prod_0052,1,258.24,2023-12-16T00:00:00Z,Books
cart_001321,user_03712,prod_0065,2,81.67,2023-12-08T00:00:00Z,Sports & Fitness
cart_001321,user_03712,prod_0070,1,263.51,2023-12-25T00:00:00Z,Sports & Fitness
cart_001322,user_03713,prod_0046,3,76.44,2023-12-13T00:00:00Z,Books
cart_001322,user_03713,prod_0058,2,148.08,2023-12-22T00:00:00Z,Books
cart_001322,user_03713,prod_0049,3,219.09,2023-12-20T00:00:00Z,Books
cart_001322,user_03713,prod_0057,2,209.8,2023-12-07T00:00:00Z,Books
cart_001322,user_03713,prod_0045,3,43.9,2023-12-07T00:00:00Z,Home & Kitchen
cart_001323,user_03716,prod_0053,3,163.93,2023-12-03T00:00:00Z,Books
cart_001323,user_03716,prod_0059,2,175.28,2023-12-12T00:00:00Z,Books
cart_001323,user_03716,prod_0080,1,282.84,2023-12-17T00:00:00Z,Beauty
cart_001323,user_03716,prod_0089,3,70.4,2023-12-20T00:00:00Z,Toys & Games
cart_001323,user_03716,prod_0060,3,176.75,2023-12-24T00:00:00Z,Books
cart_001323,user_03716,prod_0049,3,219.09,2023-12-11T00:00:00Z,Books
cart_001324,user_03717,prod_0008,1,110.54,2023-12-17T00:00:00Z,Electronics
cart_001324,user_03717,prod_0025,3,129.12,2023-12-28T00:00:00Z,Fashion
cart_001325,user_03719,prod_0095,3,180.39,2023-12-24T00:00:00Z,Automotive
cart_001325,user_03719,prod_0092,1,87.06,2023-12-18T00:00:00Z,Automotive
cart_001325,user_03719,prod_0046,2,76.44,2023-12-23T00:00:00Z,Books
cart_001326,user_03720,prod_0001,3,192.99,2023-12-11T00:00:00Z,Electronics
cart_001326,user_03720,prod_0090,2,246.24,2023-12-02T00:00:00Z,Toys & Games
cart_001326,user_03720,prod_0088,2,236.49,2023-12-11T00:00:00Z,Toys & Games
cart_001326,user_03720,prod_0007,2,286.42,2023-12-16T00:00:00Z,Electronics
cart_001326,user_03720,prod_0004,3,181.99,2023-12-20T00:00:00Z,Electronics
cart_001326,user_03720,prod_0030,1,229.02,2023-12-13T00:00:00Z,Fashion
cart_001327,user_03725,prod_0048,1,258.97,2023-12-12T00:00:00Z,Books
cart_001327,user_03725,prod_0003,2,129.05,2023-12-28T00:00:00Z,Electronics
cart_001327,user_03725,prod_0043,1,22.31,2023-12-05T00:00:00Z,Home & Kitchen
cart_001327,user_03725,prod_0057,3,209.8,2023-12-04T00:00:00Z,Books
cart_001328,user_03736,prod_0098,3,163.3,2023-12-23T00:00:00Z,Automotive
cart_001328,user_03736,prod_0041,3,77.88,2023-12-25T00:00:00Z,Home & Kitchen
cart_001328,user_03736,prod_0029,3,138.39,2023-12-28T00:00:00Z,Fashion
cart_001329,user_03751,prod_0030,3,229.02,2023-12-08T00:00:00Z,Fashion
cart_001329,user_03751,prod_0034,1,263.34,2023-12-10T00:00:00Z,Home & Kitchen
cart_001330,user_03754,prod_0028,2,230.97,2023-12-26T00:00:00Z,Fashion
cart_001330,user_03754,prod_0033,1,181.09,2023-12-19T00:00:00Z,Home & Kitchen
cart_001331,user_03755,prod_0040,2,202.48,2023-12-10T00:00:00Z,Home & Kitchen
cart_001331,user_03755,prod_0072,1,245.23,2024-01-01T00:00:00Z,Beauty
cart_001332,user_03758,prod_0026,1,142.61,2023-12-15T00:00:00Z,Fashion
cart_001332,user_03758,prod_0083,1,66.76,2023-12-02T00:00:00Z,Toys & Games
cart_001332,user_03758,prod_0030,2,229.02,2023-12-17T00:00:00Z,Fashion
cart_001332,user_03758,prod_0021,1,46.05,2023-12-10T00:00:00Z,Fashion
cart_001332,user_03758,prod_0006,2,51.94,2023-12-04T00:00:00Z,Electronics
cart_001333,user_03759,prod_0051,2,141.01,2023-12-26T00:00:00Z,Books
cart_001333,user_03759,prod_0096,1,294.37,2023-12-28T00:00:00Z,Automotive
cart_001334,user_03760,prod_0055,3,259.21,2023-12-14T00:00:00Z,Books
cart_001335,user_03765,prod_0013,3,138.3,2023-12-22T00:00:00Z,Electronics
cart_001335,user_03765,prod_0082,2,17.3,2023-12-05T00:00:00Z,Toys & Games
cart_001335,user_03765,prod_0002,1,46.02,2023-12-16T00:00:00Z,Electronics
cart_001335,user_03765,prod_0007,2,286.42,2023-12-12T00:00:00Z,Electronics
cart_001336,user_03767,prod_0013,1,138.3,2023-12-28T00:00:00Z,Electronics
cart_001336,user_03767,prod_0084,2,169.61,2023-12-27T00:00:00Z,Toys & Games
cart_001337,user_03770,prod_0001,3,192.99,2023-12-26T00:00:00Z,Electronics
cart_001337,user_03770,prod_0057,2,209.8,2023-12-29T00:00:00Z,Books
cart_001338,user_03773,prod_0058,1,148.08,2023-12-10T00:00:00Z,Books
cart_001339,user_03777,prod_0081,3,250.37,2023-12-29T00:00:00Z,Toys & Games
cart_001339,user_03777,prod_0085,1,74.6,2023-12-02T00:00:00Z,Toys & Games
cart_001339,user_03777,prod_0042,1,72.65,2023-12-04T00:00:00Z,Home & Kitchen
cart_001339,user_03777,prod_0022,2,176.87,2023-12-20T00:00:00Z,Fashion
cart_001340,user_03778,prod_0055,2,259.21,2023-12-14T00:00:00Z,Books
cart_001340,user_03778,prod_0023,1,298.21,2023-12-27T00:00:00Z,Fashion
cart_001341,user_03779,prod_0038,3,160.14,2024-01-01T00:00:00Z,Home & Kitchen
cart_001341,user_03779,prod_0052,3,258.24,2023-12-14T00:00:00Z,Books
cart_001341,user_03779,prod_0014,2,66.6,2023-12-17T00:00:00Z,Electronics
cart_001342,user_03780,prod_0049,3,219.09,2023-12-23T00:00:00Z,Books
cart_001342,user_03780,prod_0096,1,294.37,2023-12-17T00:00:00Z,Automotive
cart_001342,user_03780,prod_0047,1,33.5,2023-12-22T00:00:00Z,Books
cart_001343,user_03786,prod_0099,2,25.57,2023-12-09T00:00:00Z,Automotive
cart_001343,user_03786,prod_0004,2,181.99,2023-12-21T00:00:00Z,Electronics
cart_001344,user_03787,prod_0100,2,200.04,2023-12-29T00:00:00Z,Automotive
cart_001345,user_03788,prod_0081,2,250.37,2023-12-28T00:00:00Z,Toys & Games
cart_001346,user_03789,prod_0074,1,50.7,2023-12-31T00:00:00Z,Beauty
cart_001346,user_03789,prod_0052,1,258.24,2023-12-19T00:00:00Z,Books
cart_001346,user_03789,prod_0004,3,181.99,2024-01-01T00:00:00Z,Electronics
cart_001346,user_03789,prod_0021,3,46.05,2023-12-27T00:00:00Z,Fashion
cart_001346,user_03789,prod_0056,1,294.68,2023-12-20T00:00:00Z,Books
cart_001346,user_03789,prod_0049,3,219.09,2023-12-26T00:00:00Z,Books
cart_001347,user_03792,prod_0075,1,64.86,2023-12-03T00:00:00Z,Beauty
cart_001347,user_03792,prod_0042,1,72.65,2024-01-01T00:00:00Z,Home & Kitchen
cart_001348,user_03793,prod_0056,1,294.68,2023-12-04T00:00:00Z,Books
cart_001348,user_03793,prod_0005,3,137.07,2023-12-21T00:00:00Z,Electronics
cart_001348,user_03793,prod_0011,3,212.14,2023-12-11T00:00:00Z,Electronics
cart_001348,user_03793,prod_0084,3,169.61,2023-12-11T00:00:00Z,Toys & Games
cart_001349,user_03801,prod_0052,3,258.24,2023-12-16T00:00:00Z,Books
cart_001350,user_03804,prod_0028,3,230.97,2023-12-03T00:00:00Z,Fashion
cart_001350,user_03804,prod_0044,3,25.83,2023-12-17T00:00:00Z,Home & Kitchen
cart_001351,user_03805,prod_0008,3,110.54,2023-12-26T00:00:00Z,Electronics
cart_001351,user_03805,prod_0005,2,137.07,2023-12-24T00:00:00Z,Electronics
cart_001351,user_03805,prod_0015,3,55.31,2023-12-26T00:00:00Z,Electronics
cart_001351,user_03805,prod_0091,1,61.78,2023-12-30T00:00:00Z,Automotive
cart_001352,user_03807,prod_0058,3,148.08,2023-12-11T00:00:00Z,Books
cart_001352,user_03807,prod_0039,2,227.05,2023-12-30T00:00:00Z,Home & Kitchen
cart_001352,user_03807,prod_0025,2,129.12,2023-12-29T00:00:00Z,Fashion
cart_001352,user_03807,prod_0013,1,138.3,2023-12-10T00:00:00Z,Electronics
cart_001352,user_03807,prod_0010,3,91.19,2023-12-09T00:00:00Z,Electronics
cart_001352,user_03807,prod_0088,1,236.49,2023-12-17T00:00:00Z,Toys & Games
cart_001353,user_03808,prod_0054,2,254.52,2023-12-04T00:00:00Z,Books
cart_001353,user_03808,prod_0048,2,258.97,2023-12-10T00:00:00Z,Books
cart_001353,user_03808,prod_0084,2,169.61,2023-12-09T00:00:00Z,Toys & Games
cart_001354,user_03812,prod_0044,1,25.83,2023-12-29T00:00:00Z,Home & Kitchen
cart_001354,user_03812,prod_0047,1,33.5,2023-12-18T00:00:00Z,Books
cart_001354,user_03812,prod_0035,3,75.82,2023-12-08T00:00:00Z,Home & Kitchen
cart_001354,user_03812,prod_0003,3,129.05,2023-12-31T00:00:00Z,Electronics
cart_001354,user_03812,prod_0055,2,259.21,2023-12-02T00:00:00Z,Books
cart_001355,user_03814,prod_0081,2,250.37,2023-12-30T00:00:00Z,Toys & Games
cart_001355,user_03814,prod_0058,2,148.08,2023-12-11T00:00:00Z,Books
cart_001355,user_03814,prod_0056,2,294.68,2023-12-14T00:00:00Z,Books
cart_001355,user_03814,prod_0037,3,42.75,2023-12-18T00:00:00Z,Home & Kitchen
cart_001356,user_03822,prod_0057,1,209.8,2023-12-02T00:00:00Z,Books
cart_001357,user_03823,prod_0017,1,100.34,2023-12-30T00:00:00Z,Fashion
cart_001358,user_03824,prod_0054,1,254.52,2023-12-09T00:00:00Z,Books
cart_001358,user_03824,prod_0055,2,259.21,2023-12-11T00:00:00Z,Books
cart_001359,user_03831,prod_0035,3,75.82,2023-12-24T00:00:00Z,Home & Kitchen
cart_001359,user_03831,prod_0032,2,229.18,2023-12-25T00:00:00Z,Home & Kitchen
cart_001359,user_03831,prod_0054,3,254.52,2023-12-11T00:00:00Z,Books
cart_001359,user_03831,prod_0090,1,246.24,2023-12-18T00:00:00Z,Toys & Games
cart_001359,user_03831,prod_0085,2,74.6,2023-12-03T00:00:00Z,Toys & Games
cart_001359,user_03831,prod_0049,3,219.09,2023-12-06T00:00:00Z,Books
cart_001360,user_03833,prod_0047,2,33.5,2023-12-28T00:00:00Z,Books
cart_001360,user_03833,prod_0042,1,72.65,2024-01-01T00:00:00Z,Home & Kitchen
cart_001360,user_03833,prod_0084,3,169.61,2023-12-16T00:00:00Z,Toys & Games
cart_001360,user_03833,prod_0014,2,66.6,2023-12-13T00:00:00Z,Electronics
cart_001360,user_03833,prod_0059,1,175.28,2023-12-12T00:00:00Z,Books
cart_001360,user_03833,prod_0088,2,236.49,2023-12-28T00:00:00Z,Toys & Games
cart_001361,user_03835,prod_0076,2,78.83,2023-12-08T00:00:00Z,Beauty
cart_001362,user_03836,prod_0041,1,77.88,2023-12-15T00:00:00Z,Home & Kitchen
cart_001362,user_03836,prod_0035,2,75.82,2023-12-16T00:00:00Z,Home & Kitchen
cart_001362,user_03836,prod_0053,3,163.93,2023-12-13T00:00:00Z,Books
cart_001362,user_03836,prod_0024,1,18.85,2023-12-26T00:00:00Z,Fashion
cart_001363,user_03838,prod_0012,1,294.66,2023-12-31T00:00:00Z,Electronics
cart_001363,user_03838,prod_0003,2,129.05,2023-12-19T00:00:00Z,Electronics
cart_001363,user_03838,prod_0054,1,254.52,2023-12-14T00:00:00Z,Books
cart_001363,user_03838,prod_0100,2,200.04,2023-12-27T00:00:00Z,Automotive
cart_001363,user_03838,prod_0081,3,250.37,2023-12-24T00:00:00Z,Toys & Games
cart_001363,user_03838,prod_0095,1,180.39,2023-12-19T00:00:00Z,Automotive
cart_001364,user_03839,prod_0084,2,169.61,2024-01-01T00:00:00Z,Toys & Games
cart_001364,user_03839,prod_0013,2,138.3,2023-12-30T00:00:00Z,Electronics
cart_001365,user_03841,prod_0047,1,33.5,2023-12-16T00:00:00Z,Books
cart_001365,user_03841,prod_0087,1,126.04,2023-12-16T00:00:00Z,Toys & Games
cart_001365,user_03841,prod_0057,1,209.8,2023-12-06T00:00:00Z,Books
cart_001365,user_03841,prod_0052,1,258.24,2023-12-05T00:00:00Z,Books
cart_001365,user_03841,prod_0050,3,60.92,2023-12-19T00:00:00Z,Books
cart_001365,user_03841,prod_0053,1,163.93,2023-12-10T00:00:00Z,Books
cart_001366,user_03843,prod_0078,2,43.46,2023-12-24T00:00:00Z,Beauty
cart_001366,user_03843,prod_0092,2,87.06,2023-12-16T00:00:00Z,Automotive
cart_001366,user_03843,prod_0028,3,230.97,2023-12-30T00:00:00Z,Fashion
cart_001367,user_03844,prod_0072,3,245.23,2023-12-29T00:00:00Z,Beauty
cart_001367,user_03844,prod_0031,2,92.74,2023-12-24T00:00:00Z,Home & Kitchen
cart_001367,user_03844,prod_0034,3,263.34,2023-12-22T00:00:00Z,Home & Kitchen
cart_001367,user_03844,prod_0065,2,81.67,2023-12-02T00:00:00Z,Sports & Fitness
cart_001367,user_03844,prod_0038,2,160.14,2023-12-10T00:00:00Z,Home & Kitchen
cart_001368,user_03851,prod_0007,2,286.42,2023-12-17T00:00:00Z,Electronics
cart_001368,user_03851,prod_0027,2,8.38,2023-12-09T00:00:00Z,Fashion
cart_001369,user_03857,prod_0006,1,51.94,2023-12-21T00:00:00Z,Electronics
cart_001369,user_03857,prod_0016,1,84.36,2023-12-28T00:00:00Z,Fashion
cart_001369,user_03857,prod_0010,3,91.19,2023-12-11T00:00:00Z,Electronics
cart_001369,user_03857,prod_0085,3,74.6,2023-12-22T00:00:00Z,Toys & Games
cart_001369,user_03857,prod_0059,1,175.28,2023-12-06T00:00:00Z,Books
cart_001370,user_03858,prod_0075,3,64.86,2023-12-02T00:00:00Z,Beauty
cart_001370,user_03858,prod_0069,2,153.73,2023-12-30T00:00:00Z,Sports & Fitness
cart_001370,user_03858,prod_0095,1,180.39,2023-12-31T00:00:00Z,Automotive
cart_001370,user_03858,prod_0077,3,129.53,2023-12-08T00:00:00Z,Beauty
cart_001370,user_03858,prod_0039,2,227.05,2023-12-18T00:00:00Z,Home & Kitchen
cart_001370,user_03858,prod_0074,3,50.7,2023-12-22T00:00:00Z,Beauty
cart_001371,user_03859,prod_0003,1,129.05,2023-12-18T00:00:00Z,Electronics
cart_001371,user_03859,prod_0010,2,91.19,2023-12-13T00:00:00Z,Electronics
cart_001372,user_03864,prod_0053,2,163.93,2023-12-17T00:00:00Z,Books
cart_001372,user_03864,prod_0011,3,212.14,2023-12-13T00:00:00Z,Electronics
cart_001372,user_03864,prod_0057,2,209.8,2023-12-24T00:00:00Z,Books
cart_001372,user_03864,prod_0030,1,229.02,2023-12-27T00:00:00Z,Fashion
cart_001373,user_03866,prod_0013,2,138.3,2023-12-20T00:00:00Z,Electronics
cart_001373,user_03866,prod_0039,2,227.05,2023-12-18T00:00:00Z,Home & Kitchen
cart_001373,user_03866,prod_0071,3,164.71,2023-12-02T00:00:00Z,Beauty
cart_001373,user_03866,prod_0080,1,282.84,2023-12-25T00:00:00Z,Beauty
cart_001374,user_03872,prod_0031,3,92.74,2023-12-21T00:00:00Z,Home & Kitchen
cart_001375,user_03874,prod_0041,2,77.88,2024-01-01T00:00:00Z,Home & Kitchen
cart_001375,user_03874,prod_0052,2,258.24,2023-12-19T00:00:00Z,Books
cart_001375,user_03874,prod_0046,3,76.44,2023-12-30T00:00:00Z,Books
cart_001375,user_03874,prod_0056,2,294.68,2023-12-20T00:00:00Z,Books
cart_001375,user_03874,prod_0044,2,25.83,2023-12-13T00:00:00Z,Home & Kitchen
cart_001376,user_03875,prod_0099,2,25.57,2023-12-31T00:00:00Z,Automotive
cart_001376,user_03875,prod_0056,3,294.68,2023-12-24T00:00:00Z,Books
cart_001376,user_03875,prod_0094,1,290.3,2023-12-28T00:00:00Z,Automotive
cart_001376,user_03875,prod_0084,1,169.61,2023-12-25T00:00:00Z,Toys & Games
cart_001376,user_03875,prod_0006,2,51.94,2023-12-14T00:00:00Z,Electronics
cart_001377,user_03876,prod_0060,1,176.75,2023-12-18T00:00:00Z,Books
cart_001377,user_03876,prod_0020,2,151.77,2023-12-14T00:00:00Z,Fashion
cart_001377,user_03876,prod_0065,2,81.67,2023-12-08T00:00:00Z,Sports & Fitness
cart_001377,user_03876,prod_0011,2,212.14,2023-12-29T00:00:00Z,Electronics
cart_001378,user_03877,prod_0071,1,164.71,2023-12-05T00:00:00Z,Beauty
cart_001378,user_03877,prod_0028,2,230.97,2023-12-03T00:00:00Z,Fashion
cart_001378,user_03877,prod_0042,1,72.65,2023-12-25T00:00:00Z,Home & Kitchen
cart_001378,user_03877,prod_0067,1,278.13,2023-12-04T00:00:00Z,Sports & Fitness
cart_001378,user_03877,prod_0099,2,25.57,2023-12-07T00:00:00Z,Automotive
cart_001378,user_03877,prod_0066,1,121.36,2023-12-03T00:00:00Z,Sports & Fitness
cart_001379,user_03880,prod_0029,1,138.39,2023-12-24T00:00:00Z,Fashion
cart_001379,user_03880,prod_0060,2,176.75,2023-12-18T00:00:00Z,Books
cart_001379,user_03880,prod_0010,1,91.19,2023-12-06T00:00:00Z,Electronics
cart_001379,user_03880,prod_0072,1,245.23,2023-12-29T00:00:00Z,Beauty
cart_001380,user_03881,prod_0099,3,25.57,2023-12-12T00:00:00Z,Automotive
cart_001380,user_03881,prod_0011,1,212.14,2023-12-22T00:00:00Z,Electronics
cart_001381,user_03882,prod_0005,3,137.07,2023-12-22T00:00:00Z,Electronics
cart_001381,user_03882,prod_0048,1,258.97,2023-12-02T00:00:00Z,Books
cart_001381,user_03882,prod_0049,1,219.09,2023-12-23T00:00:00Z,Books
cart_001382,user_03885,prod_0089,3,70.4,2023-12-13T00:00:00Z,Toys & Games
cart_001382,user_03885,prod_0007,1,286.42,2023-12-03T00:00:00Z,Electronics
cart_001383,user_03889,prod_0015,2,55.31,2023-12-07T00:00:00Z,Electronics
cart_001383,user_03889,prod_0019,1,273.46,2023-12-24T00:00:00Z,Fashion
cart_001383,user_03889,prod_0024,2,18.85,2023-12-18T00:00:00Z,Fashion
cart_001384,user_03891,prod_0071,3,164.71,2023-12-12T00:00:00Z,Beauty
cart_001385,user_03892,prod_0031,2,92.74,2023-12-09T00:00:00Z,Home & Kitchen
cart_001385,user_03892,prod_0058,1,148.08,2023-12-25T00:00:00Z,Books
cart_001385,user_03892,prod_0005,2,137.07,2023-12-28T00:00:00Z,Electronics
cart_001385,user_03892,prod_0068,1,298.55,2023-12-27T00:00:00Z,Sports & Fitness
cart_001385,user_03892,prod_0039,1,227.05,2023-12-29T00:00:00Z,Home & Kitchen
cart_001386,user_03895,prod_0015,1,55.31,2023-12-22T00:00:00Z,Electronics
cart_001386,user_03895,prod_0057,1,209.8,2023-12-10T00:00:00Z,Books
cart_001386,user_03895,prod_0008,2,110.54,2023-12-11T00:00:00Z,Electronics
cart_001386,user_03895,prod_0068,2,298.55,2023-12-29T00:00:00Z,Sports & Fitness
cart_001387,user_03897,prod_0014,2,66.6,2023-12-06T00:00:00Z,Electronics
cart_001387,user_03897,prod_0028,2,230.97,2023-12-08T00:00:00Z,Fashion
cart_001388,user_03902,prod_0025,3,129.12,2023-12-20T00:00:00Z,Fashion
cart_001388,user_03902,prod_0066,2,121.36,2023-12-19T00:00:00Z,Sports & Fitness
cart_001388,user_03902,prod_0071,1,164.71,2023-12-21T00:00:00Z,Beauty
cart_001388,user_03902,prod_0048,2,258.97,2023-12-13T00:00:00Z,Books
cart_001389,user_03904,prod_0086,1,12.29,2023-12-14T00:00:00Z,Toys & Games
cart_001389,user_03904,prod_0022,2,176.87,2023-12-10T00:00:00Z,Fashion
cart_001389,user_03904,prod_0024,3,18.85,2023-12-10T00:00:00Z,Fashion
cart_001389,user_03904,prod_0017,3,100.34,2023-12-08T00:00:00Z,Fashion
cart_001390,user_03906,prod_0040,2,202.48,2023-12-06T00:00:00Z,Home & Kitchen
cart_001390,user_03906,prod_0071,3,164.71,2024-01-01T00:00:00Z,Beauty
cart_001390,user_03906,prod_0063,1,266.74,2023-12-06T00:00:00Z,Sports & Fitness
cart_001390,user_03906,prod_0088,1,236.49,2023-12-02T00:00:00Z,Toys & Games
cart_001391,user_03910,prod_0055,2,259.21,2023-12-19T00:00:00Z,Books
cart_001391,user_03910,prod_0018,2,14.44,2023-12-10T00:00:00Z,Fashion
cart_001391,user_03910,prod_0022,3,176.87,2023-12-08T00:00:00Z,Fashion
cart_001391,user_03910,prod_0008,3,110.54,2023-12-31T00:00:00Z,Electronics
cart_001392,user_03916,prod_0065,3,81.67,2023-12-24T00:00:00Z,Sports & Fitness
cart_001392,user_03916,prod_0019,2,273.46,2023-12-04T00:00:00Z,Fashion
cart_001392,user_03916,prod_0080,1,282.84,2023-12-29T00:00:00Z,Beauty
cart_001393,user_03918,prod_0002,3,46.02,2023-12-26T00:00:00Z,Electronics
cart_001393,user_03918,prod_0056,3,294.68,2023-12-06T00:00:00Z,Books
cart_001393,user_03918,prod_0038,2,160.14,2023-12-04T00:00:00Z,Home & Kitchen
cart_001393,user_03918,prod_0017,3,100.34,2023-12-12T00:00:00Z,Fashion
cart_001394,user_03919,prod_0067,1,278.13,2023-12-30T00:00:00Z,Sports & Fitness
cart_001394,user_03919,prod_0072,3,245.23,2023-12-25T00:00:00Z,Beauty
cart_001394,user_03919,prod_0063,2,266.74,2023-12-17T00:00:00Z,Sports & Fitness
cart_001394,user_03919,prod_0061,3,287.47,2023-12-29T00:00:00Z,Sports & Fitness
cart_001394,user_03919,prod_0071,2,164.71,2023-12-23T00:00:00Z,Beauty
cart_001394,user_03919,prod_0093,3,253.04,2023-12-04T00:00:00Z,Automotive
cart_001395,user_03924,prod_0034,1,263.34,2023-12-05T00:00:00Z,Home & Kitchen
cart_001395,user_03924,prod_0013,3,138.3,2023-12-08T00:00:00Z,Electronics
cart_001395,user_03924,prod_0042,3,72.65,2023-12-07T00:00:00Z,Home & Kitchen
cart_001396,user_03927,prod_0033,1,181.09,2023-12-29T00:00:00Z,Home & Kitchen
cart_001396,user_03927,prod_0056,1,294.68,2023-12-08T00:00:00Z,Books
cart_001397,user_03932,prod_0045,1,43.9,2023-12-30T00:00:00Z,Home & Kitchen
cart_001398,user_03933,prod_0001,3,192.99,2023-12-31T00:00:00Z,Electronics
cart_001398,user_03933,prod_0003,2,129.05,2024-01-01T00:00:00Z,Electronics
cart_001398,user_03933,prod_0026,2,142.61,2023-12-10T00:00:00Z,Fashion
cart_001398,user_03933,prod_0010,3,91.19,2023-12-31T00:00:00Z,Electronics
cart_001399,user_03939,prod_0045,3,43.9,2024-01-01T00:00:00Z,Home & Kitchen
cart_001399,user_03939,prod_0032,2,229.18,2024-01-01T00:00:00Z,Home & Kitchen
cart_001400,user_03944,prod_0009,1,219.54,2023-12-28T00:00:00Z,Electronics
cart_001400,user_03944,prod_0014,2,66.6,2023-12-11T00:00:00Z,Electronics
cart_001400,user_03944,prod_0066,1,121.36,2023-12-24T00:00:00Z,Sports & Fitness
cart_001400,user_03944,prod_0096,3,294.37,2023-12-10T00:00:00Z,Automotive
cart_001400,user_03944,prod_0002,1,46.02,2023-12-27T00:00:00Z,Electronics
cart_001401,user_03945,prod_0080,3,282.84,2023-12-17T00:00:00Z,Beauty
cart_001401,user_03945,prod_0033,1,181.09,2023-12-06T00:00:00Z,Home & Kitchen
cart_001401,user_03945,prod_0048,2,258.97,2023-12-07T00:00:00Z,Books
cart_001401,user_03945,prod_0026,2,142.61,2023-12-30T00:00:00Z,Fashion
cart_001401,user_03945,prod_0085,3,74.6,2023-12-12T00:00:00Z,Toys & Games
cart_001401,user_03945,prod_0058,3,148.08,2023-12-03T00:00:00Z,Books
cart_001402,user_03952,prod_0007,1,286.42,2023-12-02T00:00:00Z,Electronics
cart_001402,user_03952,prod_0046,2,76.44,2023-12-20T00:00:00Z,Books
cart_001402,user_03952,prod_0094,2,290.3,2023-12-03T00:00:00Z,Automotive
cart_001402,user_03952,prod_0082,1,17.3,2023-12-06T00:00:00Z,Toys & Games
cart_001403,user_03961,prod_0091,2,61.78,2023-12-09T00:00:00Z,Automotive
cart_001403,user_03961,prod_0035,3,75.82,2023-12-25T00:00:00Z,Home & Kitchen
cart_001403,user_03961,prod_0017,2,100.34,2023-12-23T00:00:00Z,Fashion
cart_001403,user_03961,prod_0059,3,175.28,2023-12-02T00:00:00Z,Books
cart_001403,user_03961,prod_0034,3,263.34,2023-12-31T00:00:00Z,Home & Kitchen
cart_001404,user_03963,prod_0041,2,77.88,2023-12-08T00:00:00Z,Home & Kitchen
cart_001404,user_03963,prod_0045,2,43.9,2023-12-15T00:00:00Z,Home & Kitchen
cart_001404,user_03963,prod_0049,1,219.09,2023-12-14T00:00:00Z,Books
cart_001405,user_03964,prod_0090,3,246.24,2023-12-06T00:00:00Z,Toys & Games
cart_001405,user_03964,prod_0015,1,55.31,2023-12-13T00:00:00Z,Electronics
cart_001405,user_03964,prod_0001,1,192.99,2023-12-09T00:00:00Z,Electronics
cart_001405,user_03964,prod_0005,1,137.07,2023-12-17T00:00:00Z,Electronics
cart_001405,user_03964,prod_0094,3,290.3,2023-12-25T00:00:00Z,Automotive
cart_001405,user_03964,prod_0013,3,138.3,2023-12-31T00:00:00Z,Electronics
cart_001406,user_03965,prod_0064,1,128.25,2023-12-29T00:00:00Z,Sports & Fitness
cart_001406,user_03965,prod_0026,3,142.61,2023-12-09T00:00:00Z,Fashion
cart_001406,user_03965,prod_0031,2,92.74,2023-12-23T00:00:00Z,Home & Kitchen
cart_001407,user_03967,prod_0032,1,229.18,2023-12-06T00:00:00Z,Home & Kitchen
cart_001407,user_03967,prod_0014,1,66.6,2023-12-27T00:00:00Z,Electronics
cart_001407,user_03967,prod_0071,3,164.71,2023-12-16T00:00:00Z,Beauty
cart_001407,user_03967,prod_0001,2,192.99,2023-12-14T00:00:00Z,Electronics
cart_001407,user_03967,prod_0015,2,55.31,2024-01-01T00:00:00Z,Electronics
cart_001408,user_03970,prod_0035,3,75.82,2023-12-07T00:00:00Z,Home & Kitchen
cart_001408,user_03970,prod_0012,2,294.66,2023-12-15T00:00:00Z,Electronics
cart_001408,user_03970,prod_0036,1,147.88,2023-12-31T00:00:00Z,Home & Kitchen
cart_001408,user_03970,prod_0013,1,138.3,2023-12-31T00:00:00Z,Electronics
cart_001408,user_03970,prod_0051,3,141.01,2024-01-01T00:00:00Z,Books
cart_001408,user_03970,prod_0049,3,219.09,2023-12-24T00:00:00Z,Books
cart_001409,user_03975,prod_0069,3,153.73,2023-12-06T00:00:00Z,Sports & Fitness
cart_001409,user_03975,prod_0071,1,164.71,2023-12-20T00:00:00Z,Beauty
cart_001409,user_03975,prod_0066,2,121.36,2023-12-21T00:00:00Z,Sports & Fitness
cart_001409,user_03975,prod_0035,3,75.82,2023-12-18T00:00:00Z,Home & Kitchen
cart_001409,user_03975,prod_0073,2,44.48,2023-12-08T00:00:00Z,Beauty
cart_001409,user_03975,prod_0091,2,61.78,2023-12-25T00:00:00Z,Automotive
cart_001410,user_03976,prod_0093,1,253.04,2023-12-15T00:00:00Z,Automotive
cart_001410,user_03976,prod_0050,3,60.92,2023-12-21T00:00:00Z,Books
cart_001411,user_03977,prod_0060,3,176.75,2023-12-17T00:00:00Z,Books
cart_001411,user_03977,prod_0086,2,12.29,2023-12-21T00:00:00Z,Toys & Games
cart_001411,user_03977,prod_0053,3,163.93,2023-12-10T00:00:00Z,Books
cart_001411,user_03977,prod_0005,2,137.07,2023-12-05T00:00:00Z,Electronics
cart_001411,user_03977,prod_0089,3,70.4,2023-12-14T00:00:00Z,Toys & Games
cart_001412,user_03979,prod_0007,3,286.42,2023-12-15T00:00:00Z,Electronics
cart_001412,user_03979,prod_0091,1,61.78,2023-12-02T00:00:00Z,Automotive
cart_001413,user_03984,prod_0021,1,46.05,2023-12-02T00:00:00Z,Fashion
cart_001413,user_03984,prod_0002,3,46.02,2023-12-08T00:00:00Z,Electronics
cart_001413,user_03984,prod_0095,3,180.39,2023-12-27T00:00:00Z,Automotive
cart_001414,user_03987,prod_0051,3,141.01,2023-12-28T00:00:00Z,Books
cart_001414,user_03987,prod_0043,1,22.31,2023-12-30T00:00:00Z,Home & Kitchen
cart_001414,user_03987,prod_0031,1,92.74,2023-12-11T00:00:00Z,Home & Kitchen
cart_001414,user_03987,prod_0044,2,25.83,2023-12-08T00:00:00Z,Home & Kitchen
cart_001414,user_03987,prod_0049,2,219.09,2023-12-29T00:00:00Z,Books
cart_001414,user_03987,prod_0099,3,25.57,2023-12-05T00:00:00Z,Automotive
cart_001415,user_03989,prod_0006,1,51.94,2023-12-13T00:00:00Z,Electronics
cart_001415,user_03989,prod_0068,1,298.55,2023-12-06T00:00:00Z,Sports & Fitness
cart_001416,user_03990,prod_0076,2,78.83,2023-12-19T00:00:00Z,Beauty
cart_001416,user_03990,prod_0026,2,142.61,2023-12-07T00:00:00Z,Fashion
cart_001416,user_03990,prod_0080,3,282.84,2023-12-13T00:00:00Z,Beauty
cart_001416,user_03990,prod_0077,2,129.53,2023-12-25T00:00:00Z,Beauty
cart_001417,user_03992,prod_0088,2,236.49,2023-12-07T00:00:00Z,Toys & Games
cart_001417,user_03992,prod_0083,3,66.76,2023-12-25T00:00:00Z,Toys & Games
cart_001417,user_03992,prod_0048,2,258.97,2023-12-14T00:00:00Z,Books
cart_001417,user_03992,prod_0050,3,60.92,2023-12-27T00:00:00Z,Books
cart_001417,user_03992,prod_0044,1,25.83,2023-12-29T00:00:00Z,Home & Kitchen
cart_001418,user_03993,prod_0019,3,273.46,2023-12-23T00:00:00Z,Fashion
cart_001418,user_03993,prod_0052,1,258.24,2023-12-08T00:00:00Z,Books
cart_001418,user_03993,prod_0056,1,294.68,2023-12-20T00:00:00Z,Books
cart_001419,user_03999,prod_0055,3,259.21,2024-01-01T00:00:00Z,Books
cart_001419,user_03999,prod_0040,1,202.48,2023-12-25T00:00:00Z,Home & Kitchen
cart_001419,user_03999,prod_0043,3,22.31,2023-12-23T00:00:00Z,Home & Kitchen
cart_001419,user_03999,prod_0045,2,43.9,2023-12-19T00:00:00Z,Home & Kitchen
cart_001419,user_03999,prod_0049,1,219.09,2023-12-29T00:00:00Z,Books
cart_001419,user_03999,prod_0034,3,263.34,2023-12-02T00:00:00Z,Home & Kitchen
cart_001420,user_04000,prod_0052,2,258.24,2023-12-13T00:00:00Z,Books
cart_001420,user_04000,prod_0012,2,294.66,2023-12-23T00:00:00Z,Electronics
cart_001420,user_04000,prod_0054,1,254.52,2023-12-09T00:00:00Z,Books
cart_001420,user_04000,prod_0047,3,33.5,2023-12-20T00:00:00Z,Books
cart_001420,user_04000,prod_0039,2,227.05,2023-12-27T00:00:00Z,Home & Kitchen
cart_001420,user_04000,prod_0058,2,148.08,2023-12-21T00:00:00Z,Books
cart_001421,user_04001,prod_0041,3,77.88,2023-12-13T00:00:00Z,Home & Kitchen
cart_001422,user_04003,prod_0014,1,66.6,2023-12-14T00:00:00Z,Electronics
cart_001422,user_04003,prod_0068,1,298.55,2023-12-24T00:00:00Z,Sports & Fitness
cart_001422,user_04003,prod_0063,3,266.74,2023-12-07T00:00:00Z,Sports & Fitness
cart_001422,user_04003,prod_0062,3,24.98,2023-12-13T00:00:00Z,Sports & Fitness
cart_001422,user_04003,prod_0065,1,81.67,2023-12-11T00:00:00Z,Sports & Fitness
cart_001423,user_04004,prod_0075,1,64.86,2023-12-31T00:00:00Z,Beauty
cart_001423,user_04004,prod_0019,1,273.46,2023-12-25T00:00:00Z,Fashion
cart_001423,user_04004,prod_0024,2,18.85,2023-12-14T00:00:00Z,Fashion
cart_001423,user_04004,prod_0058,1,148.08,2023-12-19T00:00:00Z,Books
cart_001423,user_04004,prod_0048,1,258.97,2023-12-04T00:00:00Z,Books
cart_001424,user_04005,prod_0048,1,258.97,2023-12-12T00:00:00Z,Books
cart_001424,user_04005,prod_0012,1,294.66,2023-12-11T00:00:00Z,Electronics
cart_001424,user_04005,prod_0082,2,17.3,2023-12-31T00:00:00Z,Toys & Games
cart_001425,user_04007,prod_0041,3,77.88,2023-12-22T00:00:00Z,Home & Kitchen
cart_001425,user_04007,prod_0047,1,33.5,2023-12-25T00:00:00Z,Books
cart_001425,user_04007,prod_0071,2,164.71,2023-12-19T00:00:00Z,Beauty
cart_001426,user_04008,prod_0054,3,254.52,2023-12-02T00:00:00Z,Books
cart_001427,user_04010,prod_0076,1,78.83,2024-01-01T00:00:00Z,Beauty
cart_001427,user_04010,prod_0014,2,66.6,2023-12-24T00:00:00Z,Electronics
cart_001427,user_04010,prod_0065,1,81.67,2023-12-16T00:00:00Z,Sports & Fitness
cart_001427,user_04010,prod_0079,2,167.19,2023-12-29T00:00:00Z,Beauty
cart_001427,user_04010,prod_0010,1,91.19,2023-12-07T00:00:00Z,Electronics
cart_001427,user_04010,prod_0029,3,138.39,2023-12-12T00:00:00Z,Fashion
cart_001428,user_04012,prod_0051,1,141.01,2023-12-28T00:00:00Z,Books
cart_001428,user_04012,prod_0019,2,273.46,2023-12-24T00:00:00Z,Fashion
cart_001428,user_04012,prod_0083,1,66.76,2023-12-21T00:00:00Z,Toys & Games
cart_001428,user_04012,prod_0052,2,258.24,2023-12-23T00:00:00Z,Books
cart_001428,user_04012,prod_0026,1,142.61,2023-12-28T00:00:00Z,Fashion
cart_001428,user_04012,prod_0057,3,209.8,2023-12-29T00:00:00Z,Books
cart_001429,user_04013,prod_0050,3,60.92,2023-12-23T00:00:00Z,Books
cart_001429,user_04013,prod_0055,1,259.21,2023-12-02T00:00:00Z,Books
cart_001429,user_04013,prod_0031,2,92.74,2023-12-17T00:00:00Z,Home & Kitchen
cart_001429,user_04013,prod_0034,1,263.34,2023-12-02T00:00:00Z,Home & Kitchen
cart_001430,user_04014,prod_0020,3,151.77,2024-01-01T00:00:00Z,Fashion
cart_001430,user_04014,prod_0091,3,61.78,2023-12-31T00:00:00Z,Automotive
cart_001430,user_04014,prod_0077,3,129.53,2023-12-30T00:00:00Z,Beauty
cart_001431,user_04018,prod_0046,3,76.44,2023-12-29T00:00:00Z,Books
cart_001431,user_04018,prod_0002,2,46.02,2023-12-30T00:00:00Z,Electronics
cart_001432,user_04025,prod_0001,2,192.99,2023-12-30T00:00:00Z,Electronics
cart_001432,user_04025,prod_0047,2,33.5,2023-12-16T00:00:00Z,Books
cart_001432,user_04025,prod_0019,3,273.46,2023-12-10T00:00:00Z,Fashion
cart_001432,user_04025,prod_0043,1,22.31,2023-12-13T00:00:00Z,Home & Kitchen
cart_001432,user_04025,prod_0092,2,87.06,2023-12-27T00:00:00Z,Automotive
cart_001432,user_04025,prod_0059,2,175.28,2023-12-17T00:00:00Z,Books
cart_001433,user_04026,prod_0079,3,167.19,2023-12-22T00:00:00Z,Beauty
cart_001433,user_04026,prod_0071,2,164.71,2023-12-30T00:00:00Z,Beauty
cart_001433,user_04026,prod_0068,2,298.55,2023-12-08T00:00:00Z,Sports & Fitness
cart_001434,user_04027,prod_0061,3,287.47,2023-12-26T00:00:00Z,Sports & Fitness
cart_001434,user_04027,prod_0016,1,84.36,2023-12-17T00:00:00Z,Fashion
cart_001434,user_04027,prod_0056,3,294.68,2023-12-02T00:00:00Z,Books
cart_001435,user_04030,prod_0051,1,141.01,2023-12-16T00:00:00Z,Books
cart_001436,user_04031,prod_0048,3,258.97,2023-12-13T00:00:00Z,Books
cart_001436,user_04031,prod_0034,2,263.34,2023-12-16T00:00:00Z,Home & Kitchen
cart_001436,user_04031,prod_0045,1,43.9,2023-12-06T00:00:00Z,Home & Kitchen
cart_001437,user_04032,prod_0077,2,129.53,2023-12-03T00:00:00Z,Beauty
cart_001438,user_04034,prod_0023,1,298.21,2023-12-12T00:00:00Z,Fashion
cart_001439,user_04037,prod_0030,1,229.02,2023-12-04T00:00:00Z,Fashion
cart_001439,user_04037,prod_0088,1,236.49,2023-12-05T00:00:00Z,Toys & Games
cart_001439,user_04037,prod_0054,1,254.52,2023-12-30T00:00:00Z,Books
cart_001440,user_04038,prod_0075,2,64.86,2023-12-17T00:00:00Z,Beauty
cart_001440,user_04038,prod_0070,1,263.51,2023-12-04T00:00:00Z,Sports & Fitness
cart_001440,user_04038,prod_0100,2,200.04,2023-12-28T00:00:00Z,Automotive
cart_001440,user_04038,prod_0050,1,60.92,2023-12-07T00:00:00Z,Books
cart_001440,user_04038,prod_0084,2,169.61,2024-01-01T00:00:00Z,Toys & Games
cart_001440,user_04038,prod_0008,3,110.54,2023-12-25T00:00:00Z,Electronics
cart_001441,user_04041,prod_0059,3,175.28,2024-01-01T00:00:00Z,Books
cart_001441,user_04041,prod_0031,3,92.74,2023-12-16T00:00:00Z,Home & Kitchen
cart_001441,user_04041,prod_0041,1,77.88,2023-12-11T00:00:00Z,Home & Kitchen
cart_001442,user_04048,prod_0050,1,60.92,2023-12-14T00:00:00Z,Books
cart_001442,user_04048,prod_0087,1,126.04,2023-12-05T00:00:00Z,Toys & Games
cart_001442,user_04048,prod_0044,2,25.83,2023-12-21T00:00:00Z,Home & Kitchen
cart_001442,user_04048,prod_0091,1,61.78,2023-12-26T00:00:00Z,Automotive
cart_001443,user_04051,prod_0019,1,273.46,2023-12-30T00:00:00Z,Fashion
cart_001443,user_04051,prod_0022,3,176.87,2023-12-15T00:00:00Z,Fashion
cart_001443,user_04051,prod_0071,3,164.71,2023-12-09T00:00:00Z,Beauty
cart_001443,user_04051,prod_0003,3,129.05,2023-12-25T00:00:00Z,Electronics
cart_001443,user_04051,prod_0018,3,14.44,2023-12-26T00:00:00Z,Fashion
cart_001444,user_04054,prod_0068,1,298.55,2023-12-18T00:00:00Z,Sports & Fitness
cart_001444,user_04054,prod_0018,2,14.44,2023-12-04T00:00:00Z,Fashion
cart_001445,user_04055,prod_0055,3,259.21,2023-12-03T00:00:00Z,Books
cart_001445,user_04055,prod_0072,2,245.23,2023-12-31T00:00:00Z,Beauty
cart_001445,user_04055,prod_0025,3,129.12,2023-12-30T00:00:00Z,Fashion
cart_001445,user_04055,prod_0011,3,212.14,2023-12-19T00:00:00Z,Electronics
cart_001446,user_04059,prod_0100,1,200.04,2023-12-12T00:00:00Z,Automotive
cart_001446,user_04059,prod_0077,2,129.53,2023-12-29T00:00:00Z,Beauty
cart_001446,user_04059,prod_0071,1,164.71,2023-12-15T00:00:00Z,Beauty
cart_001446,user_04059,prod_0010,1,91.19,2023-12-10T00:00:00Z,Electronics
cart_001447,user_04066,prod_0088,3,236.49,2023-12-23T00:00:00Z,Toys & Games
cart_001448,user_04069,prod_0022,3,176.87,2023-12-03T00:00:00Z,Fashion
cart_001448,user_04069,prod_0001,2,192.99,2023-12-20T00:00:00Z,Electronics
cart_001449,user_04070,prod_0043,1,22.31,2023-12-22T00:00:00Z,Home & Kitchen
cart_001449,user_04070,prod_0055,1,259.21,2023-12-24T00:00:00Z,Books
cart_001449,user_04070,prod_0085,1,74.6,2023-12-22T00:00:00Z,Toys & Games
cart_001449,user_04070,prod_0046,3,76.44,2023-12-03T00:00:00Z,Books
cart_001449,user_04070,prod_0056,2,294.68,2023-12-16T00:00:00Z,Books
cart_001450,user_04075,prod_0064,3,128.25,2023-12-31T00:00:00Z,Sports & Fitness
cart_001450,user_04075,prod_0047,1,33.5,2023-12-16T00:00:00Z,Books
cart_001451,user_04086,prod_0061,3,287.47,2023-12-03T00:00:00Z,Sports & Fitness
cart_001451,user_04086,prod_0075,3,64.86,2023-12-05T00:00:00Z,Beauty
cart_001451,user_04086,prod_0030,3,229.02,2024-01-01T00:00:00Z,Fashion
cart_001451,user_04086,prod_0018,1,14.44,2023-12-31T00:00:00Z,Fashion
cart_001451,user_04086,prod_0078,2,43.46,2023-12-23T00:00:00Z,Beauty
cart_001451,user_04086,prod_0027,1,8.38,2023-12-06T00:00:00Z,Fashion
cart_001452,user_04087,prod_0064,3,128.25,2023-12-12T00:00:00Z,Sports & Fitness
cart_001452,user_04087,prod_0093,1,253.04,2023-12-05T00:00:00Z,Automotive
cart_001452,user_04087,prod_0038,1,160.14,2023-12-26T00:00:00Z,Home & Kitchen
cart_001452,user_04087,prod_0001,3,192.99,2023-12-29T00:00:00Z,Electronics
cart_001452,user_04087,prod_0098,1,163.3,2023-12-21T00:00:00Z,Automotive
cart_001452,user_04087,prod_0014,2,66.6,2023-12-14T00:00:00Z,Electronics
cart_001453,user_04093,prod_0045,1,43.9,2023-12-06T00:00:00Z,Home & Kitchen
cart_001453,user_04093,prod_0098,2,163.3,2023-12-03T00:00:00Z,Automotive
cart_001453,user_04093,prod_0099,1,25.57,2023-12-20T00:00:00Z,Automotive
cart_001453,user_04093,prod_0032,2,229.18,2023-12-03T00:00:00Z,Home & Kitchen
cart_001453,user_04093,prod_0043,3,22.31,2023-12-12T00:00:00Z,Home & Kitchen
cart_001454,user_04094,prod_0019,3,273.46,2023-12-14T00:00:00Z,Fashion
cart_001454,user_04094,prod_0022,2,176.87,2023-12-20T00:00:00Z,Fashion
cart_001454,user_04094,prod_0024,2,18.85,2023-12-27T00:00:00Z,Fashion
cart_001455,user_04097,prod_0013,2,138.3,2023-12-14T00:00:00Z,Electronics
cart_001455,user_04097,prod_0049,3,219.09,2023-12-02T00:00:00Z,Books
cart_001455,user_04097,prod_0006,2,51.94,2023-12-31T00:00:00Z,Electronics
cart_001455,user_04097,prod_0023,3,298.21,2023-12-12T00:00:00Z,Fashion
cart_001456,user_04099,prod_0048,1,258.97,2023-12-26T00:00:00Z,Books
cart_001456,user_04099,prod_0092,1,87.06,2023-12-18T00:00:00Z,Automotive
cart_001456,user_04099,prod_0096,2,294.37,2024-01-01T00:00:00Z,Automotive
cart_001456,user_04099,prod_0046,1,76.44,2023-12-23T00:00:00Z,Books
cart_001456,user_04099,prod_0060,3,176.75,2023-12-20T00:00:00Z,Books
cart_001457,user_04100,prod_0086,1,12.29,2023-12-13T00:00:00Z,Toys & Games
cart_001457,user_04100,prod_0073,1,44.48,2023-12-04T00:00:00Z,Beauty
cart_001457,user_04100,prod_0095,1,180.39,2023-12-08T00:00:00Z,Automotive
cart_001457,user_04100,prod_0097,3,18.05,2023-12-21T00:00:00Z,Automotive
cart_001457,user_04100,prod_0043,2,22.31,2023-12-14T00:00:00Z,Home & Kitchen
cart_001458,user_04102,prod_0098,1,163.3,2023-12-08T00:00:00Z,Automotive
cart_001459,user_04106,prod_0027,3,8.38,2023-12-05T00:00:00Z,Fashion
cart_001460,user_04110,prod_0057,3,209.8,2023-12-05T00:00:00Z,Books
cart_001460,user_04110,prod_0090,2,246.24,2023-12-25T00:00:00Z,Toys & Games
cart_001460,user_04110,prod_0037,1,42.75,2023-12-31T00:00:00Z,Home & Kitchen
cart_001460,user_04110,prod_0092,3,87.06,2023-12-20T00:00:00Z,Automotive
cart_001460,user_04110,prod_0089,3,70.4,2023-12-12T00:00:00Z,Toys & Games
cart_001461,user_04117,prod_0008,1,110.54,2023-12-04T00:00:00Z,Electronics
cart_001462,user_04128,prod_0089,2,70.4,2023-12-10T00:00:00Z,Toys & Games
cart_001462,user_04128,prod_0012,1,294.66,2023-12-10T00:00:00Z,Electronics
cart_001462,user_04128,prod_0036,1,147.88,2023-12-10T00:00:00Z,Home & Kitchen
cart_001462,user_04128,prod_0006,3,51.94,2023-12-19T00:00:00Z,Electronics
cart_001462,user_04128,prod_0004,3,181.99,2023-12-26T00:00:00Z,Electronics
cart_001462,user_04128,prod_0099,3,25.57,2023-12-12T00:00:00Z,Automotive
cart_001463,user_04134,prod_0098,1,163.3,2023-12-08T00:00:00Z,Automotive
cart_001463,user_04134,prod_0003,1,129.05,2023-12-12T00:00:00Z,Electronics
cart_001463,user_04134,prod_0042,3,72.65,2023-12-08T00:00:00Z,Home & Kitchen
cart_001464,user_04137,prod_0090,2,246.24,2023-12-28T00:00:00Z,Toys & Games
cart_001464,user_04137,prod_0025,1,129.12,2023-12-22T00:00:00Z,Fashion
cart_001465,user_04141,prod_0065,3,81.67,2023-12-24T00:00:00Z,Sports & Fitness
cart_001465,user_04141,prod_0079,3,167.19,2023-12-13T00:00:00Z,Beauty
cart_001465,user_04141,prod_0031,1,92.74,2023-12-02T00:00:00Z,Home & Kitchen
cart_001465,user_04141,prod_0073,2,44.48,2023-12-23T00:00:00Z,Beauty
cart_001465,user_04141,prod_0075,2,64.86,2023-12-20T00:00:00Z,Beauty
cart_001465,user_04141,prod_0088,1,236.49,2023-12-03T00:00:00Z,Toys & Games
cart_001466,user_04145,prod_0061,1,287.47,2023-12-15T00:00:00Z,Sports & Fitness
cart_001467,user_04147,prod_0037,3,42.75,2023-12-21T00:00:00Z,Home & Kitchen
cart_001467,user_04147,prod_0007,1,286.42,2023-12-23T00:00:00Z,Electronics
cart_001467,user_04147,prod_0054,3,254.52,2023-12-05T00:00:00Z,Books
cart_001467,user_04147,prod_0045,3,43.9,2023-12-18T00:00:00Z,Home & Kitchen
cart_001467,user_04147,prod_0011,1,212.14,2023-12-18T00:00:00Z,Electronics
cart_001467,user_04147,prod_0006,1,51.94,2023-12-02T00:00:00Z,Electronics
cart_001468,user_04150,prod_0005,1,137.07,2023-12-22T00:00:00Z,Electronics
cart_001468,user_04150,prod_0037,3,42.75,2023-12-29T00:00:00Z,Home & Kitchen
cart_001468,user_04150,prod_0048,1,258.97,2023-12-14T00:00:00Z,Books
cart_001468,user_04150,prod_0068,1,298.55,2023-12-13T00:00:00Z,Sports & Fitness
cart_001468,user_04150,prod_0057,2,209.8,2023-12-13T00:00:00Z,Books
cart_001469,user_04152,prod_0073,2,44.48,2023-12-16T00:00:00Z,Beauty
cart_001469,user_04152,prod_0068,3,298.55,2023-12-13T00:00:00Z,Sports & Fitness
cart_001469,user_04152,prod_0001,2,192.99,2023-12-14T00:00:00Z,Electronics
cart_001469,user_04152,prod_0062,1,24.98,2023-12-16T00:00:00Z,Sports & Fitness
cart_001470,user_04154,prod_0025,2,129.12,2023-12-27T00:00:00Z,Fashion
cart_001470,user_04154,prod_0029,3,138.39,2023-12-06T00:00:00Z,Fashion
cart_001470,user_04154,prod_0024,3,18.85,2023-12-15T00:00:00Z,Fashion
cart_001470,user_04154,prod_0021,3,46.05,2023-12-05T00:00:00Z,Fashion
cart_001470,user_04154,prod_0037,1,42.75,2023-12-21T00:00:00Z,Home & Kitchen
cart_001471,user_04156,prod_0087,3,126.04,2023-12-11T00:00:00Z,Toys & Games
cart_001471,user_04156,prod_0091,2,61.78,2023-12-16T00:00:00Z,Automotive
cart_001471,user_04156,prod_0030,1,229.02,2023-12-19T00:00:00Z,Fashion
cart_001472,user_04157,prod_0041,3,77.88,2023-12-17T00:00:00Z,Home & Kitchen
cart_001472,user_04157,prod_0065,1,81.67,2023-12-10T00:00:00Z,Sports & Fitness
cart_001472,user_04157,prod_0051,2,141.01,2023-12-25T00:00:00Z,Books
cart_001473,user_04161,prod_0062,2,24.98,2023-12-05T00:00:00Z,Sports & Fitness
cart_001474,user_04167,prod_0097,2,18.05,2023-12-03T00:00:00Z,Automotive
cart_001475,user_04175,prod_0052,3,258.24,2023-12-17T00:00:00Z,Books
cart_001476,user_04178,prod_0004,2,181.99,2023-12-17T00:00:00Z,Electronics
cart_001476,user_04178,prod_0006,1,51.94,2023-12-03T00:00:00Z,Electronics
cart_001477,user_04185,prod_0080,3,282.84,2023-12-21T00:00:00Z,Beauty
cart_001477,user_04185,prod_0047,1,33.5,2023-12-06T00:00:00Z,Books
cart_001477,user_04185,prod_0059,3,175.28,2023-12-26T00:00:00Z,Books
cart_001477,user_04185,prod_0058,1,148.08,2023-12-20T00:00:00Z,Books
cart_001478,user_04187,prod_0013,1,138.3,2023-12-29T00:00:00Z,Electronics
cart_001478,user_04187,prod_0062,2,24.98,2023-12-26T00:00:00Z,Sports & Fitness
cart_001478,user_04187,prod_0010,3,91.19,2023-12-26T00:00:00Z,Electronics
cart_001479,user_04188,prod_0034,1,263.34,2023-12-15T00:00:00Z,Home & Kitchen
cart_001479,user_04188,prod_0074,2,50.7,2023-12-25T00:00:00Z,Beauty
cart_001479,user_04188,prod_0083,3,66.76,2023-12-06T00:00:00Z,Toys & Games
cart_001479,user_04188,prod_0062,2,24.98,2023-12-23T00:00:00Z,Sports & Fitness
cart_001480,user_04190,prod_0064,2,128.25,2023-12-12T00:00:00Z,Sports & Fitness
cart_001480,user_04190,prod_0091,1,61.78,2023-12-21T00:00:00Z,Automotive
cart_001480,user_04190,prod_0058,3,148.08,2023-12-21T00:00:00Z,Books
cart_001480,user_04190,prod_0034,3,263.34,2023-12-09T00:00:00Z,Home & Kitchen
cart_001480,user_04190,prod_0100,3,200.04,2023-12-11T00:00:00Z,Automotive
cart_001480,user_04190,prod_0080,2,282.84,2023-12-22T00:00:00Z,Beauty
cart_001481,user_04193,prod_0011,2,212.14,2023-12-29T00:00:00Z,Electronics
cart_001481,user_04193,prod_0060,1,176.75,2023-12-06T00:00:00Z,Books
cart_001481,user_04193,prod_0046,1,76.44,2023-12-25T00:00:00Z,Books
cart_001481,user_04193,prod_0052,2,258.24,2023-12-29T00:00:00Z,Books
cart_001481,user_04193,prod_0012,3,294.66,2023-12-18T00:00:00Z,Electronics
cart_001482,user_04198,prod_0060,3,176.75,2023-12-23T00:00:00Z,Books
cart_001482,user_04198,prod_0009,3,219.54,2023-12-13T00:00:00Z,Electronics
cart_001482,user_04198,prod_0018,3,14.44,2023-12-15T00:00:00Z,Fashion
cart_001482,user_04198,prod_0048,1,258.97,2023-12-28T00:00:00Z,Books
cart_001482,user_04198,prod_0053,2,163.93,2023-12-23T00:00:00Z,Books
cart_001482,user_04198,prod_0075,3,64.86,2023-12-27T00:00:00Z,Beauty
cart_001483,user_04201,prod_0010,1,91.19,2023-12-25T00:00:00Z,Electronics
cart_001483,user_04201,prod_0039,1,227.05,2023-12-10T00:00:00Z,Home & Kitchen
cart_001483,user_04201,prod_0022,3,176.87,2023-12-29T00:00:00Z,Fashion
cart_001484,user_04205,prod_0014,1,66.6,2023-12-28T00:00:00Z,Electronics
cart_001485,user_04208,prod_0094,3,290.3,2023-12-12T00:00:00Z,Automotive
cart_001485,user_04208,prod_0025,3,129.12,2023-12-14T00:00:00Z,Fashion
cart_001485,user_04208,prod_0050,2,60.92,2023-12-17T00:00:00Z,Books
cart_001486,user_04211,prod_0008,2,110.54,2023-12-22T00:00:00Z,Electronics
cart_001486,user_04211,prod_0023,1,298.21,2023-12-05T00:00:00Z,Fashion
cart_001486,user_04211,prod_0084,2,169.61,2023-12-04T00:00:00Z,Toys & Games
cart_001486,user_04211,prod_0052,3,258.24,2023-12-20T00:00:00Z,Books
cart_001487,user_04212,prod_0080,2,282.84,2023-12-15T00:00:00Z,Beauty
cart_001487,user_04212,prod_0027,1,8.38,2023-12-03T00:00:00Z,Fashion
cart_001487,user_04212,prod_0012,3,294.66,2023-12-19T00:00:00Z,Electronics
cart_001487,user_04212,prod_0002,1,46.02,2023-12-06T00:00:00Z,Electronics
cart_001487,user_04212,prod_0083,1,66.76,2023-12-08T00:00:00Z,Toys & Games
cart_001488,user_04215,prod_0081,2,250.37,2023-12-03T00:00:00Z,Toys & Games
cart_001488,user_04215,prod_0070,2,263.51,2023-12-19T00:00:00Z,Sports & Fitness
cart_001488,user_04215,prod_0032,2,229.18,2023-12-13T00:00:00Z,Home & Kitchen
cart_001488,user_04215,prod_0058,2,148.08,2023-12-20T00:00:00Z,Books
cart_001489,user_04216,prod_0060,1,176.75,2023-12-05T00:00:00Z,Books
cart_001489,user_04216,prod_0065,3,81.67,2023-12-26T00:00:00Z,Sports & Fitness
cart_001489,user_04216,prod_0100,1,200.04,2023-12-24T00:00:00Z,Automotive
cart_001489,user_04216,prod_0017,2,100.34,2023-12-14T00:00:00Z,Fashion
cart_001490,user_04218,prod_0050,1,60.92,2023-12-15T00:00:00Z,Books
cart_001490,user_04218,prod_0056,1,294.68,2023-12-30T00:00:00Z,Books
cart_001490,user_04218,prod_0002,2,46.02,2023-12-02T00:00:00Z,Electronics
cart_001490,user_04218,prod_0049,1,219.09,2023-12-31T00:00:00Z,Books
cart_001490,user_04218,prod_0008,1,110.54,2023-12-30T00:00:00Z,Electronics
cart_001491,user_04219,prod_0078,1,43.46,2023-12-31T00:00:00Z,Beauty
cart_001491,user_04219,prod_0079,1,167.19,2023-12-09T00:00:00Z,Beauty
cart_001491,user_04219,prod_0016,2,84.36,2023-12-21T00:00:00Z,Fashion
cart_001492,user_04221,prod_0050,3,60.92,2023-12-05T00:00:00Z,Books
cart_001493,user_04228,prod_0058,2,148.08,2023-12-08T00:00:00Z,Books
cart_001493,user_04228,prod_0046,3,76.44,2023-12-26T00:00:00Z,Books
cart_001493,user_04228,prod_0073,3,44.48,2023-12-12T00:00:00Z,Beauty
cart_001493,user_04228,prod_0043,1,22.31,2023-12-30T00:00:00Z,Home & Kitchen
cart_001493,user_04228,prod_0057,1,209.8,2023-12-25T00:00:00Z,Books
cart_001493,user_04228,prod_0050,3,60.92,2023-12-24T00:00:00Z,Books
cart_001494,user_04229,prod_0001,2,192.99,2023-12-28T00:00:00Z,Electronics
cart_001494,user_04229,prod_0096,1,294.37,2023-12-11T00:00:00Z,Automotive
cart_001494,user_04229,prod_0011,3,212.14,2023-12-25T00:00:00Z,Electronics
cart_001494,user_04229,prod_0088,2,236.49,2023-12-10T00:00:00Z,Toys & Games
cart_001495,user_04230,prod_0004,1,181.99,2023-12-06T00:00:00Z,Electronics
cart_001495,user_04230,prod_0001,1,192.99,2023-12-19T00:00:00Z,Electronics
cart_001495,user_04230,prod_0087,1,126.04,2023-12-07T00:00:00Z,Toys & Games
cart_001495,user_04230,prod_0003,3,129.05,2023-12-26T00:00:00Z,Electronics
cart_001495,user_04230,prod_0028,1,230.97,2023-12-13T00:00:00Z,Fashion
cart_001495,user_04230,prod_0037,3,42.75,2023-12-31T00:00:00Z,Home & Kitchen
cart_001496,user_04231,prod_0068,3,298.55,2023-12-29T00:00:00Z,Sports & Fitness
cart_001497,user_04232,prod_0075,2,64.86,2023-12-16T00:00:00Z,Beauty
cart_001497,user_04232,prod_0035,2,75.82,2023-12-03T00:00:00Z,Home & Kitchen
cart_001497,user_04232,prod_0041,2,77.88,2023-12-29T00:00:00Z,Home & Kitchen
cart_001498,user_04236,prod_0091,2,61.78,2023-12-28T00:00:00Z,Automotive
cart_001498,user_04236,prod_0035,3,75.82,2024-01-01T00:00:00Z,Home & Kitchen
cart_001498,user_04236,prod_0059,1,175.28,2023-12-15T00:00:00Z,Books
cart_001498,user_04236,prod_0032,3,229.18,2023-12-14T00:00:00Z,Home & Kitchen
cart_001498,user_04236,prod_0040,3,202.48,2023-12-21T00:00:00Z,Home & Kitchen
cart_001499,user_04237,prod_0033,1,181.09,2023-12-22T00:00:00Z,Home & Kitchen
cart_001499,user_04237,prod_0082,2,17.3,2023-12-17T00:00:00Z,Toys & Games
cart_001500,user_04241,prod_0037,3,42.75,2023-12-04T00:00:00Z,Home & Kitchen
cart_001500,user_04241,prod_0047,1,33.5,2023-12-27T00:00:00Z,Books
cart_001501,user_04242,prod_0046,2,76.44,2023-12-08T00:00:00Z,Books
cart_001501,user_04242,prod_0018,2,14.44,2023-12-05T00:00:00Z,Fashion
cart_001501,user_04242,prod_0007,3,286.42,2023-12-20T00:00:00Z,Electronics
cart_001501,user_04242,prod_0081,1,250.37,2023-12-23T00:00:00Z,Toys & Games
cart_001502,user_04244,prod_0099,2,25.57,2023-12-06T00:00:00Z,Automotive
cart_001502,user_04244,prod_0073,3,44.48,2024-01-01T00:00:00Z,Beauty
cart_001502,user_04244,prod_0076,1,78.83,2023-12-25T00:00:00Z,Beauty
cart_001502,user_04244,prod_0071,3,164.71,2023-12-23T00:00:00Z,Beauty
cart_001502,user_04244,prod_0044,2,25.83,2023-12-23T00:00:00Z,Home & Kitchen
cart_001502,user_04244,prod_0080,2,282.84,2023-12-10T00:00:00Z,Beauty
cart_001503,user_04246,prod_0043,2,22.31,2023-12-21T00:00:00Z,Home & Kitchen
cart_001504,user_04250,prod_0050,2,60.92,2023-12-17T00:00:00Z,Books
cart_001505,user_04253,prod_0038,3,160.14,2023-12-11T00:00:00Z,Home & Kitchen
cart_001505,user_04253,prod_0048,3,258.97,2023-12-29T00:00:00Z,Books
cart_001505,user_04253,prod_0050,3,60.92,2023-12-31T00:00:00Z,Books
cart_001505,user_04253,prod_0009,1,219.54,2023-12-20T00:00:00Z,Electronics
cart_001505,user_04253,prod_0032,3,229.18,2023-12-17T00:00:00Z,Home & Kitchen
cart_001505,user_04253,prod_0072,1,245.23,2023-12-08T00:00:00Z,Beauty
cart_001506,user_04254,prod_0055,2,259.21,2023-12-15T00:00:00Z,Books
cart_001506,user_04254,prod_0095,3,180.39,2023-12-23T00:00:00Z,Automotive
cart_001507,user_04266,prod_0054,2,254.52,2023-12-18T00:00:00Z,Books
cart_001507,user_04266,prod_0042,2,72.65,2023-12-07T00:00:00Z,Home & Kitchen
cart_001507,user_04266,prod_0018,1,14.44,2023-12-23T00:00:00Z,Fashion
cart_001507,user_04266,prod_0024,1,18.85,2023-12-03T00:00:00Z,Fashion
cart_001508,user_04270,prod_0057,2,209.8,2023-12-03T00:00:00Z,Books
cart_001508,user_04270,prod_0086,2,12.29,2023-12-24T00:00:00Z,Toys & Games
cart_001508,user_04270,prod_0080,1,282.84,2023-12-02T00:00:00Z,Beauty
cart_001508,user_04270,prod_0061,1,287.47,2023-12-06T00:00:00Z,Sports & Fitness
cart_001508,user_04270,prod_0096,3,294.37,2023-12-28T00:00:00Z,Automotive
cart_001508,user_04270,prod_0014,2,66.6,2023-12-30T00:00:00Z,Electronics
cart_001509,user_04271,prod_0043,2,22.31,2023-12-12T00:00:00Z,Home & Kitchen
cart_001509,user_04271,prod_0029,1,138.39,2023-12-17T00:00:00Z,Fashion
cart_001509,user_04271,prod_0039,2,227.05,2023-12-02T00:00:00Z,Home & Kitchen
cart_001509,user_04271,prod_0098,3,163.3,2024-01-01T00:00:00Z,Automotive
cart_001509,user_04271,prod_0009,3,219.54,2023-12-21T00:00:00Z,Electronics
cart_001510,user_04274,prod_0095,3,180.39,2023-12-20T00:00:00Z,Automotive
cart_001510,user_04274,prod_0060,2,176.75,2023-12-28T00:00:00Z,Books
cart_001511,user_04276,prod_0055,2,259.21,2023-12-28T00:00:00Z,Books
cart_001511,user_04276,prod_0050,3,60.92,2023-12-03T00:00:00Z,Books
cart_001511,user_04276,prod_0044,1,25.83,2023-12-24T00:00:00Z,Home & Kitchen
cart_001511,user_04276,prod_0098,2,163.3,2023-12-15T00:00:00Z,Automotive
cart_001511,user_04276,prod_0058,2,148.08,2023-12-11T00:00:00Z,Books
cart_001511,user_04276,prod_0038,1,160.14,2023-12-06T00:00:00Z,Home & Kitchen
cart_001512,user_04277,prod_0065,1,81.67,2023-12-03T00:00:00Z,Sports & Fitness
cart_001512,user_04277,prod_0073,2,44.48,2023-12-29T00:00:00Z,Beauty
cart_001512,user_04277,prod_0063,2,266.74,2023-12-15T00:00:00Z,Sports & Fitness
cart_001512,user_04277,prod_0008,2,110.54,2023-12-18T00:00:00Z,Electronics
cart_001512,user_04277,prod_0043,2,22.31,2023-12-24T00:00:00Z,Home & Kitchen
cart_001513,user_04281,prod_0052,3,258.24,2023-12-12T00:00:00Z,Books
cart_001513,user_04281,prod_0047,3,33.5,2023-12-08T00:00:00Z,Books
cart_001513,user_04281,prod_0009,1,219.54,2023-12-08T00:00:00Z,Electronics
cart_001513,user_04281,prod_0083,3,66.76,2023-12-05T00:00:00Z,Toys & Games
cart_001513,user_04281,prod_0013,1,138.3,2023-12-03T00:00:00Z,Electronics
cart_001514,user_04286,prod_0050,2,60.92,2023-12-06T00:00:00Z,Books
cart_001514,user_04286,prod_0056,1,294.68,2023-12-21T00:00:00Z,Books
cart_001514,user_04286,prod_0006,3,51.94,2023-12-17T00:00:00Z,Electronics
cart_001514,user_04286,prod_0063,2,266.74,2023-12-09T00:00:00Z,Sports & Fitness
cart_001515,user_04294,prod_0067,3,278.13,2024-01-01T00:00:00Z,Sports & Fitness
cart_001515,user_04294,prod_0079,2,167.19,2023-12-30T00:00:00Z,Beauty
cart_001515,user_04294,prod_0025,2,129.12,2023-12-04T00:00:00Z,Fashion
cart_001515,user_04294,prod_0072,1,245.23,2023-12-18T00:00:00Z,Beauty
cart_001515,user_04294,prod_0022,2,176.87,2023-12-07T00:00:00Z,Fashion
cart_001515,user_04294,prod_0071,2,164.71,2023-12-05T00:00:00Z,Beauty
cart_001516,user_04295,prod_0072,2,245.23,2023-12-19T00:00:00Z,Beauty
cart_001516,user_04295,prod_0045,2,43.9,2023-12-13T00:00:00Z,Home & Kitchen
cart_001516,user_04295,prod_0062,2,24.98,2023-12-10T00:00:00Z,Sports & Fitness
cart_001516,user_04295,prod_0050,2,60.92,2023-12-26T00:00:00Z,Books
cart_001516,user_04295,prod_0075,3,64.86,2023-12-18T00:00:00Z,Beauty
cart_001516,user_04295,prod_0091,1,61.78,2023-12-05T00:00:00Z,Automotive
cart_001517,user_04297,prod_0048,1,258.97,2023-12-11T00:00:00Z,Books
cart_001517,user_04297,prod_0015,1,55.31,2023-12-20T00:00:00Z,Electronics
cart_001517,user_04297,prod_0032,2,229.18,2023-12-08T00:00:00Z,Home & Kitchen
cart_001517,user_04297,prod_0027,3,8.38,2023-12-10T00:00:00Z,Fashion
cart_001518,user_04298,prod_0032,2,229.18,2023-12-12T00:00:00Z,Home & Kitchen
cart_001518,user_04298,prod_0055,3,259.21,2023-12-23T00:00:00Z,Books
cart_001518,user_04298,prod_0037,2,42.75,2023-12-07T00:00:00Z,Home & Kitchen
cart_001518,user_04298,prod_0079,2,167.19,2023-12-23T00:00:00Z,Beauty
cart_001518,user_04298,prod_0060,1,176.75,2023-12-31T00:00:00Z,Books
cart_001519,user_04299,prod_0022,1,176.87,2023-12-24T00:00:00Z,Fashion
cart_001519,user_04299,prod_0025,3,129.12,2023-12-05T00:00:00Z,Fashion
cart_001519,user_04299,prod_0073,3,44.48,2023-12-15T00:00:00Z,Beauty
cart_001519,user_04299,prod_0050,1,60.92,2023-12-28T00:00:00Z,Books
cart_001519,user_04299,prod_0063,1,266.74,2023-12-04T00:00:00Z,Sports & Fitness
cart_001520,user_04302,prod_0054,2,254.52,2023-12-30T00:00:00Z,Books
cart_001520,user_04302,prod_0056,2,294.68,2023-12-04T00:00:00Z,Books
cart_001520,user_04302,prod_0057,1,209.8,2023-12-30T00:00:00Z,Books
cart_001520,user_04302,prod_0008,1,110.54,2023-12-10T00:00:00Z,Electronics
cart_001520,user_04302,prod_0060,2,176.75,2023-12-11T00:00:00Z,Books
cart_001521,user_04304,prod_0013,3,138.3,2023-12-14T00:00:00Z,Electronics
cart_001522,user_04310,prod_0079,1,167.19,2023-12-28T00:00:00Z,Beauty
cart_001523,user_04311,prod_0048,2,258.97,2023-12-14T00:00:00Z,Books
cart_001523,user_04311,prod_0086,1,12.29,2023-12-02T00:00:00Z,Toys & Games
cart_001523,user_04311,prod_0023,1,298.21,2023-12-10T00:00:00Z,Fashion
cart_001523,user_04311,prod_0024,1,18.85,2023-12-22T00:00:00Z,Fashion
cart_001524,user_04313,prod_0097,3,18.05,2023-12-28T00:00:00Z,Automotive
cart_001524,user_04313,prod_0034,2,263.34,2023-12-26T00:00:00Z,Home & Kitchen
cart_001524,user_04313,prod_0028,3,230.97,2023-12-13T00:00:00Z,Fashion
cart_001525,user_04316,prod_0055,1,259.21,2023-12-07T00:00:00Z,Books
cart_001525,user_04316,prod_0048,3,258.97,2023-12-11T00:00:00Z,Books
cart_001525,user_04316,prod_0077,2,129.53,2023-12-30T00:00:00Z,Beauty
cart_001525,user_04316,prod_0059,2,175.28,2023-12-06T00:00:00Z,Books
cart_001526,user_04320,prod_0046,3,76.44,2023-12-20T00:00:00Z,Books
cart_001526,user_04320,prod_0060,2,176.75,2023-12-22T00:00:00Z,Books
cart_001526,user_04320,prod_0071,3,164.71,2023-12-30T00:00:00Z,Beauty
cart_001527,user_04328,prod_0033,2,181.09,2023-12-24T00:00:00Z,Home & Kitchen
cart_001527,user_04328,prod_0097,3,18.05,2023-12-07T00:00:00Z,Automotive
cart_001527,user_04328,prod_0065,2,81.67,2023-12-06T00:00:00Z,Sports & Fitness
cart_001527,user_04328,prod_0002,1,46.02,2023-12-22T00:00:00Z,Electronics
cart_001527,user_04328,prod_0084,1,169.61,2023-12-28T00:00:00Z,Toys & Games
cart_001528,user_04330,prod_0092,2,87.06,2023-12-12T00:00:00Z,Automotive
cart_001528,user_04330,prod_0035,3,75.82,2023-12-09T00:00:00Z,Home & Kitchen
cart_001529,user_04331,prod_0033,3,181.09,2023-12-02T00:00:00Z,Home & Kitchen
cart_001529,user_04331,prod_0049,1,219.09,2023-12-19T00:00:00Z,Books
cart_001529,user_04331,prod_0087,2,126.04,2023-12-05T00:00:00Z,Toys & Games
cart_001529,user_04331,prod_0056,1,294.68,2023-12-24T00:00:00Z,Books
cart_001529,user_04331,prod_0001,1,192.99,2023-12-05T00:00:00Z,Electronics
cart_001530,user_04332,prod_0007,1,286.42,2023-12-16T00:00:00Z,Electronics
cart_001531,user_04333,prod_0035,3,75.82,2023-12-07T00:00:00Z,Home & Kitchen
cart_001531,user_04333,prod_0072,2,245.23,2023-12-14T00:00:00Z,Beauty
cart_001531,user_04333,prod_0099,1,25.57,2023-12-27T00:00:00Z,Automotive
cart_001532,user_04336,prod_0011,2,212.14,2023-12-25T00:00:00Z,Electronics
cart_001532,user_04336,prod_0038,1,160.14,2023-12-12T00:00:00Z,Home & Kitchen
cart_001532,user_04336,prod_0047,2,33.5,2023-12-16T00:00:00Z,Books
cart_001532,user_04336,prod_0017,1,100.34,2023-12-16T00:00:00Z,Fashion
cart_001532,user_04336,prod_0021,2,46.05,2023-12-02T00:00:00Z,Fashion
cart_001532,user_04336,prod_0014,2,66.6,2023-12-07T00:00:00Z,Electronics
cart_001533,user_04339,prod_0019,3,273.46,2023-12-16T00:00:00Z,Fashion
cart_001533,user_04339,prod_0009,3,219.54,2023-12-20T00:00:00Z,Electronics
cart_001533,user_04339,prod_0098,1,163.3,2023-12-13T00:00:00Z,Automotive
cart_001534,user_04341,prod_0049,3,219.09,2023-12-22T00:00:00Z,Books
cart_001534,user_04341,prod_0073,2,44.48,2023-12-26T00:00:00Z,Beauty
cart_001534,user_04341,prod_0091,3,61.78,2023-12-04T00:00:00Z,Automotive
cart_001534,user_04341,prod_0068,3,298.55,2023-12-19T00:00:00Z,Sports & Fitness
cart_001534,user_04341,prod_0071,1,164.71,2023-12-23T00:00:00Z,Beauty
cart_001535,user_04346,prod_0026,3,142.61,2023-12-12T00:00:00Z,Fashion
cart_001536,user_04349,prod_0019,3,273.46,2023-12-21T00:00:00Z,Fashion
cart_001536,user_04349,prod_0079,3,167.19,2023-12-19T00:00:00Z,Beauty
cart_001536,user_04349,prod_0054,3,254.52,2023-12-04T00:00:00Z,Books
cart_001536,user_04349,prod_0026,3,142.61,2023-12-13T00:00:00Z,Fashion
cart_001537,user_04351,prod_0059,2,175.28,2023-12-12T00:00:00Z,Books
cart_001537,user_04351,prod_0027,2,8.38,2023-12-19T00:00:00Z,Fashion
cart_001537,user_04351,prod_0086,1,12.29,2023-12-11T00:00:00Z,Toys & Games
cart_001537,user_04351,prod_0023,2,298.21,2023-12-28T00:00:00Z,Fashion
cart_001538,user_04353,prod_0037,3,42.75,2023-12-22T00:00:00Z,Home & Kitchen
cart_001539,user_04354,prod_0061,3,287.47,2023-12-04T00:00:00Z,Sports & Fitness
cart_001539,user_04354,prod_0065,1,81.67,2023-12-09T00:00:00Z,Sports & Fitness
cart_001539,user_04354,prod_0064,1,128.25,2023-12-10T00:00:00Z,Sports & Fitness
cart_001539,user_04354,prod_0067,2,278.13,2023-12-07T00:00:00Z,Sports & Fitness
cart_001539,user_04354,prod_0076,3,78.83,2023-12-21T00:00:00Z,Beauty
cart_001539,user_04354,prod_0005,2,137.07,2023-12-03T00:00:00Z,Electronics
cart_001540,user_04355,prod_0053,1,163.93,2024-01-01T00:00:00Z,Books
cart_001540,user_04355,prod_0014,2,66.6,2023-12-23T00:00:00Z,Electronics
cart_001540,user_04355,prod_0003,2,129.05,2023-12-07T00:00:00Z,Electronics
cart_001541,user_04357,prod_0032,1,229.18,2023-12-06T00:00:00Z,Home & Kitchen
cart_001541,user_04357,prod_0011,3,212.14,2023-12-11T00:00:00Z,Electronics
cart_001541,user_04357,prod_0080,2,282.84,2023-12-28T00:00:00Z,Beauty
cart_001541,user_04357,prod_0067,3,278.13,2023-12-27T00:00:00Z,Sports & Fitness
cart_001541,user_04357,prod_0040,3,202.48,2023-12-07T00:00:00Z,Home & Kitchen
cart_001542,user_04358,prod_0012,3,294.66,2023-12-23T00:00:00Z,Electronics
cart_001542,user_04358,prod_0075,2,64.86,2023-12-03T00:00:00Z,Beauty
cart_001542,user_04358,prod_0052,1,258.24,2023-12-23T00:00:00Z,Books
cart_001542,user_04358,prod_0057,1,209.8,2023-12-20T00:00:00Z,Books
cart_001542,user_04358,prod_0055,2,259.21,2023-12-11T00:00:00Z,Books
cart_001542,user_04358,prod_0039,3,227.05,2023-12-26T00:00:00Z,Home & Kitchen
cart_001543,user_04359,prod_0042,2,72.65,2023-12-07T00:00:00Z,Home & Kitchen
cart_001543,user_04359,prod_0075,2,64.86,2023-12-17T00:00:00Z,Beauty
cart_001543,user_04359,prod_0061,1,287.47,2023-12-16T00:00:00Z,Sports & Fitness
cart_001544,user_04360,prod_0040,3,202.48,2023-12-14T00:00:00Z,Home & Kitchen
cart_001545,user_04361,prod_0013,3,138.3,2023-12-27T00:00:00Z,Electronics
cart_001545,user_04361,prod_0001,2,192.99,2023-12-22T00:00:00Z,Electronics
cart_001545,user_04361,prod_0015,2,55.31,2023-12-08T00:00:00Z,Electronics
cart_001546,user_04368,prod_0100,3,200.04,2023-12-28T00:00:00Z,Automotive
cart_001546,user_04368,prod_0001,1,192.99,2023-12-30T00:00:00Z,Electronics
cart_001546,user_04368,prod_0026,1,142.61,2023-12-05T00:00:00Z,Fashion
cart_001547,user_04369,prod_0064,2,128.25,2023-12-31T00:00:00Z,Sports & Fitness
cart_001547,user_04369,prod_0067,3,278.13,2023-12-02T00:00:00Z,Sports & Fitness
cart_001548,user_04376,prod_0078,2,43.46,2023-12-16T00:00:00Z,Beauty
cart_001548,user_04376,prod_0041,2,77.88,2023-12-07T00:00:00Z,Home & Kitchen
cart_001548,user_04376,prod_0030,3,229.02,2023-12-20T00:00:00Z,Fashion
cart_001549,user_04378,prod_0052,2,258.24,2023-12-29T00:00:00Z,Books
cart_001549,user_04378,prod_0050,1,60.92,2023-12-06T00:00:00Z,Books
cart_001549,user_04378,prod_0047,3,33.5,2023-12-12T00:00:00Z,Books
cart_001549,user_04378,prod_0025,3,129.12,2023-12-25T00:00:00Z,Fashion
cart_001549,user_04378,prod_0055,3,259.21,2023-12-09T00:00:00Z,Books
cart_001550,user_04380,prod_0056,2,294.68,2023-12-14T00:00:00Z,Books
cart_001550,user_04380,prod_0046,3,76.44,2024-01-01T00:00:00Z,Books
cart_001550,user_04380,prod_0054,1,254.52,2023-12-04T00:00:00Z,Books
cart_001550,user_04380,prod_0050,3,60.92,2023-12-29T00:00:00Z,Books
cart_001551,user_04382,prod_0083,1,66.76,2023-12-28T00:00:00Z,Toys & Games
cart_001551,user_04382,prod_0006,2,51.94,2023-12-06T00:00:00Z,Electronics
cart_001551,user_04382,prod_0034,2,263.34,2023-12-17T00:00:00Z,Home & Kitchen
cart_001551,user_04382,prod_0081,1,250.37,2023-12-04T00:00:00Z,Toys & Games
cart_001551,user_04382,prod_0097,2,18.05,2023-12-28T00:00:00Z,Automotive
cart_001552,user_04383,prod_0035,2,75.82,2023-12-05T00:00:00Z,Home & Kitchen
cart_001552,user_04383,prod_0089,1,70.4,2023-12-19T00:00:00Z,Toys & Games
cart_001552,user_04383,prod_0027,3,8.38,2023-12-30T00:00:00Z,Fashion
cart_001552,user_04383,prod_0009,3,219.54,2023-12-08T00:00:00Z,Electronics
cart_001553,user_04384,prod_0041,1,77.88,2023-12-20T00:00:00Z,Home & Kitchen
cart_001553,user_04384,prod_0096,2,294.37,2023-12-25T00:00:00Z,Automotive
cart_001553,user_04384,prod_0045,1,43.9,2023-12-14T00:00:00Z,Home & Kitchen
cart_001553,user_04384,prod_0052,3,258.24,2023-12-23T00:00:00Z,Books
cart_001554,user_04385,prod_0031,2,92.74,2023-12-05T00:00:00Z,Home & Kitchen
cart_001554,user_04385,prod_0056,2,294.68,2023-12-18T00:00:00Z,Books
cart_001554,user_04385,prod_0074,1,50.7,2023-12-31T00:00:00Z,Beauty
cart_001555,user_04387,prod_0021,1,46.05,2023-12-02T00:00:00Z,Fashion
cart_001555,user_04387,prod_0050,2,60.92,2023-12-24T00:00:00Z,Books
cart_001555,user_04387,prod_0011,1,212.14,2023-12-17T00:00:00Z,Electronics
cart_001555,user_04387,prod_0046,1,76.44,2023-12-31T00:00:00Z,Books
cart_001556,user_04388,prod_0089,2,70.4,2023-12-27T00:00:00Z,Toys & Games
cart_001556,user_04388,prod_0095,2,180.39,2023-12-14T00:00:00Z,Automotive
cart_001556,user_04388,prod_0010,2,91.19,2023-12-08T00:00:00Z,Electronics
cart_001556,user_04388,prod_0040,1,202.48,2023-12-27T00:00:00Z,Home & Kitchen
cart_001557,user_04389,prod_0046,1,76.44,2023-12-26T00:00:00Z,Books
cart_001557,user_04389,prod_0054,1,254.52,2023-12-14T00:00:00Z,Books
cart_001557,user_04389,prod_0079,2,167.19,2023-12-02T00:00:00Z,Beauty
cart_001557,user_04389,prod_0057,3,209.8,2023-12-29T00:00:00Z,Books
cart_001557,user_04389,prod_0004,2,181.99,2023-12-03T00:00:00Z,Electronics
cart_001557,user_04389,prod_0092,2,87.06,2023-12-16T00:00:00Z,Automotive
cart_001558,user_04390,prod_0063,3,266.74,2023-12-29T00:00:00Z,Sports & Fitness
cart_001558,user_04390,prod_0064,3,128.25,2023-12-28T00:00:00Z,Sports & Fitness
cart_001558,user_04390,prod_0044,1,25.83,2023-12-22T00:00:00Z,Home & Kitchen
cart_001558,user_04390,prod_0051,3,141.01,2023-12-12T00:00:00Z,Books
cart_001558,user_04390,prod_0072,1,245.23,2023-12-15T00:00:00Z,Beauty
cart_001558,user_04390,prod_0079,2,167.19,2023-12-26T00:00:00Z,Beauty
cart_001559,user_04396,prod_0081,1,250.37,2023-12-30T00:00:00Z,Toys & Games
cart_001559,user_04396,prod_0031,2,92.74,2023-12-08T00:00:00Z,Home & Kitchen
cart_001559,user_04396,prod_0024,1,18.85,2023-12-23T00:00:00Z,Fashion
cart_001559,user_04396,prod_0035,3,75.82,2023-12-11T00:00:00Z,Home & Kitchen
cart_001559,user_04396,prod_0007,3,286.42,2023-12-17T00:00:00Z,Electronics
cart_001560,user_04401,prod_0089,1,70.4,2023-12-16T00:00:00Z,Toys & Games
cart_001560,user_04401,prod_0073,3,44.48,2023-12-05T00:00:00Z,Beauty
cart_001560,user_04401,prod_0040,3,202.48,2023-12-04T00:00:00Z,Home & Kitchen
cart_001560,user_04401,prod_0047,3,33.5,2023-12-07T00:00:00Z,Books
cart_001561,user_04405,prod_0096,2,294.37,2023-12-19T00:00:00Z,Automotive
cart_001561,user_04405,prod_0071,3,164.71,2023-12-23T00:00:00Z,Beauty
cart_001561,user_04405,prod_0097,1,18.05,2023-12-30T00:00:00Z,Automotive
cart_001561,user_04405,prod_0077,3,129.53,2023-12-25T00:00:00Z,Beauty
cart_001561,user_04405,prod_0003,3,129.05,2023-12-07T00:00:00Z,Electronics
cart_001562,user_04406,prod_0100,3,200.04,2023-12-15T00:00:00Z,Automotive
cart_001563,user_04415,prod_0057,2,209.8,2023-12-23T00:00:00Z,Books
cart_001563,user_04415,prod_0013,3,138.3,2023-12-04T00:00:00Z,Electronics
cart_001563,user_04415,prod_0023,1,298.21,2023-12-20T00:00:00Z,Fashion
cart_001563,user_04415,prod_0060,1,176.75,2023-12-17T00:00:00Z,Books
cart_001563,user_04415,prod_0014,3,66.6,2023-12-13T00:00:00Z,Electronics
cart_001563,user_04415,prod_0052,2,258.24,2023-12-25T00:00:00Z,Books
cart_001564,user_04416,prod_0017,2,100.34,2023-12-03T00:00:00Z,Fashion
cart_001564,user_04416,prod_0042,2,72.65,2023-12-03T00:00:00Z,Home & Kitchen
cart_001564,user_04416,prod_0013,2,138.3,2023-12-27T00:00:00Z,Electronics
cart_001564,user_04416,prod_0019,2,273.46,2023-12-17T00:00:00Z,Fashion
cart_001565,user_04417,prod_0020,2,151.77,2023-12-21T00:00:00Z,Fashion
cart_001565,user_04417,prod_0019,1,273.46,2023-12-14T00:00:00Z,Fashion
cart_001565,user_04417,prod_0055,3,259.21,2023-12-23T00:00:00Z,Books
cart_001565,user_04417,prod_0086,1,12.29,2023-12-30T00:00:00Z,Toys & Games
cart_001565,user_04417,prod_0099,2,25.57,2023-12-22T00:00:00Z,Automotive
cart_001565,user_04417,prod_0048,3,258.97,2023-12-12T00:00:00Z,Books
cart_001566,user_04418,prod_0048,3,258.97,2023-12-26T00:00:00Z,Books
cart_001566,user_04418,prod_0007,3,286.42,2023-12-04T00:00:00Z,Electronics
cart_001566,user_04418,prod_0050,3,60.92,2023-12-18T00:00:00Z,Books
cart_001567,user_04420,prod_0092,3,87.06,2023-12-26T00:00:00Z,Automotive
cart_001567,user_04420,prod_0007,3,286.42,2023-12-27T00:00:00Z,Electronics
cart_001567,user_04420,prod_0081,2,250.37,2023-12-26T00:00:00Z,Toys & Games
cart_001567,user_04420,prod_0001,1,192.99,2023-12-15T00:00:00Z,Electronics
cart_001567,user_04420,prod_0053,1,163.93,2023-12-20T00:00:00Z,Books
cart_001568,user_04426,prod_0092,1,87.06,2024-01-01T00:00:00Z,Automotive
cart_001569,user_04427,prod_0010,1,91.19,2023-12-13T00:00:00Z,Electronics
cart_001569,user_04427,prod_0088,3,236.49,2023-12-29T00:00:00Z,Toys & Games
cart_001569,user_04427,prod_0012,1,294.66,2023-12-04T00:00:00Z,Electronics
cart_001569,user_04427,prod_0049,2,219.09,2023-12-24T00:00:00Z,Books
cart_001569,user_04427,prod_0006,3,51.94,2023-12-25T00:00:00Z,Electronics
cart_001569,user_04427,prod_0058,3,148.08,2023-12-13T00:00:00Z,Books
cart_001570,user_04431,prod_0013,1,138.3,2023-12-14T00:00:00Z,Electronics
cart_001570,user_04431,prod_0057,3,209.8,2023-12-14T00:00:00Z,Books
cart_001570,user_04431,prod_0034,2,263.34,2023-12-06T00:00:00Z,Home & Kitchen
cart_001570,user_04431,prod_0018,3,14.44,2023-12-17T00:00:00Z,Fashion
cart_001570,user_04431,prod_0085,1,74.6,2023-12-29T00:00:00Z,Toys & Games
cart_001571,user_04435,prod_0027,1,8.38,2023-12-17T00:00:00Z,Fashion
cart_001571,user_04435,prod_0056,1,294.68,2023-12-21T00:00:00Z,Books
cart_001571,user_04435,prod_0059,3,175.28,2023-12-14T00:00:00Z,Books
cart_001571,user_04435,prod_0013,1,138.3,2023-12-07T00:00:00Z,Electronics
cart_001572,user_04438,prod_0024,1,18.85,2023-12-17T00:00:00Z,Fashion
cart_001572,user_04438,prod_0073,3,44.48,2023-12-06T00:00:00Z,Beauty
cart_001572,user_04438,prod_0021,2,46.05,2023-12-13T00:00:00Z,Fashion
cart_001573,user_04439,prod_0052,2,258.24,2023-12-02T00:00:00Z,Books
cart_001573,user_04439,prod_0086,1,12.29,2023-12-28T00:00:00Z,Toys & Games
cart_001573,user_04439,prod_0058,3,148.08,2023-12-13T00:00:00Z,Books
cart_001573,user_04439,prod_0043,1,22.31,2023-12-23T00:00:00Z,Home & Kitchen
cart_001573,user_04439,prod_0060,3,176.75,2023-12-24T00:00:00Z,Books
cart_001573,user_04439,prod_0059,3,175.28,2023-12-13T00:00:00Z,Books
cart_001574,user_04441,prod_0004,2,181.99,2023-12-21T00:00:00Z,Electronics
cart_001574,user_04441,prod_0032,1,229.18,2023-12-14T00:00:00Z,Home & Kitchen
cart_001574,user_04441,prod_0015,2,55.31,2023-12-31T00:00:00Z,Electronics
cart_001574,user_04441,prod_0060,3,176.75,2023-12-12T00:00:00Z,Books
cart_001574,user_04441,prod_0091,2,61.78,2023-12-08T00:00:00Z,Automotive
cart_001574,user_04441,prod_0057,1,209.8,2023-12-09T00:00:00Z,Books
cart_001575,user_04442,prod_0085,2,74.6,2023-12-15T00:00:00Z,Toys & Games
cart_001575,user_04442,prod_0070,3,263.51,2023-12-16T00:00:00Z,Sports & Fitness
cart_001575,user_04442,prod_0065,3,81.67,2023-12-20T00:00:00Z,Sports & Fitness
cart_001575,user_04442,prod_0030,2,229.02,2023-12-29T00:00:00Z,Fashion
cart_001576,user_04445,prod_0029,1,138.39,2023-12-22T00:00:00Z,Fashion
cart_001576,user_04445,prod_0023,1,298.21,2023-12-10T00:00:00Z,Fashion
cart_001576,user_04445,prod_0080,2,282.84,2024-01-01T00:00:00Z,Beauty
cart_001576,user_04445,prod_0035,3,75.82,2023-12-25T00:00:00Z,Home & Kitchen
cart_001577,user_04447,prod_0054,1,254.52,2024-01-01T00:00:00Z,Books
cart_001577,user_04447,prod_0057,3,209.8,2023-12-08T00:00:00Z,Books
cart_001577,user_04447,prod_0005,3,137.07,2023-12-23T00:00:00Z,Electronics
cart_001577,user_04447,prod_0003,1,129.05,2023-12-06T00:00:00Z,Electronics
cart_001577,user_04447,prod_0072,3,245.23,2023-12-23T00:00:00Z,Beauty
cart_001577,user_04447,prod_0062,2,24.98,2023-12-07T00:00:00Z,Sports & Fitness
cart_001578,user_04449,prod_0077,1,129.53,2023-12-19T00:00:00Z,Beauty
cart_001579,user_04452,prod_0016,1,84.36,2023-12-08T00:00:00Z,Fashion
cart_001579,user_04452,prod_0053,2,163.93,2023-12-13T00:00:00Z,Books
cart_001579,user_04452,prod_0018,1,14.44,2024-01-01T00:00:00Z,Fashion
cart_001580,user_04454,prod_0014,3,66.6,2023-12-18T00:00:00Z,Electronics
cart_001580,user_04454,prod_0060,2,176.75,2023-12-29T00:00:00Z,Books
cart_001580,user_04454,prod_0056,2,294.68,2023-12-13T00:00:00Z,Books
cart_001580,user_04454,prod_0046,2,76.44,2023-12-28T00:00:00Z,Books
cart_001580,user_04454,prod_0009,1,219.54,2023-12-05T00:00:00Z,Electronics
cart_001580,user_04454,prod_0001,1,192.99,2023-12-22T00:00:00Z,Electronics
cart_001581,user_04455,prod_0021,3,46.05,2023-12-31T00:00:00Z,Fashion
cart_001581,user_04455,prod_0078,2,43.46,2023-12-21T00:00:00Z,Beauty
cart_001582,user_04456,prod_0040,3,202.48,2023-12-04T00:00:00Z,Home & Kitchen
cart_001582,user_04456,prod_0046,2,76.44,2023-12-07T00:00:00Z,Books
cart_001583,user_04458,prod_0070,2,263.51,2023-12-29T00:00:00Z,Sports & Fitness
cart_001583,user_04458,prod_0047,1,33.5,2023-12-02T00:00:00Z,Books
cart_001583,user_04458,prod_0052,1,258.24,2023-12-10T00:00:00Z,Books
cart_001583,user_04458,prod_0045,1,43.9,2023-12-21T00:00:00Z,Home & Kitchen
cart_001583,user_04458,prod_0060,3,176.75,2023-12-05T00:00:00Z,Books
cart_001584,user_04459,prod_0073,3,44.48,2023-12-05T00:00:00Z,Beauty
cart_001584,user_04459,prod_0072,3,245.23,2023-12-05T00:00:00Z,Beauty
cart_001585,user_04465,prod_0035,1,75.82,2023-12-15T00:00:00Z,Home & Kitchen
cart_001585,user_04465,prod_0013,2,138.3,2023-12-05T00:00:00Z,Electronics
cart_001586,user_04466,prod_0041,3,77.88,2023-12-11T00:00:00Z,Home & Kitchen
cart_001587,user_04467,prod_0067,1,278.13,2023-12-20T00:00:00Z,Sports & Fitness
cart_001587,user_04467,prod_0061,2,287.47,2023-12-17T00:00:00Z,Sports & Fitness
cart_001588,user_04472,prod_0099,2,25.57,2023-12-15T00:00:00Z,Automotive
cart_001589,user_04475,prod_0069,3,153.73,2023-12-30T00:00:00Z,Sports & Fitness
cart_001589,user_04475,prod_0058,2,148.08,2023-12-09T00:00:00Z,Books
cart_001590,user_04477,prod_0024,1,18.85,2023-12-15T00:00:00Z,Fashion
cart_001591,user_04481,prod_0006,3,51.94,2023-12-10T00:00:00Z,Electronics
cart_001591,user_04481,prod_0011,3,212.14,2023-12-02T00:00:00Z,Electronics
cart_001591,user_04481,prod_0012,1,294.66,2023-12-13T00:00:00Z,Electronics
cart_001592,user_04484,prod_0004,2,181.99,2023-12-16T00:00:00Z,Electronics
cart_001592,user_04484,prod_0072,1,245.23,2023-12-04T00:00:00Z,Beauty
cart_001592,user_04484,prod_0049,2,219.09,2023-12-26T00:00:00Z,Books
cart_001592,user_04484,prod_0059,3,175.28,2023-12-04T00:00:00Z,Books
cart_001592,user_04484,prod_0058,2,148.08,2023-12-07T00:00:00Z,Books
cart_001592,user_04484,prod_0046,1,76.44,2023-12-29T00:00:00Z,Books
cart_001593,user_04487,prod_0070,3,263.51,2023-12-20T00:00:00Z,Sports & Fitness
cart_001593,user_04487,prod_0059,3,175.28,2023-12-07T00:00:00Z,Books
cart_001594,user_04489,prod_0029,1,138.39,2023-12-27T00:00:00Z,Fashion
cart_001594,user_04489,prod_0062,2,24.98,2023-12-30T00:00:00Z,Sports & Fitness
cart_001594,user_04489,prod_0079,3,167.19,2023-12-07T00:00:00Z,Beauty
cart_001594,user_04489,prod_0089,2,70.4,2023-12-23T00:00:00Z,Toys & Games
cart_001594,user_04489,prod_0073,2,44.48,2023-12-20T00:00:00Z,Beauty
cart_001594,user_04489,prod_0077,3,129.53,2023-12-15T00:00:00Z,Beauty
cart_001595,user_04495,prod_0049,1,219.09,2023-12-04T00:00:00Z,Books
cart_001595,user_04495,prod_0057,2,209.8,2023-12-16T00:00:00Z,Books
cart_001596,user_04497,prod_0050,2,60.92,2023-12-08T00:00:00Z,Books
cart_001597,user_04501,prod_0030,3,229.02,2023-12-25T00:00:00Z,Fashion
cart_001597,user_04501,prod_0009,1,219.54,2023-12-08T00:00:00Z,Electronics
cart_001597,user_04501,prod_0004,3,181.99,2023-12-26T00:00:00Z,Electronics
cart_001598,user_04511,prod_0016,1,84.36,2023-12-09T00:00:00Z,Fashion
cart_001598,user_04511,prod_0099,2,25.57,2023-12-04T00:00:00Z,Automotive
cart_001599,user_04512,prod_0024,2,18.85,2023-12-27T00:00:00Z,Fashion
cart_001600,user_04513,prod_0056,3,294.68,2023-12-12T00:00:00Z,Books
cart_001600,user_04513,prod_0007,2,286.42,2024-01-01T00:00:00Z,Electronics
cart_001600,user_04513,prod_0097,3,18.05,2023-12-28T00:00:00Z,Automotive
cart_001600,user_04513,prod_0011,1,212.14,2023-12-13T00:00:00Z,Electronics
cart_001600,user_04513,prod_0010,1,91.19,2023-12-15T00:00:00Z,Electronics
cart_001600,user_04513,prod_0051,3,141.01,2023-12-08T00:00:00Z,Books
cart_001601,user_04514,prod_0089,1,70.4,2023-12-13T00:00:00Z,Toys & Games
cart_001601,user_04514,prod_0056,1,294.68,2023-12-13T00:00:00Z,Books
cart_001601,user_04514,prod_0096,2,294.37,2023-12-28T00:00:00Z,Automotive
cart_001601,user_04514,prod_0027,3,8.38,2023-12-29T00:00:00Z,Fashion
cart_001601,user_04514,prod_0058,1,148.08,2023-12-14T00:00:00Z,Books
cart_001601,user_04514,prod_0051,2,141.01,2024-01-01T00:00:00Z,Books
cart_001602,user_04515,prod_0049,2,219.09,2023-12-17T00:00:00Z,Books
cart_001602,user_04515,prod_0048,2,258.97,2023-12-30T00:00:00Z,Books
cart_001602,user_04515,prod_0055,3,259.21,2023-12-25T00:00:00Z,Books
cart_001602,user_04515,prod_0036,3,147.88,2023-12-21T00:00:00Z,Home & Kitchen
cart_001603,user_04518,prod_0030,1,229.02,2023-12-09T00:00:00Z,Fashion
cart_001603,user_04518,prod_0021,2,46.05,2023-12-18T00:00:00Z,Fashion
cart_001603,user_04518,prod_0018,2,14.44,2023-12-25T00:00:00Z,Fashion
cart_001604,user_04520,prod_0031,1,92.74,2023-12-31T00:00:00Z,Home & Kitchen
cart_001604,user_04520,prod_0002,3,46.02,2023-12-02T00:00:00Z,Electronics
cart_001604,user_04520,prod_0010,1,91.19,2023-12-26T00:00:00Z,Electronics
cart_001604,user_04520,prod_0034,3,263.34,2023-12-08T00:00:00Z,Home & Kitchen
cart_001604,user_04520,prod_0058,3,148.08,2023-12-31T00:00:00Z,Books
cart_001605,user_04527,prod_0047,1,33.5,2023-12-26T00:00:00Z,Books
cart_001605,user_04527,prod_0001,2,192.99,2023-12-22T00:00:00Z,Electronics
cart_001606,user_04532,prod_0046,2,76.44,2023-12-27T00:00:00Z,Books
cart_001606,user_04532,prod_0008,2,110.54,2023-12-04T00:00:00Z,Electronics
cart_001606,user_04532,prod_0050,3,60.92,2023-12-07T00:00:00Z,Books
cart_001607,user_04534,prod_0055,2,259.21,2023-12-22T00:00:00Z,Books
cart_001608,user_04539,prod_0051,3,141.01,2023-12-19T00:00:00Z,Books
cart_001608,user_04539,prod_0039,1,227.05,2023-12-12T00:00:00Z,Home & Kitchen
cart_001608,user_04539,prod_0008,3,110.54,2023-12-27T00:00:00Z,Electronics
cart_001608,user_04539,prod_0049,3,219.09,2023-12-21T00:00:00Z,Books
cart_001608,user_04539,prod_0033,1,181.09,2023-12-19T00:00:00Z,Home & Kitchen
cart_001609,user_04542,prod_0051,1,141.01,2023-12-13T00:00:00Z,Books
cart_001609,user_04542,prod_0012,3,294.66,2023-12-16T00:00:00Z,Electronics
cart_001609,user_04542,prod_0006,2,51.94,2023-12-08T00:00:00Z,Electronics
cart_001609,user_04542,prod_0014,2,66.6,2023-12-04T00:00:00Z,Electronics
cart_001609,user_04542,prod_0013,2,138.3,2023-12-11T00:00:00Z,Electronics
cart_001609,user_04542,prod_0015,1,55.31,2023-12-13T00:00:00Z,Electronics
cart_001610,user_04543,prod_0038,1,160.14,2023-12-20T00:00:00Z,Home & Kitchen
cart_001611,user_04546,prod_0049,2,219.09,2023-12-10T00:00:00Z,Books
cart_001612,user_04548,prod_0052,2,258.24,2023-12-31T00:00:00Z,Books
cart_001612,user_04548,prod_0056,3,294.68,2023-12-17T00:00:00Z,Books
cart_001613,user_04552,prod_0006,1,51.94,2023-12-10T00:00:00Z,Electronics
cart_001613,user_04552,prod_0005,2,137.07,2023-12-22T00:00:00Z,Electronics
cart_001613,user_04552,prod_0090,3,246.24,2023-12-28T00:00:00Z,Toys & Games
cart_001613,user_04552,prod_0032,1,229.18,2023-12-31T00:00:00Z,Home & Kitchen
cart_001613,user_04552,prod_0053,1,163.93,2023-12-16T00:00:00Z,Books
cart_001613,user_04552,prod_0100,1,200.04,2023-12-11T00:00:00Z,Automotive
cart_001614,user_04557,prod_0080,1,282.84,2023-12-19T00:00:00Z,Beauty
cart_001614,user_04557,prod_0018,1,14.44,2023-12-30T00:00:00Z,Fashion
cart_001614,user_04557,prod_0092,1,87.06,2023-12-03T00:00:00Z,Automotive
cart_001615,user_04558,prod_0029,1,138.39,2023-12-14T00:00:00Z,Fashion
cart_001615,user_04558,prod_0068,3,298.55,2023-12-16T00:00:00Z,Sports & Fitness
cart_001615,user_04558,prod_0030,3,229.02,2023-12-05T00:00:00Z,Fashion
cart_001616,user_04563,prod_0004,3,181.99,2023-12-25T00:00:00Z,Electronics
cart_001616,user_04563,prod_0092,2,87.06,2023-12-06T00:00:00Z,Automotive
cart_001616,user_04563,prod_0058,3,148.08,2023-12-12T00:00:00Z,Books
cart_001616,user_04563,prod_0007,2,286.42,2023-12-29T00:00:00Z,Electronics
cart_001617,user_04565,prod_0073,1,44.48,2023-12-15T00:00:00Z,Beauty
cart_001617,user_04565,prod_0046,2,76.44,2023-12-27T00:00:00Z,Books
cart_001617,user_04565,prod_0048,1,258.97,2023-12-21T00:00:00Z,Books
cart_001617,user_04565,prod_0003,2,129.05,2023-12-06T00:00:00Z,Electronics
cart_001617,user_04565,prod_0058,2,148.08,2023-12-12T00:00:00Z,Books
cart_001617,user_04565,prod_0059,3,175.28,2023-12-02T00:00:00Z,Books
cart_001618,user_04569,prod_0085,3,74.6,2023-12-18T00:00:00Z,Toys & Games
cart_001618,user_04569,prod_0065,2,81.67,2023-12-20T00:00:00Z,Sports & Fitness
cart_001618,user_04569,prod_0003,1,129.05,2023-12-14T00:00:00Z,Electronics
cart_001618,user_04569,prod_0039,2,227.05,2023-12-06T00:00:00Z,Home & Kitchen
cart_001618,user_04569,prod_0068,2,298.55,2023-12-05T00:00:00Z,Sports & Fitness
cart_001618,user_04569,prod_0007,3,286.42,2023-12-07T00:00:00Z,Electronics
cart_001619,user_04574,prod_0015,2,55.31,2023-12-14T00:00:00Z,Electronics
cart_001619,user_04574,prod_0011,3,212.14,2023-12-16T00:00:00Z,Electronics
cart_001620,user_04576,prod_0052,2,258.24,2023-12-07T00:00:00Z,Books
cart_001620,user_04576,prod_0077,1,129.53,2023-12-26T00:00:00Z,Beauty
cart_001620,user_04576,prod_0076,1,78.83,2023-12-28T00:00:00Z,Beauty
cart_001620,user_04576,prod_0073,3,44.48,2023-12-12T00:00:00Z,Beauty
cart_001620,user_04576,prod_0078,3,43.46,2023-12-19T00:00:00Z,Beauty
cart_001621,user_04577,prod_0064,2,128.25,2023-12-18T00:00:00Z,Sports & Fitness
cart_001622,user_04589,prod_0021,1,46.05,2023-12-06T00:00:00Z,Fashion
cart_001622,user_04589,prod_0058,3,148.08,2023-12-22T00:00:00Z,Books
cart_001622,user_04589,prod_0002,2,46.02,2023-12-16T00:00:00Z,Electronics
cart_001622,user_04589,prod_0028,3,230.97,2023-12-15T00:00:00Z,Fashion
cart_001622,user_04589,prod_0054,3,254.52,2023-12-25T00:00:00Z,Books
cart_001623,user_04591,prod_0010,1,91.19,2023-12-14T00:00:00Z,Electronics
cart_001623,user_04591,prod_0022,3,176.87,2023-12-05T00:00:00Z,Fashion
cart_001623,user_04591,prod_0062,2,24.98,2023-12-17T00:00:00Z,Sports & Fitness
cart_001623,user_04591,prod_0098,2,163.3,2023-12-12T00:00:00Z,Automotive
cart_001623,user_04591,prod_0057,3,209.8,2023-12-08T00:00:00Z,Books
cart_001623,user_04591,prod_0046,2,76.44,2023-12-20T00:00:00Z,Books
cart_001624,user_04592,prod_0066,1,121.36,2023-12-14T00:00:00Z,Sports & Fitness
cart_001624,user_04592,prod_0012,3,294.66,2023-12-12T00:00:00Z,Electronics
cart_001624,user_04592,prod_0002,2,46.02,2023-12-17T00:00:00Z,Electronics
cart_001624,user_04592,prod_0058,1,148.08,2023-12-27T00:00:00Z,Books
cart_001624,user_04592,prod_0086,3,12.29,2023-12-28T00:00:00Z,Toys & Games
cart_001625,user_04593,prod_0071,1,164.71,2023-12-21T00:00:00Z,Beauty
cart_001625,user_04593,prod_0025,2,129.12,2023-12-24T00:00:00Z,Fashion
cart_001626,user_04597,prod_0008,3,110.54,2023-12-08T00:00:00Z,Electronics
cart_001626,user_04597,prod_0006,2,51.94,2023-12-29T00:00:00Z,Electronics
cart_001626,user_04597,prod_0053,1,163.93,2023-12-23T00:00:00Z,Books
cart_001626,user_04597,prod_0009,2,219.54,2023-12-16T00:00:00Z,Electronics
cart_001626,user_04597,prod_0088,3,236.49,2023-12-03T00:00:00Z,Toys & Games
cart_001626,user_04597,prod_0076,3,78.83,2023-12-10T00:00:00Z,Beauty
cart_001627,user_04608,prod_0085,1,74.6,2023-12-02T00:00:00Z,Toys & Games
cart_001627,user_04608,prod_0014,2,66.6,2023-12-03T00:00:00Z,Electronics
cart_001627,user_04608,prod_0037,2,42.75,2023-12-06T00:00:00Z,Home & Kitchen
cart_001627,user_04608,prod_0005,2,137.07,2023-12-26T00:00:00Z,Electronics
cart_001627,user_04608,prod_0077,1,129.53,2023-12-04T00:00:00Z,Beauty
cart_001627,user_04608,prod_0006,1,51.94,2023-12-11T00:00:00Z,Electronics
cart_001628,user_04610,prod_0060,1,176.75,2023-12-24T00:00:00Z,Books
cart_001629,user_04617,prod_0033,1,181.09,2023-12-03T00:00:00Z,Home & Kitchen
cart_001629,user_04617,prod_0048,1,258.97,2023-12-08T00:00:00Z,Books
cart_001629,user_04617,prod_0083,2,66.76,2023-12-12T00:00:00Z,Toys & Games
cart_001629,user_04617,prod_0090,3,246.24,2023-12-19T00:00:00Z,Toys & Games
cart_001629,user_04617,prod_0086,2,12.29,2023-12-17T00:00:00Z,Toys & Games
cart_001629,user_04617,prod_0081,3,250.37,2023-12-17T00:00:00Z,Toys & Games
cart_001630,user_04619,prod_0002,2,46.02,2023-12-09T00:00:00Z,Electronics
cart_001630,user_04619,prod_0070,3,263.51,2023-12-04T00:00:00Z,Sports & Fitness
cart_001630,user_04619,prod_0078,3,43.46,2023-12-31T00:00:00Z,Beauty
cart_001630,user_04619,prod_0094,3,290.3,2023-12-27T00:00:00Z,Automotive
cart_001631,user_04620,prod_0092,1,87.06,2023-12-10T00:00:00Z,Automotive
cart_001631,user_04620,prod_0059,1,175.28,2023-12-23T00:00:00Z,Books
cart_001632,user_04623,prod_0053,2,163.93,2023-12-12T00:00:00Z,Books
cart_001632,user_04623,prod_0067,1,278.13,2023-12-02T00:00:00Z,Sports & Fitness
cart_001632,user_04623,prod_0099,3,25.57,2023-12-31T00:00:00Z,Automotive
cart_001632,user_04623,prod_0016,1,84.36,2023-12-22T00:00:00Z,Fashion
cart_001632,user_04623,prod_0093,3,253.04,2023-12-23T00:00:00Z,Automotive
cart_001633,user_04624,prod_0076,3,78.83,2023-12-23T00:00:00Z,Beauty
cart_001633,user_04624,prod_0036,2,147.88,2023-12-19T00:00:00Z,Home & Kitchen
cart_001633,user_04624,prod_0049,3,219.09,2023-12-02T00:00:00Z,Books
cart_001634,user_04626,prod_0047,3,33.5,2023-12-22T00:00:00Z,Books
cart_001634,user_04626,prod_0072,1,245.23,2023-12-25T00:00:00Z,Beauty
cart_001634,user_04626,prod_0064,2,128.25,2023-12-26T00:00:00Z,Sports & Fitness
cart_001635,user_04629,prod_0063,1,266.74,2023-12-11T00:00:00Z,Sports & Fitness
cart_001635,user_04629,prod_0070,3,263.51,2023-12-04T00:00:00Z,Sports & Fitness
cart_001635,user_04629,prod_0071,2,164.71,2023-12-26T00:00:00Z,Beauty
cart_001635,user_04629,prod_0065,2,81.67,2023-12-13T00:00:00Z,Sports & Fitness
cart_001635,user_04629,prod_0005,3,137.07,2023-12-10T00:00:00Z,Electronics
cart_001636,user_04631,prod_0080,2,282.84,2023-12-20T00:00:00Z,Beauty
cart_001637,user_04636,prod_0004,2,181.99,2023-12-19T00:00:00Z,Electronics
cart_001637,user_04636,prod_0039,3,227.05,2023-12-26T00:00:00Z,Home & Kitchen
cart_001637,user_04636,prod_0098,2,163.3,2023-12-26T00:00:00Z,Automotive
cart_001637,user_04636,prod_0066,1,121.36,2023-12-29T00:00:00Z,Sports & Fitness
cart_001638,user_04637,prod_0057,3,209.8,2023-12-26T00:00:00Z,Books
cart_001638,user_04637,prod_0081,2,250.37,2023-12-19T00:00:00Z,Toys & Games
cart_001638,user_04637,prod_0025,1,129.12,2023-12-06T00:00:00Z,Fashion
cart_001638,user_04637,prod_0049,2,219.09,2023-12-30T00:00:00Z,Books
cart_001638,user_04637,prod_0002,2,46.02,2023-12-22T00:00:00Z,Electronics
cart_001638,user_04637,prod_0055,2,259.21,2023-12-28T00:00:00Z,Books
cart_001639,user_04640,prod_0059,3,175.28,2023-12-02T00:00:00Z,Books
cart_001639,user_04640,prod_0007,1,286.42,2023-12-11T00:00:00Z,Electronics
cart_001640,user_04642,prod_0095,1,180.39,2024-01-01T00:00:00Z,Automotive
cart_001641,user_04646,prod_0058,1,148.08,2023-12-15T00:00:00Z,Books
cart_001642,user_04659,prod_0021,3,46.05,2023-12-23T00:00:00Z,Fashion
cart_001642,user_04659,prod_0077,3,129.53,2023-12-30T00:00:00Z,Beauty
cart_001642,user_04659,prod_0053,1,163.93,2023-12-11T00:00:00Z,Books
cart_001642,user_04659,prod_0095,1,180.39,2023-12-24T00:00:00Z,Automotive
cart_001642,user_04659,prod_0028,1,230.97,2023-12-03T00:00:00Z,Fashion
cart_001643,user_04673,prod_0097,1,18.05,2023-12-02T00:00:00Z,Automotive
cart_001643,user_04673,prod_0001,1,192.99,2023-12-10T00:00:00Z,Electronics
cart_001643,user_04673,prod_0038,2,160.14,2023-12-27T00:00:00Z,Home & Kitchen
cart_001643,user_04673,prod_0089,2,70.4,2023-12-25T00:00:00Z,Toys & Games
cart_001643,user_04673,prod_0003,3,129.05,2023-12-03T00:00:00Z,Electronics
cart_001643,user_04673,prod_0096,2,294.37,2023-12-22T00:00:00Z,Automotive
cart_001644,user_04674,prod_0069,1,153.73,2023-12-06T00:00:00Z,Sports & Fitness
cart_001644,user_04674,prod_0046,3,76.44,2023-12-12T00:00:00Z,Books
cart_001645,user_04676,prod_0060,2,176.75,2023-12-09T00:00:00Z,Books
cart_001646,user_04678,prod_0078,1,43.46,2023-12-20T00:00:00Z,Beauty
cart_001647,user_04679,prod_0051,1,141.01,2023-12-22T00:00:00Z,Books
cart_001647,user_04679,prod_0034,2,263.34,2023-12-11T00:00:00Z,Home & Kitchen
cart_001648,user_04680,prod_0055,2,259.21,2023-12-20T00:00:00Z,Books
cart_001648,user_04680,prod_0011,1,212.14,2023-12-10T00:00:00Z,Electronics
cart_001648,user_04680,prod_0063,1,266.74,2023-12-21T00:00:00Z,Sports & Fitness
cart_001648,user_04680,prod_0084,1,169.61,2023-12-12T00:00:00Z,Toys & Games
cart_001648,user_04680,prod_0042,1,72.65,2024-01-01T00:00:00Z,Home & Kitchen
cart_001649,user_04683,prod_0021,3,46.05,2023-12-10T00:00:00Z,Fashion
cart_001649,user_04683,prod_0013,3,138.3,2023-12-02T00:00:00Z,Electronics
cart_001649,user_04683,prod_0020,3,151.77,2023-12-23T00:00:00Z,Fashion
cart_001649,user_04683,prod_0072,3,245.23,2023-12-24T00:00:00Z,Beauty
cart_001650,user_04698,prod_0054,3,254.52,2023-12-03T00:00:00Z,Books
cart_001650,user_04698,prod_0097,3,18.05,2023-12-26T00:00:00Z,Automotive
cart_001650,user_04698,prod_0053,3,163.93,2023-12-15T00:00:00Z,Books
cart_001650,user_04698,prod_0044,2,25.83,2023-12-14T00:00:00Z,Home & Kitchen
cart_001650,user_04698,prod_0091,2,61.78,2023-12-18T00:00:00Z,Automotive
cart_001650,user_04698,prod_0061,2,287.47,2023-12-31T00:00:00Z,Sports & Fitness
cart_001651,user_04700,prod_0071,3,164.71,2023-12-13T00:00:00Z,Beauty
cart_001651,user_04700,prod_0004,3,181.99,2023-12-10T00:00:00Z,Electronics
cart_001652,user_04702,prod_0039,3,227.05,2023-12-06T00:00:00Z,Home & Kitchen
cart_001652,user_04702,prod_0038,3,160.14,2023-12-22T00:00:00Z,Home & Kitchen
cart_001653,user_04703,prod_0050,2,60.92,2023-12-09T00:00:00Z,Books
cart_001653,user_04703,prod_0048,2,258.97,2023-12-30T00:00:00Z,Books
cart_001653,user_04703,prod_0041,3,77.88,2023-12-08T00:00:00Z,Home & Kitchen
cart_001653,user_04703,prod_0046,3,76.44,2023-12-10T00:00:00Z,Books
cart_001653,user_04703,prod_0033,2,181.09,2023-12-24T00:00:00Z,Home & Kitchen
cart_001653,user_04703,prod_0055,1,259.21,2023-12-30T00:00:00Z,Books
cart_001654,user_04705,prod_0049,1,219.09,2023-12-29T00:00:00Z,Books
cart_001654,user_04705,prod_0012,3,294.66,2023-12-28T00:00:00Z,Electronics
cart_001654,user_04705,prod_0001,1,192.99,2023-12-25T00:00:00Z,Electronics
cart_001655,user_04707,prod_0016,1,84.36,2023-12-12T00:00:00Z,Fashion
cart_001656,user_04716,prod_0009,1,219.54,2023-12-03T00:00:00Z,Electronics
cart_001656,user_04716,prod_0026,1,142.61,2023-12-17T00:00:00Z,Fashion
cart_001656,user_04716,prod_0095,3,180.39,2023-12-03T00:00:00Z,Automotive
cart_001656,user_04716,prod_0060,1,176.75,2023-12-26T00:00:00Z,Books
cart_001656,user_04716,prod_0015,3,55.31,2023-12-29T00:00:00Z,Electronics
cart_001656,user_04716,prod_0050,3,60.92,2023-12-19T00:00:00Z,Books
cart_001657,user_04718,prod_0049,1,219.09,2023-12-31T00:00:00Z,Books
cart_001658,user_04722,prod_0060,3,176.75,2023-12-29T00:00:00Z,Books
cart_001658,user_04722,prod_0005,1,137.07,2023-12-03T00:00:00Z,Electronics
cart_001658,user_04722,prod_0055,3,259.21,2023-12-28T00:00:00Z,Books
cart_001658,user_04722,prod_0054,2,254.52,2023-12-09T00:00:00Z,Books
cart_001658,user_04722,prod_0086,1,12.29,2023-12-08T00:00:00Z,Toys & Games
cart_001659,user_04725,prod_0092,2,87.06,2023-12-23T00:00:00Z,Automotive
cart_001659,user_04725,prod_0027,3,8.38,2023-12-17T00:00:00Z,Fashion
cart_001659,user_04725,prod_0076,3,78.83,2023-12-31T00:00:00Z,Beauty
cart_001659,user_04725,prod_0075,3,64.86,2023-12-09T00:00:00Z,Beauty
cart_001660,user_04726,prod_0060,1,176.75,2023-12-25T00:00:00Z,Books
cart_001660,user_04726,prod_0046,3,76.44,2023-12-13T00:00:00Z,Books
cart_001660,user_04726,prod_0049,1,219.09,2023-12-13T00:00:00Z,Books
cart_001660,user_04726,prod_0008,3,110.54,2023-12-08T00:00:00Z,Electronics
cart_001661,user_04730,prod_0005,1,137.07,2023-12-05T00:00:00Z,Electronics
cart_001661,user_04730,prod_0024,3,18.85,2023-12-12T00:00:00Z,Fashion
cart_001661,user_04730,prod_0068,1,298.55,2023-12-14T00:00:00Z,Sports & Fitness
cart_001661,user_04730,prod_0043,1,22.31,2023-12-28T00:00:00Z,Home & Kitchen
cart_001661,user_04730,prod_0027,2,8.38,2023-12-11T00:00:00Z,Fashion
cart_001661,user_04730,prod_0100,2,200.04,2023-12-11T00:00:00Z,Automotive
cart_001662,user_04736,prod_0055,3,259.21,2023-12-14T00:00:00Z,Books
cart_001663,user_04741,prod_0062,1,24.98,2023-12-11T00:00:00Z,Sports & Fitness
cart_001663,user_04741,prod_0002,2,46.02,2023-12-14T00:00:00Z,Electronics
cart_001663,user_04741,prod_0099,2,25.57,2023-12-16T00:00:00Z,Automotive
cart_001663,user_04741,prod_0078,3,43.46,2023-12-09T00:00:00Z,Beauty
cart_001663,user_04741,prod_0065,2,81.67,2023-12-08T00:00:00Z,Sports & Fitness
cart_001663,user_04741,prod_0016,1,84.36,2023-12-10T00:00:00Z,Fashion
cart_001664,user_04742,prod_0030,1,229.02,2023-12-27T00:00:00Z,Fashion
cart_001664,user_04742,prod_0081,1,250.37,2023-12-04T00:00:00Z,Toys & Games
cart_001664,user_04742,prod_0038,3,160.14,2023-12-22T00:00:00Z,Home & Kitchen
cart_001665,user_04743,prod_0051,1,141.01,2024-01-01T00:00:00Z,Books
cart_001665,user_04743,prod_0013,3,138.3,2023-12-11T00:00:00Z,Electronics
cart_001666,user_04749,prod_0008,1,110.54,2023-12-15T00:00:00Z,Electronics
cart_001666,user_04749,prod_0032,2,229.18,2023-12-05T00:00:00Z,Home & Kitchen
cart_001666,user_04749,prod_0021,2,46.05,2023-12-22T00:00:00Z,Fashion
cart_001666,user_04749,prod_0002,1,46.02,2023-12-31T00:00:00Z,Electronics
cart_001667,user_04750,prod_0043,3,22.31,2023-12-28T00:00:00Z,Home & Kitchen
cart_001668,user_04751,prod_0028,2,230.97,2023-12-23T00:00:00Z,Fashion
cart_001669,user_04754,prod_0006,1,51.94,2023-12-30T00:00:00Z,Electronics
cart_001669,user_04754,prod_0048,1,258.97,2023-12-22T00:00:00Z,Books
cart_001670,user_04761,prod_0046,1,76.44,2023-12-02T00:00:00Z,Books
cart_001670,user_04761,prod_0017,3,100.34,2023-12-19T00:00:00Z,Fashion
cart_001671,user_04762,prod_0086,3,12.29,2023-12-30T00:00:00Z,Toys & Games
cart_001671,user_04762,prod_0088,1,236.49,2023-12-31T00:00:00Z,Toys & Games
cart_001671,user_04762,prod_0059,3,175.28,2023-12-23T00:00:00Z,Books
cart_001672,user_04765,prod_0064,1,128.25,2023-12-23T00:00:00Z,Sports & Fitness
cart_001672,user_04765,prod_0052,1,258.24,2023-12-27T00:00:00Z,Books
cart_001673,user_04766,prod_0044,3,25.83,2023-12-03T00:00:00Z,Home & Kitchen
cart_001674,user_04773,prod_0064,2,128.25,2023-12-12T00:00:00Z,Sports & Fitness
cart_001674,user_04773,prod_0048,2,258.97,2023-12-09T00:00:00Z,Books
cart_001674,user_04773,prod_0051,1,141.01,2023-12-03T00:00:00Z,Books
cart_001674,user_04773,prod_0057,2,209.8,2023-12-28T00:00:00Z,Books
cart_001675,user_04775,prod_0075,2,64.86,2023-12-20T00:00:00Z,Beauty
cart_001676,user_04777,prod_0018,2,14.44,2023-12-20T00:00:00Z,Fashion
cart_001677,user_04781,prod_0029,1,138.39,2023-12-21T00:00:00Z,Fashion
cart_001677,user_04781,prod_0056,1,294.68,2023-12-22T00:00:00Z,Books
cart_001677,user_04781,prod_0028,3,230.97,2023-12-17T00:00:00Z,Fashion
cart_001678,user_04794,prod_0013,3,138.3,2023-12-05T00:00:00Z,Electronics
cart_001678,user_04794,prod_0026,2,142.61,2024-01-01T00:00:00Z,Fashion
cart_001679,user_04796,prod_0005,2,137.07,2023-12-27T00:00:00Z,Electronics
cart_001679,user_04796,prod_0053,1,163.93,2023-12-17T00:00:00Z,Books
cart_001679,user_04796,prod_0011,1,212.14,2023-12-03T00:00:00Z,Electronics
cart_001679,user_04796,prod_0046,2,76.44,2023-12-17T00:00:00Z,Books
cart_001680,user_04799,prod_0003,1,129.05,2023-12-02T00:00:00Z,Electronics
cart_001680,user_04799,prod_0078,3,43.46,2023-12-08T00:00:00Z,Beauty
cart_001680,user_04799,prod_0005,2,137.07,2023-12-28T00:00:00Z,Electronics
cart_001680,user_04799,prod_0058,3,148.08,2023-12-16T00:00:00Z,Books
cart_001681,user_04802,prod_0052,3,258.24,2023-12-26T00:00:00Z,Books
cart_001681,user_04802,prod_0057,1,209.8,2023-12-02T00:00:00Z,Books
cart_001681,user_04802,prod_0038,1,160.14,2023-12-05T00:00:00Z,Home & Kitchen
cart_001681,user_04802,prod_0050,1,60.92,2023-12-11T00:00:00Z,Books
cart_001682,user_04803,prod_0021,3,46.05,2023-12-30T00:00:00Z,Fashion
cart_001682,user_04803,prod_0013,2,138.3,2023-12-23T00:00:00Z,Electronics
cart_001682,user_04803,prod_0049,2,219.09,2023-12-13T00:00:00Z,Books
cart_001683,user_04806,prod_0004,1,181.99,2023-12-25T00:00:00Z,Electronics
cart_001683,user_04806,prod_0010,2,91.19,2023-12-15T00:00:00Z,Electronics
cart_001683,user_04806,prod_0030,3,229.02,2023-12-11T00:00:00Z,Fashion
cart_001684,user_04807,prod_0012,1,294.66,2023-12-09T00:00:00Z,Electronics
cart_001684,user_04807,prod_0005,2,137.07,2023-12-21T00:00:00Z,Electronics
cart_001685,user_04809,prod_0044,3,25.83,2023-12-27T00:00:00Z,Home & Kitchen
cart_001685,user_04809,prod_0067,2,278.13,2023-12-27T00:00:00Z,Sports & Fitness
cart_001685,user_04809,prod_0035,3,75.82,2023-12-16T00:00:00Z,Home & Kitchen
cart_001685,user_04809,prod_0048,2,258.97,2023-12-04T00:00:00Z,Books
cart_001686,user_04810,prod_0066,1,121.36,2023-12-29T00:00:00Z,Sports & Fitness
cart_001686,user_04810,prod_0049,2,219.09,2023-12-18T00:00:00Z,Books
cart_001686,user_04810,prod_0002,1,46.02,2023-12-18T00:00:00Z,Electronics
cart_001687,user_04811,prod_0075,1,64.86,2023-12-14T00:00:00Z,Beauty
cart_001687,user_04811,prod_0098,1,163.3,2023-12-25T00:00:00Z,Automotive
cart_001687,user_04811,prod_0009,2,219.54,2023-12-07T00:00:00Z,Electronics
cart_001687,user_04811,prod_0077,1,129.53,2023-12-12T00:00:00Z,Beauty
cart_001687,user_04811,prod_0024,2,18.85,2023-12-28T00:00:00Z,Fashion
cart_001688,user_04814,prod_0002,2,46.02,2023-12-04T00:00:00Z,Electronics
cart_001689,user_04815,prod_0095,2,180.39,2023-12-20T00:00:00Z,Automotive
cart_001689,user_04815,prod_0029,1,138.39,2023-12-11T00:00:00Z,Fashion
cart_001689,user_04815,prod_0096,3,294.37,2023-12-23T00:00:00Z,Automotive
cart_001689,user_04815,prod_0074,3,50.7,2023-12-16T00:00:00Z,Beauty
cart_001689,user_04815,prod_0081,2,250.37,2023-12-03T00:00:00Z,Toys & Games
cart_001690,user_04817,prod_0054,3,254.52,2023-12-19T00:00:00Z,Books
cart_001690,user_04817,prod_0001,3,192.99,2023-12-12T00:00:00Z,Electronics
cart_001690,user_04817,prod_0013,1,138.3,2023-12-13T00:00:00Z,Electronics
cart_001690,user_04817,prod_0011,2,212.14,2023-12-21T00:00:00Z,Electronics
cart_001691,user_04818,prod_0025,3,129.12,2023-12-19T00:00:00Z,Fashion
cart_001691,user_04818,prod_0057,1,209.8,2023-12-14T00:00:00Z,Books
cart_001691,user_04818,prod_0047,3,33.5,2023-12-16T00:00:00Z,Books
cart_001691,user_04818,prod_0007,2,286.42,2023-12-21T00:00:00Z,Electronics
cart_001692,user_04820,prod_0054,1,254.52,2023-12-28T00:00:00Z,Books
cart_001692,user_04820,prod_0008,3,110.54,2023-12-12T00:00:00Z,Electronics
cart_001692,user_04820,prod_0025,3,129.12,2023-12-21T00:00:00Z,Fashion
cart_001693,user_04822,prod_0030,1,229.02,2023-12-26T00:00:00Z,Fashion
cart_001693,user_04822,prod_0093,3,253.04,2023-12-06T00:00:00Z,Automotive
cart_001693,user_04822,prod_0072,1,245.23,2023-12-11T00:00:00Z,Beauty
cart_001693,user_04822,prod_0074,1,50.7,2023-12-26T00:00:00Z,Beauty
cart_001693,user_04822,prod_0028,2,230.97,2023-12-17T00:00:00Z,Fashion
cart_001693,user_04822,prod_0017,2,100.34,2023-12-25T00:00:00Z,Fashion
cart_001694,user_04825,prod_0020,1,151.77,2023-12-10T00:00:00Z,Fashion
cart_001695,user_04827,prod_0048,2,258.97,2023-12-13T00:00:00Z,Books
cart_001695,user_04827,prod_0014,2,66.6,2023-12-25T00:00:00Z,Electronics
cart_001695,user_04827,prod_0024,1,18.85,2023-12-24T00:00:00Z,Fashion
cart_001695,user_04827,prod_0094,1,290.3,2023-12-16T00:00:00Z,Automotive
cart_001695,user_04827,prod_0056,2,294.68,2023-12-19T00:00:00Z,Books
cart_001695,user_04827,prod_0018,3,14.44,2023-12-16T00:00:00Z,Fashion
cart_001696,user_04828,prod_0040,1,202.48,2023-12-13T00:00:00Z,Home & Kitchen
cart_001696,user_04828,prod_0061,1,287.47,2023-12-29T00:00:00Z,Sports & Fitness
cart_001696,user_04828,prod_0073,3,44.48,2023-12-18T00:00:00Z,Beauty
cart_001697,user_04829,prod_0086,1,12.29,2023-12-20T00:00:00Z,Toys & Games
cart_001697,user_04829,prod_0018,2,14.44,2023-12-05T00:00:00Z,Fashion
cart_001697,user_04829,prod_0017,1,100.34,2023-12-31T00:00:00Z,Fashion
cart_001697,user_04829,prod_0084,1,169.61,2023-12-29T00:00:00Z,Toys & Games
cart_001698,user_04842,prod_0039,3,227.05,2023-12-02T00:00:00Z,Home & Kitchen
cart_001698,user_04842,prod_0083,2,66.76,2023-12-22T00:00:00Z,Toys & Games
cart_001698,user_04842,prod_0088,3,236.49,2023-12-02T00:00:00Z,Toys & Games
cart_001698,user_04842,prod_0082,1,17.3,2023-12-10T00:00:00Z,Toys & Games
cart_001699,user_04847,prod_0040,2,202.48,2023-12-19T00:00:00Z,Home & Kitchen
cart_001699,user_04847,prod_0095,2,180.39,2023-12-19T00:00:00Z,Automotive
cart_001699,user_04847,prod_0043,1,22.31,2023-12-26T00:00:00Z,Home & Kitchen
cart_001700,user_04855,prod_0025,1,129.12,2023-12-05T00:00:00Z,Fashion
cart_001701,user_04859,prod_0033,2,181.09,2023-12-12T00:00:00Z,Home & Kitchen
cart_001701,user_04859,prod_0078,3,43.46,2023-12-16T00:00:00Z,Beauty
cart_001701,user_04859,prod_0094,1,290.3,2023-12-11T00:00:00Z,Automotive
cart_001701,user_04859,prod_0024,2,18.85,2023-12-18T00:00:00Z,Fashion
cart_001701,user_04859,prod_0073,1,44.48,2023-12-07T00:00:00Z,Beauty
cart_001702,user_04862,prod_0085,1,74.6,2023-12-09T00:00:00Z,Toys & Games
cart_001702,user_04862,prod_0081,1,250.37,2023-12-29T00:00:00Z,Toys & Games
cart_001702,user_04862,prod_0031,3,92.74,2023-12-19T00:00:00Z,Home & Kitchen
cart_001703,user_04863,prod_0014,3,66.6,2024-01-01T00:00:00Z,Electronics
cart_001703,user_04863,prod_0005,3,137.07,2024-01-01T00:00:00Z,Electronics
cart_001703,user_04863,prod_0070,2,263.51,2023-12-02T00:00:00Z,Sports & Fitness
cart_001703,user_04863,prod_0015,3,55.31,2023-12-06T00:00:00Z,Electronics
cart_001703,user_04863,prod_0052,1,258.24,2023-12-13T00:00:00Z,Books
cart_001703,user_04863,prod_0084,2,169.61,2023-12-08T00:00:00Z,Toys & Games
cart_001704,user_04864,prod_0016,3,84.36,2023-12-09T00:00:00Z,Fashion
cart_001704,user_04864,prod_0087,2,126.04,2023-12-26T00:00:00Z,Toys & Games
cart_001705,user_04866,prod_0035,2,75.82,2023-12-10T00:00:00Z,Home & Kitchen
cart_001705,user_04866,prod_0031,1,92.74,2023-12-30T00:00:00Z,Home & Kitchen
cart_001705,user_04866,prod_0046,3,76.44,2023-12-08T00:00:00Z,Books
cart_001705,user_04866,prod_0078,2,43.46,2023-12-14T00:00:00Z,Beauty
cart_001705,user_04866,prod_0023,1,298.21,2023-12-11T00:00:00Z,Fashion
cart_001706,user_04867,prod_0080,3,282.84,2023-12-14T00:00:00Z,Beauty
cart_001706,user_04867,prod_0069,1,153.73,2023-12-02T00:00:00Z,Sports & Fitness
cart_001706,user_04867,prod_0062,1,24.98,2023-12-12T00:00:00Z,Sports & Fitness
cart_001706,user_04867,prod_0057,3,209.8,2023-12-08T00:00:00Z,Books
cart_001706,user_04867,prod_0094,2,290.3,2023-12-26T00:00:00Z,Automotive
cart_001707,user_04868,prod_0078,2,43.46,2023-12-03T00:00:00Z,Beauty
cart_001708,user_04869,prod_0077,1,129.53,2023-12-19T00:00:00Z,Beauty
cart_001708,user_04869,prod_0039,1,227.05,2023-12-17T00:00:00Z,Home & Kitchen
cart_001708,user_04869,prod_0043,2,22.31,2023-12-03T00:00:00Z,Home & Kitchen
cart_001708,user_04869,prod_0050,1,60.92,2023-12-31T00:00:00Z,Books
cart_001709,user_04871,prod_0061,1,287.47,2023-12-31T00:00:00Z,Sports & Fitness
cart_001709,user_04871,prod_0031,1,92.74,2023-12-06T00:00:00Z,Home & Kitchen
cart_001709,user_04871,prod_0074,3,50.7,2023-12-20T00:00:00Z,Beauty
cart_001710,user_04873,prod_0066,1,121.36,2023-12-25T00:00:00Z,Sports & Fitness
cart_001710,user_04873,prod_0054,1,254.52,2023-12-27T00:00:00Z,Books
cart_001710,user_04873,prod_0006,3,51.94,2023-12-05T00:00:00Z,Electronics
cart_001710,user_04873,prod_0041,1,77.88,2023-12-09T00:00:00Z,Home & Kitchen
cart_001711,user_04874,prod_0055,1,259.21,2023-12-18T00:00:00Z,Books
cart_001711,user_04874,prod_0084,2,169.61,2023-12-20T00:00:00Z,Toys & Games
cart_001711,user_04874,prod_0026,1,142.61,2023-12-20T00:00:00Z,Fashion
cart_001712,user_04876,prod_0008,3,110.54,2023-12-06T00:00:00Z,Electronics
cart_001712,user_04876,prod_0012,2,294.66,2023-12-29T00:00:00Z,Electronics
cart_001712,user_04876,prod_0051,2,141.01,2023-12-04T00:00:00Z,Books
cart_001713,user_04877,prod_0095,2,180.39,2023-12-24T00:00:00Z,Automotive
cart_001714,user_04881,prod_0008,3,110.54,2023-12-13T00:00:00Z,Electronics
cart_001714,user_04881,prod_0082,3,17.3,2023-12-31T00:00:00Z,Toys & Games
cart_001714,user_04881,prod_0097,3,18.05,2023-12-21T00:00:00Z,Automotive
cart_001714,user_04881,prod_0092,2,87.06,2023-12-26T00:00:00Z,Automotive
cart_001714,user_04881,prod_0083,2,66.76,2024-01-01T00:00:00Z,Toys & Games
cart_001714,user_04881,prod_0098,2,163.3,2023-12-26T00:00:00Z,Automotive
cart_001715,user_04882,prod_0058,1,148.08,2023-12-25T00:00:00Z,Books
cart_001715,user_04882,prod_0002,2,46.02,2024-01-01T00:00:00Z,Electronics
cart_001715,user_04882,prod_0006,1,51.94,2023-12-27T00:00:00Z,Electronics
cart_001715,user_04882,prod_0089,2,70.4,2023-12-21T00:00:00Z,Toys & Games
cart_001715,user_04882,prod_0081,3,250.37,2023-12-10T00:00:00Z,Toys & Games
cart_001715,user_04882,prod_0005,3,137.07,2023-12-15T00:00:00Z,Electronics
cart_001716,user_04885,prod_0040,2,202.48,2023-12-28T00:00:00Z,Home & Kitchen
cart_001716,user_04885,prod_0091,2,61.78,2023-12-08T00:00:00Z,Automotive
cart_001716,user_04885,prod_0016,2,84.36,2023-12-17T00:00:00Z,Fashion
cart_001716,user_04885,prod_0013,2,138.3,2023-12-04T00:00:00Z,Electronics
cart_001716,user_04885,prod_0007,1,286.42,2023-12-28T00:00:00Z,Electronics
cart_001716,user_04885,prod_0096,3,294.37,2023-12-15T00:00:00Z,Automotive
cart_001717,user_04886,prod_0004,3,181.99,2023-12-30T00:00:00Z,Electronics
cart_001717,user_04886,prod_0024,2,18.85,2023-12-16T00:00:00Z,Fashion
cart_001717,user_04886,prod_0085,2,74.6,2023-12-13T00:00:00Z,Toys & Games
cart_001718,user_04888,prod_0049,1,219.09,2023-12-20T00:00:00Z,Books
cart_001718,user_04888,prod_0016,2,84.36,2023-12-13T00:00:00Z,Fashion
cart_001718,user_04888,prod_0014,1,66.6,2023-12-29T00:00:00Z,Electronics
cart_001718,user_04888,prod_0006,1,51.94,2023-12-05T00:00:00Z,Electronics
cart_001718,user_04888,prod_0039,1,227.05,2023-12-26T00:00:00Z,Home & Kitchen
cart_001718,user_04888,prod_0068,3,298.55,2024-01-01T00:00:00Z,Sports & Fitness
cart_001719,user_04890,prod_0085,2,74.6,2023-12-28T00:00:00Z,Toys & Games
cart_001719,user_04890,prod_0051,1,141.01,2023-12-31T00:00:00Z,Books
cart_001719,user_04890,prod_0032,1,229.18,2023-12-31T00:00:00Z,Home & Kitchen
cart_001719,user_04890,prod_0045,3,43.9,2023-12-14T00:00:00Z,Home & Kitchen
cart_001719,user_04890,prod_0053,2,163.93,2023-12-10T00:00:00Z,Books
cart_001720,user_04895,prod_0031,2,92.74,2023-12-13T00:00:00Z,Home & Kitchen
cart_001720,user_04895,prod_0036,3,147.88,2023-12-22T00:00:00Z,Home & Kitchen
cart_001720,user_04895,prod_0090,2,246.24,2023-12-24T00:00:00Z,Toys & Games
cart_001720,user_04895,prod_0041,1,77.88,2023-12-13T00:00:00Z,Home & Kitchen
cart_001720,user_04895,prod_0073,3,44.48,2023-12-07T00:00:00Z,Beauty
cart_001720,user_04895,prod_0035,3,75.82,2023-12-02T00:00:00Z,Home & Kitchen
cart_001721,user_04899,prod_0053,2,163.93,2023-12-18T00:00:00Z,Books
cart_001721,user_04899,prod_0051,1,141.01,2023-12-10T00:00:00Z,Books
cart_001722,user_04904,prod_0047,1,33.5,2023-12-13T00:00:00Z,Books
cart_001722,user_04904,prod_0093,3,253.04,2023-12-15T00:00:00Z,Automotive
cart_001722,user_04904,prod_0028,1,230.97,2023-12-15T00:00:00Z,Fashion
cart_001722,user_04904,prod_0099,3,25.57,2023-12-31T00:00:00Z,Automotive
cart_001722,user_04904,prod_0013,1,138.3,2023-12-13T00:00:00Z,Electronics
cart_001722,user_04904,prod_0007,2,286.42,2023-12-25T00:00:00Z,Electronics
cart_001723,user_04906,prod_0089,3,70.4,2023-12-13T00:00:00Z,Toys & Games
cart_001724,user_04909,prod_0022,3,176.87,2023-12-28T00:00:00Z,Fashion
cart_001724,user_04909,prod_0049,1,219.09,2023-12-30T00:00:00Z,Books
cart_001724,user_04909,prod_0060,3,176.75,2023-12-04T00:00:00Z,Books
cart_001724,user_04909,prod_0055,2,259.21,2023-12-24T00:00:00Z,Books
cart_001725,user_04911,prod_0057,1,209.8,2023-12-14T00:00:00Z,Books
cart_001725,user_04911,prod_0081,3,250.37,2023-12-19T00:00:00Z,Toys & Games
cart_001726,user_04919,prod_0021,3,46.05,2023-12-18T00:00:00Z,Fashion
cart_001726,user_04919,prod_0005,2,137.07,2023-12-16T00:00:00Z,Electronics
cart_001727,user_04920,prod_0007,1,286.42,2023-12-08T00:00:00Z,Electronics
cart_001727,user_04920,prod_0025,1,129.12,2023-12-13T00:00:00Z,Fashion
cart_001728,user_04921,prod_0097,2,18.05,2023-12-19T00:00:00Z,Automotive
cart_001728,user_04921,prod_0092,2,87.06,2023-12-10T00:00:00Z,Automotive
cart_001729,user_04924,prod_0075,3,64.86,2023-12-29T00:00:00Z,Beauty
cart_001729,user_04924,prod_0068,1,298.55,2023-12-16T00:00:00Z,Sports & Fitness
cart_001729,user_04924,prod_0034,2,263.34,2023-12-15T00:00:00Z,Home & Kitchen
cart_001729,user_04924,prod_0065,3,81.67,2023-12-04T00:00:00Z,Sports & Fitness
cart_001729,user_04924,prod_0026,3,142.61,2023-12-28T00:00:00Z,Fashion
cart_001729,user_04924,prod_0067,2,278.13,2023-12-27T00:00:00Z,Sports & Fitness
cart_001730,user_04927,prod_0055,3,259.21,2023-12-29T00:00:00Z,Books
cart_001730,user_04927,prod_0028,2,230.97,2023-12-18T00:00:00Z,Fashion
cart_001730,user_04927,prod_0047,1,33.5,2023-12-12T00:00:00Z,Books
cart_001730,user_04927,prod_0035,2,75.82,2023-12-10T00:00:00Z,Home & Kitchen
cart_001730,user_04927,prod_0029,2,138.39,2023-12-13T00:00:00Z,Fashion
cart_001731,user_04928,prod_0072,1,245.23,2023-12-09T00:00:00Z,Beauty
cart_001731,user_04928,prod_0002,1,46.02,2023-12-12T00:00:00Z,Electronics
cart_001731,user_04928,prod_0071,1,164.71,2023-12-04T00:00:00Z,Beauty
cart_001732,user_04929,prod_0035,2,75.82,2023-12-12T00:00:00Z,Home & Kitchen
cart_001732,user_04929,prod_0050,2,60.92,2023-12-21T00:00:00Z,Books
cart_001732,user_04929,prod_0032,2,229.18,2023-12-20T00:00:00Z,Home & Kitchen
cart_001732,user_04929,prod_0076,1,78.83,2023-12-18T00:00:00Z,Beauty
cart_001732,user_04929,prod_0055,2,259.21,2024-01-01T00:00:00Z,Books
cart_001733,user_04937,prod_0016,2,84.36,2023-12-30T00:00:00Z,Fashion
cart_001733,user_04937,prod_0027,1,8.38,2023-12-22T00:00:00Z,Fashion
cart_001733,user_04937,prod_0076,1,78.83,2023-12-09T00:00:00Z,Beauty
cart_001733,user_04937,prod_0072,2,245.23,2023-12-24T00:00:00Z,Beauty
cart_001733,user_04937,prod_0074,2,50.7,2023-12-15T00:00:00Z,Beauty
cart_001733,user_04937,prod_0022,2,176.87,2023-12-28T00:00:00Z,Fashion
cart_001734,user_04938,prod_0085,1,74.6,2023-12-08T00:00:00Z,Toys & Games
cart_001734,user_04938,prod_0040,2,202.48,2023-12-28T00:00:00Z,Home & Kitchen
cart_001734,user_04938,prod_0021,1,46.05,2023-12-02T00:00:00Z,Fashion
cart_001734,user_04938,prod_0030,1,229.02,2023-12-25T00:00:00Z,Fashion
cart_001734,user_04938,prod_0013,1,138.3,2023-12-27T00:00:00Z,Electronics
cart_001735,user_04942,prod_0005,3,137.07,2023-12-04T00:00:00Z,Electronics
cart_001735,user_04942,prod_0056,1,294.68,2023-12-14T00:00:00Z,Books
cart_001736,user_04945,prod_0029,1,138.39,2023-12-16T00:00:00Z,Fashion
cart_001736,user_04945,prod_0088,1,236.49,2023-12-26T00:00:00Z,Toys & Games
cart_001736,user_04945,prod_0039,3,227.05,2023-12-24T00:00:00Z,Home & Kitchen
cart_001736,user_04945,prod_0087,3,126.04,2023-12-30T00:00:00Z,Toys & Games
cart_001737,user_04948,prod_0046,1,76.44,2023-12-06T00:00:00Z,Books
cart_001737,user_04948,prod_0053,1,163.93,2023-12-03T00:00:00Z,Books
cart_001737,user_04948,prod_0059,3,175.28,2023-12-10T00:00:00Z,Books
cart_001737,user_04948,prod_0025,1,129.12,2023-12-02T00:00:00Z,Fashion
cart_001738,user_04950,prod_0063,2,266.74,2023-12-18T00:00:00Z,Sports & Fitness
cart_001738,user_04950,prod_0080,2,282.84,2023-12-10T00:00:00Z,Beauty
cart_001739,user_04954,prod_0051,3,141.01,2023-12-14T00:00:00Z,Books
cart_001739,user_04954,prod_0077,1,129.53,2023-12-25T00:00:00Z,Beauty
cart_001739,user_04954,prod_0072,1,245.23,2023-12-02T00:00:00Z,Beauty
cart_001739,user_04954,prod_0067,1,278.13,2023-12-07T00:00:00Z,Sports & Fitness
cart_001739,user_04954,prod_0046,3,76.44,2023-12-30T00:00:00Z,Books
cart_001740,user_04955,prod_0029,3,138.39,2023-12-15T00:00:00Z,Fashion
cart_001740,user_04955,prod_0027,3,8.38,2023-12-17T00:00:00Z,Fashion
cart_001740,user_04955,prod_0057,3,209.8,2023-12-29T00:00:00Z,Books
cart_001740,user_04955,prod_0046,3,76.44,2023-12-06T00:00:00Z,Books
cart_001740,user_04955,prod_0092,2,87.06,2023-12-02T00:00:00Z,Automotive
cart_001741,user_04956,prod_0087,2,126.04,2023-12-16T00:00:00Z,Toys & Games
cart_001742,user_04958,prod_0008,2,110.54,2023-12-25T00:00:00Z,Electronics
cart_001742,user_04958,prod_0048,1,258.97,2023-12-12T00:00:00Z,Books
cart_001743,user_04959,prod_0041,2,77.88,2023-12-15T00:00:00Z,Home & Kitchen
cart_001744,user_04960,prod_0052,2,258.24,2023-12-26T00:00:00Z,Books
cart_001744,user_04960,prod_0044,3,25.83,2023-12-02T00:00:00Z,Home & Kitchen
cart_001744,user_04960,prod_0055,2,259.21,2023-12-29T00:00:00Z,Books
cart_001744,user_04960,prod_0059,3,175.28,2023-12-21T00:00:00Z,Books
cart_001744,user_04960,prod_0022,2,176.87,2023-12-10T00:00:00Z,Fashion
cart_001744,user_04960,prod_0081,1,250.37,2023-12-30T00:00:00Z,Toys & Games
cart_001745,user_04961,prod_0091,1,61.78,2023-12-14T00:00:00Z,Automotive
cart_001745,user_04961,prod_0036,3,147.88,2023-12-25T00:00:00Z,Home & Kitchen
cart_001745,user_04961,prod_0090,2,246.24,2023-12-24T00:00:00Z,Toys & Games
cart_001745,user_04961,prod_0007,3,286.42,2023-12-23T00:00:00Z,Electronics
cart_001745,user_04961,prod_0083,1,66.76,2023-12-08T00:00:00Z,Toys & Games
cart_001745,user_04961,prod_0020,2,151.77,2023-12-16T00:00:00Z,Fashion
cart_001746,user_04962,prod_0009,2,219.54,2024-01-01T00:00:00Z,Electronics
cart_001746,user_04962,prod_0024,2,18.85,2023-12-24T00:00:00Z,Fashion
cart_001747,user_04965,prod_0038,3,160.14,2023-12-25T00:00:00Z,Home & Kitchen
cart_001747,user_04965,prod_0074,2,50.7,2023-12-13T00:00:00Z,Beauty
cart_001747,user_04965,prod_0075,3,64.86,2023-12-12T00:00:00Z,Beauty
cart_001747,user_04965,prod_0028,1,230.97,2023-12-05T00:00:00Z,Fashion
cart_001748,user_04966,prod_0067,2,278.13,2023-12-27T00:00:00Z,Sports & Fitness
cart_001749,user_04968,prod_0075,1,64.86,2023-12-20T00:00:00Z,Beauty
cart_001749,user_04968,prod_0048,3,258.97,2023-12-18T00:00:00Z,Books
cart_001749,user_04968,prod_0001,2,192.99,2023-12-09T00:00:00Z,Electronics
cart_001749,user_04968,prod_0032,1,229.18,2023-12-26T00:00:00Z,Home & Kitchen
cart_001749,user_04968,prod_0021,1,46.05,2023-12-03T00:00:00Z,Fashion
cart_001750,user_04975,prod_0046,1,76.44,2023-12-23T00:00:00Z,Books
cart_001750,user_04975,prod_0051,3,141.01,2023-12-27T00:00:00Z,Books
cart_001750,user_04975,prod_0049,2,219.09,2023-12-31T00:00:00Z,Books
cart_001751,user_04976,prod_0029,1,138.39,2023-12-23T00:00:00Z,Fashion
cart_001751,user_04976,prod_0013,2,138.3,2024-01-01T00:00:00Z,Electronics
cart_001751,user_04976,prod_0053,1,163.93,2023-12-29T00:00:00Z,Books
cart_001751,user_04976,prod_0059,2,175.28,2023-12-28T00:00:00Z,Books
cart_001751,user_04976,prod_0060,3,176.75,2023-12-05T00:00:00Z,Books
cart_001752,user_04978,prod_0051,1,141.01,2023-12-14T00:00:00Z,Books
cart_001752,user_04978,prod_0033,3,181.09,2023-12-19T00:00:00Z,Home & Kitchen
cart_001752,user_04978,prod_0067,1,278.13,2023-12-02T00:00:00Z,Sports & Fitness
cart_001752,user_04978,prod_0043,2,22.31,2023-12-10T00:00:00Z,Home & Kitchen
cart_001752,user_04978,prod_0060,2,176.75,2023-12-22T00:00:00Z,Books
cart_001752,user_04978,prod_0055,2,259.21,2023-12-02T00:00:00Z,Books
cart_001753,user_04985,prod_0072,2,245.23,2023-12-24T00:00:00Z,Beauty
cart_001753,user_04985,prod_0092,3,87.06,2023-12-08T00:00:00Z,Automotive
cart_001754,user_04989,prod_0067,2,278.13,2023-12-04T00:00:00Z,Sports & Fitness
cart_001754,user_04989,prod_0043,1,22.31,2023-12-16T00:00:00Z,Home & Kitchen
cart_001754,user_04989,prod_0033,1,181.09,2023-12-30T00:00:00Z,Home & Kitchen
cart_001754,user_04989,prod_0053,3,163.93,2023-12-16T00:00:00Z,Books
cart_001754,user_04989,prod_0060,2,176.75,2023-12-20T00:00:00Z,Books
cart_001755,user_04993,prod_0004,1,181.99,2023-12-30T00:00:00Z,Electronics
cart_001755,user_04993,prod_0024,3,18.85,2023-12-22T00:00:00Z,Fashion
cart_001756,user_04995,prod_0052,2,258.24,2023-12-29T00:00:00Z,Books
cart_001756,user_04995,prod_0055,1,259.21,2023-12-21T00:00:00Z,Books
cart_001756,user_04995,prod_0075,1,64.86,2023-12-14T00:00:00Z,Beauty
cart_001756,user_04995,prod_0009,2,219.54,2023-12-26T00:00:00Z,Electronics
cart_001756,user_04995,prod_0035,1,75.82,2023-12-27T00:00:00Z,Home & Kitchen
cart_001757,user_04996,prod_0008,3,110.54,2023-12-22T00:00:00Z,Electronics
cart_001757,user_04996,prod_0093,1,253.04,2023-12-22T00:00:00Z,Automotive
cart_001757,user_04996,prod_0051,2,141.01,2023-12-11T00:00:00Z,Books
cart_001757,user_04996,prod_0027,3,8.38,2023-12-03T00:00:00Z,Fashion
cart_001758,user_04997,prod_0079,3,167.19,2023-12-18T00:00:00Z,Beauty
cart_001758,user_04997,prod_0088,2,236.49,2023-12-25T00:00:00Z,Toys & Games
cart_001758,user_04997,prod_0013,3,138.3,2023-12-14T00:00:00Z,Electronics
cart_001758,user_04997,prod_0008,3,110.54,2023-12-12T00:00:00Z,Electronics
cart_001758,user_04997,prod_0015,1,55.31,2023-12-05T00:00:00Z,Electronics
cart_001759,user_05003,prod_0070,1,263.51,2023-12-09T00:00:00Z,Sports & Fitness
cart_001759,user_05003,prod_0035,3,75.82,2023-12-05T00:00:00Z,Home & Kitchen
cart_001759,user_05003,prod_0090,1,246.24,2023-12-21T00:00:00Z,Toys & Games
cart_001759,user_05003,prod_0079,3,167.19,2023-12-05T00:00:00Z,Beauty
cart_001759,user_05003,prod_0084,3,169.61,2023-12-15T00:00:00Z,Toys & Games
cart_001759,user_05003,prod_0058,3,148.08,2024-01-01T00:00:00Z,Books
cart_001760,user_05007,prod_0089,3,70.4,2023-12-26T00:00:00Z,Toys & Games
cart_001760,user_05007,prod_0017,3,100.34,2023-12-11T00:00:00Z,Fashion
cart_001760,user_05007,prod_0037,3,42.75,2023-12-28T00:00:00Z,Home & Kitchen
cart_001761,user_05010,prod_0071,3,164.71,2023-12-06T00:00:00Z,Beauty
cart_001761,user_05010,prod_0016,2,84.36,2023-12-26T00:00:00Z,Fashion
cart_001761,user_05010,prod_0022,1,176.87,2023-12-11T00:00:00Z,Fashion
cart_001761,user_05010,prod_0090,3,246.24,2023-12-28T00:00:00Z,Toys & Games
cart_001762,user_05011,prod_0082,1,17.3,2023-12-05T00:00:00Z,Toys & Games
cart_001762,user_05011,prod_0059,1,175.28,2023-12-25T00:00:00Z,Books
cart_001763,user_05017,prod_0021,3,46.05,2023-12-22T00:00:00Z,Fashion
cart_001763,user_05017,prod_0076,3,78.83,2023-12-03T00:00:00Z,Beauty
cart_001763,user_05017,prod_0027,1,8.38,2023-12-06T00:00:00Z,Fashion
cart_001763,user_05017,prod_0024,2,18.85,2023-12-13T00:00:00Z,Fashion
cart_001763,user_05017,prod_0020,2,151.77,2023-12-03T00:00:00Z,Fashion
cart_001763,user_05017,prod_0040,2,202.48,2023-12-29T00:00:00Z,Home & Kitchen
cart_001764,user_05018,prod_0022,2,176.87,2023-12-21T00:00:00Z,Fashion
cart_001764,user_05018,prod_0049,1,219.09,2023-12-20T00:00:00Z,Books
cart_001765,user_05021,prod_0075,1,64.86,2023-12-19T00:00:00Z,Beauty
cart_001765,user_05021,prod_0097,2,18.05,2023-12-09T00:00:00Z,Automotive
cart_001766,user_05024,prod_0054,3,254.52,2023-12-05T00:00:00Z,Books
cart_001766,user_05024,prod_0055,1,259.21,2023-12-08T00:00:00Z,Books
cart_001767,user_05025,prod_0010,3,91.19,2023-12-26T00:00:00Z,Electronics
cart_001767,user_05025,prod_0089,3,70.4,2023-12-26T00:00:00Z,Toys & Games
cart_001767,user_05025,prod_0026,3,142.61,2023-12-11T00:00:00Z,Fashion
cart_001768,user_05029,prod_0076,1,78.83,2023-12-02T00:00:00Z,Beauty
cart_001768,user_05029,prod_0080,3,282.84,2023-12-11T00:00:00Z,Beauty
cart_001768,user_05029,prod_0075,2,64.86,2023-12-17T00:00:00Z,Beauty
cart_001768,user_05029,prod_0064,2,128.25,2023-12-16T00:00:00Z,Sports & Fitness
cart_001769,user_05031,prod_0078,1,43.46,2023-12-11T00:00:00Z,Beauty
cart_001769,user_05031,prod_0076,3,78.83,2023-12-29T00:00:00Z,Beauty
cart_001769,user_05031,prod_0059,3,175.28,2023-12-08T00:00:00Z,Books
cart_001769,user_05031,prod_0089,3,70.4,2023-12-08T00:00:00Z,Toys & Games
cart_001769,user_05031,prod_0023,1,298.21,2023-12-30T00:00:00Z,Fashion
cart_001769,user_05031,prod_0068,1,298.55,2023-12-08T00:00:00Z,Sports & Fitness
cart_001770,user_05034,prod_0042,1,72.65,2023-12-25T00:00:00Z,Home & Kitchen
cart_001770,user_05034,prod_0092,2,87.06,2023-12-15T00:00:00Z,Automotive
cart_001770,user_05034,prod_0050,1,60.92,2023-12-14T00:00:00Z,Books
cart_001770,user_05034,prod_0044,3,25.83,2023-12-14T00:00:00Z,Home & Kitchen
cart_001771,user_05036,prod_0089,1,70.4,2023-12-04T00:00:00Z,Toys & Games
cart_001772,user_05041,prod_0033,1,181.09,2023-12-03T00:00:00Z,Home & Kitchen
cart_001773,user_05043,prod_0010,2,91.19,2023-12-27T00:00:00Z,Electronics
cart_001773,user_05043,prod_0044,3,25.83,2023-12-20T00:00:00Z,Home & Kitchen
cart_001773,user_05043,prod_0075,3,64.86,2023-12-11T00:00:00Z,Beauty
cart_001774,user_05049,prod_0050,3,60.92,2023-12-15T00:00:00Z,Books
cart_001774,user_05049,prod_0013,1,138.3,2023-12-23T00:00:00Z,Electronics
cart_001775,user_05051,prod_0010,3,91.19,2023-12-25T00:00:00Z,Electronics
cart_001775,user_05051,prod_0053,1,163.93,2023-12-17T00:00:00Z,Books
cart_001775,user_05051,prod_0095,2,180.39,2023-12-16T00:00:00Z,Automotive
cart_001775,user_05051,prod_0004,2,181.99,2023-12-13T00:00:00Z,Electronics
cart_001776,user_05053,prod_0068,1,298.55,2023-12-08T00:00:00Z,Sports & Fitness
cart_001776,user_05053,prod_0088,2,236.49,2023-12-09T00:00:00Z,Toys & Games
cart_001776,user_05053,prod_0002,1,46.02,2023-12-08T00:00:00Z,Electronics
cart_001776,user_05053,prod_0040,3,202.48,2023-12-29T00:00:00Z,Home & Kitchen
cart_001777,user_05059,prod_0056,2,294.68,2023-12-12T00:00:00Z,Books
cart_001778,user_05060,prod_0005,1,137.07,2024-01-01T00:00:00Z,Electronics
cart_001778,user_05060,prod_0050,2,60.92,2023-12-10T00:00:00Z,Books
cart_001779,user_05062,prod_0050,2,60.92,2023-12-18T00:00:00Z,Books
cart_001779,user_05062,prod_0094,3,290.3,2023-12-20T00:00:00Z,Automotive
cart_001780,user_05064,prod_0075,2,64.86,2023-12-11T00:00:00Z,Beauty
cart_001781,user_05067,prod_0076,1,78.83,2023-12-18T00:00:00Z,Beauty
cart_001781,user_05067,prod_0080,3,282.84,2023-12-29T00:00:00Z,Beauty
cart_001782,user_05070,prod_0059,2,175.28,2023-12-20T00:00:00Z,Books
cart_001782,user_05070,prod_0053,3,163.93,2023-12-08T00:00:00Z,Books
cart_001782,user_05070,prod_0049,3,219.09,2023-12-08T00:00:00Z,Books
cart_001782,user_05070,prod_0092,1,87.06,2023-12-19T00:00:00Z,Automotive
cart_001782,user_05070,prod_0005,2,137.07,2023-12-21T00:00:00Z,Electronics
cart_001783,user_05074,prod_0088,3,236.49,2023-12-16T00:00:00Z,Toys & Games
cart_001784,user_05083,prod_0009,1,219.54,2023-12-14T00:00:00Z,Electronics
cart_001784,user_05083,prod_0005,1,137.07,2023-12-05T00:00:00Z,Electronics
cart_001784,user_05083,prod_0002,3,46.02,2023-12-10T00:00:00Z,Electronics
cart_001784,user_05083,prod_0014,3,66.6,2023-12-05T00:00:00Z,Electronics
cart_001785,user_05089,prod_0098,2,163.3,2023-12-21T00:00:00Z,Automotive
cart_001786,user_05090,prod_0064,3,128.25,2023-12-09T00:00:00Z,Sports & Fitness
cart_001787,user_05091,prod_0016,2,84.36,2023-12-20T00:00:00Z,Fashion
cart_001788,user_05094,prod_0001,2,192.99,2023-12-06T00:00:00Z,Electronics
cart_001788,user_05094,prod_0006,2,51.94,2023-12-30T00:00:00Z,Electronics
cart_001788,user_05094,prod_0076,3,78.83,2023-12-04T00:00:00Z,Beauty
cart_001788,user_05094,prod_0012,2,294.66,2023-12-12T00:00:00Z,Electronics
cart_001788,user_05094,prod_0026,1,142.61,2023-12-06T00:00:00Z,Fashion
cart_001788,user_05094,prod_0085,2,74.6,2023-12-12T00:00:00Z,Toys & Games
cart_001789,user_05096,prod_0078,2,43.46,2023-12-07T00:00:00Z,Beauty
cart_001790,user_05108,prod_0015,3,55.31,2023-12-24T00:00:00Z,Electronics
cart_001790,user_05108,prod_0051,2,141.01,2024-01-01T00:00:00Z,Books
cart_001790,user_05108,prod_0006,1,51.94,2024-01-01T00:00:00Z,Electronics
cart_001790,user_05108,prod_0044,2,25.83,2023-12-29T00:00:00Z,Home & Kitchen
cart_001791,user_05112,prod_0053,1,163.93,2023-12-06T00:00:00Z,Books
cart_001791,user_05112,prod_0073,1,44.48,2023-12-16T00:00:00Z,Beauty
cart_001792,user_05113,prod_0051,3,141.01,2023-12-31T00:00:00Z,Books
cart_001792,user_05113,prod_0033,2,181.09,2023-12-16T00:00:00Z,Home & Kitchen
cart_001792,user_05113,prod_0086,3,12.29,2023-12-15T00:00:00Z,Toys & Games
cart_001793,user_05115,prod_0049,2,219.09,2023-12-06T00:00:00Z,Books
cart_001793,user_05115,prod_0018,1,14.44,2023-12-30T00:00:00Z,Fashion
cart_001794,user_05118,prod_0054,3,254.52,2023-12-18T00:00:00Z,Books
cart_001794,user_05118,prod_0038,3,160.14,2023-12-04T00:00:00Z,Home & Kitchen
cart_001794,user_05118,prod_0059,1,175.28,2023-12-08T00:00:00Z,Books
cart_001794,user_05118,prod_0040,1,202.48,2024-01-01T00:00:00Z,Home & Kitchen
cart_001794,user_05118,prod_0043,2,22.31,2023-12-16T00:00:00Z,Home & Kitchen
cart_001794,user_05118,prod_0030,3,229.02,2023-12-03T00:00:00Z,Fashion
cart_001795,user_05119,prod_0006,2,51.94,2023-12-09T00:00:00Z,Electronics
cart_001795,user_05119,prod_0054,2,254.52,2023-12-15T00:00:00Z,Books
cart_001795,user_05119,prod_0012,1,294.66,2023-12-08T00:00:00Z,Electronics
cart_001796,user_05120,prod_0009,3,219.54,2023-12-07T00:00:00Z,Electronics
cart_001797,user_05125,prod_0090,2,246.24,2023-12-29T00:00:00Z,Toys & Games
cart_001797,user_05125,prod_0065,2,81.67,2023-12-06T00:00:00Z,Sports & Fitness
cart_001798,user_05126,prod_0090,1,246.24,2024-01-01T00:00:00Z,Toys & Games
cart_001798,user_05126,prod_0001,3,192.99,2023-12-30T00:00:00Z,Electronics
cart_001798,user_05126,prod_0084,3,169.61,2023-12-11T00:00:00Z,Toys & Games
cart_001798,user_05126,prod_0041,3,77.88,2023-12-06T00:00:00Z,Home & Kitchen
cart_001798,user_05126,prod_0034,3,263.34,2023-12-03T00:00:00Z,Home & Kitchen
cart_001798,user_05126,prod_0027,2,8.38,2023-12-02T00:00:00Z,Fashion
cart_001799,user_05127,prod_0043,2,22.31,2023-12-12T00:00:00Z,Home & Kitchen
cart_001800,user_05129,prod_0030,1,229.02,2023-12-04T00:00:00Z,Fashion
cart_001800,user_05129,prod_0008,3,110.54,2023-12-18T00:00:00Z,Electronics
cart_001800,user_05129,prod_0029,2,138.39,2023-12-02T00:00:00Z,Fashion
cart_001800,user_05129,prod_0074,3,50.7,2023-12-21T00:00:00Z,Beauty
cart_001800,user_05129,prod_0021,1,46.05,2023-12-09T00:00:00Z,Fashion
cart_001800,user_05129,prod_0025,2,129.12,2023-12-13T00:00:00Z,Fashion
cart_001801,user_05130,prod_0020,1,151.77,2023-12-07T00:00:00Z,Fashion
cart_001801,user_05130,prod_0055,3,259.21,2023-12-19T00:00:00Z,Books
cart_001801,user_05130,prod_0099,2,25.57,2023-12-11T00:00:00Z,Automotive
cart_001802,user_05131,prod_0047,1,33.5,2023-12-17T00:00:00Z,Books
cart_001802,user_05131,prod_0006,1,51.94,2023-12-10T00:00:00Z,Electronics
cart_001802,user_05131,prod_0008,1,110.54,2023-12-07T00:00:00Z,Electronics
cart_001802,user_05131,prod_0094,2,290.3,2023-12-24T00:00:00Z,Automotive
cart_001802,user_05131,prod_0050,3,60.92,2023-12-07T00:00:00Z,Books
cart_001803,user_05133,prod_0018,1,14.44,2023-12-28T00:00:00Z,Fashion
cart_001803,user_05133,prod_0092,2,87.06,2023-12-03T00:00:00Z,Automotive
cart_001803,user_05133,prod_0023,2,298.21,2023-12-09T00:00:00Z,Fashion
cart_001803,user_05133,prod_0061,1,287.47,2023-12-03T00:00:00Z,Sports & Fitness
cart_001803,user_05133,prod_0075,3,64.86,2023-12-05T00:00:00Z,Beauty
cart_001804,user_05134,prod_0032,2,229.18,2023-12-25T00:00:00Z,Home & Kitchen
cart_001804,user_05134,prod_0053,1,163.93,2023-12-15T00:00:00Z,Books
cart_001804,user_05134,prod_0061,1,287.47,2023-12-14T00:00:00Z,Sports & Fitness
cart_001804,user_05134,prod_0030,1,229.02,2023-12-09T00:00:00Z,Fashion
cart_001805,user_05137,prod_0007,2,286.42,2023-12-24T00:00:00Z,Electronics
cart_001806,user_05143,prod_0001,1,192.99,2023-12-16T00:00:00Z,Electronics
cart_001806,user_05143,prod_0080,1,282.84,2023-12-15T00:00:00Z,Beauty
cart_001806,user_05143,prod_0072,3,245.23,2023-12-06T00:00:00Z,Beauty
cart_001806,user_05143,prod_0094,2,290.3,2023-12-13T00:00:00Z,Automotive
cart_001806,user_05143,prod_0074,2,50.7,2023-12-02T00:00:00Z,Beauty
cart_001806,user_05143,prod_0069,1,153.73,2023-12-25T00:00:00Z,Sports & Fitness
cart_001807,user_05146,prod_0088,1,236.49,2023-12-05T00:00:00Z,Toys & Games
cart_001807,user_05146,prod_0065,1,81.67,2023-12-23T00:00:00Z,Sports & Fitness
cart_001807,user_05146,prod_0038,2,160.14,2023-12-25T00:00:00Z,Home & Kitchen
cart_001808,user_05151,prod_0048,2,258.97,2023-12-17T00:00:00Z,Books
cart_001808,user_05151,prod_0015,1,55.31,2023-12-06T00:00:00Z,Electronics
cart_001808,user_05151,prod_0007,2,286.42,2023-12-21T00:00:00Z,Electronics
cart_001808,user_05151,prod_0053,1,163.93,2023-12-29T00:00:00Z,Books
cart_001808,user_05151,prod_0068,1,298.55,2023-12-09T00:00:00Z,Sports & Fitness
cart_001809,user_05153,prod_0074,1,50.7,2023-12-06T00:00:00Z,Beauty
cart_001809,user_05153,prod_0069,1,153.73,2023-12-10T00:00:00Z,Sports & Fitness
cart_001809,user_05153,prod_0073,1,44.48,2023-12-28T00:00:00Z,Beauty
cart_001809,user_05153,prod_0051,2,141.01,2023-12-14T00:00:00Z,Books
cart_001809,user_05153,prod_0076,2,78.83,2023-12-25T00:00:00Z,Beauty
cart_001809,user_05153,prod_0072,1,245.23,2023-12-31T00:00:00Z,Beauty
cart_001810,user_05158,prod_0051,3,141.01,2023-12-20T00:00:00Z,Books
cart_001811,user_05165,prod_0077,3,129.53,2023-12-24T00:00:00Z,Beauty
cart_001811,user_05165,prod_0046,2,76.44,2023-12-26T00:00:00Z,Books
cart_001811,user_05165,prod_0098,2,163.3,2023-12-27T00:00:00Z,Automotive
cart_001811,user_05165,prod_0062,1,24.98,2023-12-13T00:00:00Z,Sports & Fitness
cart_001811,user_05165,prod_0016,2,84.36,2023-12-26T00:00:00Z,Fashion
cart_001812,user_05167,prod_0057,2,209.8,2023-12-15T00:00:00Z,Books
cart_001813,user_05170,prod_0052,3,258.24,2023-12-07T00:00:00Z,Books
cart_001813,user_05170,prod_0033,2,181.09,2023-12-02T00:00:00Z,Home & Kitchen
cart_001813,user_05170,prod_0059,2,175.28,2023-12-11T00:00:00Z,Books
cart_001813,user_05170,prod_0087,2,126.04,2023-12-31T00:00:00Z,Toys & Games
cart_001813,user_05170,prod_0035,3,75.82,2023-12-27T00:00:00Z,Home & Kitchen
cart_001814,user_05176,prod_0018,3,14.44,2023-12-09T00:00:00Z,Fashion
cart_001814,user_05176,prod_0086,1,12.29,2023-12-12T00:00:00Z,Toys & Games
cart_001814,user_05176,prod_0006,1,51.94,2023-12-03T00:00:00Z,Electronics
cart_001814,user_05176,prod_0087,1,126.04,2023-12-11T00:00:00Z,Toys & Games
cart_001815,user_05179,prod_0060,2,176.75,2023-12-08T00:00:00Z,Books
cart_001816,user_05180,prod_0046,1,76.44,2023-12-09T00:00:00Z,Books
cart_001816,user_05180,prod_0008,1,110.54,2023-12-14T00:00:00Z,Electronics
cart_001817,user_05182,prod_0077,2,129.53,2023-12-07T00:00:00Z,Beauty
cart_001817,user_05182,prod_0063,2,266.74,2024-01-01T00:00:00Z,Sports & Fitness
cart_001817,user_05182,prod_0078,2,43.46,2023-12-03T00:00:00Z,Beauty
cart_001817,user_05182,prod_0066,1,121.36,2023-12-07T00:00:00Z,Sports & Fitness
cart_001817,user_05182,prod_0070,3,263.51,2023-12-14T00:00:00Z,Sports & Fitness
cart_001817,user_05182,prod_0073,3,44.48,2023-12-21T00:00:00Z,Beauty
cart_001818,user_05186,prod_0008,1,110.54,2023-12-03T00:00:00Z,Electronics
cart_001818,user_05186,prod_0011,1,212.14,2023-12-18T00:00:00Z,Electronics
cart_001818,user_05186,prod_0015,1,55.31,2023-12-26T00:00:00Z,Electronics
cart_001819,user_05187,prod_0011,2,212.14,2023-12-21T00:00:00Z,Electronics
cart_001819,user_05187,prod_0048,3,258.97,2023-12-17T00:00:00Z,Books
cart_001819,user_05187,prod_0033,1,181.09,2023-12-02T00:00:00Z,Home & Kitchen
cart_001819,user_05187,prod_0049,3,219.09,2023-12-30T00:00:00Z,Books
cart_001819,user_05187,prod_0046,3,76.44,2023-12-03T00:00:00Z,Books
cart_001820,user_05189,prod_0016,1,84.36,2023-12-24T00:00:00Z,Fashion
cart_001820,user_05189,prod_0045,3,43.9,2023-12-17T00:00:00Z,Home & Kitchen
cart_001820,user_05189,prod_0058,2,148.08,2023-12-13T00:00:00Z,Books
cart_001820,user_05189,prod_0012,3,294.66,2023-12-25T00:00:00Z,Electronics
cart_001820,user_05189,prod_0057,3,209.8,2023-12-31T00:00:00Z,Books
cart_001821,user_05190,prod_0056,2,294.68,2023-12-30T00:00:00Z,Books
cart_001821,user_05190,prod_0057,2,209.8,2023-12-10T00:00:00Z,Books
cart_001821,user_05190,prod_0052,1,258.24,2023-12-16T00:00:00Z,Books
cart_001821,user_05190,prod_0055,3,259.21,2023-12-25T00:00:00Z,Books
cart_001821,user_05190,prod_0058,2,148.08,2023-12-12T00:00:00Z,Books
cart_001822,user_05192,prod_0082,3,17.3,2023-12-20T00:00:00Z,Toys & Games
cart_001823,user_05197,prod_0055,1,259.21,2023-12-17T00:00:00Z,Books
cart_001823,user_05197,prod_0038,2,160.14,2023-12-29T00:00:00Z,Home & Kitchen
cart_001824,user_05200,prod_0098,2,163.3,2023-12-07T00:00:00Z,Automotive
cart_001824,user_05200,prod_0063,3,266.74,2023-12-11T00:00:00Z,Sports & Fitness
cart_001824,user_05200,prod_0050,1,60.92,2023-12-11T00:00:00Z,Books
cart_001824,user_05200,prod_0069,1,153.73,2023-12-18T00:00:00Z,Sports & Fitness
cart_001824,user_05200,prod_0080,3,282.84,2023-12-17T00:00:00Z,Beauty
cart_001824,user_05200,prod_0084,1,169.61,2023-12-31T00:00:00Z,Toys & Games
cart_001825,user_05202,prod_0082,3,17.3,2023-12-15T00:00:00Z,Toys & Games
cart_001825,user_05202,prod_0039,2,227.05,2023-12-09T00:00:00Z,Home & Kitchen
cart_001826,user_05204,prod_0001,1,192.99,2023-12-22T00:00:00Z,Electronics
cart_001826,user_05204,prod_0044,2,25.83,2023-12-14T00:00:00Z,Home & Kitchen
cart_001827,user_05205,prod_0076,2,78.83,2023-12-20T00:00:00Z,Beauty
cart_001827,user_05205,prod_0037,2,42.75,2023-12-28T00:00:00Z,Home & Kitchen
cart_001827,user_05205,prod_0072,2,245.23,2024-01-01T00:00:00Z,Beauty
cart_001827,user_05205,prod_0084,1,169.61,2023-12-15T00:00:00Z,Toys & Games
cart_001827,user_05205,prod_0031,2,92.74,2023-12-05T00:00:00Z,Home & Kitchen
cart_001827,user_05205,prod_0056,2,294.68,2023-12-16T00:00:00Z,Books
cart_001828,user_05208,prod_0010,3,91.19,2023-12-10T00:00:00Z,Electronics
cart_001828,user_05208,prod_0048,2,258.97,2023-12-12T00:00:00Z,Books
cart_001828,user_05208,prod_0046,3,76.44,2023-12-09T00:00:00Z,Books
cart_001828,user_05208,prod_0037,1,42.75,2023-12-17T00:00:00Z,Home & Kitchen
cart_001828,user_05208,prod_0039,2,227.05,2023-12-06T00:00:00Z,Home & Kitchen
cart_001828,user_05208,prod_0054,2,254.52,2023-12-14T00:00:00Z,Books
cart_001829,user_05210,prod_0035,1,75.82,2023-12-29T00:00:00Z,Home & Kitchen
cart_001829,user_05210,prod_0049,1,219.09,2023-12-05T00:00:00Z,Books
cart_001830,user_05211,prod_0044,3,25.83,2023-12-16T00:00:00Z,Home & Kitchen
cart_001830,user_05211,prod_0066,3,121.36,2023-12-26T00:00:00Z,Sports & Fitness
cart_001830,user_05211,prod_0049,1,219.09,2023-12-19T00:00:00Z,Books
cart_001830,user_05211,prod_0020,2,151.77,2023-12-17T00:00:00Z,Fashion
cart_001831,user_05215,prod_0005,1,137.07,2023-12-05T00:00:00Z,Electronics
cart_001832,user_05216,prod_0058,1,148.08,2023-12-09T00:00:00Z,Books
cart_001832,user_05216,prod_0094,3,290.3,2023-12-21T00:00:00Z,Automotive
cart_001832,user_05216,prod_0036,2,147.88,2023-12-12T00:00:00Z,Home & Kitchen
cart_001832,user_05216,prod_0047,3,33.5,2023-12-29T00:00:00Z,Books
cart_001832,user_05216,prod_0069,3,153.73,2023-12-07T00:00:00Z,Sports & Fitness
cart_001832,user_05216,prod_0055,2,259.21,2023-12-26T00:00:00Z,Books
cart_001833,user_05217,prod_0045,2,43.9,2023-12-23T00:00:00Z,Home & Kitchen
cart_001833,user_05217,prod_0059,1,175.28,2023-12-07T00:00:00Z,Books
cart_001833,user_05217,prod_0016,3,84.36,2023-12-13T00:00:00Z,Fashion
cart_001833,user_05217,prod_0073,2,44.48,2023-12-06T00:00:00Z,Beauty
cart_001833,user_05217,prod_0005,1,137.07,2023-12-25T00:00:00Z,Electronics
cart_001834,user_05218,prod_0029,2,138.39,2023-12-31T00:00:00Z,Fashion
cart_001834,user_05218,prod_0001,2,192.99,2023-12-28T00:00:00Z,Electronics
cart_001834,user_05218,prod_0007,1,286.42,2023-12-07T00:00:00Z,Electronics
cart_001835,user_05221,prod_0052,1,258.24,2023-12-14T00:00:00Z,Books
cart_001835,user_05221,prod_0048,3,258.97,2024-01-01T00:00:00Z,Books
cart_001835,user_05221,prod_0055,2,259.21,2023-12-19T00:00:00Z,Books
cart_001835,user_05221,prod_0036,2,147.88,2023-12-17T00:00:00Z,Home & Kitchen
cart_001835,user_05221,prod_0064,1,128.25,2023-12-16T00:00:00Z,Sports & Fitness
cart_001836,user_05223,prod_0014,3,66.6,2023-12-09T00:00:00Z,Electronics
cart_001837,user_05224,prod_0044,2,25.83,2023-12-12T00:00:00Z,Home & Kitchen
cart_001837,user_05224,prod_0002,1,46.02,2023-12-23T00:00:00Z,Electronics
cart_001837,user_05224,prod_0005,1,137.07,2023-12-30T00:00:00Z,Electronics
cart_001837,user_05224,prod_0059,3,175.28,2023-12-11T00:00:00Z,Books
cart_001837,user_05224,prod_0040,2,202.48,2023-12-15T00:00:00Z,Home & Kitchen
cart_001837,user_05224,prod_0008,1,110.54,2023-12-12T00:00:00Z,Electronics
cart_001838,user_05229,prod_0007,1,286.42,2023-12-16T00:00:00Z,Electronics
cart_001838,user_05229,prod_0003,1,129.05,2023-12-25T00:00:00Z,Electronics
cart_001838,user_05229,prod_0063,3,266.74,2023-12-05T00:00:00Z,Sports & Fitness
cart_001838,user_05229,prod_0084,2,169.61,2023-12-29T00:00:00Z,Toys & Games
cart_001839,user_05235,prod_0004,3,181.99,2023-12-31T00:00:00Z,Electronics
cart_001839,user_05235,prod_0084,1,169.61,2023-12-03T00:00:00Z,Toys & Games
cart_001839,user_05235,prod_0082,1,17.3,2023-12-04T00:00:00Z,Toys & Games
cart_001839,user_05235,prod_0074,2,50.7,2023-12-25T00:00:00Z,Beauty
cart_001840,user_05237,prod_0027,1,8.38,2023-12-13T00:00:00Z,Fashion
cart_001841,user_05238,prod_0073,2,44.48,2023-12-19T00:00:00Z,Beauty
cart_001841,user_05238,prod_0074,3,50.7,2023-12-13T00:00:00Z,Beauty
cart_001841,user_05238,prod_0080,2,282.84,2023-12-28T00:00:00Z,Beauty
cart_001841,user_05238,prod_0079,3,167.19,2023-12-12T00:00:00Z,Beauty
cart_001841,user_05238,prod_0001,3,192.99,2023-12-10T00:00:00Z,Electronics
cart_001841,user_05238,prod_0044,1,25.83,2023-12-29T00:00:00Z,Home & Kitchen
cart_001842,user_05239,prod_0032,1,229.18,2023-12-26T00:00:00Z,Home & Kitchen
cart_001842,user_05239,prod_0044,1,25.83,2023-12-19T00:00:00Z,Home & Kitchen
cart_001843,user_05250,prod_0017,3,100.34,2023-12-29T00:00:00Z,Fashion
cart_001843,user_05250,prod_0059,2,175.28,2023-12-12T00:00:00Z,Books
cart_001843,user_05250,prod_0080,1,282.84,2024-01-01T00:00:00Z,Beauty
cart_001843,user_05250,prod_0054,2,254.52,2023-12-26T00:00:00Z,Books
cart_001844,user_05260,prod_0069,3,153.73,2023-12-07T00:00:00Z,Sports & Fitness
cart_001844,user_05260,prod_0009,2,219.54,2023-12-15T00:00:00Z,Electronics
cart_001844,user_05260,prod_0033,1,181.09,2023-12-03T00:00:00Z,Home & Kitchen
cart_001844,user_05260,prod_0083,3,66.76,2023-12-26T00:00:00Z,Toys & Games
cart_001844,user_05260,prod_0057,3,209.8,2023-12-03T00:00:00Z,Books
cart_001845,user_05263,prod_0059,1,175.28,2023-12-07T00:00:00Z,Books
cart_001845,user_05263,prod_0048,1,258.97,2023-12-18T00:00:00Z,Books
cart_001845,user_05263,prod_0028,1,230.97,2023-12-28T00:00:00Z,Fashion
cart_001845,user_05263,prod_0057,3,209.8,2023-12-23T00:00:00Z,Books
cart_001846,user_05266,prod_0055,3,259.21,2023-12-25T00:00:00Z,Books
cart_001846,user_05266,prod_0058,2,148.08,2023-12-26T00:00:00Z,Books
cart_001846,user_05266,prod_0048,3,258.97,2023-12-27T00:00:00Z,Books
cart_001846,user_05266,prod_0057,2,209.8,2023-12-16T00:00:00Z,Books
cart_001847,user_05267,prod_0046,2,76.44,2023-12-21T00:00:00Z,Books
cart_001847,user_05267,prod_0058,1,148.08,2023-12-20T00:00:00Z,Books
cart_001848,user_05269,prod_0086,1,12.29,2023-12-15T00:00:00Z,Toys & Games
cart_001849,user_05270,prod_0046,2,76.44,2023-12-09T00:00:00Z,Books
cart_001850,user_05271,prod_0030,2,229.02,2023-12-20T00:00:00Z,Fashion
cart_001850,user_05271,prod_0029,2,138.39,2023-12-19T00:00:00Z,Fashion
cart_001850,user_05271,prod_0074,1,50.7,2023-12-29T00:00:00Z,Beauty
cart_001850,user_05271,prod_0036,2,147.88,2024-01-01T00:00:00Z,Home & Kitchen
cart_001850,user_05271,prod_0004,3,181.99,2023-12-29T00:00:00Z,Electronics
cart_001850,user_05271,prod_0078,3,43.46,2023-12-16T00:00:00Z,Beauty
cart_001851,user_05273,prod_0079,1,167.19,2023-12-23T00:00:00Z,Beauty
cart_001851,user_05273,prod_0037,1,42.75,2023-12-26T00:00:00Z,Home & Kitchen
cart_001852,user_05279,prod_0052,1,258.24,2023-12-16T00:00:00Z,Books
cart_001853,user_05280,prod_0100,1,200.04,2023-12-08T00:00:00Z,Automotive
cart_001853,user_05280,prod_0089,2,70.4,2023-12-08T00:00:00Z,Toys & Games
cart_001853,user_05280,prod_0081,2,250.37,2023-12-06T00:00:00Z,Toys & Games
cart_001854,user_05284,prod_0059,1,175.28,2023-12-02T00:00:00Z,Books
cart_001854,user_05284,prod_0007,3,286.42,2023-12-23T00:00:00Z,Electronics
cart_001854,user_05284,prod_0005,3,137.07,2023-12-26T00:00:00Z,Electronics
cart_001854,user_05284,prod_0054,1,254.52,2023-12-31T00:00:00Z,Books
cart_001855,user_05285,prod_0017,1,100.34,2023-12-08T00:00:00Z,Fashion
cart_001855,user_05285,prod_0047,1,33.5,2023-12-02T00:00:00Z,Books
cart_001855,user_05285,prod_0002,1,46.02,2023-12-10T00:00:00Z,Electronics
cart_001856,user_05286,prod_0028,3,230.97,2023-12-26T00:00:00Z,Fashion
cart_001857,user_05287,prod_0074,2,50.7,2023-12-24T00:00:00Z,Beauty
cart_001858,user_05292,prod_0011,2,212.14,2023-12-18T00:00:00Z,Electronics
cart_001859,user_05293,prod_0054,3,254.52,2023-12-19T00:00:00Z,Books
cart_001860,user_05297,prod_0047,3,33.5,2023-12-16T00:00:00Z,Books
cart_001860,user_05297,prod_0062,2,24.98,2023-12-30T00:00:00Z,Sports & Fitness
cart_001861,user_05298,prod_0042,1,72.65,2023-12-27T00:00:00Z,Home & Kitchen
cart_001861,user_05298,prod_0032,2,229.18,2023-12-28T00:00:00Z,Home & Kitchen
cart_001862,user_05300,prod_0062,1,24.98,2023-12-23T00:00:00Z,Sports & Fitness
cart_001862,user_05300,prod_0033,2,181.09,2023-12-05T00:00:00Z,Home & Kitchen
cart_001862,user_05300,prod_0071,2,164.71,2023-12-07T00:00:00Z,Beauty
cart_001862,user_05300,prod_0095,2,180.39,2023-12-09T00:00:00Z,Automotive
cart_001862,user_05300,prod_0030,3,229.02,2023-12-31T00:00:00Z,Fashion
cart_001863,user_05301,prod_0015,3,55.31,2023-12-04T00:00:00Z,Electronics
cart_001864,user_05302,prod_0022,2,176.87,2023-12-10T00:00:00Z,Fashion
cart_001864,user_05302,prod_0039,1,227.05,2023-12-04T00:00:00Z,Home & Kitchen
cart_001864,user_05302,prod_0016,2,84.36,2023-12-16T00:00:00Z,Fashion
cart_001864,user_05302,prod_0030,3,229.02,2024-01-01T00:00:00Z,Fashion
cart_001865,user_05305,prod_0068,2,298.55,2023-12-09T00:00:00Z,Sports & Fitness
cart_001865,user_05305,prod_0073,2,44.48,2023-12-03T00:00:00Z,Beauty
cart_001865,user_05305,prod_0071,3,164.71,2023-12-26T00:00:00Z,Beauty
cart_001865,user_05305,prod_0005,2,137.07,2023-12-03T00:00:00Z,Electronics
cart_001866,user_05306,prod_0046,2,76.44,2023-12-03T00:00:00Z,Books
cart_001866,user_05306,prod_0053,2,163.93,2023-12-06T00:00:00Z,Books
cart_001867,user_05314,prod_0028,2,230.97,2023-12-10T00:00:00Z,Fashion
cart_001867,user_05314,prod_0097,3,18.05,2023-12-02T00:00:00Z,Automotive
cart_001868,user_05319,prod_0055,3,259.21,2023-12-11T00:00:00Z,Books
cart_001868,user_05319,prod_0056,1,294.68,2023-12-21T00:00:00Z,Books
cart_001868,user_05319,prod_0061,1,287.47,2023-12-02T00:00:00Z,Sports & Fitness
cart_001868,user_05319,prod_0031,2,92.74,2023-12-04T00:00:00Z,Home & Kitchen
cart_001869,user_05322,prod_0083,1,66.76,2023-12-23T00:00:00Z,Toys & Games
cart_001870,user_05323,prod_0051,2,141.01,2023-12-04T00:00:00Z,Books
cart_001870,user_05323,prod_0077,1,129.53,2023-12-17T00:00:00Z,Beauty
cart_001870,user_05323,prod_0059,3,175.28,2023-12-07T00:00:00Z,Books
cart_001870,user_05323,prod_0015,1,55.31,2023-12-11T00:00:00Z,Electronics
cart_001871,user_05324,prod_0002,3,46.02,2023-12-30T00:00:00Z,Electronics
cart_001871,user_05324,prod_0025,3,129.12,2023-12-30T00:00:00Z,Fashion
cart_001871,user_05324,prod_0011,2,212.14,2023-12-10T00:00:00Z,Electronics
cart_001871,user_05324,prod_0062,1,24.98,2023-12-10T00:00:00Z,Sports & Fitness
cart_001871,user_05324,prod_0088,3,236.49,2023-12-19T00:00:00Z,Toys & Games
cart_001871,user_05324,prod_0082,3,17.3,2023-12-10T00:00:00Z,Toys & Games
cart_001872,user_05332,prod_0090,3,246.24,2023-12-20T00:00:00Z,Toys & Games
cart_001872,user_05332,prod_0003,2,129.05,2023-12-24T00:00:00Z,Electronics
cart_001873,user_05334,prod_0090,3,246.24,2023-12-02T00:00:00Z,Toys & Games
cart_001873,user_05334,prod_0099,2,25.57,2023-12-08T00:00:00Z,Automotive
cart_001873,user_05334,prod_0084,1,169.61,2023-12-04T00:00:00Z,Toys & Games
cart_001873,user_05334,prod_0062,1,24.98,2023-12-04T00:00:00Z,Sports & Fitness
cart_001873,user_05334,prod_0081,1,250.37,2023-12-21T00:00:00Z,Toys & Games
cart_001874,user_05338,prod_0090,3,246.24,2023-12-26T00:00:00Z,Toys & Games
cart_001875,user_05345,prod_0078,2,43.46,2023-12-24T00:00:00Z,Beauty
cart_001876,user_05347,prod_0049,2,219.09,2023-12-23T00:00:00Z,Books
cart_001876,user_05347,prod_0020,2,151.77,2023-12-16T00:00:00Z,Fashion
cart_001876,user_05347,prod_0093,1,253.04,2023-12-07T00:00:00Z,Automotive
cart_001876,user_05347,prod_0008,3,110.54,2023-12-20T00:00:00Z,Electronics
cart_001877,user_05348,prod_0041,2,77.88,2023-12-28T00:00:00Z,Home & Kitchen
cart_001877,user_05348,prod_0048,1,258.97,2023-12-25T00:00:00Z,Books
cart_001877,user_05348,prod_0092,2,87.06,2023-12-27T00:00:00Z,Automotive
cart_001877,user_05348,prod_0096,2,294.37,2023-12-29T00:00:00Z,Automotive
cart_001878,user_05353,prod_0060,1,176.75,2023-12-11T00:00:00Z,Books
cart_001878,user_05353,prod_0079,2,167.19,2023-12-30T00:00:00Z,Beauty
cart_001878,user_05353,prod_0018,2,14.44,2023-12-30T00:00:00Z,Fashion
cart_001878,user_05353,prod_0076,3,78.83,2023-12-31T00:00:00Z,Beauty
cart_001878,user_05353,prod_0023,3,298.21,2023-12-20T00:00:00Z,Fashion
cart_001878,user_05353,prod_0007,1,286.42,2023-12-10T00:00:00Z,Electronics
cart_001879,user_05355,prod_0008,3,110.54,2023-12-19T00:00:00Z,Electronics
cart_001879,user_05355,prod_0059,3,175.28,2023-12-27T00:00:00Z,Books
cart_001879,user_05355,prod_0051,3,141.01,2023-12-25T00:00:00Z,Books
cart_001879,user_05355,prod_0063,1,266.74,2023-12-03T00:00:00Z,Sports & Fitness
cart_001880,user_05356,prod_0021,3,46.05,2023-12-21T00:00:00Z,Fashion
cart_001880,user_05356,prod_0009,1,219.54,2023-12-29T00:00:00Z,Electronics
cart_001880,user_05356,prod_0011,3,212.14,2023-12-19T00:00:00Z,Electronics
cart_001880,user_05356,prod_0073,2,44.48,2023-12-14T00:00:00Z,Beauty
cart_001880,user_05356,prod_0051,3,141.01,2023-12-27T00:00:00Z,Books
cart_001881,user_05358,prod_0032,1,229.18,2023-12-28T00:00:00Z,Home & Kitchen
cart_001881,user_05358,prod_0031,3,92.74,2023-12-29T00:00:00Z,Home & Kitchen
cart_001881,user_05358,prod_0034,2,263.34,2023-12-31T00:00:00Z,Home & Kitchen
cart_001881,user_05358,prod_0043,1,22.31,2023-12-21T00:00:00Z,Home & Kitchen
cart_001881,user_05358,prod_0009,2,219.54,2023-12-30T00:00:00Z,Electronics
cart_001882,user_05370,prod_0094,3,290.3,2023-12-05T00:00:00Z,Automotive
cart_001882,user_05370,prod_0009,3,219.54,2023-12-20T00:00:00Z,Electronics
cart_001883,user_05371,prod_0048,1,258.97,2023-12-03T00:00:00Z,Books
cart_001884,user_05373,prod_0066,1,121.36,2023-12-26T00:00:00Z,Sports & Fitness
cart_001884,user_05373,prod_0060,1,176.75,2023-12-22T00:00:00Z,Books
cart_001884,user_05373,prod_0052,2,258.24,2023-12-12T00:00:00Z,Books
cart_001884,user_05373,prod_0043,1,22.31,2023-12-22T00:00:00Z,Home & Kitchen
cart_001885,user_05374,prod_0016,1,84.36,2023-12-26T00:00:00Z,Fashion
cart_001885,user_05374,prod_0052,2,258.24,2023-12-27T00:00:00Z,Books
cart_001886,user_05375,prod_0004,1,181.99,2023-12-29T00:00:00Z,Electronics
cart_001886,user_05375,prod_0085,2,74.6,2023-12-04T00:00:00Z,Toys & Games
cart_001886,user_05375,prod_0010,1,91.19,2023-12-30T00:00:00Z,Electronics
cart_001886,user_05375,prod_0042,2,72.65,2023-12-08T00:00:00Z,Home & Kitchen
cart_001886,user_05375,prod_0061,1,287.47,2023-12-25T00:00:00Z,Sports & Fitness
cart_001886,user_05375,prod_0030,2,229.02,2023-12-23T00:00:00Z,Fashion
cart_001887,user_05378,prod_0098,3,163.3,2023-12-28T00:00:00Z,Automotive
cart_001887,user_05378,prod_0007,3,286.42,2023-12-03T00:00:00Z,Electronics
cart_001887,user_05378,prod_0091,2,61.78,2023-12-09T00:00:00Z,Automotive
cart_001887,user_05378,prod_0044,2,25.83,2023-12-16T00:00:00Z,Home & Kitchen
cart_001888,user_05379,prod_0099,2,25.57,2023-12-16T00:00:00Z,Automotive
cart_001888,user_05379,prod_0006,3,51.94,2023-12-14T00:00:00Z,Electronics
cart_001888,user_05379,prod_0075,3,64.86,2023-12-23T00:00:00Z,Beauty
cart_001888,user_05379,prod_0083,1,66.76,2024-01-01T00:00:00Z,Toys & Games
cart_001889,user_05380,prod_0081,2,250.37,2023-12-22T00:00:00Z,Toys & Games
cart_001889,user_05380,prod_0010,2,91.19,2023-12-28T00:00:00Z,Electronics
cart_001889,user_05380,prod_0084,1,169.61,2023-12-31T00:00:00Z,Toys & Games
cart_001889,user_05380,prod_0050,2,60.92,2023-12-16T00:00:00Z,Books
cart_001890,user_05381,prod_0055,2,259.21,2023-12-15T00:00:00Z,Books
cart_001891,user_05382,prod_0080,1,282.84,2023-12-16T00:00:00Z,Beauty
cart_001891,user_05382,prod_0046,1,76.44,2023-12-23T00:00:00Z,Books
cart_001891,user_05382,prod_0049,3,219.09,2023-12-26T00:00:00Z,Books
cart_001891,user_05382,prod_0048,1,258.97,2023-12-14T00:00:00Z,Books
cart_001892,user_05383,prod_0075,1,64.86,2023-12-18T00:00:00Z,Beauty
cart_001892,user_05383,prod_0027,3,8.38,2023-12-18T00:00:00Z,Fashion
cart_001892,user_05383,prod_0030,1,229.02,2023-12-03T00:00:00Z,Fashion
cart_001892,user_05383,prod_0037,3,42.75,2024-01-01T00:00:00Z,Home & Kitchen
cart_001893,user_05384,prod_0023,1,298.21,2023-12-19T00:00:00Z,Fashion
cart_001893,user_05384,prod_0079,1,167.19,2023-12-09T00:00:00Z,Beauty
cart_001893,user_05384,prod_0029,2,138.39,2023-12-31T00:00:00Z,Fashion
cart_001893,user_05384,prod_0022,1,176.87,2023-12-07T00:00:00Z,Fashion
cart_001893,user_05384,prod_0019,1,273.46,2023-12-07T00:00:00Z,Fashion
cart_001893,user_05384,prod_0017,1,100.34,2023-12-20T00:00:00Z,Fashion
cart_001894,user_05387,prod_0081,3,250.37,2023-12-03T00:00:00Z,Toys & Games
cart_001894,user_05387,prod_0085,1,74.6,2023-12-27T00:00:00Z,Toys & Games
cart_001894,user_05387,prod_0032,2,229.18,2023-12-30T00:00:00Z,Home & Kitchen
cart_001894,user_05387,prod_0044,2,25.83,2023-12-28T00:00:00Z,Home & Kitchen
cart_001894,user_05387,prod_0083,3,66.76,2023-12-11T00:00:00Z,Toys & Games
cart_001894,user_05387,prod_0089,1,70.4,2023-12-24T00:00:00Z,Toys & Games
cart_001895,user_05388,prod_0050,2,60.92,2023-12-15T00:00:00Z,Books
cart_001896,user_05390,prod_0053,2,163.93,2023-12-20T00:00:00Z,Books
cart_001896,user_05390,prod_0050,1,60.92,2023-12-11T00:00:00Z,Books
cart_001896,user_05390,prod_0069,3,153.73,2023-12-19T00:00:00Z,Sports & Fitness
cart_001896,user_05390,prod_0054,2,254.52,2023-12-29T00:00:00Z,Books
cart_001897,user_05394,prod_0063,1,266.74,2023-12-04T00:00:00Z,Sports & Fitness
cart_001897,user_05394,prod_0034,3,263.34,2023-12-20T00:00:00Z,Home & Kitchen
cart_001897,user_05394,prod_0059,1,175.28,2023-12-27T00:00:00Z,Books
cart_001897,user_05394,prod_0068,3,298.55,2023-12-13T00:00:00Z,Sports & Fitness
cart_001898,user_05395,prod_0059,1,175.28,2023-12-18T00:00:00Z,Books
cart_001898,user_05395,prod_0087,1,126.04,2023-12-06T00:00:00Z,Toys & Games
cart_001899,user_05396,prod_0010,1,91.19,2023-12-04T00:00:00Z,Electronics
cart_001899,user_05396,prod_0056,1,294.68,2023-12-12T00:00:00Z,Books
cart_001899,user_05396,prod_0098,1,163.3,2023-12-27T00:00:00Z,Automotive
cart_001899,user_05396,prod_0059,3,175.28,2023-12-27T00:00:00Z,Books
cart_001899,user_05396,prod_0085,1,74.6,2023-12-07T00:00:00Z,Toys & Games
cart_001899,user_05396,prod_0014,3,66.6,2023-12-26T00:00:00Z,Electronics
cart_001900,user_05397,prod_0010,1,91.19,2023-12-28T00:00:00Z,Electronics
cart_001900,user_05397,prod_0029,2,138.39,2023-12-10T00:00:00Z,Fashion
cart_001900,user_05397,prod_0082,1,17.3,2023-12-08T00:00:00Z,Toys & Games
cart_001900,user_05397,prod_0080,2,282.84,2023-12-02T00:00:00Z,Beauty
cart_001900,user_05397,prod_0007,3,286.42,2023-12-20T00:00:00Z,Electronics
cart_001901,user_05406,prod_0078,2,43.46,2023-12-19T00:00:00Z,Beauty
cart_001901,user_05406,prod_0013,1,138.3,2023-12-23T00:00:00Z,Electronics
cart_001901,user_05406,prod_0051,3,141.01,2023-12-22T00:00:00Z,Books
cart_001901,user_05406,prod_0082,3,17.3,2023-12-20T00:00:00Z,Toys & Games
cart_001901,user_05406,prod_0002,1,46.02,2023-12-28T00:00:00Z,Electronics
cart_001901,user_05406,prod_0025,2,129.12,2023-12-18T00:00:00Z,Fashion
cart_001902,user_05409,prod_0058,3,148.08,2023-12-27T00:00:00Z,Books
cart_001902,user_05409,prod_0042,3,72.65,2023-12-28T00:00:00Z,Home & Kitchen
cart_001902,user_05409,prod_0049,3,219.09,2023-12-16T00:00:00Z,Books
cart_001902,user_05409,prod_0041,2,77.88,2023-12-24T00:00:00Z,Home & Kitchen
cart_001903,user_05414,prod_0081,3,250.37,2023-12-24T00:00:00Z,Toys & Games
cart_001903,user_05414,prod_0043,3,22.31,2023-12-20T00:00:00Z,Home & Kitchen
cart_001903,user_05414,prod_0017,3,100.34,2023-12-08T00:00:00Z,Fashion
cart_001903,user_05414,prod_0033,3,181.09,2023-12-31T00:00:00Z,Home & Kitchen
cart_001903,user_05414,prod_0085,2,74.6,2023-12-14T00:00:00Z,Toys & Games
cart_001903,user_05414,prod_0021,3,46.05,2023-12-24T00:00:00Z,Fashion
cart_001904,user_05416,prod_0047,3,33.5,2023-12-26T00:00:00Z,Books
cart_001905,user_05420,prod_0007,3,286.42,2023-12-31T00:00:00Z,Electronics
cart_001905,user_05420,prod_0068,2,298.55,2023-12-14T00:00:00Z,Sports & Fitness
cart_001905,user_05420,prod_0045,2,43.9,2023-12-19T00:00:00Z,Home & Kitchen
cart_001905,user_05420,prod_0074,3,50.7,2023-12-26T00:00:00Z,Beauty
cart_001905,user_05420,prod_0050,2,60.92,2023-12-30T00:00:00Z,Books
cart_001905,user_05420,prod_0056,3,294.68,2023-12-19T00:00:00Z,Books
cart_001906,user_05423,prod_0029,1,138.39,2023-12-07T00:00:00Z,Fashion
cart_001907,user_05424,prod_0069,3,153.73,2023-12-12T00:00:00Z,Sports & Fitness
cart_001907,user_05424,prod_0042,3,72.65,2023-12-20T00:00:00Z,Home & Kitchen
cart_001907,user_05424,prod_0075,3,64.86,2023-12-11T00:00:00Z,Beauty
cart_001907,user_05424,prod_0020,3,151.77,2023-12-07T00:00:00Z,Fashion
cart_001907,user_05424,prod_0100,2,200.04,2023-12-11T00:00:00Z,Automotive
cart_001908,user_05425,prod_0007,3,286.42,2023-12-17T00:00:00Z,Electronics
cart_001908,user_05425,prod_0015,2,55.31,2023-12-05T00:00:00Z,Electronics
cart_001909,user_05429,prod_0087,1,126.04,2023-12-12T00:00:00Z,Toys & Games
cart_001910,user_05431,prod_0066,2,121.36,2023-12-05T00:00:00Z,Sports & Fitness
cart_001910,user_05431,prod_0039,3,227.05,2023-12-13T00:00:00Z,Home & Kitchen
cart_001910,user_05431,prod_0087,2,126.04,2023-12-26T00:00:00Z,Toys & Games
cart_001910,user_05431,prod_0099,1,25.57,2023-12-11T00:00:00Z,Automotive
cart_001910,user_05431,prod_0083,3,66.76,2023-12-24T00:00:00Z,Toys & Games
cart_001910,user_05431,prod_0020,3,151.77,2023-12-06T00:00:00Z,Fashion
cart_001911,user_05437,prod_0052,2,258.24,2023-12-15T00:00:00Z,Books
cart_001911,user_05437,prod_0030,1,229.02,2023-12-03T00:00:00Z,Fashion
cart_001911,user_05437,prod_0075,1,64.86,2023-12-07T00:00:00Z,Beauty
cart_001911,user_05437,prod_0071,2,164.71,2023-12-22T00:00:00Z,Beauty
cart_001911,user_05437,prod_0027,2,8.38,2023-12-02T00:00:00Z,Fashion
cart_001911,user_05437,prod_0038,2,160.14,2023-12-31T00:00:00Z,Home & Kitchen
cart_001912,user_05440,prod_0100,1,200.04,2023-12-19T00:00:00Z,Automotive
cart_001912,user_05440,prod_0038,1,160.14,2023-12-26T00:00:00Z,Home & Kitchen
cart_001913,user_05447,prod_0078,1,43.46,2023-12-28T00:00:00Z,Beauty
cart_001913,user_05447,prod_0048,3,258.97,2023-12-22T00:00:00Z,Books
cart_001913,user_05447,prod_0040,2,202.48,2023-12-15T00:00:00Z,Home & Kitchen
cart_001913,user_05447,prod_0051,1,141.01,2023-12-22T00:00:00Z,Books
cart_001913,user_05447,prod_0057,2,209.8,2023-12-12T00:00:00Z,Books
cart_001913,user_05447,prod_0054,2,254.52,2023-12-09T00:00:00Z,Books
cart_001914,user_05448,prod_0013,1,138.3,2023-12-19T00:00:00Z,Electronics
cart_001914,user_05448,prod_0012,3,294.66,2023-12-17T00:00:00Z,Electronics
cart_001914,user_05448,prod_0015,2,55.31,2023-12-06T00:00:00Z,Electronics
cart_001915,user_05463,prod_0038,1,160.14,2023-12-09T00:00:00Z,Home & Kitchen
cart_001916,user_05466,prod_0076,1,78.83,2023-12-25T00:00:00Z,Beauty
cart_001916,user_05466,prod_0024,1,18.85,2023-12-03T00:00:00Z,Fashion
cart_001916,user_05466,prod_0062,3,24.98,2023-12-24T00:00:00Z,Sports & Fitness
cart_001916,user_05466,prod_0056,3,294.68,2023-12-12T00:00:00Z,Books
cart_001916,user_05466,prod_0044,1,25.83,2023-12-20T00:00:00Z,Home & Kitchen
cart_001917,user_05468,prod_0056,2,294.68,2023-12-21T00:00:00Z,Books
cart_001917,user_05468,prod_0042,1,72.65,2023-12-05T00:00:00Z,Home & Kitchen
cart_001917,user_05468,prod_0071,2,164.71,2023-12-25T00:00:00Z,Beauty
cart_001918,user_05472,prod_0053,1,163.93,2023-12-21T00:00:00Z,Books
cart_001918,user_05472,prod_0023,1,298.21,2023-12-19T00:00:00Z,Fashion
cart_001918,user_05472,prod_0074,1,50.7,2023-12-10T00:00:00Z,Beauty
cart_001919,user_05474,prod_0092,1,87.06,2023-12-28T00:00:00Z,Automotive
cart_001919,user_05474,prod_0008,3,110.54,2023-12-07T00:00:00Z,Electronics
cart_001919,user_05474,prod_0091,1,61.78,2023-12-10T00:00:00Z,Automotive
cart_001919,user_05474,prod_0099,2,25.57,2023-12-26T00:00:00Z,Automotive
cart_001919,user_05474,prod_0003,1,129.05,2023-12-13T00:00:00Z,Electronics
cart_001920,user_05476,prod_0084,1,169.61,2023-12-30T00:00:00Z,Toys & Games
cart_001920,user_05476,prod_0003,1,129.05,2023-12-06T00:00:00Z,Electronics
cart_001920,user_05476,prod_0018,1,14.44,2023-12-24T00:00:00Z,Fashion
cart_001920,user_05476,prod_0095,1,180.39,2023-12-15T00:00:00Z,Automotive
cart_001920,user_05476,prod_0009,3,219.54,2023-12-05T00:00:00Z,Electronics
cart_001920,user_05476,prod_0050,3,60.92,2023-12-25T00:00:00Z,Books
cart_001921,user_05478,prod_0006,2,51.94,2024-01-01T00:00:00Z,Electronics
cart_001921,user_05478,prod_0074,3,50.7,2023-12-16T00:00:00Z,Beauty
cart_001922,user_05490,prod_0007,2,286.42,2023-12-27T00:00:00Z,Electronics
cart_001922,user_05490,prod_0017,3,100.34,2023-12-10T00:00:00Z,Fashion
cart_001922,user_05490,prod_0011,1,212.14,2023-12-23T00:00:00Z,Electronics
cart_001922,user_05490,prod_0094,3,290.3,2023-12-24T00:00:00Z,Automotive
cart_001923,user_05496,prod_0051,3,141.01,2023-12-08T00:00:00Z,Books
cart_001923,user_05496,prod_0060,1,176.75,2023-12-25T00:00:00Z,Books
cart_001923,user_05496,prod_0056,3,294.68,2023-12-08T00:00:00Z,Books
cart_001923,user_05496,prod_0057,2,209.8,2023-12-19T00:00:00Z,Books
cart_001923,user_05496,prod_0058,3,148.08,2023-12-15T00:00:00Z,Books
cart_001923,user_05496,prod_0067,2,278.13,2023-12-18T00:00:00Z,Sports & Fitness
cart_001924,user_05499,prod_0061,3,287.47,2023-12-17T00:00:00Z,Sports & Fitness
cart_001924,user_05499,prod_0005,3,137.07,2023-12-04T00:00:00Z,Electronics
cart_001924,user_05499,prod_0015,1,55.31,2023-12-30T00:00:00Z,Electronics
cart_001925,user_05502,prod_0037,2,42.75,2023-12-02T00:00:00Z,Home & Kitchen
cart_001925,user_05502,prod_0013,1,138.3,2023-12-26T00:00:00Z,Electronics
cart_001925,user_05502,prod_0085,1,74.6,2023-12-20T00:00:00Z,Toys & Games
cart_001926,user_05508,prod_0100,2,200.04,2023-12-25T00:00:00Z,Automotive
cart_001926,user_05508,prod_0057,1,209.8,2023-12-11T00:00:00Z,Books
cart_001926,user_05508,prod_0036,3,147.88,2023-12-31T00:00:00Z,Home & Kitchen
cart_001926,user_05508,prod_0071,1,164.71,2023-12-10T00:00:00Z,Beauty
cart_001926,user_05508,prod_0056,1,294.68,2023-12-14T00:00:00Z,Books
cart_001926,user_05508,prod_0073,2,44.48,2023-12-06T00:00:00Z,Beauty
cart_001927,user_05515,prod_0032,1,229.18,2023-12-08T00:00:00Z,Home & Kitchen
cart_001927,user_05515,prod_0042,2,72.65,2023-12-23T00:00:00Z,Home & Kitchen
cart_001927,user_05515,prod_0040,3,202.48,2023-12-21T00:00:00Z,Home & Kitchen
cart_001928,user_05518,prod_0032,2,229.18,2023-12-10T00:00:00Z,Home & Kitchen
cart_001928,user_05518,prod_0044,1,25.83,2023-12-26T00:00:00Z,Home & Kitchen
cart_001928,user_05518,prod_0058,3,148.08,2023-12-04T00:00:00Z,Books
cart_001928,user_05518,prod_0047,1,33.5,2023-12-23T00:00:00Z,Books
cart_001929,user_05520,prod_0031,1,92.74,2023-12-06T00:00:00Z,Home & Kitchen
cart_001930,user_05521,prod_0058,2,148.08,2023-12-08T00:00:00Z,Books
cart_001931,user_05527,prod_0060,1,176.75,2023-12-17T00:00:00Z,Books
cart_001932,user_05528,prod_0089,2,70.4,2023-12-28T00:00:00Z,Toys & Games
cart_001933,user_05534,prod_0040,3,202.48,2023-12-27T00:00:00Z,Home & Kitchen
cart_001933,user_05534,prod_0009,2,219.54,2024-01-01T00:00:00Z,Electronics
cart_001934,user_05537,prod_0074,3,50.7,2023-12-29T00:00:00Z,Beauty
cart_001934,user_05537,prod_0028,3,230.97,2023-12-15T00:00:00Z,Fashion
cart_001934,user_05537,prod_0021,3,46.05,2023-12-28T00:00:00Z,Fashion
cart_001934,user_05537,prod_0024,1,18.85,2023-12-04T00:00:00Z,Fashion
cart_001934,user_05537,prod_0004,1,181.99,2023-12-04T00:00:00Z,Electronics
cart_001935,user_05538,prod_0050,2,60.92,2023-12-25T00:00:00Z,Books
cart_001935,user_05538,prod_0013,3,138.3,2023-12-28T00:00:00Z,Electronics
cart_001935,user_05538,prod_0001,2,192.99,2023-12-08T00:00:00Z,Electronics
cart_001935,user_05538,prod_0021,2,46.05,2023-12-20T00:00:00Z,Fashion
cart_001936,user_05539,prod_0051,1,141.01,2023-12-13T00:00:00Z,Books
cart_001936,user_05539,prod_0040,3,202.48,2023-12-15T00:00:00Z,Home & Kitchen
cart_001936,user_05539,prod_0059,2,175.28,2023-12-17T00:00:00Z,Books
cart_001936,user_05539,prod_0032,2,229.18,2023-12-15T00:00:00Z,Home & Kitchen
cart_001936,user_05539,prod_0036,3,147.88,2023-12-12T00:00:00Z,Home & Kitchen
cart_001936,user_05539,prod_0048,1,258.97,2023-12-30T00:00:00Z,Books
cart_001937,user_05546,prod_0053,1,163.93,2023-12-16T00:00:00Z,Books
cart_001937,user_05546,prod_0031,1,92.74,2023-12-09T00:00:00Z,Home & Kitchen
cart_001937,user_05546,prod_0041,2,77.88,2023-12-29T00:00:00Z,Home & Kitchen
cart_001938,user_05547,prod_0049,3,219.09,2023-12-21T00:00:00Z,Books
cart_001938,user_05547,prod_0056,3,294.68,2023-12-10T00:00:00Z,Books
cart_001939,user_05553,prod_0047,3,33.5,2023-12-27T00:00:00Z,Books
cart_001939,user_05553,prod_0058,2,148.08,2023-12-08T00:00:00Z,Books
cart_001939,user_05553,prod_0049,2,219.09,2023-12-14T00:00:00Z,Books
cart_001939,user_05553,prod_0057,1,209.8,2023-12-29T00:00:00Z,Books
cart_001939,user_05553,prod_0031,2,92.74,2023-12-25T00:00:00Z,Home & Kitchen
cart_001940,user_05557,prod_0081,1,250.37,2023-12-13T00:00:00Z,Toys & Games
cart_001940,user_05557,prod_0008,3,110.54,2023-12-21T00:00:00Z,Electronics
cart_001940,user_05557,prod_0078,1,43.46,2023-12-31T00:00:00Z,Beauty
cart_001940,user_05557,prod_0085,3,74.6,2024-01-01T00:00:00Z,Toys & Games
cart_001940,user_05557,prod_0010,1,91.19,2023-12-03T00:00:00Z,Electronics
cart_001941,user_05559,prod_0003,1,129.05,2023-12-16T00:00:00Z,Electronics
cart_001941,user_05559,prod_0048,1,258.97,2023-12-13T00:00:00Z,Books
cart_001941,user_05559,prod_0046,3,76.44,2023-12-13T00:00:00Z,Books
cart_001942,user_05562,prod_0036,2,147.88,2023-12-20T00:00:00Z,Home & Kitchen
cart_001942,user_05562,prod_0094,2,290.3,2023-12-15T00:00:00Z,Automotive
cart_001942,user_05562,prod_0056,1,294.68,2023-12-31T00:00:00Z,Books
cart_001942,user_05562,prod_0050,3,60.92,2023-12-27T00:00:00Z,Books
cart_001942,user_05562,prod_0076,2,78.83,2023-12-21T00:00:00Z,Beauty
cart_001943,user_05563,prod_0098,3,163.3,2023-12-16T00:00:00Z,Automotive
cart_001943,user_05563,prod_0043,2,22.31,2023-12-18T00:00:00Z,Home & Kitchen
cart_001943,user_05563,prod_0052,1,258.24,2023-12-02T00:00:00Z,Books
cart_001943,user_05563,prod_0061,2,287.47,2023-12-28T00:00:00Z,Sports & Fitness
cart_001943,user_05563,prod_0054,2,254.52,2023-12-27T00:00:00Z,Books
cart_001944,user_05567,prod_0003,1,129.05,2023-12-09T00:00:00Z,Electronics
cart_001944,user_05567,prod_0024,3,18.85,2023-12-24T00:00:00Z,Fashion
cart_001944,user_05567,prod_0025,1,129.12,2023-12-27T00:00:00Z,Fashion
cart_001945,user_05568,prod_0025,1,129.12,2023-12-16T00:00:00Z,Fashion
cart_001946,user_05569,prod_0028,1,230.97,2023-12-11T00:00:00Z,Fashion
cart_001946,user_05569,prod_0043,3,22.31,2023-12-11T00:00:00Z,Home & Kitchen
cart_001946,user_05569,prod_0073,1,44.48,2023-12-12T00:00:00Z,Beauty
cart_001947,user_05572,prod_0011,2,212.14,2023-12-11T00:00:00Z,Electronics
cart_001947,user_05572,prod_0052,1,258.24,2023-12-03T00:00:00Z,Books
cart_001947,user_05572,prod_0050,3,60.92,2023-12-02T00:00:00Z,Books
cart_001947,user_05572,prod_0060,1,176.75,2023-12-23T00:00:00Z,Books
cart_001947,user_05572,prod_0014,3,66.6,2023-12-18T00:00:00Z,Electronics
cart_001948,user_05578,prod_0073,1,44.48,2023-12-20T00:00:00Z,Beauty
cart_001949,user_05580,prod_0040,2,202.48,2023-12-19T00:00:00Z,Home & Kitchen
cart_001949,user_05580,prod_0086,3,12.29,2023-12-20T00:00:00Z,Toys & Games
cart_001949,user_05580,prod_0054,1,254.52,2023-12-13T00:00:00Z,Books
cart_001949,user_05580,prod_0090,1,246.24,2023-12-15T00:00:00Z,Toys & Games
cart_001950,user_05581,prod_0012,2,294.66,2023-12-10T00:00:00Z,Electronics
cart_001951,user_05582,prod_0074,1,50.7,2023-12-13T00:00:00Z,Beauty
cart_001951,user_05582,prod_0076,2,78.83,2023-12-10T00:00:00Z,Beauty
cart_001951,user_05582,prod_0078,2,43.46,2024-01-01T00:00:00Z,Beauty
cart_001951,user_05582,prod_0070,1,263.51,2023-12-15T00:00:00Z,Sports & Fitness
cart_001951,user_05582,prod_0023,1,298.21,2023-12-19T00:00:00Z,Fashion
cart_001951,user_05582,prod_0068,1,298.55,2023-12-05T00:00:00Z,Sports & Fitness
cart_001952,user_05584,prod_0090,1,246.24,2023-12-19T00:00:00Z,Toys & Games
cart_001952,user_05584,prod_0086,1,12.29,2023-12-27T00:00:00Z,Toys & Games
cart_001952,user_05584,prod_0054,1,254.52,2023-12-24T00:00:00Z,Books
cart_001952,user_05584,prod_0036,1,147.88,2023-12-07T00:00:00Z,Home & Kitchen
cart_001952,user_05584,prod_0037,1,42.75,2023-12-13T00:00:00Z,Home & Kitchen
cart_001952,user_05584,prod_0065,3,81.67,2023-12-06T00:00:00Z,Sports & Fitness
cart_001953,user_05586,prod_0031,3,92.74,2023-12-09T00:00:00Z,Home & Kitchen
cart_001953,user_05586,prod_0060,2,176.75,2023-12-04T00:00:00Z,Books
cart_001953,user_05586,prod_0038,1,160.14,2023-12-04T00:00:00Z,Home & Kitchen
cart_001954,user_05587,prod_0013,1,138.3,2023-12-26T00:00:00Z,Electronics
cart_001955,user_05588,prod_0047,2,33.5,2023-12-08T00:00:00Z,Books
cart_001955,user_05588,prod_0015,3,55.31,2023-12-26T00:00:00Z,Electronics
cart_001955,user_05588,prod_0051,2,141.01,2023-12-06T00:00:00Z,Books
cart_001955,user_05588,prod_0050,1,60.92,2023-12-20T00:00:00Z,Books
cart_001955,user_05588,prod_0052,3,258.24,2023-12-23T00:00:00Z,Books
cart_001955,user_05588,prod_0060,3,176.75,2023-12-31T00:00:00Z,Books
cart_001956,user_05591,prod_0033,2,181.09,2023-12-31T00:00:00Z,Home & Kitchen
cart_001956,user_05591,prod_0055,2,259.21,2023-12-26T00:00:00Z,Books
cart_001957,user_05597,prod_0010,1,91.19,2023-12-28T00:00:00Z,Electronics
cart_001957,user_05597,prod_0065,3,81.67,2023-12-26T00:00:00Z,Sports & Fitness
cart_001957,user_05597,prod_0018,2,14.44,2023-12-19T00:00:00Z,Fashion
cart_001957,user_05597,prod_0048,3,258.97,2023-12-26T00:00:00Z,Books
cart_001957,user_05597,prod_0004,3,181.99,2023-12-20T00:00:00Z,Electronics
cart_001958,user_05598,prod_0054,1,254.52,2023-12-26T00:00:00Z,Books
cart_001958,user_05598,prod_0057,1,209.8,2023-12-22T00:00:00Z,Books
cart_001959,user_05601,prod_0021,2,46.05,2023-12-27T00:00:00Z,Fashion
cart_001960,user_05602,prod_0092,3,87.06,2023-12-18T00:00:00Z,Automotive
cart_001960,user_05602,prod_0010,2,91.19,2023-12-02T00:00:00Z,Electronics
cart_001961,user_05607,prod_0021,3,46.05,2023-12-11T00:00:00Z,Fashion
cart_001962,user_05612,prod_0016,3,84.36,2023-12-14T00:00:00Z,Fashion
cart_001962,user_05612,prod_0071,3,164.71,2023-12-22T00:00:00Z,Beauty
cart_001962,user_05612,prod_0040,3,202.48,2023-12-12T00:00:00Z,Home & Kitchen
cart_001962,user_05612,prod_0018,1,14.44,2023-12-02T00:00:00Z,Fashion
cart_001962,user_05612,prod_0045,1,43.9,2023-12-07T00:00:00Z,Home & Kitchen
cart_001963,user_05618,prod_0005,1,137.07,2023-12-12T00:00:00Z,Electronics
cart_001963,user_05618,prod_0039,2,227.05,2023-12-07T00:00:00Z,Home & Kitchen
cart_001963,user_05618,prod_0050,2,60.92,2023-12-11T00:00:00Z,Books
cart_001963,user_05618,prod_0001,3,192.99,2023-12-28T00:00:00Z,Electronics
cart_001963,user_05618,prod_0010,2,91.19,2023-12-11T00:00:00Z,Electronics
cart_001964,user_05620,prod_0054,2,254.52,2023-12-26T00:00:00Z,Books
cart_001964,user_05620,prod_0031,1,92.74,2023-12-13T00:00:00Z,Home & Kitchen
cart_001965,user_05621,prod_0056,3,294.68,2023-12-17T00:00:00Z,Books
cart_001966,user_05626,prod_0041,1,77.88,2023-12-28T00:00:00Z,Home & Kitchen
cart_001966,user_05626,prod_0091,2,61.78,2023-12-28T00:00:00Z,Automotive
cart_001966,user_05626,prod_0053,2,163.93,2023-12-10T00:00:00Z,Books
cart_001966,user_05626,prod_0083,2,66.76,2023-12-08T00:00:00Z,Toys & Games
cart_001967,user_05647,prod_0003,3,129.05,2023-12-23T00:00:00Z,Electronics
cart_001967,user_05647,prod_0052,3,258.24,2023-12-10T00:00:00Z,Books
cart_001967,user_05647,prod_0099,2,25.57,2023-12-08T00:00:00Z,Automotive
cart_001967,user_05647,prod_0075,3,64.86,2023-12-18T00:00:00Z,Beauty
cart_001967,user_05647,prod_0032,3,229.18,2023-12-11T00:00:00Z,Home & Kitchen
cart_001967,user_05647,prod_0058,3,148.08,2023-12-23T00:00:00Z,Books
cart_001968,user_05650,prod_0097,2,18.05,2023-12-26T00:00:00Z,Automotive
cart_001969,user_05653,prod_0072,2,245.23,2023-12-29T00:00:00Z,Beauty
cart_001969,user_05653,prod_0043,1,22.31,2023-12-29T00:00:00Z,Home & Kitchen
cart_001969,user_05653,prod_0076,2,78.83,2023-12-27T00:00:00Z,Beauty
cart_001969,user_05653,prod_0062,2,24.98,2023-12-07T00:00:00Z,Sports & Fitness
cart_001969,user_05653,prod_0057,3,209.8,2023-12-15T00:00:00Z,Books
cart_001970,user_05655,prod_0050,3,60.92,2023-12-12T00:00:00Z,Books
cart_001970,user_05655,prod_0065,3,81.67,2023-12-22T00:00:00Z,Sports & Fitness
cart_001970,user_05655,prod_0052,3,258.24,2023-12-22T00:00:00Z,Books
cart_001970,user_05655,prod_0086,3,12.29,2023-12-15T00:00:00Z,Toys & Games
cart_001970,user_05655,prod_0047,3,33.5,2023-12-26T00:00:00Z,Books
cart_001970,user_05655,prod_0063,2,266.74,2023-12-26T00:00:00Z,Sports & Fitness
cart_001971,user_05657,prod_0013,3,138.3,2023-12-04T00:00:00Z,Electronics
cart_001971,user_05657,prod_0015,3,55.31,2023-12-11T00:00:00Z,Electronics
cart_001972,user_05658,prod_0021,3,46.05,2023-12-28T00:00:00Z,Fashion
cart_001973,user_05659,prod_0097,2,18.05,2023-12-13T00:00:00Z,Automotive
cart_001973,user_05659,prod_0036,2,147.88,2023-12-04T00:00:00Z,Home & Kitchen
cart_001973,user_05659,prod_0046,1,76.44,2023-12-30T00:00:00Z,Books
cart_001974,user_05661,prod_0082,3,17.3,2023-12-15T00:00:00Z,Toys & Games
cart_001974,user_05661,prod_0074,1,50.7,2023-12-27T00:00:00Z,Beauty
cart_001974,user_05661,prod_0034,3,263.34,2023-12-10T00:00:00Z,Home & Kitchen
cart_001974,user_05661,prod_0060,2,176.75,2023-12-11T00:00:00Z,Books
cart_001975,user_05662,prod_0010,2,91.19,2023-12-24T00:00:00Z,Electronics
cart_001976,user_05663,prod_0029,1,138.39,2023-12-09T00:00:00Z,Fashion
cart_001976,user_05663,prod_0044,1,25.83,2023-12-16T00:00:00Z,Home & Kitchen
cart_001976,user_05663,prod_0086,1,12.29,2023-12-27T00:00:00Z,Toys & Games
cart_001976,user_05663,prod_0053,1,163.93,2023-12-09T00:00:00Z,Books
cart_001976,user_05663,prod_0036,3,147.88,2023-12-19T00:00:00Z,Home & Kitchen
cart_001977,user_05664,prod_0095,2,180.39,2023-12-04T00:00:00Z,Automotive
cart_001977,user_05664,prod_0007,3,286.42,2023-12-22T00:00:00Z,Electronics
cart_001977,user_05664,prod_0004,2,181.99,2023-12-25T00:00:00Z,Electronics
cart_001977,user_05664,prod_0012,2,294.66,2023-12-07T00:00:00Z,Electronics
cart_001977,user_05664,prod_0082,2,17.3,2023-12-15T00:00:00Z,Toys & Games
cart_001978,user_05665,prod_0014,1,66.6,2023-12-25T00:00:00Z,Electronics
cart_001978,user_05665,prod_0086,1,12.29,2024-01-01T00:00:00Z,Toys & Games
cart_001978,user_05665,prod_0007,1,286.42,2023-12-14T00:00:00Z,Electronics
cart_001978,user_05665,prod_0006,1,51.94,2023-12-09T00:00:00Z,Electronics
cart_001979,user_05667,prod_0092,1,87.06,2023-12-05T00:00:00Z,Automotive
cart_001979,user_05667,prod_0070,3,263.51,2023-12-11T00:00:00Z,Sports & Fitness
cart_001979,user_05667,prod_0054,1,254.52,2023-12-21T00:00:00Z,Books
cart_001980,user_05668,prod_0087,1,126.04,2023-12-24T00:00:00Z,Toys & Games
cart_001980,user_05668,prod_0006,3,51.94,2023-12-18T00:00:00Z,Electronics
cart_001980,user_05668,prod_0002,2,46.02,2023-12-17T00:00:00Z,Electronics
cart_001980,user_05668,prod_0079,3,167.19,2023-12-12T00:00:00Z,Beauty
cart_001980,user_05668,prod_0003,3,129.05,2023-12-06T00:00:00Z,Electronics
cart_001981,user_05671,prod_0087,3,126.04,2023-12-17T00:00:00Z,Toys & Games
cart_001981,user_05671,prod_0058,1,148.08,2023-12-18T00:00:00Z,Books
cart_001982,user_05678,prod_0062,2,24.98,2023-12-25T00:00:00Z,Sports & Fitness
cart_001983,user_05681,prod_0046,2,76.44,2023-12-06T00:00:00Z,Books
cart_001984,user_05684,prod_0070,3,263.51,2023-12-11T00:00:00Z,Sports & Fitness
cart_001984,user_05684,prod_0016,2,84.36,2023-12-25T00:00:00Z,Fashion
cart_001984,user_05684,prod_0044,3,25.83,2023-12-21T00:00:00Z,Home & Kitchen
cart_001984,user_05684,prod_0057,3,209.8,2023-12-12T00:00:00Z,Books
cart_001985,user_05691,prod_0044,1,25.83,2023-12-28T00:00:00Z,Home & Kitchen
cart_001985,user_05691,prod_0036,2,147.88,2023-12-29T00:00:00Z,Home & Kitchen
cart_001985,user_05691,prod_0087,3,126.04,2023-12-03T00:00:00Z,Toys & Games
cart_001985,user_05691,prod_0048,2,258.97,2023-12-24T00:00:00Z,Books
cart_001986,user_05693,prod_0022,3,176.87,2023-12-02T00:00:00Z,Fashion
cart_001986,user_05693,prod_0030,1,229.02,2023-12-17T00:00:00Z,Fashion
cart_001986,user_05693,prod_0075,3,64.86,2023-12-18T00:00:00Z,Beauty
cart_001986,user_05693,prod_0070,3,263.51,2023-12-02T00:00:00Z,Sports & Fitness
cart_001987,user_05694,prod_0056,2,294.68,2023-12-08T00:00:00Z,Books
cart_001987,user_05694,prod_0100,1,200.04,2023-12-28T00:00:00Z,Automotive
cart_001987,user_05694,prod_0006,1,51.94,2023-12-31T00:00:00Z,Electronics
cart_001987,user_05694,prod_0004,1,181.99,2023-12-24T00:00:00Z,Electronics
cart_001987,user_05694,prod_0045,2,43.9,2023-12-07T00:00:00Z,Home & Kitchen
cart_001988,user_05695,prod_0015,3,55.31,2023-12-30T00:00:00Z,Electronics
cart_001988,user_05695,prod_0082,3,17.3,2024-01-01T00:00:00Z,Toys & Games
cart_001988,user_05695,prod_0079,2,167.19,2023-12-08T00:00:00Z,Beauty
cart_001989,user_05701,prod_0002,2,46.02,2023-12-24T00:00:00Z,Electronics
cart_001990,user_05702,prod_0026,1,142.61,2023-12-06T00:00:00Z,Fashion
cart_001990,user_05702,prod_0079,3,167.19,2023-12-12T00:00:00Z,Beauty
cart_001991,user_05706,prod_0038,3,160.14,2023-12-18T00:00:00Z,Home & Kitchen
cart_001991,user_05706,prod_0023,3,298.21,2023-12-08T00:00:00Z,Fashion
cart_001991,user_05706,prod_0061,3,287.47,2023-12-16T00:00:00Z,Sports & Fitness
cart_001991,user_05706,prod_0064,1,128.25,2023-12-26T00:00:00Z,Sports & Fitness
cart_001991,user_05706,prod_0065,2,81.67,2023-12-21T00:00:00Z,Sports & Fitness
cart_001991,user_05706,prod_0072,1,245.23,2023-12-25T00:00:00Z,Beauty
cart_001992,user_05710,prod_0024,2,18.85,2023-12-23T00:00:00Z,Fashion
cart_001992,user_05710,prod_0019,1,273.46,2023-12-29T00:00:00Z,Fashion
cart_001993,user_05711,prod_0036,3,147.88,2023-12-29T00:00:00Z,Home & Kitchen
cart_001993,user_05711,prod_0057,1,209.8,2023-12-26T00:00:00Z,Books
cart_001993,user_05711,prod_0052,3,258.24,2023-12-10T00:00:00Z,Books
cart_001993,user_05711,prod_0049,1,219.09,2023-12-07T00:00:00Z,Books
cart_001994,user_05714,prod_0094,3,290.3,2023-12-25T00:00:00Z,Automotive
cart_001994,user_05714,prod_0088,2,236.49,2023-12-08T00:00:00Z,Toys & Games
cart_001994,user_05714,prod_0059,2,175.28,2023-12-05T00:00:00Z,Books
cart_001994,user_05714,prod_0003,1,129.05,2023-12-24T00:00:00Z,Electronics
cart_001994,user_05714,prod_0006,2,51.94,2023-12-19T00:00:00Z,Electronics
cart_001995,user_05715,prod_0077,3,129.53,2023-12-27T00:00:00Z,Beauty
cart_001995,user_05715,prod_0072,2,245.23,2023-12-13T00:00:00Z,Beauty
cart_001995,user_05715,prod_0087,2,126.04,2023-12-02T00:00:00Z,Toys & Games
cart_001996,user_05719,prod_0037,3,42.75,2023-12-10T00:00:00Z,Home & Kitchen
cart_001996,user_05719,prod_0052,3,258.24,2023-12-31T00:00:00Z,Books
cart_001996,user_05719,prod_0056,1,294.68,2023-12-02T00:00:00Z,Books
cart_001996,user_05719,prod_0086,1,12.29,2023-12-12T00:00:00Z,Toys & Games
cart_001996,user_05719,prod_0048,1,258.97,2023-12-17T00:00:00Z,Books
cart_001997,user_05722,prod_0009,3,219.54,2023-12-20T00:00:00Z,Electronics
cart_001997,user_05722,prod_0010,1,91.19,2023-12-18T00:00:00Z,Electronics
cart_001997,user_05722,prod_0050,3,60.92,2023-12-15T00:00:00Z,Books
cart_001997,user_05722,prod_0029,2,138.39,2023-12-30T00:00:00Z,Fashion
cart_001997,user_05722,prod_0045,2,43.9,2023-12-26T00:00:00Z,Home & Kitchen
cart_001997,user_05722,prod_0048,2,258.97,2023-12-17T00:00:00Z,Books
cart_001998,user_05733,prod_0060,1,176.75,2023-12-25T00:00:00Z,Books
cart_001998,user_05733,prod_0056,3,294.68,2023-12-26T00:00:00Z,Books
cart_001998,user_05733,prod_0053,2,163.93,2023-12-14T00:00:00Z,Books
cart_001999,user_05735,prod_0064,3,128.25,2024-01-01T00:00:00Z,Sports & Fitness
cart_001999,user_05735,prod_0012,1,294.66,2023-12-19T00:00:00Z,Electronics
cart_002000,user_05740,prod_0052,1,258.24,2023-12-12T00:00:00Z,Books
cart_002000,user_05740,prod_0035,2,75.82,2023-12-13T00:00:00Z,Home & Kitchen
cart_002001,user_05742,prod_0064,3,128.25,2023-12-09T00:00:00Z,Sports & Fitness
cart_002001,user_05742,prod_0002,1,46.02,2023-12-05T00:00:00Z,Electronics
cart_002001,user_05742,prod_0079,2,167.19,2023-12-22T00:00:00Z,Beauty
cart_002001,user_05742,prod_0005,2,137.07,2023-12-31T00:00:00Z,Electronics
cart_002002,user_05744,prod_0019,3,273.46,2023-12-03T00:00:00Z,Fashion
cart_002002,user_05744,prod_0027,3,8.38,2023-12-31T00:00:00Z,Fashion
cart_002002,user_05744,prod_0010,3,91.19,2023-12-13T00:00:00Z,Electronics
cart_002002,user_05744,prod_0099,1,25.57,2023-12-02T00:00:00Z,Automotive
cart_002002,user_05744,prod_0022,1,176.87,2023-12-18T00:00:00Z,Fashion
cart_002002,user_05744,prod_0078,2,43.46,2023-12-07T00:00:00Z,Beauty
cart_002003,user_05746,prod_0060,3,176.75,2023-12-17T00:00:00Z,Books
cart_002003,user_05746,prod_0077,2,129.53,2023-12-18T00:00:00Z,Beauty
cart_002003,user_05746,prod_0080,1,282.84,2024-01-01T00:00:00Z,Beauty
cart_002003,user_05746,prod_0072,1,245.23,2024-01-01T00:00:00Z,Beauty
cart_002003,user_05746,prod_0047,1,33.5,2023-12-25T00:00:00Z,Books
cart_002003,user_05746,prod_0095,1,180.39,2023-12-09T00:00:00Z,Automotive
cart_002004,user_05747,prod_0090,1,246.24,2023-12-17T00:00:00Z,Toys & Games
cart_002004,user_05747,prod_0011,1,212.14,2023-12-26T00:00:00Z,Electronics
cart_002004,user_05747,prod_0014,2,66.6,2023-12-10T00:00:00Z,Electronics
cart_002005,user_05752,prod_0012,3,294.66,2023-12-18T00:00:00Z,Electronics
cart_002005,user_05752,prod_0096,1,294.37,2023-12-13T00:00:00Z,Automotive
cart_002006,user_05754,prod_0017,2,100.34,2023-12-26T00:00:00Z,Fashion
cart_002006,user_05754,prod_0059,2,175.28,2023-12-09T00:00:00Z,Books
cart_002006,user_05754,prod_0006,3,51.94,2023-12-03T00:00:00Z,Electronics
cart_002007,user_05755,prod_0003,2,129.05,2023-12-07T00:00:00Z,Electronics
cart_002007,user_05755,prod_0097,2,18.05,2023-12-24T00:00:00Z,Automotive
cart_002007,user_05755,prod_0010,1,91.19,2023-12-10T00:00:00Z,Electronics
cart_002007,user_05755,prod_0084,1,169.61,2023-12-24T00:00:00Z,Toys & Games
cart_002007,user_05755,prod_0015,1,55.31,2023-12-06T00:00:00Z,Electronics
cart_002007,user_05755,prod_0006,1,51.94,2023-12-30T00:00:00Z,Electronics
cart_002008,user_05756,prod_0063,2,266.74,2023-12-25T00:00:00Z,Sports & Fitness
cart_002008,user_05756,prod_0010,3,91.19,2023-12-31T00:00:00Z,Electronics
cart_002008,user_05756,prod_0053,1,163.93,2023-12-03T00:00:00Z,Books
cart_002008,user_05756,prod_0088,2,236.49,2023-12-27T00:00:00Z,Toys & Games
cart_002008,user_05756,prod_0002,2,46.02,2023-12-11T00:00:00Z,Electronics
cart_002008,user_05756,prod_0055,1,259.21,2023-12-16T00:00:00Z,Books
cart_002009,user_05757,prod_0005,2,137.07,2023-12-03T00:00:00Z,Electronics
cart_002009,user_05757,prod_0012,3,294.66,2023-12-03T00:00:00Z,Electronics
cart_002009,user_05757,prod_0039,3,227.05,2023-12-30T00:00:00Z,Home & Kitchen
cart_002009,user_05757,prod_0006,2,51.94,2023-12-22T00:00:00Z,Electronics
cart_002009,user_05757,prod_0048,3,258.97,2023-12-17T00:00:00Z,Books
cart_002009,user_05757,prod_0001,3,192.99,2023-12-02T00:00:00Z,Electronics
cart_002010,user_05766,prod_0028,2,230.97,2023-12-13T00:00:00Z,Fashion
cart_002010,user_05766,prod_0069,2,153.73,2023-12-17T00:00:00Z,Sports & Fitness
cart_002010,user_05766,prod_0057,3,209.8,2023-12-22T00:00:00Z,Books
cart_002010,user_05766,prod_0037,3,42.75,2023-12-16T00:00:00Z,Home & Kitchen
cart_002011,user_05768,prod_0037,1,42.75,2023-12-28T00:00:00Z,Home & Kitchen
cart_002011,user_05768,prod_0015,3,55.31,2023-12-21T00:00:00Z,Electronics
cart_002011,user_05768,prod_0011,2,212.14,2023-12-25T00:00:00Z,Electronics
cart_002011,user_05768,prod_0036,3,147.88,2023-12-14T00:00:00Z,Home & Kitchen
cart_002011,user_05768,prod_0040,1,202.48,2023-12-24T00:00:00Z,Home & Kitchen
cart_002011,user_05768,prod_0008,1,110.54,2023-12-15T00:00:00Z,Electronics
cart_002012,user_05769,prod_0035,1,75.82,2023-12-14T00:00:00Z,Home & Kitchen
cart_002013,user_05772,prod_0006,3,51.94,2023-12-28T00:00:00Z,Electronics
cart_002013,user_05772,prod_0005,2,137.07,2023-12-27T00:00:00Z,Electronics
cart_002013,user_05772,prod_0014,3,66.6,2023-12-22T00:00:00Z,Electronics
cart_002013,user_05772,prod_0050,2,60.92,2023-12-28T00:00:00Z,Books
cart_002013,user_05772,prod_0090,3,246.24,2023-12-17T00:00:00Z,Toys & Games
cart_002013,user_05772,prod_0039,1,227.05,2023-12-22T00:00:00Z,Home & Kitchen
cart_002014,user_05773,prod_0094,1,290.3,2023-12-26T00:00:00Z,Automotive
cart_002014,user_05773,prod_0050,1,60.92,2023-12-17T00:00:00Z,Books
cart_002014,user_05773,prod_0035,2,75.82,2023-12-11T00:00:00Z,Home & Kitchen
cart_002014,user_05773,prod_0093,1,253.04,2023-12-15T00:00:00Z,Automotive
cart_002015,user_05775,prod_0033,3,181.09,2023-12-11T00:00:00Z,Home & Kitchen
cart_002016,user_05776,prod_0078,2,43.46,2023-12-14T00:00:00Z,Beauty
cart_002016,user_05776,prod_0071,3,164.71,2023-12-20T00:00:00Z,Beauty
cart_002016,user_05776,prod_0073,1,44.48,2023-12-24T00:00:00Z,Beauty
cart_002016,user_05776,prod_0006,1,51.94,2023-12-08T00:00:00Z,Electronics
cart_002016,user_05776,prod_0011,2,212.14,2023-12-18T00:00:00Z,Electronics
cart_002016,user_05776,prod_0081,2,250.37,2023-12-17T00:00:00Z,Toys & Games
cart_002017,user_05777,prod_0002,3,46.02,2023-12-24T00:00:00Z,Electronics
cart_002017,user_05777,prod_0066,2,121.36,2024-01-01T00:00:00Z,Sports & Fitness
cart_002017,user_05777,prod_0032,3,229.18,2023-12-14T00:00:00Z,Home & Kitchen
cart_002017,user_05777,prod_0047,1,33.5,2023-12-28T00:00:00Z,Books
cart_002018,user_05778,prod_0062,2,24.98,2023-12-25T00:00:00Z,Sports & Fitness
cart_002018,user_05778,prod_0049,2,219.09,2023-12-04T00:00:00Z,Books
cart_002018,user_05778,prod_0096,3,294.37,2023-12-23T00:00:00Z,Automotive
cart_002018,user_05778,prod_0006,1,51.94,2023-12-26T00:00:00Z,Electronics
cart_002018,user_05778,prod_0046,2,76.44,2023-12-15T00:00:00Z,Books
cart_002018,user_05778,prod_0043,1,22.31,2023-12-07T00:00:00Z,Home & Kitchen
cart_002019,user_05779,prod_0054,3,254.52,2023-12-22T00:00:00Z,Books
cart_002020,user_05782,prod_0041,3,77.88,2023-12-03T00:00:00Z,Home & Kitchen
cart_002020,user_05782,prod_0047,3,33.5,2023-12-16T00:00:00Z,Books
cart_002021,user_05784,prod_0084,1,169.61,2023-12-30T00:00:00Z,Toys & Games
cart_002021,user_05784,prod_0008,1,110.54,2023-12-24T00:00:00Z,Electronics
cart_002022,user_05786,prod_0090,2,246.24,2023-12-06T00:00:00Z,Toys & Games
cart_002022,user_05786,prod_0023,2,298.21,2023-12-26T00:00:00Z,Fashion
cart_002022,user_05786,prod_0018,1,14.44,2023-12-27T00:00:00Z,Fashion
cart_002022,user_05786,prod_0024,1,18.85,2023-12-19T00:00:00Z,Fashion
cart_002023,user_05793,prod_0062,2,24.98,2023-12-26T00:00:00Z,Sports & Fitness
cart_002023,user_05793,prod_0079,1,167.19,2023-12-23T00:00:00Z,Beauty
cart_002024,user_05794,prod_0001,3,192.99,2023-12-08T00:00:00Z,Electronics
cart_002024,user_05794,prod_0063,1,266.74,2023-12-29T00:00:00Z,Sports & Fitness
cart_002024,user_05794,prod_0017,3,100.34,2023-12-24T00:00:00Z,Fashion
cart_002024,user_05794,prod_0023,1,298.21,2023-12-11T00:00:00Z,Fashion
cart_002024,user_05794,prod_0046,3,76.44,2023-12-03T00:00:00Z,Books
cart_002024,user_05794,prod_0057,3,209.8,2023-12-26T00:00:00Z,Books
cart_002025,user_05796,prod_0048,2,258.97,2023-12-25T00:00:00Z,Books
cart_002025,user_05796,prod_0055,1,259.21,2023-12-29T00:00:00Z,Books
cart_002025,user_05796,prod_0038,2,160.14,2023-12-02T00:00:00Z,Home & Kitchen
cart_002026,user_05801,prod_0055,1,259.21,2023-12-17T00:00:00Z,Books
cart_002026,user_05801,prod_0047,1,33.5,2023-12-14T00:00:00Z,Books
cart_002026,user_05801,prod_0054,1,254.52,2023-12-14T00:00:00Z,Books
cart_002026,user_05801,prod_0089,2,70.4,2023-12-04T00:00:00Z,Toys & Games
cart_002026,user_05801,prod_0050,3,60.92,2023-12-08T00:00:00Z,Books
cart_002027,user_05804,prod_0058,3,148.08,2023-12-31T00:00:00Z,Books
cart_002027,user_05804,prod_0075,2,64.86,2023-12-29T00:00:00Z,Beauty
cart_002027,user_05804,prod_0029,2,138.39,2023-12-09T00:00:00Z,Fashion
cart_002027,user_05804,prod_0069,3,153.73,2023-12-14T00:00:00Z,Sports & Fitness
cart_002027,user_05804,prod_0027,1,8.38,2023-12-11T00:00:00Z,Fashion
cart_002027,user_05804,prod_0083,1,66.76,2023-12-27T00:00:00Z,Toys & Games
cart_002028,user_05809,prod_0090,3,246.24,2023-12-14T00:00:00Z,Toys & Games
cart_002028,user_05809,prod_0043,2,22.31,2023-12-11T00:00:00Z,Home & Kitchen
cart_002028,user_05809,prod_0044,1,25.83,2023-12-28T00:00:00Z,Home & Kitchen
cart_002028,user_05809,prod_0050,1,60.92,2023-12-07T00:00:00Z,Books
cart_002028,user_05809,prod_0065,3,81.67,2023-12-04T00:00:00Z,Sports & Fitness
cart_002028,user_05809,prod_0039,2,227.05,2023-12-24T00:00:00Z,Home & Kitchen
cart_002029,user_05820,prod_0013,2,138.3,2023-12-10T00:00:00Z,Electronics
cart_002029,user_05820,prod_0035,1,75.82,2023-12-06T00:00:00Z,Home & Kitchen
cart_002029,user_05820,prod_0048,3,258.97,2023-12-04T00:00:00Z,Books
cart_002029,user_05820,prod_0030,1,229.02,2023-12-05T00:00:00Z,Fashion
cart_002030,user_05821,prod_0057,1,209.8,2023-12-24T00:00:00Z,Books
cart_002030,user_05821,prod_0086,3,12.29,2023-12-24T00:00:00Z,Toys & Games
cart_002030,user_05821,prod_0053,1,163.93,2023-12-29T00:00:00Z,Books
cart_002031,user_05822,prod_0046,1,76.44,2023-12-06T00:00:00Z,Books
cart_002031,user_05822,prod_0094,2,290.3,2023-12-03T00:00:00Z,Automotive
cart_002032,user_05824,prod_0026,3,142.61,2023-12-22T00:00:00Z,Fashion
cart_002032,user_05824,prod_0020,1,151.77,2024-01-01T00:00:00Z,Fashion
cart_002032,user_05824,prod_0019,2,273.46,2023-12-29T00:00:00Z,Fashion
cart_002032,user_05824,prod_0028,3,230.97,2023-12-14T00:00:00Z,Fashion
cart_002032,user_05824,prod_0023,1,298.21,2023-12-16T00:00:00Z,Fashion
cart_002033,user_05830,prod_0049,1,219.09,2023-12-29T00:00:00Z,Books
cart_002033,user_05830,prod_0056,3,294.68,2023-12-19T00:00:00Z,Books
cart_002034,user_05832,prod_0017,1,100.34,2023-12-31T00:00:00Z,Fashion
cart_002034,user_05832,prod_0008,3,110.54,2023-12-08T00:00:00Z,Electronics
cart_002034,user_05832,prod_0087,1,126.04,2023-12-19T00:00:00Z,Toys & Games
cart_002034,user_05832,prod_0081,2,250.37,2023-12-27T00:00:00Z,Toys & Games
cart_002035,user_05841,prod_0083,2,66.76,2023-12-03T00:00:00Z,Toys & Games
cart_002035,user_05841,prod_0009,2,219.54,2023-12-11T00:00:00Z,Electronics
cart_002035,user_05841,prod_0006,3,51.94,2023-12-26T00:00:00Z,Electronics
cart_002035,user_05841,prod_0061,3,287.47,2023-12-30T00:00:00Z,Sports & Fitness
cart_002036,user_05843,prod_0014,3,66.6,2023-12-27T00:00:00Z,Electronics
cart_002036,user_05843,prod_0048,2,258.97,2023-12-10T00:00:00Z,Books
cart_002036,user_05843,prod_0058,3,148.08,2023-12-02T00:00:00Z,Books
cart_002036,user_05843,prod_0093,1,253.04,2023-12-18T00:00:00Z,Automotive
cart_002036,user_05843,prod_0051,2,141.01,2023-12-02T00:00:00Z,Books
cart_002036,user_05843,prod_0047,3,33.5,2023-12-21T00:00:00Z,Books
cart_002037,user_05848,prod_0019,1,273.46,2023-12-28T00:00:00Z,Fashion
cart_002037,user_05848,prod_0024,2,18.85,2023-12-09T00:00:00Z,Fashion
cart_002037,user_05848,prod_0074,1,50.7,2023-12-28T00:00:00Z,Beauty
cart_002037,user_05848,prod_0060,2,176.75,2023-12-24T00:00:00Z,Books
cart_002038,user_05851,prod_0077,3,129.53,2023-12-15T00:00:00Z,Beauty
cart_002038,user_05851,prod_0001,2,192.99,2023-12-02T00:00:00Z,Electronics
cart_002038,user_05851,prod_0009,1,219.54,2023-12-11T00:00:00Z,Electronics
cart_002038,user_05851,prod_0085,1,74.6,2023-12-17T00:00:00Z,Toys & Games
cart_002038,user_05851,prod_0069,1,153.73,2023-12-10T00:00:00Z,Sports & Fitness
cart_002038,user_05851,prod_0074,3,50.7,2023-12-17T00:00:00Z,Beauty
cart_002039,user_05854,prod_0041,2,77.88,2023-12-23T00:00:00Z,Home & Kitchen
cart_002039,user_05854,prod_0069,2,153.73,2023-12-30T00:00:00Z,Sports & Fitness
cart_002039,user_05854,prod_0087,1,126.04,2023-12-02T00:00:00Z,Toys & Games
cart_002039,user_05854,prod_0065,1,81.67,2023-12-22T00:00:00Z,Sports & Fitness
cart_002040,user_05856,prod_0001,1,192.99,2023-12-02T00:00:00Z,Electronics
cart_002040,user_05856,prod_0093,1,253.04,2023-12-24T00:00:00Z,Automotive
cart_002040,user_05856,prod_0084,3,169.61,2023-12-25T00:00:00Z,Toys & Games
cart_002040,user_05856,prod_0048,1,258.97,2023-12-19T00:00:00Z,Books
cart_002041,user_05857,prod_0008,3,110.54,2023-12-17T00:00:00Z,Electronics
cart_002041,user_05857,prod_0084,2,169.61,2023-12-27T00:00:00Z,Toys & Games
cart_002041,user_05857,prod_0079,2,167.19,2023-12-30T00:00:00Z,Beauty
cart_002041,user_05857,prod_0056,1,294.68,2023-12-20T00:00:00Z,Books
cart_002041,user_05857,prod_0003,1,129.05,2023-12-04T00:00:00Z,Electronics
cart_002041,user_05857,prod_0054,1,254.52,2023-12-31T00:00:00Z,Books
cart_002042,user_05858,prod_0028,1,230.97,2023-12-02T00:00:00Z,Fashion
cart_002042,user_05858,prod_0091,1,61.78,2023-12-12T00:00:00Z,Automotive
cart_002042,user_05858,prod_0012,2,294.66,2023-12-10T00:00:00Z,Electronics
cart_002042,user_05858,prod_0100,1,200.04,2023-12-21T00:00:00Z,Automotive
cart_002042,user_05858,prod_0075,3,64.86,2023-12-22T00:00:00Z,Beauty
cart_002042,user_05858,prod_0010,3,91.19,2023-12-28T00:00:00Z,Electronics
cart_002043,user_05860,prod_0012,3,294.66,2023-12-08T00:00:00Z,Electronics
cart_002043,user_05860,prod_0097,2,18.05,2023-12-17T00:00:00Z,Automotive
cart_002043,user_05860,prod_0059,3,175.28,2023-12-23T00:00:00Z,Books
cart_002043,user_05860,prod_0084,1,169.61,2023-12-25T00:00:00Z,Toys & Games
cart_002043,user_05860,prod_0078,3,43.46,2023-12-12T00:00:00Z,Beauty
cart_002043,user_05860,prod_0047,2,33.5,2023-12-07T00:00:00Z,Books
cart_002044,user_05861,prod_0056,3,294.68,2023-12-31T00:00:00Z,Books
cart_002045,user_05864,prod_0053,2,163.93,2023-12-25T00:00:00Z,Books
cart_002045,user_05864,prod_0040,1,202.48,2023-12-13T00:00:00Z,Home & Kitchen
cart_002045,user_05864,prod_0039,2,227.05,2023-12-27T00:00:00Z,Home & Kitchen
cart_002045,user_05864,prod_0065,3,81.67,2024-01-01T00:00:00Z,Sports & Fitness
cart_002045,user_05864,prod_0034,1,263.34,2023-12-04T00:00:00Z,Home & Kitchen
cart_002045,user_05864,prod_0043,1,22.31,2023-12-11T00:00:00Z,Home & Kitchen
cart_002046,user_05866,prod_0097,2,18.05,2023-12-12T00:00:00Z,Automotive
cart_002046,user_05866,prod_0050,1,60.92,2023-12-13T00:00:00Z,Books
cart_002046,user_05866,prod_0016,2,84.36,2023-12-03T00:00:00Z,Fashion
cart_002046,user_05866,prod_0081,3,250.37,2023-12-08T00:00:00Z,Toys & Games
cart_002046,user_05866,prod_0055,3,259.21,2023-12-31T00:00:00Z,Books
cart_002046,user_05866,prod_0098,1,163.3,2023-12-11T00:00:00Z,Automotive
cart_002047,user_05869,prod_0004,3,181.99,2023-12-14T00:00:00Z,Electronics
cart_002048,user_05870,prod_0043,3,22.31,2023-12-09T00:00:00Z,Home & Kitchen
cart_002048,user_05870,prod_0039,2,227.05,2023-12-19T00:00:00Z,Home & Kitchen
cart_002048,user_05870,prod_0003,3,129.05,2023-12-28T00:00:00Z,Electronics
cart_002048,user_05870,prod_0041,1,77.88,2023-12-17T00:00:00Z,Home & Kitchen
cart_002048,user_05870,prod_0052,3,258.24,2023-12-21T00:00:00Z,Books
cart_002048,user_05870,prod_0050,2,60.92,2023-12-04T00:00:00Z,Books
cart_002049,user_05871,prod_0043,1,22.31,2023-12-18T00:00:00Z,Home & Kitchen
cart_002049,user_05871,prod_0055,3,259.21,2023-12-24T00:00:00Z,Books
cart_002049,user_05871,prod_0075,1,64.86,2023-12-02T00:00:00Z,Beauty
cart_002049,user_05871,prod_0056,2,294.68,2023-12-28T00:00:00Z,Books
cart_002049,user_05871,prod_0051,1,141.01,2023-12-10T00:00:00Z,Books
cart_002050,user_05882,prod_0047,1,33.5,2023-12-14T00:00:00Z,Books
cart_002050,user_05882,prod_0074,2,50.7,2023-12-03T00:00:00Z,Beauty
cart_002050,user_05882,prod_0050,3,60.92,2023-12-02T00:00:00Z,Books
cart_002051,user_05883,prod_0010,3,91.19,2023-12-09T00:00:00Z,Electronics
cart_002051,user_05883,prod_0089,1,70.4,2023-12-31T00:00:00Z,Toys & Games
cart_002051,user_05883,prod_0007,3,286.42,2023-12-02T00:00:00Z,Electronics
cart_002051,user_05883,prod_0026,1,142.61,2023-12-13T00:00:00Z,Fashion
cart_002051,user_05883,prod_0081,2,250.37,2023-12-16T00:00:00Z,Toys & Games
cart_002051,user_05883,prod_0002,2,46.02,2023-12-24T00:00:00Z,Electronics
cart_002052,user_05884,prod_0064,3,128.25,2023-12-11T00:00:00Z,Sports & Fitness
cart_002052,user_05884,prod_0007,1,286.42,2023-12-23T00:00:00Z,Electronics
cart_002052,user_05884,prod_0077,2,129.53,2023-12-20T00:00:00Z,Beauty
cart_002053,user_05885,prod_0027,1,8.38,2023-12-31T00:00:00Z,Fashion
cart_002053,user_05885,prod_0004,1,181.99,2024-01-01T00:00:00Z,Electronics
cart_002053,user_05885,prod_0076,3,78.83,2023-12-11T00:00:00Z,Beauty
cart_002054,user_05886,prod_0054,1,254.52,2023-12-06T00:00:00Z,Books
cart_002054,user_05886,prod_0031,3,92.74,2023-12-10T00:00:00Z,Home & Kitchen
cart_002054,user_05886,prod_0046,3,76.44,2023-12-06T00:00:00Z,Books
cart_002055,user_05888,prod_0084,1,169.61,2023-12-30T00:00:00Z,Toys & Games
cart_002055,user_05888,prod_0059,2,175.28,2023-12-13T00:00:00Z,Books
cart_002055,user_05888,prod_0004,3,181.99,2023-12-13T00:00:00Z,Electronics
cart_002055,user_05888,prod_0001,2,192.99,2023-12-28T00:00:00Z,Electronics
cart_002055,user_05888,prod_0090,1,246.24,2023-12-08T00:00:00Z,Toys & Games
cart_002055,user_05888,prod_0037,2,42.75,2023-12-21T00:00:00Z,Home & Kitchen
cart_002056,user_05891,prod_0048,2,258.97,2023-12-11T00:00:00Z,Books
cart_002057,user_05893,prod_0011,2,212.14,2023-12-23T00:00:00Z,Electronics
cart_002057,user_05893,prod_0013,1,138.3,2023-12-04T00:00:00Z,Electronics
cart_002057,user_05893,prod_0009,3,219.54,2023-12-11T00:00:00Z,Electronics
cart_002057,user_05893,prod_0007,3,286.42,2023-12-07T00:00:00Z,Electronics
cart_002058,user_05894,prod_0051,3,141.01,2023-12-21T00:00:00Z,Books
cart_002058,user_05894,prod_0040,3,202.48,2023-12-15T00:00:00Z,Home & Kitchen
cart_002058,user_05894,prod_0038,2,160.14,2023-12-15T00:00:00Z,Home & Kitchen
cart_002058,user_05894,prod_0037,3,42.75,2023-12-24T00:00:00Z,Home & Kitchen
cart_002058,user_05894,prod_0029,3,138.39,2023-12-27T00:00:00Z,Fashion
cart_002058,user_05894,prod_0041,1,77.88,2023-12-14T00:00:00Z,Home & Kitchen
cart_002059,user_05895,prod_0028,3,230.97,2023-12-25T00:00:00Z,Fashion
cart_002059,user_05895,prod_0048,2,258.97,2023-12-12T00:00:00Z,Books
cart_002059,user_05895,prod_0065,2,81.67,2023-12-27T00:00:00Z,Sports & Fitness
cart_002059,user_05895,prod_0019,1,273.46,2023-12-05T00:00:00Z,Fashion
cart_002060,user_05897,prod_0010,1,91.19,2023-12-12T00:00:00Z,Electronics
cart_002060,user_05897,prod_0032,2,229.18,2023-12-22T00:00:00Z,Home & Kitchen
cart_002060,user_05897,prod_0090,3,246.24,2023-12-07T00:00:00Z,Toys & Games
cart_002061,user_05898,prod_0082,1,17.3,2023-12-20T00:00:00Z,Toys & Games
cart_002061,user_05898,prod_0001,3,192.99,2023-12-11T00:00:00Z,Electronics
cart_002061,user_05898,prod_0061,2,287.47,2023-12-14T00:00:00Z,Sports & Fitness
cart_002062,user_05902,prod_0034,2,263.34,2023-12-22T00:00:00Z,Home & Kitchen
cart_002062,user_05902,prod_0056,2,294.68,2023-12-14T00:00:00Z,Books
cart_002063,user_05909,prod_0012,3,294.66,2023-12-25T00:00:00Z,Electronics
cart_002063,user_05909,prod_0100,1,200.04,2023-12-02T00:00:00Z,Automotive
cart_002064,user_05910,prod_0076,2,78.83,2023-12-26T00:00:00Z,Beauty
cart_002064,user_05910,prod_0050,2,60.92,2023-12-24T00:00:00Z,Books
cart_002065,user_05911,prod_0064,3,128.25,2023-12-04T00:00:00Z,Sports & Fitness
cart_002065,user_05911,prod_0063,2,266.74,2023-12-22T00:00:00Z,Sports & Fitness
cart_002065,user_05911,prod_0066,2,121.36,2023-12-05T00:00:00Z,Sports & Fitness
cart_002065,user_05911,prod_0018,1,14.44,2023-12-31T00:00:00Z,Fashion
cart_002066,user_05913,prod_0045,1,43.9,2023-12-24T00:00:00Z,Home & Kitchen
cart_002066,user_05913,prod_0016,1,84.36,2023-12-04T00:00:00Z,Fashion
cart_002067,user_05914,prod_0060,2,176.75,2023-12-03T00:00:00Z,Books
cart_002067,user_05914,prod_0016,2,84.36,2023-12-12T00:00:00Z,Fashion
cart_002067,user_05914,prod_0061,3,287.47,2023-12-30T00:00:00Z,Sports & Fitness
cart_002067,user_05914,prod_0049,1,219.09,2023-12-17T00:00:00Z,Books
cart_002068,user_05916,prod_0015,3,55.31,2023-12-07T00:00:00Z,Electronics
cart_002068,user_05916,prod_0050,2,60.92,2023-12-25T00:00:00Z,Books
cart_002068,user_05916,prod_0056,2,294.68,2023-12-23T00:00:00Z,Books
cart_002069,user_05917,prod_0089,2,70.4,2023-12-09T00:00:00Z,Toys & Games
cart_002069,user_05917,prod_0035,1,75.82,2023-12-16T00:00:00Z,Home & Kitchen
cart_002069,user_05917,prod_0047,1,33.5,2023-12-12T00:00:00Z,Books
cart_002069,user_05917,prod_0040,2,202.48,2023-12-16T00:00:00Z,Home & Kitchen
cart_002070,user_05921,prod_0090,3,246.24,2023-12-30T00:00:00Z,Toys & Games
cart_002070,user_05921,prod_0053,1,163.93,2023-12-25T00:00:00Z,Books
cart_002070,user_05921,prod_0086,3,12.29,2023-12-05T00:00:00Z,Toys & Games
cart_002071,user_05922,prod_0088,3,236.49,2023-12-04T00:00:00Z,Toys & Games
cart_002071,user_05922,prod_0063,3,266.74,2023-12-04T00:00:00Z,Sports & Fitness
cart_002071,user_05922,prod_0066,3,121.36,2023-12-14T00:00:00Z,Sports & Fitness
cart_002071,user_05922,prod_0067,2,278.13,2023-12-08T00:00:00Z,Sports & Fitness
cart_002071,user_05922,prod_0055,3,259.21,2023-12-28T00:00:00Z,Books
cart_002071,user_05922,prod_0073,1,44.48,2023-12-30T00:00:00Z,Beauty
cart_002072,user_05923,prod_0014,3,66.6,2023-12-23T00:00:00Z,Electronics
cart_002072,user_05923,prod_0078,3,43.46,2023-12-03T00:00:00Z,Beauty
cart_002073,user_05929,prod_0017,1,100.34,2023-12-26T00:00:00Z,Fashion
cart_002073,user_05929,prod_0018,1,14.44,2023-12-16T00:00:00Z,Fashion
cart_002073,user_05929,prod_0006,1,51.94,2023-12-11T00:00:00Z,Electronics
cart_002073,user_05929,prod_0059,3,175.28,2023-12-16T00:00:00Z,Books
cart_002073,user_05929,prod_0049,2,219.09,2023-12-05T00:00:00Z,Books
cart_002074,user_05930,prod_0054,3,254.52,2023-12-06T00:00:00Z,Books
cart_002074,user_05930,prod_0059,2,175.28,2023-12-23T00:00:00Z,Books
cart_002074,user_05930,prod_0049,3,219.09,2023-12-20T00:00:00Z,Books
cart_002075,user_05932,prod_0037,1,42.75,2023-12-09T00:00:00Z,Home & Kitchen
cart_002076,user_05934,prod_0011,3,212.14,2023-12-18T00:00:00Z,Electronics
cart_002076,user_05934,prod_0055,2,259.21,2023-12-11T00:00:00Z,Books
cart_002077,user_05935,prod_0015,1,55.31,2023-12-23T00:00:00Z,Electronics
cart_002077,user_05935,prod_0046,2,76.44,2024-01-01T00:00:00Z,Books
cart_002077,user_05935,prod_0014,3,66.6,2023-12-19T00:00:00Z,Electronics
cart_002077,user_05935,prod_0005,1,137.07,2023-12-10T00:00:00Z,Electronics
cart_002078,user_05939,prod_0009,2,219.54,2023-12-21T00:00:00Z,Electronics
cart_002078,user_05939,prod_0033,3,181.09,2023-12-21T00:00:00Z,Home & Kitchen
cart_002079,user_05940,prod_0070,2,263.51,2023-12-23T00:00:00Z,Sports & Fitness
cart_002079,user_05940,prod_0025,2,129.12,2023-12-09T00:00:00Z,Fashion
cart_002079,user_05940,prod_0054,3,254.52,2024-01-01T00:00:00Z,Books
cart_002079,user_05940,prod_0012,1,294.66,2023-12-25T00:00:00Z,Electronics
cart_002079,user_05940,prod_0059,2,175.28,2023-12-15T00:00:00Z,Books
cart_002079,user_05940,prod_0005,1,137.07,2023-12-11T00:00:00Z,Electronics
cart_002080,user_05941,prod_0032,3,229.18,2023-12-28T00:00:00Z,Home & Kitchen
cart_002080,user_05941,prod_0071,3,164.71,2023-12-12T00:00:00Z,Beauty
cart_002080,user_05941,prod_0016,3,84.36,2023-12-12T00:00:00Z,Fashion
cart_002081,user_05944,prod_0075,3,64.86,2023-12-28T00:00:00Z,Beauty
cart_002081,user_05944,prod_0037,3,42.75,2023-12-12T00:00:00Z,Home & Kitchen
cart_002082,user_05949,prod_0086,2,12.29,2023-12-24T00:00:00Z,Toys & Games
cart_002082,user_05949,prod_0043,1,22.31,2023-12-22T00:00:00Z,Home & Kitchen
cart_002083,user_05950,prod_0025,1,129.12,2023-12-13T00:00:00Z,Fashion
cart_002084,user_05952,prod_0081,2,250.37,2024-01-01T00:00:00Z,Toys & Games
cart_002084,user_05952,prod_0052,2,258.24,2023-12-24T00:00:00Z,Books
cart_002084,user_05952,prod_0060,3,176.75,2023-12-22T00:00:00Z,Books
cart_002084,user_05952,prod_0013,1,138.3,2023-12-16T00:00:00Z,Electronics
cart_002084,user_05952,prod_0066,2,121.36,2023-12-07T00:00:00Z,Sports & Fitness
cart_002084,user_05952,prod_0056,2,294.68,2023-12-19T00:00:00Z,Books
cart_002085,user_05954,prod_0076,2,78.83,2023-12-22T00:00:00Z,Beauty
cart_002085,user_05954,prod_0060,3,176.75,2023-12-29T00:00:00Z,Books
cart_002086,user_05955,prod_0051,3,141.01,2023-12-11T00:00:00Z,Books
cart_002086,user_05955,prod_0060,2,176.75,2023-12-05T00:00:00Z,Books
cart_002086,user_05955,prod_0058,2,148.08,2023-12-26T00:00:00Z,Books
cart_002086,user_05955,prod_0049,1,219.09,2023-12-28T00:00:00Z,Books
cart_002086,user_05955,prod_0084,3,169.61,2023-12-14T00:00:00Z,Toys & Games
cart_002087,user_05956,prod_0099,1,25.57,2023-12-15T00:00:00Z,Automotive
cart_002088,user_05957,prod_0051,3,141.01,2023-12-30T00:00:00Z,Books
cart_002088,user_05957,prod_0088,3,236.49,2023-12-14T00:00:00Z,Toys & Games
cart_002088,user_05957,prod_0007,3,286.42,2023-12-27T00:00:00Z,Electronics
cart_002089,user_05962,prod_0070,2,263.51,2023-12-23T00:00:00Z,Sports & Fitness
cart_002089,user_05962,prod_0079,2,167.19,2023-12-02T00:00:00Z,Beauty
cart_002090,user_05965,prod_0056,2,294.68,2023-12-03T00:00:00Z,Books
cart_002090,user_05965,prod_0096,3,294.37,2023-12-24T00:00:00Z,Automotive
cart_002090,user_05965,prod_0011,3,212.14,2023-12-29T00:00:00Z,Electronics
cart_002090,user_05965,prod_0054,1,254.52,2023-12-14T00:00:00Z,Books
cart_002091,user_05966,prod_0017,3,100.34,2023-12-09T00:00:00Z,Fashion
cart_002091,user_05966,prod_0055,2,259.21,2023-12-26T00:00:00Z,Books
cart_002091,user_05966,prod_0074,3,50.7,2023-12-29T00:00:00Z,Beauty
cart_002091,user_05966,prod_0080,1,282.84,2023-12-05T00:00:00Z,Beauty
cart_002091,user_05966,prod_0021,1,46.05,2023-12-28T00:00:00Z,Fashion
cart_002091,user_05966,prod_0079,1,167.19,2023-12-30T00:00:00Z,Beauty
cart_002092,user_05967,prod_0056,1,294.68,2023-12-14T00:00:00Z,Books
cart_002092,user_05967,prod_0079,1,167.19,2023-12-10T00:00:00Z,Beauty
cart_002092,user_05967,prod_0033,1,181.09,2023-12-09T00:00:00Z,Home & Kitchen
cart_002092,user_05967,prod_0004,3,181.99,2023-12-18T00:00:00Z,Electronics
cart_002093,user_05970,prod_0007,1,286.42,2023-12-24T00:00:00Z,Electronics
cart_002093,user_05970,prod_0053,1,163.93,2023-12-17T00:00:00Z,Books
cart_002093,user_05970,prod_0049,2,219.09,2023-12-10T00:00:00Z,Books
cart_002094,user_05971,prod_0003,2,129.05,2023-12-19T00:00:00Z,Electronics
cart_002094,user_05971,prod_0030,3,229.02,2023-12-30T00:00:00Z,Fashion
cart_002094,user_05971,prod_0053,1,163.93,2023-12-07T00:00:00Z,Books
cart_002094,user_05971,prod_0024,3,18.85,2023-12-06T00:00:00Z,Fashion
cart_002094,user_05971,prod_0064,2,128.25,2023-12-30T00:00:00Z,Sports & Fitness
cart_002095,user_05973,prod_0056,2,294.68,2023-12-20T00:00:00Z,Books
cart_002095,user_05973,prod_0011,3,212.14,2023-12-15T00:00:00Z,Electronics
cart_002095,user_05973,prod_0013,1,138.3,2023-12-07T00:00:00Z,Electronics
cart_002096,user_05975,prod_0017,3,100.34,2023-12-28T00:00:00Z,Fashion
cart_002096,user_05975,prod_0012,2,294.66,2023-12-14T00:00:00Z,Electronics
cart_002096,user_05975,prod_0074,1,50.7,2023-12-30T00:00:00Z,Beauty
cart_002096,user_05975,prod_0027,1,8.38,2023-12-23T00:00:00Z,Fashion
cart_002097,user_05978,prod_0045,1,43.9,2023-12-14T00:00:00Z,Home & Kitchen
cart_002098,user_05985,prod_0032,1,229.18,2023-12-16T00:00:00Z,Home & Kitchen
cart_002098,user_05985,prod_0004,2,181.99,2023-12-22T00:00:00Z,Electronics
cart_002098,user_05985,prod_0059,3,175.28,2023-12-28T00:00:00Z,Books
cart_002098,user_05985,prod_0005,1,137.07,2023-12-26T00:00:00Z,Electronics
cart_002098,user_05985,prod_0052,2,258.24,2023-12-15T00:00:00Z,Books
cart_002099,user_05990,prod_0082,2,17.3,2023-12-12T00:00:00Z,Toys & Games
cart_002099,user_05990,prod_0064,2,128.25,2023-12-18T00:00:00Z,Sports & Fitness
cart_002099,user_05990,prod_0037,2,42.75,2023-12-16T00:00:00Z,Home & Kitchen
cart_002100,user_05994,prod_0050,1,60.92,2023-12-14T00:00:00Z,Books
cart_002100,user_05994,prod_0031,3,92.74,2023-12-10T00:00:00Z,Home & Kitchen
cart_002100,user_05994,prod_0083,1,66.76,2023-12-05T00:00:00Z,Toys & Games
cart_002100,user_05994,prod_0041,1,77.88,2023-12-29T00:00:00Z,Home & Kitchen
cart_002100,user_05994,prod_0004,3,181.99,2023-12-26T00:00:00Z,Electronics
cart_002101,user_05995,prod_0009,3,219.54,2023-12-30T00:00:00Z,Electronics
cart_002101,user_05995,prod_0048,1,258.97,2023-12-04T00:00:00Z,Books
cart_002101,user_05995,prod_0020,1,151.77,2023-12-03T00:00:00Z,Fashion
cart_002102,user_06000,prod_0088,1,236.49,2023-12-04T00:00:00Z,Toys & Games
cart_002102,user_06000,prod_0042,2,72.65,2023-12-13T00:00:00Z,Home & Kitchen
cart_002102,user_06000,prod_0082,1,17.3,2023-12-15T00:00:00Z,Toys & Games
cart_002103,user_06001,prod_0093,2,253.04,2023-12-02T00:00:00Z,Automotive
cart_002103,user_06001,prod_0005,2,137.07,2023-12-23T00:00:00Z,Electronics
cart_002104,user_06004,prod_0074,2,50.7,2023-12-28T00:00:00Z,Beauty
cart_002104,user_06004,prod_0016,2,84.36,2023-12-16T00:00:00Z,Fashion
cart_002105,user_06009,prod_0063,2,266.74,2023-12-31T00:00:00Z,Sports & Fitness
cart_002105,user_06009,prod_0076,2,78.83,2023-12-09T00:00:00Z,Beauty
cart_002105,user_06009,prod_0092,3,87.06,2023-12-21T00:00:00Z,Automotive
cart_002105,user_06009,prod_0023,3,298.21,2023-12-24T00:00:00Z,Fashion
cart_002105,user_06009,prod_0024,3,18.85,2023-12-25T00:00:00Z,Fashion
cart_002105,user_06009,prod_0014,1,66.6,2023-12-05T00:00:00Z,Electronics
cart_002106,user_06010,prod_0072,1,245.23,2023-12-30T00:00:00Z,Beauty
cart_002107,user_06011,prod_0071,2,164.71,2023-12-19T00:00:00Z,Beauty
cart_002107,user_06011,prod_0018,2,14.44,2023-12-19T00:00:00Z,Fashion
cart_002107,user_06011,prod_0066,1,121.36,2023-12-02T00:00:00Z,Sports & Fitness
cart_002107,user_06011,prod_0019,1,273.46,2023-12-30T00:00:00Z,Fashion
cart_002107,user_06011,prod_0024,3,18.85,2023-12-07T00:00:00Z,Fashion
cart_002107,user_06011,prod_0001,2,192.99,2023-12-06T00:00:00Z,Electronics
cart_002108,user_06013,prod_0034,1,263.34,2023-12-13T00:00:00Z,Home & Kitchen
cart_002108,user_06013,prod_0002,2,46.02,2023-12-06T00:00:00Z,Electronics
cart_002108,user_06013,prod_0018,2,14.44,2023-12-16T00:00:00Z,Fashion
cart_002108,user_06013,prod_0070,1,263.51,2023-12-30T00:00:00Z,Sports & Fitness
cart_002109,user_06014,prod_0074,1,50.7,2023-12-18T00:00:00Z,Beauty
cart_002110,user_06019,prod_0039,2,227.05,2023-12-05T00:00:00Z,Home & Kitchen
cart_002110,user_06019,prod_0046,3,76.44,2023-12-14T00:00:00Z,Books
cart_002110,user_06019,prod_0029,2,138.39,2023-12-08T00:00:00Z,Fashion
cart_002111,user_06023,prod_0052,3,258.24,2023-12-09T00:00:00Z,Books
cart_002112,user_06024,prod_0017,3,100.34,2023-12-27T00:00:00Z,Fashion
cart_002112,user_06024,prod_0049,3,219.09,2023-12-07T00:00:00Z,Books
cart_002113,user_06025,prod_0058,2,148.08,2023-12-27T00:00:00Z,Books
cart_002113,user_06025,prod_0061,2,287.47,2023-12-29T00:00:00Z,Sports & Fitness
cart_002113,user_06025,prod_0016,3,84.36,2024-01-01T00:00:00Z,Fashion
cart_002113,user_06025,prod_0050,1,60.92,2023-12-08T00:00:00Z,Books
cart_002114,user_06026,prod_0088,2,236.49,2023-12-18T00:00:00Z,Toys & Games
cart_002114,user_06026,prod_0032,1,229.18,2023-12-25T00:00:00Z,Home & Kitchen
cart_002114,user_06026,prod_0041,3,77.88,2023-12-04T00:00:00Z,Home & Kitchen
cart_002114,user_06026,prod_0036,2,147.88,2023-12-11T00:00:00Z,Home & Kitchen
cart_002114,user_06026,prod_0028,2,230.97,2023-12-19T00:00:00Z,Fashion
cart_002115,user_06031,prod_0100,1,200.04,2023-12-10T00:00:00Z,Automotive
cart_002115,user_06031,prod_0018,3,14.44,2023-12-12T00:00:00Z,Fashion
cart_002115,user_06031,prod_0080,2,282.84,2023-12-25T00:00:00Z,Beauty
cart_002116,user_06034,prod_0037,2,42.75,2023-12-16T00:00:00Z,Home & Kitchen
cart_002116,user_06034,prod_0016,3,84.36,2023-12-04T00:00:00Z,Fashion
cart_002116,user_06034,prod_0082,1,17.3,2023-12-31T00:00:00Z,Toys & Games
cart_002117,user_06036,prod_0057,1,209.8,2023-12-21T00:00:00Z,Books
cart_002118,user_06037,prod_0077,3,129.53,2023-12-17T00:00:00Z,Beauty
cart_002118,user_06037,prod_0033,2,181.09,2023-12-23T00:00:00Z,Home & Kitchen
cart_002118,user_06037,prod_0021,3,46.05,2023-12-30T00:00:00Z,Fashion
cart_002118,user_06037,prod_0028,3,230.97,2023-12-28T00:00:00Z,Fashion
cart_002118,user_06037,prod_0027,3,8.38,2024-01-01T00:00:00Z,Fashion
cart_002118,user_06037,prod_0076,2,78.83,2023-12-11T00:00:00Z,Beauty
cart_002119,user_06043,prod_0052,3,258.24,2023-12-31T00:00:00Z,Books
cart_002119,user_06043,prod_0072,2,245.23,2023-12-08T00:00:00Z,Beauty
cart_002119,user_06043,prod_0056,2,294.68,2023-12-22T00:00:00Z,Books
cart_002119,user_06043,prod_0013,1,138.3,2023-12-23T00:00:00Z,Electronics
cart_002119,user_06043,prod_0033,3,181.09,2023-12-17T00:00:00Z,Home & Kitchen
cart_002120,user_06046,prod_0011,1,212.14,2023-12-23T00:00:00Z,Electronics
cart_002121,user_06048,prod_0044,2,25.83,2023-12-03T00:00:00Z,Home & Kitchen
cart_002121,user_06048,prod_0033,3,181.09,2023-12-29T00:00:00Z,Home & Kitchen
cart_002121,user_06048,prod_0012,3,294.66,2023-12-13T00:00:00Z,Electronics
cart_002121,user_06048,prod_0011,3,212.14,2023-12-11T00:00:00Z,Electronics
cart_002122,user_06049,prod_0074,1,50.7,2023-12-17T00:00:00Z,Beauty
cart_002122,user_06049,prod_0052,3,258.24,2023-12-25T00:00:00Z,Books
cart_002123,user_06052,prod_0085,1,74.6,2023-12-04T00:00:00Z,Toys & Games
cart_002123,user_06052,prod_0004,3,181.99,2024-01-01T00:00:00Z,Electronics
cart_002123,user_06052,prod_0023,1,298.21,2023-12-16T00:00:00Z,Fashion
cart_002123,user_06052,prod_0005,1,137.07,2023-12-13T00:00:00Z,Electronics
cart_002123,user_06052,prod_0003,3,129.05,2023-12-31T00:00:00Z,Electronics
cart_002123,user_06052,prod_0001,2,192.99,2023-12-12T00:00:00Z,Electronics
cart_002124,user_06054,prod_0086,3,12.29,2023-12-14T00:00:00Z,Toys & Games
cart_002124,user_06054,prod_0024,2,18.85,2023-12-18T00:00:00Z,Fashion
cart_002124,user_06054,prod_0091,1,61.78,2023-12-09T00:00:00Z,Automotive
cart_002124,user_06054,prod_0094,2,290.3,2023-12-17T00:00:00Z,Automotive
cart_002124,user_06054,prod_0020,1,151.77,2023-12-15T00:00:00Z,Fashion
cart_002125,user_06055,prod_0054,1,254.52,2023-12-22T00:00:00Z,Books
cart_002125,user_06055,prod_0045,3,43.9,2023-12-13T00:00:00Z,Home & Kitchen
cart_002125,user_06055,prod_0036,2,147.88,2023-12-10T00:00:00Z,Home & Kitchen
cart_002125,user_06055,prod_0037,3,42.75,2023-12-06T00:00:00Z,Home & Kitchen
cart_002125,user_06055,prod_0027,3,8.38,2023-12-14T00:00:00Z,Fashion
cart_002125,user_06055,prod_0040,3,202.48,2023-12-22T00:00:00Z,Home & Kitchen
cart_002126,user_06057,prod_0095,2,180.39,2023-12-17T00:00:00Z,Automotive
cart_002126,user_06057,prod_0024,2,18.85,2023-12-04T00:00:00Z,Fashion
cart_002126,user_06057,prod_0084,1,169.61,2023-12-31T00:00:00Z,Toys & Games
cart_002126,user_06057,prod_0017,2,100.34,2023-12-31T00:00:00Z,Fashion
cart_002127,user_06059,prod_0072,1,245.23,2023-12-14T00:00:00Z,Beauty
cart_002128,user_06061,prod_0092,3,87.06,2023-12-15T00:00:00Z,Automotive
cart_002129,user_06062,prod_0059,3,175.28,2023-12-03T00:00:00Z,Books
cart_002130,user_06063,prod_0027,2,8.38,2023-12-30T00:00:00Z,Fashion
cart_002130,user_06063,prod_0024,2,18.85,2023-12-10T00:00:00Z,Fashion
cart_002130,user_06063,prod_0041,1,77.88,2023-12-06T00:00:00Z,Home & Kitchen
cart_002130,user_06063,prod_0082,3,17.3,2023-12-26T00:00:00Z,Toys & Games
cart_002131,user_06064,prod_0071,3,164.71,2023-12-26T00:00:00Z,Beauty
cart_002132,user_06068,prod_0069,3,153.73,2023-12-13T00:00:00Z,Sports & Fitness
cart_002133,user_06071,prod_0054,2,254.52,2023-12-16T00:00:00Z,Books
cart_002133,user_06071,prod_0018,1,14.44,2023-12-02T00:00:00Z,Fashion
cart_002133,user_06071,prod_0096,2,294.37,2023-12-18T00:00:00Z,Automotive
cart_002133,user_06071,prod_0056,3,294.68,2023-12-10T00:00:00Z,Books
cart_002134,user_06074,prod_0003,2,129.05,2023-12-04T00:00:00Z,Electronics
cart_002134,user_06074,prod_0051,2,141.01,2023-12-26T00:00:00Z,Books
cart_002134,user_06074,prod_0100,1,200.04,2023-12-31T00:00:00Z,Automotive
cart_002134,user_06074,prod_0081,2,250.37,2023-12-05T00:00:00Z,Toys & Games
cart_002135,user_06077,prod_0036,1,147.88,2023-12-26T00:00:00Z,Home & Kitchen
cart_002135,user_06077,prod_0070,2,263.51,2023-12-29T00:00:00Z,Sports & Fitness
cart_002136,user_06078,prod_0011,3,212.14,2023-12-24T00:00:00Z,Electronics
cart_002136,user_06078,prod_0089,1,70.4,2023-12-02T00:00:00Z,Toys & Games
cart_002137,user_06084,prod_0045,3,43.9,2023-12-10T00:00:00Z,Home & Kitchen
cart_002138,user_06087,prod_0024,2,18.85,2023-12-13T00:00:00Z,Fashion
cart_002138,user_06087,prod_0054,1,254.52,2024-01-01T00:00:00Z,Books
cart_002139,user_06092,prod_0081,2,250.37,2023-12-27T00:00:00Z,Toys & Games
cart_002139,user_06092,prod_0029,3,138.39,2023-12-10T00:00:00Z,Fashion
cart_002140,user_06096,prod_0027,3,8.38,2023-12-20T00:00:00Z,Fashion
cart_002141,user_06097,prod_0048,2,258.97,2023-12-27T00:00:00Z,Books
cart_002141,user_06097,prod_0042,2,72.65,2023-12-13T00:00:00Z,Home & Kitchen
cart_002141,user_06097,prod_0036,1,147.88,2023-12-09T00:00:00Z,Home & Kitchen
cart_002141,user_06097,prod_0050,1,60.92,2023-12-04T00:00:00Z,Books
cart_002141,user_06097,prod_0044,3,25.83,2023-12-18T00:00:00Z,Home & Kitchen
cart_002142,user_06098,prod_0025,3,129.12,2023-12-16T00:00:00Z,Fashion
cart_002142,user_06098,prod_0030,3,229.02,2023-12-27T00:00:00Z,Fashion
cart_002142,user_06098,prod_0017,3,100.34,2023-12-11T00:00:00Z,Fashion
cart_002142,user_06098,prod_0016,3,84.36,2024-01-01T00:00:00Z,Fashion
cart_002142,user_06098,prod_0021,1,46.05,2023-12-07T00:00:00Z,Fashion
cart_002142,user_06098,prod_0003,2,129.05,2023-12-13T00:00:00Z,Electronics
cart_002143,user_06101,prod_0040,2,202.48,2023-12-22T00:00:00Z,Home & Kitchen
cart_002143,user_06101,prod_0044,1,25.83,2023-12-06T00:00:00Z,Home & Kitchen
cart_002144,user_06102,prod_0002,2,46.02,2023-12-03T00:00:00Z,Electronics
cart_002144,user_06102,prod_0077,3,129.53,2023-12-30T00:00:00Z,Beauty
cart_002144,user_06102,prod_0005,3,137.07,2023-12-02T00:00:00Z,Electronics
cart_002144,user_06102,prod_0066,3,121.36,2023-12-04T00:00:00Z,Sports & Fitness
cart_002144,user_06102,prod_0091,1,61.78,2024-01-01T00:00:00Z,Automotive
cart_002144,user_06102,prod_0003,3,129.05,2023-12-04T00:00:00Z,Electronics
cart_002145,user_06103,prod_0058,3,148.08,2023-12-23T00:00:00Z,Books
cart_002145,user_06103,prod_0004,1,181.99,2023-12-06T00:00:00Z,Electronics
cart_002145,user_06103,prod_0094,3,290.3,2023-12-12T00:00:00Z,Automotive
cart_002146,user_06105,prod_0020,1,151.77,2023-12-06T00:00:00Z,Fashion
cart_002146,user_06105,prod_0098,3,163.3,2023-12-09T00:00:00Z,Automotive
cart_002146,user_06105,prod_0042,2,72.65,2023-12-26T00:00:00Z,Home & Kitchen
cart_002146,user_06105,prod_0007,2,286.42,2024-01-01T00:00:00Z,Electronics
cart_002147,user_06113,prod_0056,1,294.68,2023-12-31T00:00:00Z,Books
cart_002147,user_06113,prod_0057,3,209.8,2023-12-09T00:00:00Z,Books
cart_002147,user_06113,prod_0012,1,294.66,2023-12-12T00:00:00Z,Electronics
cart_002147,user_06113,prod_0003,2,129.05,2023-12-13T00:00:00Z,Electronics
cart_002147,user_06113,prod_0100,3,200.04,2023-12-24T00:00:00Z,Automotive
cart_002147,user_06113,prod_0002,3,46.02,2023-12-25T00:00:00Z,Electronics
cart_002148,user_06120,prod_0004,2,181.99,2023-12-30T00:00:00Z,Electronics
cart_002149,user_06125,prod_0047,1,33.5,2023-12-17T00:00:00Z,Books
cart_002149,user_06125,prod_0005,2,137.07,2023-12-04T00:00:00Z,Electronics
cart_002149,user_06125,prod_0051,2,141.01,2023-12-10T00:00:00Z,Books
cart_002149,user_06125,prod_0001,1,192.99,2023-12-02T00:00:00Z,Electronics
cart_002150,user_06126,prod_0005,2,137.07,2023-12-22T00:00:00Z,Electronics
cart_002150,user_06126,prod_0029,1,138.39,2023-12-10T00:00:00Z,Fashion
cart_002150,user_06126,prod_0037,3,42.75,2023-12-03T00:00:00Z,Home & Kitchen
cart_002151,user_06127,prod_0065,3,81.67,2023-12-16T00:00:00Z,Sports & Fitness
cart_002152,user_06130,prod_0037,3,42.75,2023-12-14T00:00:00Z,Home & Kitchen
cart_002152,user_06130,prod_0067,2,278.13,2023-12-30T00:00:00Z,Sports & Fitness
cart_002152,user_06130,prod_0064,2,128.25,2023-12-26T00:00:00Z,Sports & Fitness
cart_002152,user_06130,prod_0100,2,200.04,2023-12-18T00:00:00Z,Automotive
cart_002152,user_06130,prod_0027,1,8.38,2024-01-01T00:00:00Z,Fashion
cart_002153,user_06132,prod_0061,2,287.47,2023-12-31T00:00:00Z,Sports & Fitness
cart_002153,user_06132,prod_0077,2,129.53,2023-12-15T00:00:00Z,Beauty
cart_002153,user_06132,prod_0069,1,153.73,2024-01-01T00:00:00Z,Sports & Fitness
cart_002153,user_06132,prod_0033,2,181.09,2023-12-22T00:00:00Z,Home & Kitchen
cart_002154,user_06133,prod_0003,1,129.05,2023-12-21T00:00:00Z,Electronics
cart_002155,user_06135,prod_0096,3,294.37,2023-12-13T00:00:00Z,Automotive
cart_002155,user_06135,prod_0042,1,72.65,2023-12-29T00:00:00Z,Home & Kitchen
cart_002155,user_06135,prod_0094,1,290.3,2023-12-03T00:00:00Z,Automotive
cart_002156,user_06136,prod_0083,2,66.76,2023-12-26T00:00:00Z,Toys & Games
cart_002156,user_06136,prod_0055,3,259.21,2023-12-24T00:00:00Z,Books
cart_002156,user_06136,prod_0049,1,219.09,2023-12-28T00:00:00Z,Books
cart_002156,user_06136,prod_0096,3,294.37,2023-12-27T00:00:00Z,Automotive
cart_002157,user_06144,prod_0005,1,137.07,2023-12-16T00:00:00Z,Electronics
cart_002157,user_06144,prod_0017,2,100.34,2023-12-07T00:00:00Z,Fashion
cart_002157,user_06144,prod_0020,2,151.77,2023-12-15T00:00:00Z,Fashion
cart_002158,user_06145,prod_0076,1,78.83,2023-12-07T00:00:00Z,Beauty
cart_002158,user_06145,prod_0038,1,160.14,2023-12-20T00:00:00Z,Home & Kitchen
cart_002159,user_06146,prod_0058,1,148.08,2024-01-01T00:00:00Z,Books
cart_002159,user_06146,prod_0040,2,202.48,2023-12-05T00:00:00Z,Home & Kitchen
cart_002159,user_06146,prod_0049,1,219.09,2023-12-31T00:00:00Z,Books
cart_002160,user_06159,prod_0005,2,137.07,2023-12-06T00:00:00Z,Electronics
cart_002160,user_06159,prod_0049,2,219.09,2023-12-27T00:00:00Z,Books
cart_002160,user_06159,prod_0031,3,92.74,2023-12-27T00:00:00Z,Home & Kitchen
cart_002160,user_06159,prod_0070,2,263.51,2023-12-13T00:00:00Z,Sports & Fitness
cart_002160,user_06159,prod_0061,2,287.47,2023-12-05T00:00:00Z,Sports & Fitness
cart_002160,user_06159,prod_0097,2,18.05,2023-12-22T00:00:00Z,Automotive
cart_002161,user_06161,prod_0070,1,263.51,2023-12-02T00:00:00Z,Sports & Fitness
cart_002161,user_06161,prod_0045,1,43.9,2023-12-17T00:00:00Z,Home & Kitchen
cart_002161,user_06161,prod_0068,3,298.55,2023-12-07T00:00:00Z,Sports & Fitness
cart_002161,user_06161,prod_0071,2,164.71,2023-12-08T00:00:00Z,Beauty
cart_002162,user_06162,prod_0053,3,163.93,2023-12-15T00:00:00Z,Books
cart_002162,user_06162,prod_0052,1,258.24,2023-12-03T00:00:00Z,Books
cart_002162,user_06162,prod_0080,3,282.84,2023-12-05T00:00:00Z,Beauty
cart_002162,user_06162,prod_0088,3,236.49,2023-12-17T00:00:00Z,Toys & Games
cart_002163,user_06167,prod_0070,2,263.51,2023-12-25T00:00:00Z,Sports & Fitness
cart_002163,user_06167,prod_0058,3,148.08,2023-12-15T00:00:00Z,Books
cart_002163,user_06167,prod_0033,1,181.09,2023-12-12T00:00:00Z,Home & Kitchen
cart_002163,user_06167,prod_0054,1,254.52,2023-12-09T00:00:00Z,Books
cart_002163,user_06167,prod_0049,1,219.09,2023-12-25T00:00:00Z,Books
cart_002163,user_06167,prod_0007,2,286.42,2023-12-03T00:00:00Z,Electronics
cart_002164,user_06170,prod_0084,3,169.61,2023-12-15T00:00:00Z,Toys & Games
cart_002164,user_06170,prod_0066,1,121.36,2023-12-08T00:00:00Z,Sports & Fitness
cart_002164,user_06170,prod_0093,2,253.04,2023-12-23T00:00:00Z,Automotive
cart_002164,user_06170,prod_0043,2,22.31,2023-12-21T00:00:00Z,Home & Kitchen
cart_002164,user_06170,prod_0073,2,44.48,2023-12-03T00:00:00Z,Beauty
cart_002165,user_06172,prod_0047,3,33.5,2023-12-17T00:00:00Z,Books
cart_002166,user_06173,prod_0003,3,129.05,2023-12-24T00:00:00Z,Electronics
cart_002166,user_06173,prod_0041,2,77.88,2023-12-20T00:00:00Z,Home & Kitchen
cart_002166,user_06173,prod_0048,2,258.97,2023-12-20T00:00:00Z,Books
cart_002167,user_06176,prod_0061,3,287.47,2023-12-02T00:00:00Z,Sports & Fitness
cart_002168,user_06178,prod_0051,3,141.01,2023-12-26T00:00:00Z,Books
cart_002168,user_06178,prod_0024,2,18.85,2023-12-23T00:00:00Z,Fashion
cart_002168,user_06178,prod_0060,1,176.75,2023-12-18T00:00:00Z,Books
cart_002168,user_06178,prod_0053,1,163.93,2023-12-08T00:00:00Z,Books
cart_002169,user_06180,prod_0014,3,66.6,2023-12-18T00:00:00Z,Electronics
cart_002169,user_06180,prod_0003,1,129.05,2023-12-27T00:00:00Z,Electronics
cart_002169,user_06180,prod_0097,2,18.05,2023-12-28T00:00:00Z,Automotive
cart_002170,user_06182,prod_0072,3,245.23,2023-12-25T00:00:00Z,Beauty
cart_002170,user_06182,prod_0011,2,212.14,2023-12-23T00:00:00Z,Electronics
cart_002171,user_06185,prod_0021,2,46.05,2023-12-27T00:00:00Z,Fashion
cart_002171,user_06185,prod_0025,3,129.12,2023-12-20T00:00:00Z,Fashion
cart_002171,user_06185,prod_0072,3,245.23,2024-01-01T00:00:00Z,Beauty
cart_002171,user_06185,prod_0030,3,229.02,2023-12-02T00:00:00Z,Fashion
cart_002171,user_06185,prod_0079,2,167.19,2023-12-02T00:00:00Z,Beauty
cart_002171,user_06185,prod_0026,1,142.61,2023-12-15T00:00:00Z,Fashion
cart_002172,user_06187,prod_0040,3,202.48,2023-12-17T00:00:00Z,Home & Kitchen
cart_002173,user_06188,prod_0060,3,176.75,2023-12-22T00:00:00Z,Books
cart_002173,user_06188,prod_0075,1,64.86,2023-12-20T00:00:00Z,Beauty
cart_002173,user_06188,prod_0043,2,22.31,2023-12-19T00:00:00Z,Home & Kitchen
cart_002174,user_06190,prod_0055,2,259.21,2023-12-02T00:00:00Z,Books
cart_002174,user_06190,prod_0071,1,164.71,2023-12-09T00:00:00Z,Beauty
cart_002174,user_06190,prod_0032,2,229.18,2023-12-04T00:00:00Z,Home & Kitchen
cart_002174,user_06190,prod_0019,1,273.46,2023-12-21T00:00:00Z,Fashion
cart_002174,user_06190,prod_0048,3,258.97,2023-12-14T00:00:00Z,Books
cart_002175,user_06193,prod_0024,1,18.85,2023-12-23T00:00:00Z,Fashion
cart_002175,user_06193,prod_0027,1,8.38,2023-12-27T00:00:00Z,Fashion
cart_002175,user_06193,prod_0077,3,129.53,2023-12-31T00:00:00Z,Beauty
cart_002175,user_06193,prod_0033,2,181.09,2023-12-28T00:00:00Z,Home & Kitchen
cart_002175,user_06193,prod_0029,1,138.39,2023-12-06T00:00:00Z,Fashion
cart_002175,user_06193,prod_0080,2,282.84,2023-12-22T00:00:00Z,Beauty
cart_002176,user_06196,prod_0014,1,66.6,2023-12-29T00:00:00Z,Electronics
cart_002176,user_06196,prod_0074,2,50.7,2023-12-07T00:00:00Z,Beauty
cart_002177,user_06201,prod_0075,2,64.86,2023-12-14T00:00:00Z,Beauty
cart_002177,user_06201,prod_0070,2,263.51,2023-12-06T00:00:00Z,Sports & Fitness
cart_002178,user_06202,prod_0063,3,266.74,2023-12-02T00:00:00Z,Sports & Fitness
cart_002179,user_06203,prod_0080,1,282.84,2023-12-11T00:00:00Z,Beauty
cart_002180,user_06206,prod_0074,1,50.7,2023-12-25T00:00:00Z,Beauty
cart_002180,user_06206,prod_0072,3,245.23,2023-12-25T00:00:00Z,Beauty
cart_002181,user_06208,prod_0076,2,78.83,2023-12-07T00:00:00Z,Beauty
cart_002181,user_06208,prod_0047,2,33.5,2023-12-26T00:00:00Z,Books
cart_002181,user_06208,prod_0043,1,22.31,2023-12-10T00:00:00Z,Home & Kitchen
cart_002181,user_06208,prod_0024,3,18.85,2023-12-26T00:00:00Z,Fashion
cart_002182,user_06209,prod_0085,2,74.6,2023-12-07T00:00:00Z,Toys & Games
cart_002182,user_06209,prod_0054,1,254.52,2023-12-26T00:00:00Z,Books
cart_002182,user_06209,prod_0008,3,110.54,2023-12-26T00:00:00Z,Electronics
cart_002182,user_06209,prod_0012,2,294.66,2023-12-14T00:00:00Z,Electronics
cart_002183,user_06210,prod_0004,1,181.99,2023-12-15T00:00:00Z,Electronics
cart_002183,user_06210,prod_0066,3,121.36,2023-12-17T00:00:00Z,Sports & Fitness
cart_002183,user_06210,prod_0061,3,287.47,2023-12-24T00:00:00Z,Sports & Fitness
cart_002183,user_06210,prod_0074,2,50.7,2023-12-19T00:00:00Z,Beauty
cart_002183,user_06210,prod_0075,2,64.86,2024-01-01T00:00:00Z,Beauty
cart_002183,user_06210,prod_0089,3,70.4,2023-12-15T00:00:00Z,Toys & Games
cart_002184,user_06213,prod_0084,2,169.61,2023-12-04T00:00:00Z,Toys & Games
cart_002185,user_06216,prod_0054,2,254.52,2023-12-23T00:00:00Z,Books
cart_002185,user_06216,prod_0010,2,91.19,2023-12-08T00:00:00Z,Electronics
cart_002185,user_06216,prod_0004,3,181.99,2023-12-04T00:00:00Z,Electronics
cart_002186,user_06219,prod_0074,3,50.7,2023-12-12T00:00:00Z,Beauty
cart_002187,user_06220,prod_0087,1,126.04,2024-01-01T00:00:00Z,Toys & Games
cart_002187,user_06220,prod_0055,3,259.21,2023-12-14T00:00:00Z,Books
cart_002187,user_06220,prod_0047,1,33.5,2023-12-25T00:00:00Z,Books
cart_002188,user_06224,prod_0076,1,78.83,2023-12-02T00:00:00Z,Beauty
cart_002188,user_06224,prod_0054,3,254.52,2023-12-15T00:00:00Z,Books
cart_002188,user_06224,prod_0087,1,126.04,2023-12-09T00:00:00Z,Toys & Games
cart_002188,user_06224,prod_0053,1,163.93,2023-12-17T00:00:00Z,Books
cart_002189,user_06228,prod_0008,1,110.54,2023-12-16T00:00:00Z,Electronics
cart_002189,user_06228,prod_0046,3,76.44,2023-12-08T00:00:00Z,Books
cart_002189,user_06228,prod_0053,3,163.93,2023-12-24T00:00:00Z,Books
cart_002189,user_06228,prod_0001,3,192.99,2023-12-31T00:00:00Z,Electronics
cart_002190,user_06230,prod_0002,1,46.02,2023-12-18T00:00:00Z,Electronics
cart_002190,user_06230,prod_0039,2,227.05,2023-12-12T00:00:00Z,Home & Kitchen
cart_002190,user_06230,prod_0100,1,200.04,2023-12-04T00:00:00Z,Automotive
cart_002190,user_06230,prod_0053,2,163.93,2023-12-07T00:00:00Z,Books
cart_002190,user_06230,prod_0058,3,148.08,2023-12-05T00:00:00Z,Books
cart_002191,user_06241,prod_0041,2,77.88,2023-12-14T00:00:00Z,Home & Kitchen
cart_002191,user_06241,prod_0057,1,209.8,2023-12-09T00:00:00Z,Books
cart_002191,user_06241,prod_0088,2,236.49,2023-12-31T00:00:00Z,Toys & Games
cart_002191,user_06241,prod_0032,1,229.18,2023-12-05T00:00:00Z,Home & Kitchen
cart_002191,user_06241,prod_0033,2,181.09,2023-12-06T00:00:00Z,Home & Kitchen
cart_002191,user_06241,prod_0055,1,259.21,2023-12-29T00:00:00Z,Books
cart_002192,user_06244,prod_0099,2,25.57,2023-12-18T00:00:00Z,Automotive
cart_002192,user_06244,prod_0070,1,263.51,2023-12-19T00:00:00Z,Sports & Fitness
cart_002192,user_06244,prod_0013,3,138.3,2023-12-12T00:00:00Z,Electronics
cart_002192,user_06244,prod_0011,1,212.14,2023-12-13T00:00:00Z,Electronics
cart_002192,user_06244,prod_0085,1,74.6,2023-12-28T00:00:00Z,Toys & Games
cart_002193,user_06246,prod_0009,2,219.54,2023-12-14T00:00:00Z,Electronics
cart_002193,user_06246,prod_0054,2,254.52,2023-12-11T00:00:00Z,Books
cart_002194,user_06247,prod_0005,2,137.07,2023-12-26T00:00:00Z,Electronics
cart_002194,user_06247,prod_0087,2,126.04,2023-12-06T00:00:00Z,Toys & Games
cart_002195,user_06252,prod_0096,1,294.37,2023-12-08T00:00:00Z,Automotive
cart_002195,user_06252,prod_0046,1,76.44,2023-12-20T00:00:00Z,Books
cart_002196,user_06254,prod_0013,2,138.3,2023-12-13T00:00:00Z,Electronics
cart_002196,user_06254,prod_0028,3,230.97,2024-01-01T00:00:00Z,Fashion
cart_002196,user_06254,prod_0014,3,66.6,2023-12-24T00:00:00Z,Electronics
cart_002196,user_06254,prod_0085,2,74.6,2023-12-15T00:00:00Z,Toys & Games
cart_002196,user_06254,prod_0071,2,164.71,2023-12-08T00:00:00Z,Beauty
cart_002197,user_06255,prod_0073,2,44.48,2023-12-19T00:00:00Z,Beauty
cart_002197,user_06255,prod_0077,3,129.53,2023-12-29T00:00:00Z,Beauty
cart_002197,user_06255,prod_0049,1,219.09,2023-12-17T00:00:00Z,Books
cart_002197,user_06255,prod_0100,2,200.04,2023-12-29T00:00:00Z,Automotive
cart_002197,user_06255,prod_0075,1,64.86,2023-12-18T00:00:00Z,Beauty
cart_002197,user_06255,prod_0090,3,246.24,2023-12-05T00:00:00Z,Toys & Games
cart_002198,user_06260,prod_0014,2,66.6,2023-12-13T00:00:00Z,Electronics
cart_002198,user_06260,prod_0002,2,46.02,2023-12-22T00:00:00Z,Electronics
cart_002198,user_06260,prod_0057,3,209.8,2023-12-03T00:00:00Z,Books
cart_002198,user_06260,prod_0054,2,254.52,2023-12-19T00:00:00Z,Books
cart_002198,user_06260,prod_0046,1,76.44,2023-12-16T00:00:00Z,Books
cart_002198,user_06260,prod_0049,3,219.09,2023-12-15T00:00:00Z,Books
cart_002199,user_06261,prod_0010,2,91.19,2023-12-07T00:00:00Z,Electronics
cart_002199,user_06261,prod_0052,2,258.24,2023-12-24T00:00:00Z,Books
cart_002199,user_06261,prod_0042,1,72.65,2023-12-06T00:00:00Z,Home & Kitchen
cart_002199,user_06261,prod_0090,2,246.24,2023-12-02T00:00:00Z,Toys & Games
cart_002200,user_06262,prod_0041,3,77.88,2023-12-09T00:00:00Z,Home & Kitchen
cart_002200,user_06262,prod_0031,3,92.74,2023-12-05T00:00:00Z,Home & Kitchen
cart_002201,user_06268,prod_0028,3,230.97,2023-12-27T00:00:00Z,Fashion
cart_002201,user_06268,prod_0037,1,42.75,2023-12-16T00:00:00Z,Home & Kitchen
cart_002201,user_06268,prod_0054,1,254.52,2023-12-02T00:00:00Z,Books
cart_002201,user_06268,prod_0055,3,259.21,2023-12-13T00:00:00Z,Books
cart_002201,user_06268,prod_0051,3,141.01,2023-12-15T00:00:00Z,Books
cart_002202,user_06270,prod_0025,1,129.12,2023-12-28T00:00:00Z,Fashion
cart_002202,user_06270,prod_0003,1,129.05,2023-12-02T00:00:00Z,Electronics
cart_002203,user_06271,prod_0002,3,46.02,2023-12-02T00:00:00Z,Electronics
cart_002204,user_06273,prod_0078,2,43.46,2023-12-03T00:00:00Z,Beauty
cart_002204,user_06273,prod_0094,3,290.3,2023-12-21T00:00:00Z,Automotive
cart_002204,user_06273,prod_0023,2,298.21,2023-12-29T00:00:00Z,Fashion
cart_002204,user_06273,prod_0030,1,229.02,2023-12-26T00:00:00Z,Fashion
cart_002204,user_06273,prod_0077,3,129.53,2023-12-15T00:00:00Z,Beauty
cart_002205,user_06287,prod_0038,2,160.14,2023-12-27T00:00:00Z,Home & Kitchen
cart_002205,user_06287,prod_0004,1,181.99,2023-12-24T00:00:00Z,Electronics
cart_002206,user_06288,prod_0022,2,176.87,2023-12-24T00:00:00Z,Fashion
cart_002206,user_06288,prod_0030,1,229.02,2023-12-20T00:00:00Z,Fashion
cart_002207,user_06289,prod_0055,2,259.21,2023-12-19T00:00:00Z,Books
cart_002207,user_06289,prod_0015,1,55.31,2023-12-25T00:00:00Z,Electronics
cart_002207,user_06289,prod_0081,2,250.37,2023-12-17T00:00:00Z,Toys & Games
cart_002207,user_06289,prod_0058,3,148.08,2023-12-03T00:00:00Z,Books
cart_002207,user_06289,prod_0092,3,87.06,2024-01-01T00:00:00Z,Automotive
cart_002207,user_06289,prod_0057,2,209.8,2023-12-25T00:00:00Z,Books
cart_002208,user_06290,prod_0054,3,254.52,2023-12-15T00:00:00Z,Books
cart_002208,user_06290,prod_0033,2,181.09,2023-12-27T00:00:00Z,Home & Kitchen
cart_002208,user_06290,prod_0093,1,253.04,2024-01-01T00:00:00Z,Automotive
cart_002208,user_06290,prod_0004,2,181.99,2023-12-06T00:00:00Z,Electronics
cart_002209,user_06291,prod_0076,3,78.83,2023-12-21T00:00:00Z,Beauty
cart_002210,user_06294,prod_0004,3,181.99,2023-12-27T00:00:00Z,Electronics
cart_002210,user_06294,prod_0019,1,273.46,2023-12-13T00:00:00Z,Fashion
cart_002210,user_06294,prod_0009,2,219.54,2023-12-26T00:00:00Z,Electronics
cart_002211,user_06295,prod_0086,1,12.29,2023-12-07T00:00:00Z,Toys & Games
cart_002212,user_06297,prod_0056,1,294.68,2023-12-16T00:00:00Z,Books
cart_002213,user_06305,prod_0020,2,151.77,2023-12-21T00:00:00Z,Fashion
cart_002214,user_06312,prod_0074,3,50.7,2023-12-10T00:00:00Z,Beauty
cart_002214,user_06312,prod_0072,1,245.23,2023-12-15T00:00:00Z,Beauty
cart_002214,user_06312,prod_0077,2,129.53,2023-12-27T00:00:00Z,Beauty
cart_002214,user_06312,prod_0070,3,263.51,2023-12-02T00:00:00Z,Sports & Fitness
cart_002215,user_06313,prod_0042,1,72.65,2023-12-24T00:00:00Z,Home & Kitchen
cart_002215,user_06313,prod_0060,1,176.75,2023-12-09T00:00:00Z,Books
cart_002216,user_06316,prod_0085,3,74.6,2023-12-03T00:00:00Z,Toys & Games
cart_002216,user_06316,prod_0058,3,148.08,2023-12-23T00:00:00Z,Books
cart_002216,user_06316,prod_0073,3,44.48,2023-12-25T00:00:00Z,Beauty
cart_002216,user_06316,prod_0046,2,76.44,2023-12-17T00:00:00Z,Books
cart_002216,user_06316,prod_0040,1,202.48,2023-12-09T00:00:00Z,Home & Kitchen
cart_002217,user_06320,prod_0078,2,43.46,2023-12-29T00:00:00Z,Beauty
cart_002217,user_06320,prod_0018,2,14.44,2023-12-24T00:00:00Z,Fashion
cart_002217,user_06320,prod_0023,1,298.21,2023-12-04T00:00:00Z,Fashion
cart_002217,user_06320,prod_0022,2,176.87,2023-12-04T00:00:00Z,Fashion
cart_002217,user_06320,prod_0030,3,229.02,2023-12-02T00:00:00Z,Fashion
cart_002217,user_06320,prod_0073,3,44.48,2023-12-15T00:00:00Z,Beauty
cart_002218,user_06321,prod_0022,2,176.87,2023-12-26T00:00:00Z,Fashion
cart_002218,user_06321,prod_0018,3,14.44,2023-12-18T00:00:00Z,Fashion
cart_002218,user_06321,prod_0075,1,64.86,2023-12-22T00:00:00Z,Beauty
cart_002218,user_06321,prod_0027,1,8.38,2023-12-30T00:00:00Z,Fashion
cart_002218,user_06321,prod_0025,1,129.12,2023-12-31T00:00:00Z,Fashion
cart_002219,user_06334,prod_0003,3,129.05,2023-12-11T00:00:00Z,Electronics
cart_002219,user_06334,prod_0087,3,126.04,2023-12-24T00:00:00Z,Toys & Games
cart_002219,user_06334,prod_0076,1,78.83,2023-12-11T00:00:00Z,Beauty
cart_002219,user_06334,prod_0068,1,298.55,2023-12-04T00:00:00Z,Sports & Fitness
cart_002219,user_06334,prod_0099,3,25.57,2023-12-13T00:00:00Z,Automotive
cart_002219,user_06334,prod_0066,1,121.36,2023-12-23T00:00:00Z,Sports & Fitness
cart_002220,user_06338,prod_0096,1,294.37,2023-12-31T00:00:00Z,Automotive
cart_002220,user_06338,prod_0029,2,138.39,2023-12-03T00:00:00Z,Fashion
cart_002220,user_06338,prod_0003,2,129.05,2023-12-19T00:00:00Z,Electronics
cart_002220,user_06338,prod_0045,3,43.9,2023-12-19T00:00:00Z,Home & Kitchen
cart_002220,user_06338,prod_0077,3,129.53,2023-12-25T00:00:00Z,Beauty
cart_002220,user_06338,prod_0093,1,253.04,2023-12-23T00:00:00Z,Automotive
cart_002221,user_06343,prod_0076,3,78.83,2023-12-18T00:00:00Z,Beauty
cart_002222,user_06344,prod_0032,1,229.18,2023-12-18T00:00:00Z,Home & Kitchen
cart_002222,user_06344,prod_0001,2,192.99,2023-12-02T00:00:00Z,Electronics
cart_002222,user_06344,prod_0057,1,209.8,2023-12-30T00:00:00Z,Books
cart_002222,user_06344,prod_0040,3,202.48,2023-12-19T00:00:00Z,Home & Kitchen
cart_002222,user_06344,prod_0053,2,163.93,2023-12-25T00:00:00Z,Books
cart_002222,user_06344,prod_0039,3,227.05,2023-12-04T00:00:00Z,Home & Kitchen
cart_002223,user_06349,prod_0074,1,50.7,2023-12-03T00:00:00Z,Beauty
cart_002223,user_06349,prod_0002,2,46.02,2023-12-13T00:00:00Z,Electronics
cart_002223,user_06349,prod_0040,3,202.48,2023-12-20T00:00:00Z,Home & Kitchen
cart_002223,user_06349,prod_0062,2,24.98,2023-12-03T00:00:00Z,Sports & Fitness
cart_002224,user_06358,prod_0057,3,209.8,2023-12-05T00:00:00Z,Books
cart_002224,user_06358,prod_0002,3,46.02,2023-12-24T00:00:00Z,Electronics
cart_002224,user_06358,prod_0059,2,175.28,2023-12-10T00:00:00Z,Books
cart_002224,user_06358,prod_0009,3,219.54,2023-12-20T00:00:00Z,Electronics
cart_002224,user_06358,prod_0003,3,129.05,2023-12-02T00:00:00Z,Electronics
cart_002224,user_06358,prod_0014,1,66.6,2023-12-17T00:00:00Z,Electronics
cart_002225,user_06362,prod_0056,1,294.68,2023-12-22T00:00:00Z,Books
cart_002225,user_06362,prod_0080,1,282.84,2023-12-22T00:00:00Z,Beauty
cart_002225,user_06362,prod_0072,1,245.23,2023-12-21T00:00:00Z,Beauty
cart_002226,user_06365,prod_0075,3,64.86,2023-12-21T00:00:00Z,Beauty
cart_002227,user_06366,prod_0093,1,253.04,2023-12-26T00:00:00Z,Automotive
cart_002227,user_06366,prod_0008,1,110.54,2023-12-13T00:00:00Z,Electronics
cart_002227,user_06366,prod_0038,3,160.14,2023-12-25T00:00:00Z,Home & Kitchen
cart_002227,user_06366,prod_0020,3,151.77,2023-12-16T00:00:00Z,Fashion
cart_002227,user_06366,prod_0028,2,230.97,2023-12-25T00:00:00Z,Fashion
cart_002227,user_06366,prod_0026,1,142.61,2023-12-31T00:00:00Z,Fashion
cart_002228,user_06368,prod_0001,1,192.99,2023-12-02T00:00:00Z,Electronics
cart_002228,user_06368,prod_0059,2,175.28,2023-12-06T00:00:00Z,Books
cart_002228,user_06368,prod_0013,1,138.3,2023-12-11T00:00:00Z,Electronics
cart_002228,user_06368,prod_0032,1,229.18,2023-12-29T00:00:00Z,Home & Kitchen
cart_002228,user_06368,prod_0061,3,287.47,2023-12-31T00:00:00Z,Sports & Fitness
cart_002228,user_06368,prod_0053,1,163.93,2023-12-07T00:00:00Z,Books
cart_002229,user_06369,prod_0018,2,14.44,2023-12-11T00:00:00Z,Fashion
cart_002229,user_06369,prod_0030,1,229.02,2023-12-19T00:00:00Z,Fashion
cart_002229,user_06369,prod_0064,1,128.25,2023-12-06T00:00:00Z,Sports & Fitness
cart_002229,user_06369,prod_0072,1,245.23,2023-12-22T00:00:00Z,Beauty
cart_002230,user_06371,prod_0031,2,92.74,2023-12-02T00:00:00Z,Home & Kitchen
cart_002230,user_06371,prod_0060,2,176.75,2023-12-30T00:00:00Z,Books
cart_002231,user_06376,prod_0025,2,129.12,2023-12-31T00:00:00Z,Fashion
cart_002231,user_06376,prod_0026,2,142.61,2023-12-31T00:00:00Z,Fashion
cart_002232,user_06377,prod_0077,3,129.53,2023-12-15T00:00:00Z,Beauty
cart_002232,user_06377,prod_0028,3,230.97,2023-12-26T00:00:00Z,Fashion
cart_002232,user_06377,prod_0020,1,151.77,2023-12-16T00:00:00Z,Fashion
cart_002232,user_06377,prod_0092,3,87.06,2023-12-12T00:00:00Z,Automotive
cart_002233,user_06380,prod_0039,3,227.05,2023-12-27T00:00:00Z,Home & Kitchen
cart_002233,user_06380,prod_0074,2,50.7,2023-12-25T00:00:00Z,Beauty
cart_002233,user_06380,prod_0062,2,24.98,2023-12-29T00:00:00Z,Sports & Fitness
cart_002234,user_06383,prod_0048,1,258.97,2023-12-29T00:00:00Z,Books
cart_002235,user_06386,prod_0049,1,219.09,2023-12-05T00:00:00Z,Books
cart_002235,user_06386,prod_0004,3,181.99,2023-12-06T00:00:00Z,Electronics
cart_002235,user_06386,prod_0034,3,263.34,2023-12-28T00:00:00Z,Home & Kitchen
cart_002235,user_06386,prod_0076,1,78.83,2023-12-22T00:00:00Z,Beauty
cart_002235,user_06386,prod_0090,2,246.24,2023-12-29T00:00:00Z,Toys & Games
cart_002235,user_06386,prod_0002,3,46.02,2023-12-07T00:00:00Z,Electronics
cart_002236,user_06387,prod_0007,2,286.42,2023-12-21T00:00:00Z,Electronics
cart_002236,user_06387,prod_0036,3,147.88,2023-12-05T00:00:00Z,Home & Kitchen
cart_002236,user_06387,prod_0014,3,66.6,2024-01-01T00:00:00Z,Electronics
cart_002236,user_06387,prod_0015,2,55.31,2023-12-17T00:00:00Z,Electronics
cart_002237,user_06391,prod_0054,1,254.52,2023-12-09T00:00:00Z,Books
cart_002237,user_06391,prod_0058,3,148.08,2023-12-04T00:00:00Z,Books
cart_002237,user_06391,prod_0049,1,219.09,2023-12-15T00:00:00Z,Books
cart_002238,user_06396,prod_0008,2,110.54,2023-12-17T00:00:00Z,Electronics
cart_002238,user_06396,prod_0021,2,46.05,2023-12-18T00:00:00Z,Fashion
cart_002238,user_06396,prod_0004,3,181.99,2023-12-07T00:00:00Z,Electronics
cart_002239,user_06397,prod_0069,1,153.73,2023-12-02T00:00:00Z,Sports & Fitness
cart_002239,user_06397,prod_0074,3,50.7,2023-12-18T00:00:00Z,Beauty
cart_002239,user_06397,prod_0005,1,137.07,2023-12-09T00:00:00Z,Electronics
cart_002239,user_06397,prod_0030,2,229.02,2023-12-21T00:00:00Z,Fashion
cart_002239,user_06397,prod_0077,3,129.53,2023-12-21T00:00:00Z,Beauty
cart_002240,user_06402,prod_0077,1,129.53,2023-12-23T00:00:00Z,Beauty
cart_002240,user_06402,prod_0021,2,46.05,2023-12-16T00:00:00Z,Fashion
cart_002241,user_06404,prod_0095,1,180.39,2023-12-13T00:00:00Z,Automotive
cart_002241,user_06404,prod_0074,1,50.7,2023-12-19T00:00:00Z,Beauty
cart_002242,user_06408,prod_0057,1,209.8,2023-12-05T00:00:00Z,Books
cart_002242,user_06408,prod_0053,1,163.93,2023-12-23T00:00:00Z,Books
cart_002243,user_06409,prod_0093,1,253.04,2023-12-22T00:00:00Z,Automotive
cart_002243,user_06409,prod_0087,1,126.04,2023-12-27T00:00:00Z,Toys & Games
cart_002244,user_06410,prod_0079,3,167.19,2023-12-26T00:00:00Z,Beauty
cart_002244,user_06410,prod_0096,3,294.37,2023-12-16T00:00:00Z,Automotive
cart_002244,user_06410,prod_0076,3,78.83,2023-12-12T00:00:00Z,Beauty
cart_002244,user_06410,prod_0097,3,18.05,2023-12-12T00:00:00Z,Automotive
cart_002244,user_06410,prod_0084,2,169.61,2023-12-11T00:00:00Z,Toys & Games
cart_002245,user_06411,prod_0037,1,42.75,2023-12-04T00:00:00Z,Home & Kitchen
cart_002245,user_06411,prod_0030,2,229.02,2023-12-19T00:00:00Z,Fashion
cart_002245,user_06411,prod_0046,3,76.44,2023-12-12T00:00:00Z,Books
cart_002245,user_06411,prod_0009,2,219.54,2023-12-14T00:00:00Z,Electronics
cart_002245,user_06411,prod_0039,1,227.05,2023-12-09T00:00:00Z,Home & Kitchen
cart_002245,user_06411,prod_0047,3,33.5,2023-12-08T00:00:00Z,Books
cart_002246,user_06413,prod_0058,1,148.08,2023-12-14T00:00:00Z,Books
cart_002246,user_06413,prod_0047,2,33.5,2023-12-15T00:00:00Z,Books
cart_002246,user_06413,prod_0036,1,147.88,2023-12-26T00:00:00Z,Home & Kitchen
cart_002246,user_06413,prod_0017,3,100.34,2023-12-17T00:00:00Z,Fashion
cart_002247,user_06414,prod_0011,2,212.14,2023-12-05T00:00:00Z,Electronics
cart_002247,user_06414,prod_0017,2,100.34,2023-12-19T00:00:00Z,Fashion
cart_002247,user_06414,prod_0028,1,230.97,2023-12-20T00:00:00Z,Fashion
cart_002248,user_06415,prod_0038,2,160.14,2023-12-22T00:00:00Z,Home & Kitchen
cart_002248,user_06415,prod_0049,3,219.09,2023-12-09T00:00:00Z,Books
cart_002248,user_06415,prod_0051,1,141.01,2023-12-15T00:00:00Z,Books
cart_002248,user_06415,prod_0098,1,163.3,2023-12-08T00:00:00Z,Automotive
cart_002248,user_06415,prod_0058,1,148.08,2023-12-10T00:00:00Z,Books
cart_002248,user_06415,prod_0074,1,50.7,2023-12-20T00:00:00Z,Beauty
cart_002249,user_06419,prod_0066,1,121.36,2023-12-30T00:00:00Z,Sports & Fitness
cart_002250,user_06421,prod_0020,3,151.77,2023-12-10T00:00:00Z,Fashion
cart_002251,user_06424,prod_0013,3,138.3,2023-12-29T00:00:00Z,Electronics
cart_002251,user_06424,prod_0037,3,42.75,2023-12-23T00:00:00Z,Home & Kitchen
cart_002251,user_06424,prod_0034,1,263.34,2023-12-16T00:00:00Z,Home & Kitchen
cart_002252,user_06425,prod_0056,1,294.68,2023-12-04T00:00:00Z,Books
cart_002252,user_06425,prod_0086,2,12.29,2023-12-04T00:00:00Z,Toys & Games
cart_002252,user_06425,prod_0037,2,42.75,2023-12-19T00:00:00Z,Home & Kitchen
cart_002252,user_06425,prod_0055,3,259.21,2023-12-07T00:00:00Z,Books
cart_002253,user_06426,prod_0013,2,138.3,2023-12-20T00:00:00Z,Electronics
cart_002253,user_06426,prod_0015,1,55.31,2023-12-26T00:00:00Z,Electronics
cart_002253,user_06426,prod_0081,3,250.37,2023-12-29T00:00:00Z,Toys & Games
cart_002253,user_06426,prod_0030,2,229.02,2023-12-07T00:00:00Z,Fashion
cart_002254,user_06428,prod_0061,2,287.47,2023-12-13T00:00:00Z,Sports & Fitness
cart_002254,user_06428,prod_0048,3,258.97,2023-12-14T00:00:00Z,Books
cart_002255,user_06432,prod_0012,3,294.66,2023-12-20T00:00:00Z,Electronics
cart_002256,user_06433,prod_0054,1,254.52,2023-12-02T00:00:00Z,Books
cart_002256,user_06433,prod_0092,3,87.06,2023-12-04T00:00:00Z,Automotive
cart_002256,user_06433,prod_0093,2,253.04,2023-12-27T00:00:00Z,Automotive
cart_002257,user_06434,prod_0055,3,259.21,2023-12-18T00:00:00Z,Books
cart_002257,user_06434,prod_0002,2,46.02,2023-12-18T00:00:00Z,Electronics
cart_002257,user_06434,prod_0080,1,282.84,2023-12-29T00:00:00Z,Beauty
cart_002257,user_06434,prod_0019,1,273.46,2023-12-12T00:00:00Z,Fashion
cart_002257,user_06434,prod_0076,1,78.83,2023-12-07T00:00:00Z,Beauty
cart_002257,user_06434,prod_0048,2,258.97,2023-12-27T00:00:00Z,Books
cart_002258,user_06437,prod_0015,3,55.31,2023-12-26T00:00:00Z,Electronics
cart_002258,user_06437,prod_0046,3,76.44,2023-12-12T00:00:00Z,Books
cart_002258,user_06437,prod_0002,1,46.02,2023-12-14T00:00:00Z,Electronics
cart_002258,user_06437,prod_0094,2,290.3,2023-12-18T00:00:00Z,Automotive
cart_002258,user_06437,prod_0065,3,81.67,2023-12-13T00:00:00Z,Sports & Fitness
cart_002258,user_06437,prod_0061,2,287.47,2023-12-29T00:00:00Z,Sports & Fitness
cart_002259,user_06438,prod_0005,2,137.07,2023-12-11T00:00:00Z,Electronics
cart_002259,user_06438,prod_0007,2,286.42,2023-12-21T00:00:00Z,Electronics
cart_002259,user_06438,prod_0090,2,246.24,2023-12-13T00:00:00Z,Toys & Games
cart_002259,user_06438,prod_0071,3,164.71,2023-12-11T00:00:00Z,Beauty
cart_002259,user_06438,prod_0048,2,258.97,2023-12-25T00:00:00Z,Books
cart_002259,user_06438,prod_0050,3,60.92,2024-01-01T00:00:00Z,Books
cart_002260,user_06439,prod_0078,2,43.46,2024-01-01T00:00:00Z,Beauty
cart_002260,user_06439,prod_0067,3,278.13,2023-12-02T00:00:00Z,Sports & Fitness
cart_002260,user_06439,prod_0047,2,33.5,2023-12-04T00:00:00Z,Books
cart_002261,user_06440,prod_0018,1,14.44,2023-12-22T00:00:00Z,Fashion
cart_002261,user_06440,prod_0029,1,138.39,2023-12-24T00:00:00Z,Fashion
cart_002261,user_06440,prod_0044,1,25.83,2023-12-26T00:00:00Z,Home & Kitchen
cart_002261,user_06440,prod_0019,3,273.46,2023-12-13T00:00:00Z,Fashion
cart_002261,user_06440,prod_0063,2,266.74,2023-12-16T00:00:00Z,Sports & Fitness
cart_002262,user_06443,prod_0055,1,259.21,2023-12-10T00:00:00Z,Books
cart_002263,user_06449,prod_0083,2,66.76,2023-12-25T00:00:00Z,Toys & Games
cart_002263,user_06449,prod_0014,2,66.6,2023-12-18T00:00:00Z,Electronics
cart_002263,user_06449,prod_0012,1,294.66,2023-12-26T00:00:00Z,Electronics
cart_002263,user_06449,prod_0013,1,138.3,2023-12-04T00:00:00Z,Electronics
cart_002263,user_06449,prod_0004,1,181.99,2023-12-26T00:00:00Z,Electronics
cart_002264,user_06451,prod_0050,2,60.92,2023-12-28T00:00:00Z,Books
cart_002264,user_06451,prod_0036,3,147.88,2023-12-22T00:00:00Z,Home & Kitchen
cart_002265,user_06454,prod_0075,3,64.86,2023-12-10T00:00:00Z,Beauty
cart_002265,user_06454,prod_0074,3,50.7,2023-12-19T00:00:00Z,Beauty
cart_002266,user_06455,prod_0098,1,163.3,2023-12-06T00:00:00Z,Automotive
cart_002266,user_06455,prod_0015,2,55.31,2023-12-11T00:00:00Z,Electronics
cart_002267,user_06457,prod_0089,2,70.4,2023-12-04T00:00:00Z,Toys & Games
cart_002268,user_06459,prod_0007,3,286.42,2023-12-29T00:00:00Z,Electronics
cart_002268,user_06459,prod_0082,2,17.3,2023-12-20T00:00:00Z,Toys & Games
cart_002268,user_06459,prod_0087,2,126.04,2023-12-27T00:00:00Z,Toys & Games
cart_002268,user_06459,prod_0023,2,298.21,2023-12-29T00:00:00Z,Fashion
cart_002268,user_06459,prod_0084,1,169.61,2023-12-09T00:00:00Z,Toys & Games
cart_002269,user_06462,prod_0001,3,192.99,2023-12-25T00:00:00Z,Electronics
cart_002269,user_06462,prod_0092,3,87.06,2023-12-25T00:00:00Z,Automotive
cart_002269,user_06462,prod_0008,3,110.54,2023-12-04T00:00:00Z,Electronics
cart_002269,user_06462,prod_0085,2,74.6,2023-12-11T00:00:00Z,Toys & Games
cart_002269,user_06462,prod_0099,3,25.57,2023-12-25T00:00:00Z,Automotive
cart_002269,user_06462,prod_0010,1,91.19,2023-12-20T00:00:00Z,Electronics
cart_002270,user_06463,prod_0035,1,75.82,2023-12-28T00:00:00Z,Home & Kitchen
cart_002270,user_06463,prod_0092,1,87.06,2023-12-05T00:00:00Z,Automotive
cart_002270,user_06463,prod_0044,3,25.83,2023-12-16T00:00:00Z,Home & Kitchen
cart_002271,user_06464,prod_0085,3,74.6,2023-12-26T00:00:00Z,Toys & Games
cart_002271,user_06464,prod_0087,1,126.04,2023-12-26T00:00:00Z,Toys & Games
cart_002271,user_06464,prod_0047,3,33.5,2023-12-26T00:00:00Z,Books
cart_002272,user_06467,prod_0086,3,12.29,2023-12-08T00:00:00Z,Toys & Games
cart_002272,user_06467,prod_0028,2,230.97,2023-12-25T00:00:00Z,Fashion
cart_002272,user_06467,prod_0054,2,254.52,2023-12-07T00:00:00Z,Books
cart_002272,user_06467,prod_0019,3,273.46,2023-12-13T00:00:00Z,Fashion
cart_002272,user_06467,prod_0005,3,137.07,2023-12-23T00:00:00Z,Electronics
cart_002273,user_06468,prod_0009,2,219.54,2023-12-24T00:00:00Z,Electronics
cart_002274,user_06470,prod_0064,3,128.25,2023-12-10T00:00:00Z,Sports & Fitness
cart_002274,user_06470,prod_0076,2,78.83,2023-12-23T00:00:00Z,Beauty
cart_002274,user_06470,prod_0072,2,245.23,2023-12-29T00:00:00Z,Beauty
cart_002274,user_06470,prod_0068,2,298.55,2023-12-15T00:00:00Z,Sports & Fitness
cart_002274,user_06470,prod_0062,3,24.98,2023-12-18T00:00:00Z,Sports & Fitness
cart_002275,user_06471,prod_0052,1,258.24,2023-12-03T00:00:00Z,Books
cart_002275,user_06471,prod_0041,3,77.88,2023-12-23T00:00:00Z,Home & Kitchen
cart_002275,user_06471,prod_0021,1,46.05,2023-12-19T00:00:00Z,Fashion
cart_002275,user_06471,prod_0036,3,147.88,2024-01-01T00:00:00Z,Home & Kitchen
cart_002276,user_06474,prod_0044,3,25.83,2023-12-30T00:00:00Z,Home & Kitchen
cart_002276,user_06474,prod_0054,1,254.52,2023-12-04T00:00:00Z,Books
cart_002276,user_06474,prod_0057,3,209.8,2023-12-14T00:00:00Z,Books
cart_002276,user_06474,prod_0053,2,163.93,2023-12-24T00:00:00Z,Books
cart_002276,user_06474,prod_0058,3,148.08,2023-12-05T00:00:00Z,Books
cart_002276,user_06474,prod_0039,2,227.05,2023-12-11T00:00:00Z,Home & Kitchen
cart_002277,user_06478,prod_0039,1,227.05,2023-12-03T00:00:00Z,Home & Kitchen
cart_002278,user_06481,prod_0011,2,212.14,2023-12-09T00:00:00Z,Electronics
cart_002278,user_06481,prod_0084,1,169.61,2023-12-04T00:00:00Z,Toys & Games
cart_002278,user_06481,prod_0057,1,209.8,2023-12-30T00:00:00Z,Books
cart_002279,user_06483,prod_0005,3,137.07,2023-12-06T00:00:00Z,Electronics
cart_002279,user_06483,prod_0023,1,298.21,2023-12-25T00:00:00Z,Fashion
cart_002279,user_06483,prod_0003,2,129.05,2023-12-10T00:00:00Z,Electronics
cart_002279,user_06483,prod_0014,2,66.6,2023-12-02T00:00:00Z,Electronics
cart_002279,user_06483,prod_0092,1,87.06,2023-12-21T00:00:00Z,Automotive
cart_002279,user_06483,prod_0042,1,72.65,2023-12-03T00:00:00Z,Home & Kitchen
cart_002280,user_06487,prod_0036,3,147.88,2023-12-12T00:00:00Z,Home & Kitchen
cart_002280,user_06487,prod_0007,2,286.42,2023-12-15T00:00:00Z,Electronics
cart_002280,user_06487,prod_0017,2,100.34,2023-12-26T00:00:00Z,Fashion
cart_002280,user_06487,prod_0001,1,192.99,2023-12-03T00:00:00Z,Electronics
cart_002281,user_06491,prod_0036,3,147.88,2023-12-23T00:00:00Z,Home & Kitchen
cart_002281,user_06491,prod_0085,3,74.6,2023-12-31T00:00:00Z,Toys & Games
cart_002282,user_06496,prod_0077,2,129.53,2023-12-05T00:00:00Z,Beauty
cart_002282,user_06496,prod_0061,3,287.47,2023-12-11T00:00:00Z,Sports & Fitness
cart_002282,user_06496,prod_0025,3,129.12,2023-12-04T00:00:00Z,Fashion
cart_002283,user_06497,prod_0070,1,263.51,2023-12-26T00:00:00Z,Sports & Fitness
cart_002283,user_06497,prod_0081,1,250.37,2023-12-17T00:00:00Z,Toys & Games
cart_002283,user_06497,prod_0083,2,66.76,2023-12-11T00:00:00Z,Toys & Games
cart_002284,user_06498,prod_0082,3,17.3,2023-12-27T00:00:00Z,Toys & Games
cart_002284,user_06498,prod_0046,3,76.44,2023-12-28T00:00:00Z,Books
cart_002284,user_06498,prod_0063,3,266.74,2023-12-27T00:00:00Z,Sports & Fitness
cart_002284,user_06498,prod_0099,2,25.57,2023-12-19T00:00:00Z,Automotive
cart_002284,user_06498,prod_0054,1,254.52,2023-12-07T00:00:00Z,Books
cart_002285,user_06499,prod_0030,3,229.02,2023-12-30T00:00:00Z,Fashion
cart_002286,user_06502,prod_0057,3,209.8,2023-12-05T00:00:00Z,Books
cart_002287,user_06505,prod_0069,2,153.73,2023-12-15T00:00:00Z,Sports & Fitness
cart_002287,user_06505,prod_0038,2,160.14,2023-12-21T00:00:00Z,Home & Kitchen
cart_002287,user_06505,prod_0072,1,245.23,2023-12-21T00:00:00Z,Beauty
cart_002287,user_06505,prod_0043,3,22.31,2023-12-02T00:00:00Z,Home & Kitchen
cart_002288,user_06508,prod_0068,2,298.55,2023-12-18T00:00:00Z,Sports & Fitness
cart_002288,user_06508,prod_0099,2,25.57,2023-12-26T00:00:00Z,Automotive
cart_002288,user_06508,prod_0005,1,137.07,2023-12-17T00:00:00Z,Electronics
cart_002288,user_06508,prod_0072,2,245.23,2023-12-17T00:00:00Z,Beauty
cart_002288,user_06508,prod_0045,3,43.9,2023-12-29T00:00:00Z,Home & Kitchen
cart_002289,user_06513,prod_0047,2,33.5,2023-12-14T00:00:00Z,Books
cart_002290,user_06515,prod_0074,2,50.7,2023-12-10T00:00:00Z,Beauty
cart_002290,user_06515,prod_0090,1,246.24,2023-12-29T00:00:00Z,Toys & Games
cart_002291,user_06518,prod_0031,3,92.74,2023-12-11T00:00:00Z,Home & Kitchen
cart_002291,user_06518,prod_0050,3,60.92,2023-12-05T00:00:00Z,Books
cart_002292,user_06522,prod_0084,1,169.61,2023-12-31T00:00:00Z,Toys & Games
cart_002292,user_06522,prod_0046,3,76.44,2023-12-05T00:00:00Z,Books
cart_002292,user_06522,prod_0008,1,110.54,2023-12-23T00:00:00Z,Electronics
cart_002292,user_06522,prod_0009,3,219.54,2023-12-22T00:00:00Z,Electronics
cart_002293,user_06523,prod_0014,1,66.6,2023-12-07T00:00:00Z,Electronics
cart_002293,user_06523,prod_0100,2,200.04,2023-12-26T00:00:00Z,Automotive
cart_002293,user_06523,prod_0047,1,33.5,2023-12-19T00:00:00Z,Books
cart_002293,user_06523,prod_0004,1,181.99,2023-12-23T00:00:00Z,Electronics
cart_002293,user_06523,prod_0050,1,60.92,2023-12-09T00:00:00Z,Books
cart_002293,user_06523,prod_0049,3,219.09,2023-12-29T00:00:00Z,Books
cart_002294,user_06526,prod_0005,1,137.07,2023-12-10T00:00:00Z,Electronics
cart_002294,user_06526,prod_0046,2,76.44,2023-12-06T00:00:00Z,Books
cart_002295,user_06532,prod_0058,3,148.08,2023-12-21T00:00:00Z,Books
cart_002295,user_06532,prod_0082,2,17.3,2023-12-30T00:00:00Z,Toys & Games
cart_002295,user_06532,prod_0057,2,209.8,2023-12-21T00:00:00Z,Books
cart_002295,user_06532,prod_0025,1,129.12,2023-12-15T00:00:00Z,Fashion
cart_002295,user_06532,prod_0085,3,74.6,2023-12-10T00:00:00Z,Toys & Games
cart_002295,user_06532,prod_0055,2,259.21,2023-12-24T00:00:00Z,Books
cart_002296,user_06535,prod_0046,1,76.44,2023-12-13T00:00:00Z,Books
cart_002296,user_06535,prod_0012,1,294.66,2023-12-08T00:00:00Z,Electronics
cart_002296,user_06535,prod_0013,1,138.3,2023-12-07T00:00:00Z,Electronics
cart_002297,user_06538,prod_0031,1,92.74,2023-12-04T00:00:00Z,Home & Kitchen
cart_002297,user_06538,prod_0076,1,78.83,2023-12-31T00:00:00Z,Beauty
cart_002297,user_06538,prod_0095,3,180.39,2023-12-21T00:00:00Z,Automotive
cart_002297,user_06538,prod_0003,1,129.05,2023-12-20T00:00:00Z,Electronics
cart_002297,user_06538,prod_0072,2,245.23,2023-12-21T00:00:00Z,Beauty
cart_002298,user_06539,prod_0046,3,76.44,2023-12-07T00:00:00Z,Books
cart_002299,user_06542,prod_0050,1,60.92,2023-12-03T00:00:00Z,Books
cart_002299,user_06542,prod_0021,1,46.05,2023-12-18T00:00:00Z,Fashion
cart_002299,user_06542,prod_0079,2,167.19,2023-12-03T00:00:00Z,Beauty
cart_002299,user_06542,prod_0078,2,43.46,2023-12-04T00:00:00Z,Beauty
cart_002300,user_06544,prod_0055,3,259.21,2023-12-27T00:00:00Z,Books
cart_002300,user_06544,prod_0054,2,254.52,2023-12-06T00:00:00Z,Books
cart_002300,user_06544,prod_0053,2,163.93,2023-12-11T00:00:00Z,Books
cart_002300,user_06544,prod_0012,2,294.66,2023-12-17T00:00:00Z,Electronics
cart_002300,user_06544,prod_0011,3,212.14,2023-12-26T00:00:00Z,Electronics
cart_002301,user_06548,prod_0030,3,229.02,2023-12-20T00:00:00Z,Fashion
cart_002301,user_06548,prod_0058,1,148.08,2023-12-23T00:00:00Z,Books
cart_002301,user_06548,prod_0037,2,42.75,2023-12-29T00:00:00Z,Home & Kitchen
cart_002301,user_06548,prod_0042,3,72.65,2023-12-10T00:00:00Z,Home & Kitchen
cart_002301,user_06548,prod_0032,3,229.18,2023-12-08T00:00:00Z,Home & Kitchen
cart_002301,user_06548,prod_0035,3,75.82,2023-12-23T00:00:00Z,Home & Kitchen
cart_002302,user_06549,prod_0098,2,163.3,2023-12-20T00:00:00Z,Automotive
cart_002302,user_06549,prod_0072,1,245.23,2023-12-23T00:00:00Z,Beauty
cart_002303,user_06550,prod_0075,3,64.86,2023-12-07T00:00:00Z,Beauty
cart_002303,user_06550,prod_0070,3,263.51,2023-12-22T00:00:00Z,Sports & Fitness
cart_002303,user_06550,prod_0030,1,229.02,2023-12-25T00:00:00Z,Fashion
cart_002303,user_06550,prod_0028,2,230.97,2023-12-26T00:00:00Z,Fashion
cart_002304,user_06552,prod_0015,2,55.31,2023-12-10T00:00:00Z,Electronics
cart_002304,user_06552,prod_0006,1,51.94,2023-12-17T00:00:00Z,Electronics
cart_002304,user_06552,prod_0050,3,60.92,2023-12-25T00:00:00Z,Books
cart_002304,user_06552,prod_0063,2,266.74,2023-12-25T00:00:00Z,Sports & Fitness
cart_002305,user_06555,prod_0014,1,66.6,2023-12-11T00:00:00Z,Electronics
cart_002305,user_06555,prod_0012,3,294.66,2023-12-12T00:00:00Z,Electronics
cart_002305,user_06555,prod_0054,1,254.52,2023-12-04T00:00:00Z,Books
cart_002306,user_06561,prod_0068,2,298.55,2023-12-04T00:00:00Z,Sports & Fitness
cart_002306,user_06561,prod_0071,2,164.71,2023-12-29T00:00:00Z,Beauty
cart_002306,user_06561,prod_0056,2,294.68,2023-12-05T00:00:00Z,Books
cart_002307,user_06563,prod_0053,3,163.93,2023-12-11T00:00:00Z,Books
cart_002307,user_06563,prod_0060,1,176.75,2023-12-13T00:00:00Z,Books
cart_002308,user_06566,prod_0043,1,22.31,2023-12-13T00:00:00Z,Home & Kitchen
cart_002309,user_06569,prod_0047,3,33.5,2023-12-15T00:00:00Z,Books
cart_002310,user_06573,prod_0005,1,137.07,2023-12-19T00:00:00Z,Electronics
cart_002310,user_06573,prod_0023,1,298.21,2023-12-09T00:00:00Z,Fashion
cart_002310,user_06573,prod_0067,3,278.13,2023-12-05T00:00:00Z,Sports & Fitness
cart_002310,user_06573,prod_0070,2,263.51,2023-12-20T00:00:00Z,Sports & Fitness
cart_002310,user_06573,prod_0057,2,209.8,2023-12-12T00:00:00Z,Books
cart_002311,user_06575,prod_0053,1,163.93,2023-12-28T00:00:00Z,Books
cart_002311,user_06575,prod_0005,2,137.07,2023-12-03T00:00:00Z,Electronics
cart_002311,user_06575,prod_0059,1,175.28,2023-12-20T00:00:00Z,Books
cart_002311,user_06575,prod_0072,1,245.23,2023-12-14T00:00:00Z,Beauty
cart_002311,user_06575,prod_0097,1,18.05,2023-12-16T00:00:00Z,Automotive
cart_002311,user_06575,prod_0036,2,147.88,2024-01-01T00:00:00Z,Home & Kitchen
cart_002312,user_06578,prod_0001,1,192.99,2023-12-15T00:00:00Z,Electronics
cart_002312,user_06578,prod_0010,1,91.19,2023-12-28T00:00:00Z,Electronics
cart_002312,user_06578,prod_0026,1,142.61,2023-12-04T00:00:00Z,Fashion
cart_002313,user_06579,prod_0001,3,192.99,2023-12-21T00:00:00Z,Electronics
cart_002313,user_06579,prod_0077,2,129.53,2023-12-28T00:00:00Z,Beauty
cart_002314,user_06581,prod_0052,3,258.24,2023-12-07T00:00:00Z,Books
cart_002314,user_06581,prod_0005,1,137.07,2024-01-01T00:00:00Z,Electronics
cart_002314,user_06581,prod_0004,1,181.99,2023-12-07T00:00:00Z,Electronics
cart_002315,user_06584,prod_0021,2,46.05,2023-12-07T00:00:00Z,Fashion
cart_002315,user_06584,prod_0037,2,42.75,2023-12-23T00:00:00Z,Home & Kitchen
cart_002315,user_06584,prod_0052,1,258.24,2023-12-22T00:00:00Z,Books
cart_002316,user_06586,prod_0006,2,51.94,2024-01-01T00:00:00Z,Electronics
cart_002317,user_06588,prod_0034,2,263.34,2023-12-09T00:00:00Z,Home & Kitchen
cart_002317,user_06588,prod_0049,1,219.09,2023-12-11T00:00:00Z,Books
cart_002317,user_06588,prod_0033,2,181.09,2023-12-18T00:00:00Z,Home & Kitchen
cart_002317,user_06588,prod_0012,2,294.66,2023-12-14T00:00:00Z,Electronics
cart_002317,user_06588,prod_0050,2,60.92,2023-12-17T00:00:00Z,Books
cart_002318,user_06592,prod_0088,3,236.49,2023-12-07T00:00:00Z,Toys & Games
cart_002318,user_06592,prod_0011,3,212.14,2023-12-16T00:00:00Z,Electronics
cart_002319,user_06594,prod_0037,3,42.75,2023-12-14T00:00:00Z,Home & Kitchen
cart_002319,user_06594,prod_0055,2,259.21,2023-12-16T00:00:00Z,Books
cart_002319,user_06594,prod_0007,2,286.42,2023-12-14T00:00:00Z,Electronics
cart_002319,user_06594,prod_0085,3,74.6,2023-12-07T00:00:00Z,Toys & Games
cart_002319,user_06594,prod_0056,3,294.68,2023-12-15T00:00:00Z,Books
cart_002319,user_06594,prod_0006,3,51.94,2023-12-08T00:00:00Z,Electronics
cart_002320,user_06595,prod_0055,3,259.21,2023-12-27T00:00:00Z,Books
cart_002320,user_06595,prod_0048,3,258.97,2023-12-28T00:00:00Z,Books
cart_002320,user_06595,prod_0034,2,263.34,2023-12-17T00:00:00Z,Home & Kitchen
cart_002320,user_06595,prod_0044,1,25.83,2023-12-22T00:00:00Z,Home & Kitchen
cart_002320,user_06595,prod_0031,1,92.74,2023-12-09T00:00:00Z,Home & Kitchen
cart_002321,user_06596,prod_0035,3,75.82,2023-12-18T00:00:00Z,Home & Kitchen
cart_002322,user_06606,prod_0006,1,51.94,2023-12-23T00:00:00Z,Electronics
cart_002322,user_06606,prod_0059,2,175.28,2023-12-14T00:00:00Z,Books
cart_002322,user_06606,prod_0047,3,33.5,2023-12-09T00:00:00Z,Books
cart_002323,user_06610,prod_0001,2,192.99,2023-12-06T00:00:00Z,Electronics
cart_002324,user_06614,prod_0035,3,75.82,2023-12-31T00:00:00Z,Home & Kitchen
cart_002324,user_06614,prod_0050,3,60.92,2023-12-12T00:00:00Z,Books
cart_002324,user_06614,prod_0033,3,181.09,2023-12-29T00:00:00Z,Home & Kitchen
cart_002324,user_06614,prod_0002,2,46.02,2023-12-28T00:00:00Z,Electronics
cart_002324,user_06614,prod_0098,3,163.3,2023-12-05T00:00:00Z,Automotive
cart_002325,user_06618,prod_0054,1,254.52,2023-12-18T00:00:00Z,Books
cart_002325,user_06618,prod_0082,3,17.3,2023-12-12T00:00:00Z,Toys & Games
cart_002325,user_06618,prod_0018,2,14.44,2023-12-11T00:00:00Z,Fashion
cart_002326,user_06619,prod_0075,2,64.86,2023-12-27T00:00:00Z,Beauty
cart_002326,user_06619,prod_0050,1,60.92,2023-12-30T00:00:00Z,Books
cart_002326,user_06619,prod_0071,3,164.71,2023-12-31T00:00:00Z,Beauty
cart_002326,user_06619,prod_0065,3,81.67,2023-12-04T00:00:00Z,Sports & Fitness
cart_002326,user_06619,prod_0080,3,282.84,2023-12-12T00:00:00Z,Beauty
cart_002327,user_06623,prod_0012,2,294.66,2023-12-22T00:00:00Z,Electronics
cart_002327,user_06623,prod_0004,1,181.99,2023-12-14T00:00:00Z,Electronics
cart_002327,user_06623,prod_0043,2,22.31,2023-12-10T00:00:00Z,Home & Kitchen
cart_002327,user_06623,prod_0011,3,212.14,2023-12-07T00:00:00Z,Electronics
cart_002328,user_06624,prod_0021,3,46.05,2023-12-06T00:00:00Z,Fashion
cart_002328,user_06624,prod_0080,3,282.84,2023-12-18T00:00:00Z,Beauty
cart_002328,user_06624,prod_0032,2,229.18,2023-12-20T00:00:00Z,Home & Kitchen
cart_002328,user_06624,prod_0051,1,141.01,2023-12-21T00:00:00Z,Books
cart_002328,user_06624,prod_0057,1,209.8,2023-12-10T00:00:00Z,Books
cart_002328,user_06624,prod_0091,3,61.78,2023-12-19T00:00:00Z,Automotive
cart_002329,user_06625,prod_0076,3,78.83,2023-12-07T00:00:00Z,Beauty
cart_002330,user_06626,prod_0013,1,138.3,2023-12-18T00:00:00Z,Electronics
cart_002330,user_06626,prod_0031,1,92.74,2023-12-17T00:00:00Z,Home & Kitchen
cart_002330,user_06626,prod_0086,3,12.29,2023-12-14T00:00:00Z,Toys & Games
cart_002331,user_06631,prod_0033,2,181.09,2023-12-24T00:00:00Z,Home & Kitchen
cart_002331,user_06631,prod_0067,1,278.13,2023-12-21T00:00:00Z,Sports & Fitness
cart_002331,user_06631,prod_0061,2,287.47,2023-12-02T00:00:00Z,Sports & Fitness
cart_002332,user_06632,prod_0050,3,60.92,2023-12-09T00:00:00Z,Books
cart_002332,user_06632,prod_0012,2,294.66,2023-12-11T00:00:00Z,Electronics
cart_002332,user_06632,prod_0071,3,164.71,2023-12-24T00:00:00Z,Beauty
cart_002332,user_06632,prod_0020,1,151.77,2023-12-22T00:00:00Z,Fashion
cart_002332,user_06632,prod_0001,3,192.99,2023-12-21T00:00:00Z,Electronics
cart_002332,user_06632,prod_0007,2,286.42,2023-12-28T00:00:00Z,Electronics
cart_002333,user_06639,prod_0005,3,137.07,2023-12-08T00:00:00Z,Electronics
cart_002333,user_06639,prod_0053,2,163.93,2023-12-17T00:00:00Z,Books
cart_002333,user_06639,prod_0052,2,258.24,2023-12-22T00:00:00Z,Books
cart_002334,user_06640,prod_0016,1,84.36,2023-12-17T00:00:00Z,Fashion
cart_002334,user_06640,prod_0028,3,230.97,2023-12-30T00:00:00Z,Fashion
cart_002335,user_06641,prod_0041,1,77.88,2023-12-11T00:00:00Z,Home & Kitchen
cart_002335,user_06641,prod_0077,1,129.53,2023-12-11T00:00:00Z,Beauty
cart_002335,user_06641,prod_0072,3,245.23,2023-12-10T00:00:00Z,Beauty
cart_002336,user_06643,prod_0050,3,60.92,2023-12-18T00:00:00Z,Books
cart_002336,user_06643,prod_0038,2,160.14,2023-12-25T00:00:00Z,Home & Kitchen
cart_002336,user_06643,prod_0065,2,81.67,2023-12-28T00:00:00Z,Sports & Fitness
cart_002336,user_06643,prod_0066,3,121.36,2023-12-18T00:00:00Z,Sports & Fitness
cart_002336,user_06643,prod_0023,1,298.21,2023-12-09T00:00:00Z,Fashion
cart_002337,user_06645,prod_0094,1,290.3,2023-12-31T00:00:00Z,Automotive
cart_002338,user_06646,prod_0033,2,181.09,2023-12-12T00:00:00Z,Home & Kitchen
cart_002338,user_06646,prod_0022,1,176.87,2023-12-23T00:00:00Z,Fashion
cart_002339,user_06647,prod_0057,1,209.8,2023-12-24T00:00:00Z,Books
cart_002339,user_06647,prod_0051,3,141.01,2023-12-07T00:00:00Z,Books
cart_002339,user_06647,prod_0048,2,258.97,2023-12-07T00:00:00Z,Books
cart_002339,user_06647,prod_0010,3,91.19,2023-12-19T00:00:00Z,Electronics
cart_002339,user_06647,prod_0059,2,175.28,2023-12-12T00:00:00Z,Books
cart_002340,user_06648,prod_0080,2,282.84,2023-12-04T00:00:00Z,Beauty
cart_002340,user_06648,prod_0096,2,294.37,2023-12-06T00:00:00Z,Automotive
cart_002340,user_06648,prod_0094,3,290.3,2023-12-02T00:00:00Z,Automotive
cart_002340,user_06648,prod_0018,3,14.44,2023-12-25T00:00:00Z,Fashion
cart_002340,user_06648,prod_0016,1,84.36,2023-12-06T00:00:00Z,Fashion
cart_002341,user_06649,prod_0085,3,74.6,2023-12-27T00:00:00Z,Toys & Games
cart_002341,user_06649,prod_0078,1,43.46,2024-01-01T00:00:00Z,Beauty
cart_002341,user_06649,prod_0069,1,153.73,2023-12-07T00:00:00Z,Sports & Fitness
cart_002342,user_06659,prod_0067,1,278.13,2023-12-18T00:00:00Z,Sports & Fitness
cart_002343,user_06666,prod_0045,3,43.9,2024-01-01T00:00:00Z,Home & Kitchen
cart_002343,user_06666,prod_0099,1,25.57,2023-12-24T00:00:00Z,Automotive
cart_002343,user_06666,prod_0038,1,160.14,2023-12-11T00:00:00Z,Home & Kitchen
cart_002344,user_06669,prod_0047,2,33.5,2023-12-10T00:00:00Z,Books
cart_002345,user_06670,prod_0057,1,209.8,2023-12-22T00:00:00Z,Books
cart_002345,user_06670,prod_0040,1,202.48,2023-12-29T00:00:00Z,Home & Kitchen
cart_002345,user_06670,prod_0058,2,148.08,2023-12-02T00:00:00Z,Books
cart_002346,user_06672,prod_0065,2,81.67,2023-12-23T00:00:00Z,Sports & Fitness
cart_002346,user_06672,prod_0016,2,84.36,2023-12-17T00:00:00Z,Fashion
cart_002346,user_06672,prod_0048,3,258.97,2023-12-08T00:00:00Z,Books
cart_002346,user_06672,prod_0062,3,24.98,2023-12-29T00:00:00Z,Sports & Fitness
cart_002346,user_06672,prod_0067,2,278.13,2023-12-14T00:00:00Z,Sports & Fitness
cart_002347,user_06674,prod_0074,1,50.7,2023-12-21T00:00:00Z,Beauty
cart_002347,user_06674,prod_0062,3,24.98,2023-12-09T00:00:00Z,Sports & Fitness
cart_002347,user_06674,prod_0067,3,278.13,2023-12-08T00:00:00Z,Sports & Fitness
cart_002348,user_06676,prod_0008,1,110.54,2023-12-13T00:00:00Z,Electronics
cart_002349,user_06683,prod_0037,3,42.75,2023-12-06T00:00:00Z,Home & Kitchen
cart_002349,user_06683,prod_0010,1,91.19,2023-12-15T00:00:00Z,Electronics
cart_002349,user_06683,prod_0015,1,55.31,2023-12-25T00:00:00Z,Electronics
cart_002349,user_06683,prod_0019,3,273.46,2023-12-27T00:00:00Z,Fashion
cart_002350,user_06685,prod_0057,3,209.8,2023-12-16T00:00:00Z,Books
cart_002350,user_06685,prod_0049,2,219.09,2023-12-07T00:00:00Z,Books
cart_002350,user_06685,prod_0021,3,46.05,2023-12-11T00:00:00Z,Fashion
cart_002350,user_06685,prod_0097,2,18.05,2023-12-26T00:00:00Z,Automotive
cart_002350,user_06685,prod_0034,1,263.34,2023-12-16T00:00:00Z,Home & Kitchen
cart_002351,user_06689,prod_0028,2,230.97,2023-12-28T00:00:00Z,Fashion
cart_002352,user_06690,prod_0023,2,298.21,2023-12-23T00:00:00Z,Fashion
cart_002353,user_06692,prod_0046,1,76.44,2023-12-24T00:00:00Z,Books
cart_002353,user_06692,prod_0014,2,66.6,2023-12-18T00:00:00Z,Electronics
cart_002353,user_06692,prod_0076,3,78.83,2023-12-15T00:00:00Z,Beauty
cart_002353,user_06692,prod_0049,3,219.09,2023-12-26T00:00:00Z,Books
cart_002354,user_06697,prod_0072,3,245.23,2023-12-14T00:00:00Z,Beauty
cart_002354,user_06697,prod_0078,2,43.46,2023-12-10T00:00:00Z,Beauty
cart_002354,user_06697,prod_0015,3,55.31,2023-12-24T00:00:00Z,Electronics
cart_002354,user_06697,prod_0064,3,128.25,2023-12-18T00:00:00Z,Sports & Fitness
cart_002354,user_06697,prod_0089,1,70.4,2023-12-29T00:00:00Z,Toys & Games
cart_002354,user_06697,prod_0068,3,298.55,2023-12-04T00:00:00Z,Sports & Fitness
cart_002355,user_06699,prod_0024,3,18.85,2023-12-23T00:00:00Z,Fashion
cart_002355,user_06699,prod_0068,3,298.55,2023-12-04T00:00:00Z,Sports & Fitness
cart_002355,user_06699,prod_0023,1,298.21,2023-12-07T00:00:00Z,Fashion
cart_002356,user_06704,prod_0084,1,169.61,2023-12-10T00:00:00Z,Toys & Games
cart_002357,user_06708,prod_0003,2,129.05,2023-12-09T00:00:00Z,Electronics
cart_002357,user_06708,prod_0075,2,64.86,2023-12-24T00:00:00Z,Beauty
cart_002357,user_06708,prod_0014,1,66.6,2023-12-23T00:00:00Z,Electronics
cart_002357,user_06708,prod_0098,2,163.3,2023-12-08T00:00:00Z,Automotive
cart_002358,user_06710,prod_0092,2,87.06,2023-12-08T00:00:00Z,Automotive
cart_002358,user_06710,prod_0049,1,219.09,2023-12-09T00:00:00Z,Books
cart_002358,user_06710,prod_0045,3,43.9,2023-12-14T00:00:00Z,Home & Kitchen
cart_002359,user_06713,prod_0098,1,163.3,2023-12-02T00:00:00Z,Automotive
cart_002360,user_06716,prod_0060,2,176.75,2023-12-13T00:00:00Z,Books
cart_002360,user_06716,prod_0033,2,181.09,2023-12-10T00:00:00Z,Home & Kitchen
cart_002360,user_06716,prod_0005,1,137.07,2024-01-01T00:00:00Z,Electronics
cart_002360,user_06716,prod_0049,2,219.09,2023-12-27T00:00:00Z,Books
cart_002361,user_06718,prod_0061,3,287.47,2023-12-19T00:00:00Z,Sports & Fitness
cart_002361,user_06718,prod_0004,2,181.99,2023-12-15T00:00:00Z,Electronics
cart_002361,user_06718,prod_0058,1,148.08,2023-12-21T00:00:00Z,Books
cart_002361,user_06718,prod_0067,3,278.13,2023-12-28T00:00:00Z,Sports & Fitness
cart_002361,user_06718,prod_0069,3,153.73,2023-12-18T00:00:00Z,Sports & Fitness
cart_002362,user_06721,prod_0076,2,78.83,2023-12-23T00:00:00Z,Beauty
cart_002362,user_06721,prod_0072,1,245.23,2023-12-17T00:00:00Z,Beauty
cart_002363,user_06726,prod_0099,2,25.57,2023-12-25T00:00:00Z,Automotive
cart_002363,user_06726,prod_0093,3,253.04,2023-12-09T00:00:00Z,Automotive
cart_002364,user_06728,prod_0004,3,181.99,2023-12-27T00:00:00Z,Electronics
cart_002364,user_06728,prod_0037,2,42.75,2023-12-18T00:00:00Z,Home & Kitchen
cart_002364,user_06728,prod_0080,1,282.84,2023-12-02T00:00:00Z,Beauty
cart_002364,user_06728,prod_0012,3,294.66,2023-12-07T00:00:00Z,Electronics
cart_002364,user_06728,prod_0093,1,253.04,2023-12-31T00:00:00Z,Automotive
cart_002365,user_06733,prod_0022,1,176.87,2023-12-16T00:00:00Z,Fashion
cart_002366,user_06737,prod_0061,2,287.47,2023-12-16T00:00:00Z,Sports & Fitness
cart_002366,user_06737,prod_0032,3,229.18,2023-12-24T00:00:00Z,Home & Kitchen
cart_002366,user_06737,prod_0062,3,24.98,2023-12-09T00:00:00Z,Sports & Fitness
cart_002366,user_06737,prod_0072,2,245.23,2023-12-10T00:00:00Z,Beauty
cart_002367,user_06740,prod_0009,3,219.54,2023-12-17T00:00:00Z,Electronics
cart_002367,user_06740,prod_0034,1,263.34,2023-12-29T00:00:00Z,Home & Kitchen
cart_002368,user_06747,prod_0049,2,219.09,2023-12-17T00:00:00Z,Books
cart_002368,user_06747,prod_0053,2,163.93,2023-12-17T00:00:00Z,Books
cart_002368,user_06747,prod_0072,3,245.23,2023-12-09T00:00:00Z,Beauty
cart_002368,user_06747,prod_0087,2,126.04,2023-12-08T00:00:00Z,Toys & Games
cart_002368,user_06747,prod_0050,3,60.92,2023-12-23T00:00:00Z,Books
cart_002369,user_06748,prod_0083,2,66.76,2023-12-07T00:00:00Z,Toys & Games
cart_002369,user_06748,prod_0039,2,227.05,2023-12-30T00:00:00Z,Home & Kitchen
cart_002369,user_06748,prod_0019,2,273.46,2023-12-30T00:00:00Z,Fashion
cart_002369,user_06748,prod_0007,1,286.42,2023-12-04T00:00:00Z,Electronics
cart_002369,user_06748,prod_0041,2,77.88,2023-12-27T00:00:00Z,Home & Kitchen
cart_002369,user_06748,prod_0069,2,153.73,2023-12-05T00:00:00Z,Sports & Fitness
cart_002370,user_06750,prod_0030,3,229.02,2023-12-29T00:00:00Z,Fashion
cart_002370,user_06750,prod_0039,3,227.05,2023-12-10T00:00:00Z,Home & Kitchen
cart_002370,user_06750,prod_0035,2,75.82,2023-12-12T00:00:00Z,Home & Kitchen
cart_002371,user_06751,prod_0009,2,219.54,2023-12-23T00:00:00Z,Electronics
cart_002371,user_06751,prod_0053,2,163.93,2023-12-24T00:00:00Z,Books
cart_002371,user_06751,prod_0036,1,147.88,2023-12-24T00:00:00Z,Home & Kitchen
cart_002371,user_06751,prod_0010,1,91.19,2023-12-06T00:00:00Z,Electronics
cart_002371,user_06751,prod_0050,3,60.92,2023-12-15T00:00:00Z,Books
cart_002372,user_06752,prod_0022,3,176.87,2024-01-01T00:00:00Z,Fashion
cart_002372,user_06752,prod_0085,2,74.6,2023-12-31T00:00:00Z,Toys & Games
cart_002372,user_06752,prod_0003,1,129.05,2023-12-08T00:00:00Z,Electronics
cart_002372,user_06752,prod_0088,1,236.49,2023-12-31T00:00:00Z,Toys & Games
cart_002373,user_06753,prod_0038,1,160.14,2023-12-07T00:00:00Z,Home & Kitchen
cart_002373,user_06753,prod_0064,3,128.25,2023-12-17T00:00:00Z,Sports & Fitness
cart_002373,user_06753,prod_0017,2,100.34,2023-12-30T00:00:00Z,Fashion
cart_002373,user_06753,prod_0077,2,129.53,2023-12-03T00:00:00Z,Beauty
cart_002373,user_06753,prod_0019,3,273.46,2023-12-08T00:00:00Z,Fashion
cart_002374,user_06755,prod_0030,2,229.02,2023-12-18T00:00:00Z,Fashion
cart_002374,user_06755,prod_0068,1,298.55,2023-12-09T00:00:00Z,Sports & Fitness
cart_002374,user_06755,prod_0088,3,236.49,2023-12-21T00:00:00Z,Toys & Games
cart_002374,user_06755,prod_0057,3,209.8,2023-12-29T00:00:00Z,Books
cart_002374,user_06755,prod_0056,2,294.68,2023-12-16T00:00:00Z,Books
cart_002375,user_06756,prod_0056,2,294.68,2023-12-18T00:00:00Z,Books
cart_002375,user_06756,prod_0013,3,138.3,2023-12-14T00:00:00Z,Electronics
cart_002375,user_06756,prod_0052,3,258.24,2023-12-14T00:00:00Z,Books
cart_002375,user_06756,prod_0030,2,229.02,2023-12-10T00:00:00Z,Fashion
cart_002376,user_06758,prod_0067,3,278.13,2023-12-19T00:00:00Z,Sports & Fitness
cart_002376,user_06758,prod_0027,1,8.38,2023-12-09T00:00:00Z,Fashion
cart_002376,user_06758,prod_0020,2,151.77,2023-12-02T00:00:00Z,Fashion
cart_002376,user_06758,prod_0002,2,46.02,2023-12-28T00:00:00Z,Electronics
cart_002377,user_06760,prod_0043,1,22.31,2023-12-04T00:00:00Z,Home & Kitchen
cart_002377,user_06760,prod_0091,2,61.78,2023-12-11T00:00:00Z,Automotive
cart_002377,user_06760,prod_0038,1,160.14,2023-12-02T00:00:00Z,Home & Kitchen
cart_002377,user_06760,prod_0030,3,229.02,2023-12-14T00:00:00Z,Fashion
cart_002377,user_06760,prod_0085,1,74.6,2023-12-25T00:00:00Z,Toys & Games
cart_002378,user_06767,prod_0068,3,298.55,2023-12-06T00:00:00Z,Sports & Fitness
cart_002379,user_06769,prod_0065,2,81.67,2023-12-16T00:00:00Z,Sports & Fitness
cart_002379,user_06769,prod_0079,1,167.19,2023-12-23T00:00:00Z,Beauty
cart_002379,user_06769,prod_0050,2,60.92,2023-12-02T00:00:00Z,Books
cart_002380,user_06770,prod_0013,2,138.3,2023-12-03T00:00:00Z,Electronics
cart_002380,user_06770,prod_0077,2,129.53,2023-12-18T00:00:00Z,Beauty
cart_002380,user_06770,prod_0065,3,81.67,2023-12-03T00:00:00Z,Sports & Fitness
cart_002381,user_06774,prod_0070,1,263.51,2023-12-13T00:00:00Z,Sports & Fitness
cart_002382,user_06775,prod_0074,1,50.7,2023-12-14T00:00:00Z,Beauty
cart_002382,user_06775,prod_0082,1,17.3,2023-12-19T00:00:00Z,Toys & Games
cart_002382,user_06775,prod_0081,3,250.37,2023-12-24T00:00:00Z,Toys & Games
cart_002382,user_06775,prod_0054,1,254.52,2023-12-12T00:00:00Z,Books
cart_002383,user_06777,prod_0043,3,22.31,2023-12-30T00:00:00Z,Home & Kitchen
cart_002383,user_06777,prod_0011,3,212.14,2023-12-12T00:00:00Z,Electronics
cart_002383,user_06777,prod_0008,1,110.54,2023-12-09T00:00:00Z,Electronics
cart_002383,user_06777,prod_0044,3,25.83,2023-12-07T00:00:00Z,Home & Kitchen
cart_002383,user_06777,prod_0037,1,42.75,2023-12-10T00:00:00Z,Home & Kitchen
cart_002384,user_06778,prod_0050,3,60.92,2023-12-04T00:00:00Z,Books
cart_002384,user_06778,prod_0038,1,160.14,2023-12-09T00:00:00Z,Home & Kitchen
cart_002384,user_06778,prod_0074,1,50.7,2023-12-29T00:00:00Z,Beauty
cart_002384,user_06778,prod_0058,3,148.08,2023-12-19T00:00:00Z,Books
cart_002385,user_06781,prod_0032,3,229.18,2023-12-27T00:00:00Z,Home & Kitchen
cart_002385,user_06781,prod_0023,1,298.21,2024-01-01T00:00:00Z,Fashion
cart_002385,user_06781,prod_0099,1,25.57,2023-12-11T00:00:00Z,Automotive
cart_002385,user_06781,prod_0066,1,121.36,2023-12-09T00:00:00Z,Sports & Fitness
cart_002385,user_06781,prod_0010,1,91.19,2023-12-22T00:00:00Z,Electronics
cart_002385,user_06781,prod_0016,2,84.36,2023-12-08T00:00:00Z,Fashion
cart_002386,user_06783,prod_0005,1,137.07,2024-01-01T00:00:00Z,Electronics
cart_002386,user_06783,prod_0021,2,46.05,2023-12-16T00:00:00Z,Fashion
cart_002387,user_06786,prod_0017,3,100.34,2023-12-28T00:00:00Z,Fashion
cart_002388,user_06787,prod_0077,1,129.53,2023-12-18T00:00:00Z,Beauty
cart_002388,user_06787,prod_0076,3,78.83,2023-12-11T00:00:00Z,Beauty
cart_002389,user_06788,prod_0012,1,294.66,2023-12-25T00:00:00Z,Electronics
cart_002389,user_06788,prod_0057,1,209.8,2023-12-07T00:00:00Z,Books
cart_002389,user_06788,prod_0034,1,263.34,2023-12-07T00:00:00Z,Home & Kitchen
cart_002390,user_06790,prod_0057,1,209.8,2023-12-04T00:00:00Z,Books
cart_002390,user_06790,prod_0018,3,14.44,2023-12-03T00:00:00Z,Fashion
cart_002390,user_06790,prod_0055,1,259.21,2023-12-31T00:00:00Z,Books
cart_002390,user_06790,prod_0050,3,60.92,2023-12-10T00:00:00Z,Books
cart_002390,user_06790,prod_0073,1,44.48,2023-12-21T00:00:00Z,Beauty
cart_002390,user_06790,prod_0068,2,298.55,2023-12-17T00:00:00Z,Sports & Fitness
cart_002391,user_06792,prod_0073,2,44.48,2023-12-12T00:00:00Z,Beauty
cart_002391,user_06792,prod_0030,2,229.02,2023-12-26T00:00:00Z,Fashion
cart_002391,user_06792,prod_0071,3,164.71,2023-12-03T00:00:00Z,Beauty
cart_002391,user_06792,prod_0076,1,78.83,2023-12-16T00:00:00Z,Beauty
cart_002391,user_06792,prod_0065,1,81.67,2023-12-29T00:00:00Z,Sports & Fitness
cart_002392,user_06796,prod_0035,3,75.82,2023-12-22T00:00:00Z,Home & Kitchen
cart_002392,user_06796,prod_0038,3,160.14,2023-12-24T00:00:00Z,Home & Kitchen
cart_002392,user_06796,prod_0069,3,153.73,2023-12-20T00:00:00Z,Sports & Fitness
cart_002393,user_06797,prod_0096,1,294.37,2023-12-09T00:00:00Z,Automotive
cart_002393,user_06797,prod_0091,3,61.78,2023-12-19T00:00:00Z,Automotive
cart_002393,user_06797,prod_0089,3,70.4,2023-12-15T00:00:00Z,Toys & Games
cart_002393,user_06797,prod_0055,2,259.21,2023-12-20T00:00:00Z,Books
cart_002394,user_06800,prod_0006,1,51.94,2023-12-07T00:00:00Z,Electronics
cart_002394,user_06800,prod_0008,2,110.54,2023-12-16T00:00:00Z,Electronics
cart_002394,user_06800,prod_0031,2,92.74,2023-12-17T00:00:00Z,Home & Kitchen
cart_002394,user_06800,prod_0100,3,200.04,2023-12-07T00:00:00Z,Automotive
cart_002394,user_06800,prod_0010,2,91.19,2023-12-13T00:00:00Z,Electronics
cart_002395,user_06802,prod_0085,2,74.6,2023-12-03T00:00:00Z,Toys & Games
cart_002395,user_06802,prod_0012,2,294.66,2023-12-28T00:00:00Z,Electronics
cart_002396,user_06804,prod_0088,1,236.49,2023-12-21T00:00:00Z,Toys & Games
cart_002396,user_06804,prod_0009,2,219.54,2023-12-20T00:00:00Z,Electronics
cart_002396,user_06804,prod_0001,3,192.99,2023-12-05T00:00:00Z,Electronics
cart_002397,user_06807,prod_0017,2,100.34,2023-12-07T00:00:00Z,Fashion
cart_002398,user_06808,prod_0018,3,14.44,2023-12-13T00:00:00Z,Fashion
cart_002398,user_06808,prod_0060,2,176.75,2023-12-23T00:00:00Z,Books
cart_002398,user_06808,prod_0026,2,142.61,2023-12-21T00:00:00Z,Fashion
cart_002399,user_06811,prod_0045,3,43.9,2023-12-31T00:00:00Z,Home & Kitchen
cart_002399,user_06811,prod_0023,1,298.21,2023-12-24T00:00:00Z,Fashion
cart_002399,user_06811,prod_0078,2,43.46,2023-12-30T00:00:00Z,Beauty
cart_002400,user_06816,prod_0032,3,229.18,2023-12-28T00:00:00Z,Home & Kitchen
cart_002400,user_06816,prod_0044,2,25.83,2023-12-26T00:00:00Z,Home & Kitchen
cart_002400,user_06816,prod_0062,2,24.98,2023-12-05T00:00:00Z,Sports & Fitness
cart_002400,user_06816,prod_0038,3,160.14,2023-12-09T00:00:00Z,Home & Kitchen
cart_002400,user_06816,prod_0067,1,278.13,2023-12-09T00:00:00Z,Sports & Fitness
cart_002400,user_06816,prod_0047,2,33.5,2023-12-23T00:00:00Z,Books
cart_002401,user_06817,prod_0009,1,219.54,2023-12-13T00:00:00Z,Electronics
cart_002401,user_06817,prod_0023,1,298.21,2023-12-27T00:00:00Z,Fashion
cart_002401,user_06817,prod_0080,1,282.84,2023-12-13T00:00:00Z,Beauty
cart_002402,user_06822,prod_0092,3,87.06,2023-12-18T00:00:00Z,Automotive
cart_002402,user_06822,prod_0094,3,290.3,2023-12-14T00:00:00Z,Automotive
cart_002402,user_06822,prod_0007,1,286.42,2023-12-11T00:00:00Z,Electronics
cart_002402,user_06822,prod_0028,1,230.97,2023-12-05T00:00:00Z,Fashion
cart_002402,user_06822,prod_0093,3,253.04,2023-12-04T00:00:00Z,Automotive
cart_002403,user_06824,prod_0047,1,33.5,2023-12-03T00:00:00Z,Books
cart_002404,user_06827,prod_0055,1,259.21,2023-12-02T00:00:00Z,Books
cart_002404,user_06827,prod_0045,2,43.9,2023-12-15T00:00:00Z,Home & Kitchen
cart_002405,user_06829,prod_0039,3,227.05,2023-12-19T00:00:00Z,Home & Kitchen
cart_002405,user_06829,prod_0076,1,78.83,2023-12-08T00:00:00Z,Beauty
cart_002405,user_06829,prod_0094,2,290.3,2023-12-03T00:00:00Z,Automotive
cart_002405,user_06829,prod_0075,3,64.86,2023-12-21T00:00:00Z,Beauty
cart_002406,user_06837,prod_0078,2,43.46,2023-12-21T00:00:00Z,Beauty
cart_002407,user_06838,prod_0065,3,81.67,2023-12-11T00:00:00Z,Sports & Fitness
cart_002408,user_06847,prod_0062,3,24.98,2023-12-28T00:00:00Z,Sports & Fitness
cart_002408,user_06847,prod_0034,2,263.34,2023-12-13T00:00:00Z,Home & Kitchen
cart_002408,user_06847,prod_0003,1,129.05,2023-12-08T00:00:00Z,Electronics
cart_002408,user_06847,prod_0061,2,287.47,2023-12-13T00:00:00Z,Sports & Fitness
cart_002408,user_06847,prod_0050,2,60.92,2023-12-16T00:00:00Z,Books
cart_002409,user_06849,prod_0058,3,148.08,2023-12-14T00:00:00Z,Books
cart_002409,user_06849,prod_0047,1,33.5,2023-12-21T00:00:00Z,Books
cart_002409,user_06849,prod_0063,1,266.74,2023-12-21T00:00:00Z,Sports & Fitness
cart_002409,user_06849,prod_0034,1,263.34,2023-12-13T00:00:00Z,Home & Kitchen
cart_002409,user_06849,prod_0072,1,245.23,2023-12-25T00:00:00Z,Beauty
cart_002410,user_06855,prod_0098,2,163.3,2023-12-18T00:00:00Z,Automotive
cart_002410,user_06855,prod_0011,1,212.14,2023-12-23T00:00:00Z,Electronics
cart_002410,user_06855,prod_0003,2,129.05,2023-12-29T00:00:00Z,Electronics
cart_002410,user_06855,prod_0019,3,273.46,2023-12-06T00:00:00Z,Fashion
cart_002410,user_06855,prod_0057,3,209.8,2023-12-27T00:00:00Z,Books
cart_002411,user_06858,prod_0079,1,167.19,2023-12-21T00:00:00Z,Beauty
cart_002411,user_06858,prod_0088,1,236.49,2023-12-05T00:00:00Z,Toys & Games
cart_002412,user_06860,prod_0064,1,128.25,2023-12-05T00:00:00Z,Sports & Fitness
cart_002412,user_06860,prod_0008,3,110.54,2023-12-22T00:00:00Z,Electronics
cart_002412,user_06860,prod_0065,1,81.67,2023-12-06T00:00:00Z,Sports & Fitness
cart_002412,user_06860,prod_0054,3,254.52,2023-12-22T00:00:00Z,Books
cart_002412,user_06860,prod_0038,3,160.14,2023-12-30T00:00:00Z,Home & Kitchen
cart_002412,user_06860,prod_0002,2,46.02,2023-12-25T00:00:00Z,Electronics
cart_002413,user_06864,prod_0074,3,50.7,2023-12-04T00:00:00Z,Beauty
cart_002413,user_06864,prod_0030,1,229.02,2023-12-20T00:00:00Z,Fashion
cart_002413,user_06864,prod_0022,3,176.87,2023-12-22T00:00:00Z,Fashion
cart_002413,user_06864,prod_0071,1,164.71,2023-12-17T00:00:00Z,Beauty
cart_002413,user_06864,prod_0080,3,282.84,2023-12-05T00:00:00Z,Beauty
cart_002414,user_06867,prod_0057,3,209.8,2023-12-31T00:00:00Z,Books
cart_002414,user_06867,prod_0090,2,246.24,2024-01-01T00:00:00Z,Toys & Games
cart_002415,user_06870,prod_0090,3,246.24,2023-12-07T00:00:00Z,Toys & Games
cart_002415,user_06870,prod_0012,2,294.66,2023-12-11T00:00:00Z,Electronics
cart_002415,user_06870,prod_0030,2,229.02,2023-12-20T00:00:00Z,Fashion
cart_002415,user_06870,prod_0060,2,176.75,2023-12-13T00:00:00Z,Books
cart_002415,user_06870,prod_0041,2,77.88,2023-12-14T00:00:00Z,Home & Kitchen
cart_002416,user_06874,prod_0051,1,141.01,2023-12-30T00:00:00Z,Books
cart_002416,user_06874,prod_0037,2,42.75,2023-12-13T00:00:00Z,Home & Kitchen
cart_002416,user_06874,prod_0052,3,258.24,2023-12-09T00:00:00Z,Books
cart_002416,user_06874,prod_0058,1,148.08,2023-12-26T00:00:00Z,Books
cart_002417,user_06878,prod_0055,1,259.21,2023-12-07T00:00:00Z,Books
cart_002417,user_06878,prod_0079,1,167.19,2023-12-03T00:00:00Z,Beauty
cart_002417,user_06878,prod_0069,1,153.73,2024-01-01T00:00:00Z,Sports & Fitness
cart_002418,user_06880,prod_0066,3,121.36,2023-12-30T00:00:00Z,Sports & Fitness
cart_002418,user_06880,prod_0072,1,245.23,2023-12-04T00:00:00Z,Beauty
cart_002419,user_06883,prod_0053,3,163.93,2023-12-23T00:00:00Z,Books
cart_002419,user_06883,prod_0033,1,181.09,2023-12-05T00:00:00Z,Home & Kitchen
cart_002419,user_06883,prod_0048,2,258.97,2023-12-27T00:00:00Z,Books
cart_002419,user_06883,prod_0035,1,75.82,2023-12-31T00:00:00Z,Home & Kitchen
cart_002419,user_06883,prod_0060,2,176.75,2023-12-13T00:00:00Z,Books
cart_002420,user_06889,prod_0014,3,66.6,2023-12-23T00:00:00Z,Electronics
cart_002421,user_06891,prod_0090,1,246.24,2023-12-02T00:00:00Z,Toys & Games
cart_002421,user_06891,prod_0033,2,181.09,2023-12-09T00:00:00Z,Home & Kitchen
cart_002421,user_06891,prod_0095,2,180.39,2023-12-22T00:00:00Z,Automotive
cart_002421,user_06891,prod_0052,3,258.24,2023-12-19T00:00:00Z,Books
cart_002422,user_06894,prod_0009,2,219.54,2023-12-03T00:00:00Z,Electronics
cart_002422,user_06894,prod_0007,1,286.42,2023-12-12T00:00:00Z,Electronics
cart_002422,user_06894,prod_0090,2,246.24,2023-12-06T00:00:00Z,Toys & Games
cart_002422,user_06894,prod_0002,3,46.02,2023-12-10T00:00:00Z,Electronics
cart_002423,user_06899,prod_0011,3,212.14,2023-12-18T00:00:00Z,Electronics
cart_002423,user_06899,prod_0057,1,209.8,2023-12-27T00:00:00Z,Books
cart_002423,user_06899,prod_0014,1,66.6,2024-01-01T00:00:00Z,Electronics
cart_002423,user_06899,prod_0095,1,180.39,2023-12-04T00:00:00Z,Automotive
cart_002423,user_06899,prod_0070,3,263.51,2023-12-24T00:00:00Z,Sports & Fitness
cart_002424,user_06900,prod_0038,3,160.14,2023-12-17T00:00:00Z,Home & Kitchen
cart_002424,user_06900,prod_0041,3,77.88,2023-12-27T00:00:00Z,Home & Kitchen
cart_002425,user_06906,prod_0085,3,74.6,2023-12-20T00:00:00Z,Toys & Games
cart_002425,user_06906,prod_0098,2,163.3,2023-12-08T00:00:00Z,Automotive
cart_002425,user_06906,prod_0070,3,263.51,2023-12-13T00:00:00Z,Sports & Fitness
cart_002425,user_06906,prod_0087,1,126.04,2023-12-26T00:00:00Z,Toys & Games
cart_002425,user_06906,prod_0036,1,147.88,2023-12-10T00:00:00Z,Home & Kitchen
cart_002425,user_06906,prod_0048,2,258.97,2023-12-05T00:00:00Z,Books
cart_002426,user_06909,prod_0077,1,129.53,2023-12-06T00:00:00Z,Beauty
cart_002426,user_06909,prod_0030,3,229.02,2023-12-18T00:00:00Z,Fashion
cart_002427,user_06911,prod_0001,3,192.99,2023-12-17T00:00:00Z,Electronics
cart_002428,user_06912,prod_0021,3,46.05,2023-12-09T00:00:00Z,Fashion
cart_002428,user_06912,prod_0051,1,141.01,2023-12-11T00:00:00Z,Books
cart_002428,user_06912,prod_0049,1,219.09,2023-12-27T00:00:00Z,Books
cart_002428,user_06912,prod_0053,3,163.93,2023-12-23T00:00:00Z,Books
cart_002428,user_06912,prod_0054,3,254.52,2023-12-23T00:00:00Z,Books
cart_002429,user_06916,prod_0044,2,25.83,2023-12-10T00:00:00Z,Home & Kitchen
cart_002429,user_06916,prod_0004,1,181.99,2023-12-14T00:00:00Z,Electronics
cart_002429,user_06916,prod_0008,2,110.54,2023-12-19T00:00:00Z,Electronics
cart_002429,user_06916,prod_0045,2,43.9,2023-12-14T00:00:00Z,Home & Kitchen
cart_002429,user_06916,prod_0090,2,246.24,2023-12-15T00:00:00Z,Toys & Games
cart_002430,user_06921,prod_0018,2,14.44,2023-12-29T00:00:00Z,Fashion
cart_002430,user_06921,prod_0006,1,51.94,2023-12-18T00:00:00Z,Electronics
cart_002430,user_06921,prod_0002,2,46.02,2023-12-18T00:00:00Z,Electronics
cart_002430,user_06921,prod_0034,2,263.34,2023-12-25T00:00:00Z,Home & Kitchen
cart_002430,user_06921,prod_0054,3,254.52,2023-12-20T00:00:00Z,Books
cart_002431,user_06926,prod_0042,2,72.65,2023-12-24T00:00:00Z,Home & Kitchen
cart_002431,user_06926,prod_0019,3,273.46,2023-12-26T00:00:00Z,Fashion
cart_002431,user_06926,prod_0084,2,169.61,2023-12-24T00:00:00Z,Toys & Games
cart_002432,user_06927,prod_0031,2,92.74,2023-12-07T00:00:00Z,Home & Kitchen
cart_002432,user_06927,prod_0050,2,60.92,2023-12-13T00:00:00Z,Books
cart_002432,user_06927,prod_0046,1,76.44,2023-12-24T00:00:00Z,Books
cart_002432,user_06927,prod_0056,2,294.68,2023-12-03T00:00:00Z,Books
cart_002433,user_06928,prod_0072,1,245.23,2023-12-22T00:00:00Z,Beauty
cart_002433,user_06928,prod_0006,1,51.94,2023-12-20T00:00:00Z,Electronics
cart_002434,user_06930,prod_0003,3,129.05,2023-12-04T00:00:00Z,Electronics
cart_002434,user_06930,prod_0046,2,76.44,2023-12-12T00:00:00Z,Books
cart_002434,user_06930,prod_0044,1,25.83,2023-12-02T00:00:00Z,Home & Kitchen
cart_002434,user_06930,prod_0025,3,129.12,2024-01-01T00:00:00Z,Fashion
cart_002434,user_06930,prod_0053,2,163.93,2023-12-18T00:00:00Z,Books
cart_002435,user_06933,prod_0009,2,219.54,2023-12-10T00:00:00Z,Electronics
cart_002435,user_06933,prod_0076,2,78.83,2023-12-05T00:00:00Z,Beauty
cart_002435,user_06933,prod_0070,3,263.51,2023-12-27T00:00:00Z,Sports & Fitness
cart_002436,user_06937,prod_0039,1,227.05,2023-12-26T00:00:00Z,Home & Kitchen
cart_002436,user_06937,prod_0014,3,66.6,2023-12-08T00:00:00Z,Electronics
cart_002436,user_06937,prod_0010,3,91.19,2023-12-20T00:00:00Z,Electronics
cart_002436,user_06937,prod_0097,1,18.05,2023-12-28T00:00:00Z,Automotive
cart_002436,user_06937,prod_0057,2,209.8,2023-12-09T00:00:00Z,Books
cart_002437,user_06939,prod_0074,2,50.7,2023-12-02T00:00:00Z,Beauty
cart_002438,user_06941,prod_0066,3,121.36,2023-12-31T00:00:00Z,Sports & Fitness
cart_002438,user_06941,prod_0059,1,175.28,2023-12-18T00:00:00Z,Books
cart_002438,user_06941,prod_0079,3,167.19,2023-12-29T00:00:00Z,Beauty
cart_002438,user_06941,prod_0033,2,181.09,2023-12-10T00:00:00Z,Home & Kitchen
cart_002438,user_06941,prod_0057,3,209.8,2023-12-04T00:00:00Z,Books
cart_002439,user_06944,prod_0050,3,60.92,2023-12-18T00:00:00Z,Books
cart_002439,user_06944,prod_0090,3,246.24,2023-12-18T00:00:00Z,Toys & Games
cart_002440,user_06945,prod_0029,2,138.39,2023-12-25T00:00:00Z,Fashion
cart_002440,user_06945,prod_0014,1,66.6,2023-12-10T00:00:00Z,Electronics
cart_002440,user_06945,prod_0022,2,176.87,2023-12-02T00:00:00Z,Fashion
cart_002440,user_06945,prod_0072,3,245.23,2023-12-02T00:00:00Z,Beauty
cart_002440,user_06945,prod_0019,3,273.46,2023-12-19T00:00:00Z,Fashion
cart_002441,user_06947,prod_0074,3,50.7,2023-12-04T00:00:00Z,Beauty
cart_002441,user_06947,prod_0033,3,181.09,2023-12-23T00:00:00Z,Home & Kitchen
cart_002441,user_06947,prod_0021,3,46.05,2023-12-24T00:00:00Z,Fashion
cart_002441,user_06947,prod_0001,3,192.99,2023-12-11T00:00:00Z,Electronics
cart_002442,user_06948,prod_0040,1,202.48,2023-12-19T00:00:00Z,Home & Kitchen
cart_002442,user_06948,prod_0001,2,192.99,2023-12-31T00:00:00Z,Electronics
cart_002442,user_06948,prod_0025,2,129.12,2023-12-13T00:00:00Z,Fashion
cart_002443,user_06950,prod_0005,3,137.07,2023-12-27T00:00:00Z,Electronics
cart_002443,user_06950,prod_0081,2,250.37,2023-12-19T00:00:00Z,Toys & Games
cart_002443,user_06950,prod_0051,1,141.01,2023-12-06T00:00:00Z,Books
cart_002443,user_06950,prod_0064,3,128.25,2023-12-27T00:00:00Z,Sports & Fitness
cart_002443,user_06950,prod_0084,2,169.61,2023-12-18T00:00:00Z,Toys & Games
cart_002443,user_06950,prod_0063,2,266.74,2023-12-13T00:00:00Z,Sports & Fitness
cart_002444,user_06951,prod_0013,3,138.3,2023-12-31T00:00:00Z,Electronics
cart_002445,user_06955,prod_0021,3,46.05,2023-12-03T00:00:00Z,Fashion
cart_002445,user_06955,prod_0050,2,60.92,2023-12-26T00:00:00Z,Books
cart_002445,user_06955,prod_0008,1,110.54,2023-12-30T00:00:00Z,Electronics
cart_002445,user_06955,prod_0056,2,294.68,2023-12-18T00:00:00Z,Books
cart_002445,user_06955,prod_0077,3,129.53,2023-12-12T00:00:00Z,Beauty
cart_002446,user_06957,prod_0080,2,282.84,2023-12-09T00:00:00Z,Beauty
cart_002446,user_06957,prod_0031,2,92.74,2023-12-31T00:00:00Z,Home & Kitchen
cart_002446,user_06957,prod_0019,3,273.46,2023-12-23T00:00:00Z,Fashion
cart_002446,user_06957,prod_0004,3,181.99,2023-12-13T00:00:00Z,Electronics
cart_002446,user_06957,prod_0093,3,253.04,2023-12-04T00:00:00Z,Automotive
cart_002446,user_06957,prod_0040,1,202.48,2023-12-10T00:00:00Z,Home & Kitchen
cart_002447,user_06960,prod_0052,1,258.24,2023-12-18T00:00:00Z,Books
cart_002448,user_06962,prod_0028,1,230.97,2023-12-09T00:00:00Z,Fashion
cart_002448,user_06962,prod_0052,3,258.24,2024-01-01T00:00:00Z,Books
cart_002448,user_06962,prod_0008,1,110.54,2023-12-02T00:00:00Z,Electronics
cart_002448,user_06962,prod_0053,3,163.93,2023-12-08T00:00:00Z,Books
cart_002448,user_06962,prod_0057,1,209.8,2023-12-18T00:00:00Z,Books
cart_002448,user_06962,prod_0012,3,294.66,2023-12-14T00:00:00Z,Electronics
cart_002449,user_06966,prod_0021,3,46.05,2023-12-14T00:00:00Z,Fashion
cart_002449,user_06966,prod_0030,2,229.02,2023-12-23T00:00:00Z,Fashion
cart_002449,user_06966,prod_0033,1,181.09,2023-12-17T00:00:00Z,Home & Kitchen
cart_002449,user_06966,prod_0100,3,200.04,2023-12-06T00:00:00Z,Automotive
cart_002449,user_06966,prod_0077,1,129.53,2023-12-29T00:00:00Z,Beauty
cart_002450,user_06970,prod_0015,1,55.31,2023-12-18T00:00:00Z,Electronics
cart_002450,user_06970,prod_0047,3,33.5,2023-12-24T00:00:00Z,Books
cart_002451,user_06975,prod_0043,1,22.31,2023-12-09T00:00:00Z,Home & Kitchen
cart_002451,user_06975,prod_0084,3,169.61,2023-12-08T00:00:00Z,Toys & Games
cart_002451,user_06975,prod_0047,3,33.5,2023-12-06T00:00:00Z,Books
cart_002452,user_06977,prod_0055,1,259.21,2023-12-12T00:00:00Z,Books
cart_002453,user_06978,prod_0086,2,12.29,2023-12-19T00:00:00Z,Toys & Games
cart_002453,user_06978,prod_0047,2,33.5,2023-12-02T00:00:00Z,Books
cart_002454,user_06980,prod_0053,1,163.93,2023-12-25T00:00:00Z,Books
cart_002454,user_06980,prod_0047,1,33.5,2023-12-17T00:00:00Z,Books
cart_002454,user_06980,prod_0005,1,137.07,2023-12-09T00:00:00Z,Electronics
cart_002454,user_06980,prod_0089,1,70.4,2023-12-26T00:00:00Z,Toys & Games
cart_002454,user_06980,prod_0023,2,298.21,2023-12-04T00:00:00Z,Fashion
cart_002455,user_06983,prod_0037,1,42.75,2023-12-16T00:00:00Z,Home & Kitchen
cart_002455,user_06983,prod_0016,1,84.36,2023-12-02T00:00:00Z,Fashion
cart_002455,user_06983,prod_0019,1,273.46,2023-12-15T00:00:00Z,Fashion
cart_002456,user_06987,prod_0040,1,202.48,2023-12-31T00:00:00Z,Home & Kitchen
cart_002456,user_06987,prod_0092,2,87.06,2023-12-29T00:00:00Z,Automotive
cart_002456,user_06987,prod_0078,2,43.46,2023-12-05T00:00:00Z,Beauty
cart_002456,user_06987,prod_0053,2,163.93,2023-12-14T00:00:00Z,Books
cart_002457,user_06988,prod_0055,1,259.21,2023-12-03T00:00:00Z,Books
cart_002457,user_06988,prod_0028,2,230.97,2023-12-17T00:00:00Z,Fashion
cart_002457,user_06988,prod_0046,2,76.44,2023-12-15T00:00:00Z,Books
cart_002457,user_06988,prod_0057,1,209.8,2023-12-10T00:00:00Z,Books
cart_002457,user_06988,prod_0013,1,138.3,2023-12-15T00:00:00Z,Electronics
cart_002458,user_06991,prod_0048,1,258.97,2023-12-04T00:00:00Z,Books
cart_002458,user_06991,prod_0049,1,219.09,2023-12-11T00:00:00Z,Books
cart_002459,user_06993,prod_0085,3,74.6,2023-12-25T00:00:00Z,Toys & Games
cart_002459,user_06993,prod_0059,1,175.28,2023-12-17T00:00:00Z,Books
cart_002459,user_06993,prod_0049,1,219.09,2023-12-15T00:00:00Z,Books
cart_002460,user_06994,prod_0046,1,76.44,2023-12-06T00:00:00Z,Books
cart_002460,user_06994,prod_0050,1,60.92,2023-12-23T00:00:00Z,Books
cart_002460,user_06994,prod_0056,3,294.68,2023-12-08T00:00:00Z,Books
cart_002460,user_06994,prod_0097,2,18.05,2023-12-11T00:00:00Z,Automotive
cart_002461,user_06996,prod_0024,1,18.85,2024-01-01T00:00:00Z,Fashion
cart_002461,user_06996,prod_0008,2,110.54,2023-12-11T00:00:00Z,Electronics
cart_002462,user_06997,prod_0065,1,81.67,2023-12-16T00:00:00Z,Sports & Fitness
cart_002462,user_06997,prod_0009,3,219.54,2023-12-26T00:00:00Z,Electronics
cart_002462,user_06997,prod_0060,2,176.75,2023-12-20T00:00:00Z,Books
cart_002462,user_06997,prod_0040,1,202.48,2023-12-03T00:00:00Z,Home & Kitchen
cart_002462,user_06997,prod_0003,1,129.05,2023-12-15T00:00:00Z,Electronics
cart_002463,user_06999,prod_0034,2,263.34,2023-12-20T00:00:00Z,Home & Kitchen
cart_002463,user_06999,prod_0049,1,219.09,2023-12-11T00:00:00Z,Books
cart_002464,user_07002,prod_0087,2,126.04,2023-12-18T00:00:00Z,Toys & Games
cart_002464,user_07002,prod_0095,2,180.39,2023-12-16T00:00:00Z,Automotive
cart_002465,user_07004,prod_0016,2,84.36,2023-12-27T00:00:00Z,Fashion
cart_002465,user_07004,prod_0055,2,259.21,2023-12-18T00:00:00Z,Books
cart_002465,user_07004,prod_0045,2,43.9,2023-12-06T00:00:00Z,Home & Kitchen
cart_002466,user_07007,prod_0012,1,294.66,2023-12-03T00:00:00Z,Electronics
cart_002466,user_07007,prod_0097,2,18.05,2023-12-24T00:00:00Z,Automotive
cart_002466,user_07007,prod_0091,2,61.78,2023-12-19T00:00:00Z,Automotive
cart_002466,user_07007,prod_0010,2,91.19,2023-12-08T00:00:00Z,Electronics
cart_002466,user_07007,prod_0008,3,110.54,2023-12-09T00:00:00Z,Electronics
cart_002466,user_07007,prod_0094,1,290.3,2023-12-15T00:00:00Z,Automotive
cart_002467,user_07008,prod_0046,3,76.44,2023-12-02T00:00:00Z,Books
cart_002467,user_07008,prod_0004,1,181.99,2023-12-31T00:00:00Z,Electronics
cart_002467,user_07008,prod_0005,2,137.07,2023-12-21T00:00:00Z,Electronics
cart_002468,user_07011,prod_0019,2,273.46,2023-12-25T00:00:00Z,Fashion
cart_002468,user_07011,prod_0056,1,294.68,2023-12-14T00:00:00Z,Books
cart_002469,user_07012,prod_0048,1,258.97,2023-12-06T00:00:00Z,Books
cart_002469,user_07012,prod_0015,2,55.31,2023-12-15T00:00:00Z,Electronics
cart_002470,user_07022,prod_0004,3,181.99,2023-12-06T00:00:00Z,Electronics
cart_002471,user_07023,prod_0042,3,72.65,2023-12-14T00:00:00Z,Home & Kitchen
cart_002472,user_07025,prod_0084,1,169.61,2023-12-11T00:00:00Z,Toys & Games
cart_002472,user_07025,prod_0039,1,227.05,2023-12-30T00:00:00Z,Home & Kitchen
cart_002472,user_07025,prod_0083,3,66.76,2023-12-06T00:00:00Z,Toys & Games
cart_002472,user_07025,prod_0041,1,77.88,2023-12-31T00:00:00Z,Home & Kitchen
cart_002472,user_07025,prod_0025,3,129.12,2023-12-23T00:00:00Z,Fashion
cart_002472,user_07025,prod_0040,1,202.48,2023-12-03T00:00:00Z,Home & Kitchen
cart_002473,user_07026,prod_0025,3,129.12,2023-12-16T00:00:00Z,Fashion
cart_002473,user_07026,prod_0031,3,92.74,2023-12-17T00:00:00Z,Home & Kitchen
cart_002473,user_07026,prod_0038,1,160.14,2023-12-10T00:00:00Z,Home & Kitchen
cart_002473,user_07026,prod_0048,2,258.97,2023-12-15T00:00:00Z,Books
cart_002473,user_07026,prod_0041,1,77.88,2023-12-13T00:00:00Z,Home & Kitchen
cart_002474,user_07030,prod_0049,1,219.09,2023-12-30T00:00:00Z,Books
cart_002474,user_07030,prod_0028,2,230.97,2023-12-30T00:00:00Z,Fashion
cart_002475,user_07031,prod_0014,1,66.6,2023-12-30T00:00:00Z,Electronics
cart_002475,user_07031,prod_0009,1,219.54,2023-12-19T00:00:00Z,Electronics
cart_002476,user_07033,prod_0034,3,263.34,2023-12-31T00:00:00Z,Home & Kitchen
cart_002476,user_07033,prod_0082,3,17.3,2023-12-28T00:00:00Z,Toys & Games
cart_002477,user_07035,prod_0061,3,287.47,2023-12-20T00:00:00Z,Sports & Fitness
cart_002477,user_07035,prod_0096,3,294.37,2023-12-02T00:00:00Z,Automotive
cart_002477,user_07035,prod_0071,1,164.71,2023-12-24T00:00:00Z,Beauty
cart_002477,user_07035,prod_0015,2,55.31,2023-12-15T00:00:00Z,Electronics
cart_002477,user_07035,prod_0053,3,163.93,2023-12-31T00:00:00Z,Books
cart_002478,user_07037,prod_0061,3,287.47,2023-12-15T00:00:00Z,Sports & Fitness
cart_002478,user_07037,prod_0024,2,18.85,2023-12-29T00:00:00Z,Fashion
cart_002478,user_07037,prod_0036,1,147.88,2023-12-13T00:00:00Z,Home & Kitchen
cart_002478,user_07037,prod_0073,2,44.48,2023-12-05T00:00:00Z,Beauty
cart_002478,user_07037,prod_0075,2,64.86,2023-12-25T00:00:00Z,Beauty
cart_002478,user_07037,prod_0072,3,245.23,2023-12-12T00:00:00Z,Beauty
cart_002479,user_07041,prod_0034,1,263.34,2023-12-26T00:00:00Z,Home & Kitchen
cart_002479,user_07041,prod_0050,1,60.92,2023-12-18T00:00:00Z,Books
cart_002479,user_07041,prod_0035,1,75.82,2023-12-12T00:00:00Z,Home & Kitchen
cart_002479,user_07041,prod_0014,2,66.6,2023-12-02T00:00:00Z,Electronics
cart_002480,user_07043,prod_0054,3,254.52,2023-12-29T00:00:00Z,Books
cart_002480,user_07043,prod_0059,3,175.28,2023-12-14T00:00:00Z,Books
cart_002480,user_07043,prod_0099,3,25.57,2024-01-01T00:00:00Z,Automotive
cart_002480,user_07043,prod_0060,3,176.75,2023-12-03T00:00:00Z,Books
cart_002481,user_07044,prod_0023,2,298.21,2023-12-16T00:00:00Z,Fashion
cart_002481,user_07044,prod_0028,2,230.97,2023-12-24T00:00:00Z,Fashion
cart_002481,user_07044,prod_0082,1,17.3,2023-12-04T00:00:00Z,Toys & Games
cart_002481,user_07044,prod_0072,1,245.23,2023-12-03T00:00:00Z,Beauty
cart_002482,user_07049,prod_0009,2,219.54,2023-12-16T00:00:00Z,Electronics
cart_002482,user_07049,prod_0010,3,91.19,2023-12-28T00:00:00Z,Electronics
cart_002482,user_07049,prod_0082,2,17.3,2023-12-30T00:00:00Z,Toys & Games
cart_002483,user_07050,prod_0029,1,138.39,2023-12-24T00:00:00Z,Fashion
cart_002483,user_07050,prod_0084,3,169.61,2023-12-25T00:00:00Z,Toys & Games
cart_002483,user_07050,prod_0019,1,273.46,2023-12-06T00:00:00Z,Fashion
cart_002483,user_07050,prod_0010,1,91.19,2023-12-23T00:00:00Z,Electronics
cart_002483,user_07050,prod_0002,3,46.02,2023-12-27T00:00:00Z,Electronics
cart_002483,user_07050,prod_0063,1,266.74,2023-12-20T00:00:00Z,Sports & Fitness
cart_002484,user_07054,prod_0050,3,60.92,2023-12-29T00:00:00Z,Books
cart_002484,user_07054,prod_0023,1,298.21,2023-12-13T00:00:00Z,Fashion
cart_002484,user_07054,prod_0083,3,66.76,2023-12-08T00:00:00Z,Toys & Games
cart_002484,user_07054,prod_0099,3,25.57,2023-12-26T00:00:00Z,Automotive
cart_002484,user_07054,prod_0026,2,142.61,2023-12-08T00:00:00Z,Fashion
cart_002484,user_07054,prod_0066,2,121.36,2023-12-19T00:00:00Z,Sports & Fitness
cart_002485,user_07058,prod_0099,3,25.57,2023-12-24T00:00:00Z,Automotive
cart_002485,user_07058,prod_0074,2,50.7,2023-12-26T00:00:00Z,Beauty
cart_002485,user_07058,prod_0045,2,43.9,2023-12-23T00:00:00Z,Home & Kitchen
cart_002485,user_07058,prod_0042,1,72.65,2023-12-21T00:00:00Z,Home & Kitchen
cart_002485,user_07058,prod_0001,1,192.99,2023-12-20T00:00:00Z,Electronics
cart_002486,user_07061,prod_0052,2,258.24,2023-12-06T00:00:00Z,Books
cart_002487,user_07062,prod_0080,2,282.84,2023-12-28T00:00:00Z,Beauty
cart_002487,user_07062,prod_0078,3,43.46,2023-12-12T00:00:00Z,Beauty
cart_002487,user_07062,prod_0002,2,46.02,2023-12-20T00:00:00Z,Electronics
cart_002487,user_07062,prod_0010,3,91.19,2023-12-23T00:00:00Z,Electronics
cart_002488,user_07065,prod_0084,1,169.61,2023-12-21T00:00:00Z,Toys & Games
cart_002488,user_07065,prod_0053,1,163.93,2023-12-02T00:00:00Z,Books
cart_002488,user_07065,prod_0036,2,147.88,2023-12-04T00:00:00Z,Home & Kitchen
cart_002489,user_07068,prod_0058,3,148.08,2023-12-26T00:00:00Z,Books
cart_002489,user_07068,prod_0056,2,294.68,2023-12-03T00:00:00Z,Books
cart_002489,user_07068,prod_0016,1,84.36,2023-12-27T00:00:00Z,Fashion
cart_002489,user_07068,prod_0043,3,22.31,2023-12-12T00:00:00Z,Home & Kitchen
cart_002489,user_07068,prod_0036,2,147.88,2024-01-01T00:00:00Z,Home & Kitchen
cart_002489,user_07068,prod_0051,3,141.01,2023-12-03T00:00:00Z,Books
cart_002490,user_07069,prod_0100,3,200.04,2023-12-11T00:00:00Z,Automotive
cart_002490,user_07069,prod_0054,2,254.52,2023-12-18T00:00:00Z,Books
cart_002490,user_07069,prod_0004,3,181.99,2023-12-10T00:00:00Z,Electronics
cart_002490,user_07069,prod_0085,3,74.6,2023-12-10T00:00:00Z,Toys & Games
cart_002490,user_07069,prod_0008,3,110.54,2023-12-23T00:00:00Z,Electronics
cart_002490,user_07069,prod_0098,1,163.3,2023-12-11T00:00:00Z,Automotive
cart_002491,user_07070,prod_0039,1,227.05,2023-12-28T00:00:00Z,Home & Kitchen
cart_002491,user_07070,prod_0100,2,200.04,2023-12-13T00:00:00Z,Automotive
cart_002491,user_07070,prod_0062,2,24.98,2023-12-03T00:00:00Z,Sports & Fitness
cart_002491,user_07070,prod_0031,3,92.74,2023-12-27T00:00:00Z,Home & Kitchen
cart_002491,user_07070,prod_0013,2,138.3,2023-12-14T00:00:00Z,Electronics
cart_002491,user_07070,prod_0042,1,72.65,2023-12-16T00:00:00Z,Home & Kitchen
cart_002492,user_07075,prod_0010,2,91.19,2023-12-19T00:00:00Z,Electronics
cart_002492,user_07075,prod_0029,3,138.39,2023-12-22T00:00:00Z,Fashion
cart_002493,user_07076,prod_0048,2,258.97,2023-12-30T00:00:00Z,Books
cart_002494,user_07081,prod_0098,2,163.3,2023-12-13T00:00:00Z,Automotive
cart_002494,user_07081,prod_0081,3,250.37,2023-12-03T00:00:00Z,Toys & Games
cart_002494,user_07081,prod_0004,3,181.99,2023-12-21T00:00:00Z,Electronics
cart_002495,user_07084,prod_0064,2,128.25,2023-12-27T00:00:00Z,Sports & Fitness
cart_002495,user_07084,prod_0061,3,287.47,2023-12-20T00:00:00Z,Sports & Fitness
cart_002495,user_07084,prod_0030,2,229.02,2023-12-11T00:00:00Z,Fashion
cart_002495,user_07084,prod_0071,3,164.71,2023-12-20T00:00:00Z,Beauty
cart_002495,user_07084,prod_0080,1,282.84,2023-12-02T00:00:00Z,Beauty
cart_002496,user_07094,prod_0050,2,60.92,2023-12-31T00:00:00Z,Books
cart_002497,user_07095,prod_0009,1,219.54,2023-12-21T00:00:00Z,Electronics
cart_002497,user_07095,prod_0008,3,110.54,2023-12-04T00:00:00Z,Electronics
cart_002497,user_07095,prod_0004,2,181.99,2023-12-12T00:00:00Z,Electronics
cart_002497,user_07095,prod_0074,1,50.7,2023-12-18T00:00:00Z,Beauty
cart_002497,user_07095,prod_0062,1,24.98,2023-12-20T00:00:00Z,Sports & Fitness
cart_002497,user_07095,prod_0086,1,12.29,2023-12-14T00:00:00Z,Toys & Games
cart_002498,user_07096,prod_0020,2,151.77,2023-12-12T00:00:00Z,Fashion
cart_002498,user_07096,prod_0029,1,138.39,2024-01-01T00:00:00Z,Fashion
cart_002499,user_07097,prod_0033,3,181.09,2023-12-08T00:00:00Z,Home & Kitchen
cart_002499,user_07097,prod_0012,2,294.66,2023-12-27T00:00:00Z,Electronics
cart_002500,user_07098,prod_0096,3,294.37,2023-12-06T00:00:00Z,Automotive
cart_002500,user_07098,prod_0018,3,14.44,2023-12-02T00:00:00Z,Fashion
cart_002500,user_07098,prod_0062,3,24.98,2023-12-24T00:00:00Z,Sports & Fitness
cart_002501,user_07102,prod_0089,2,70.4,2023-12-24T00:00:00Z,Toys & Games
cart_002501,user_07102,prod_0097,3,18.05,2023-12-16T00:00:00Z,Automotive
cart_002501,user_07102,prod_0064,3,128.25,2023-12-18T00:00:00Z,Sports & Fitness
cart_002501,user_07102,prod_0070,2,263.51,2023-12-02T00:00:00Z,Sports & Fitness
cart_002501,user_07102,prod_0024,3,18.85,2023-12-10T00:00:00Z,Fashion
cart_002502,user_07105,prod_0067,1,278.13,2023-12-06T00:00:00Z,Sports & Fitness
cart_002502,user_07105,prod_0022,2,176.87,2023-12-10T00:00:00Z,Fashion
cart_002503,user_07108,prod_0045,1,43.9,2023-12-15T00:00:00Z,Home & Kitchen
cart_002503,user_07108,prod_0007,1,286.42,2023-12-29T00:00:00Z,Electronics
cart_002503,user_07108,prod_0017,1,100.34,2023-12-13T00:00:00Z,Fashion
cart_002503,user_07108,prod_0032,2,229.18,2023-12-18T00:00:00Z,Home & Kitchen
cart_002503,user_07108,prod_0011,2,212.14,2023-12-04T00:00:00Z,Electronics
cart_002504,user_07116,prod_0083,1,66.76,2023-12-12T00:00:00Z,Toys & Games
cart_002504,user_07116,prod_0028,1,230.97,2023-12-25T00:00:00Z,Fashion
cart_002505,user_07117,prod_0058,1,148.08,2023-12-26T00:00:00Z,Books
cart_002505,user_07117,prod_0056,3,294.68,2023-12-16T00:00:00Z,Books
cart_002505,user_07117,prod_0045,3,43.9,2023-12-17T00:00:00Z,Home & Kitchen
cart_002506,user_07119,prod_0078,1,43.46,2023-12-23T00:00:00Z,Beauty
cart_002506,user_07119,prod_0022,1,176.87,2023-12-13T00:00:00Z,Fashion
cart_002506,user_07119,prod_0009,2,219.54,2023-12-16T00:00:00Z,Electronics
cart_002506,user_07119,prod_0005,3,137.07,2023-12-26T00:00:00Z,Electronics
cart_002506,user_07119,prod_0066,3,121.36,2023-12-21T00:00:00Z,Sports & Fitness
cart_002506,user_07119,prod_0097,1,18.05,2023-12-13T00:00:00Z,Automotive
cart_002507,user_07123,prod_0050,2,60.92,2023-12-17T00:00:00Z,Books
cart_002508,user_07126,prod_0014,1,66.6,2023-12-26T00:00:00Z,Electronics
cart_002508,user_07126,prod_0003,2,129.05,2023-12-22T00:00:00Z,Electronics
cart_002508,user_07126,prod_0013,3,138.3,2023-12-30T00:00:00Z,Electronics
cart_002508,user_07126,prod_0053,1,163.93,2023-12-27T00:00:00Z,Books
cart_002508,user_07126,prod_0006,2,51.94,2023-12-17T00:00:00Z,Electronics
cart_002509,user_07127,prod_0088,3,236.49,2023-12-08T00:00:00Z,Toys & Games
cart_002509,user_07127,prod_0008,1,110.54,2023-12-22T00:00:00Z,Electronics
cart_002509,user_07127,prod_0015,2,55.31,2024-01-01T00:00:00Z,Electronics
cart_002509,user_07127,prod_0086,1,12.29,2023-12-26T00:00:00Z,Toys & Games
cart_002509,user_07127,prod_0089,3,70.4,2023-12-30T00:00:00Z,Toys & Games
cart_002510,user_07132,prod_0022,2,176.87,2023-12-03T00:00:00Z,Fashion
cart_002510,user_07132,prod_0079,1,167.19,2023-12-05T00:00:00Z,Beauty
cart_002510,user_07132,prod_0071,3,164.71,2023-12-21T00:00:00Z,Beauty
cart_002510,user_07132,prod_0073,2,44.48,2023-12-25T00:00:00Z,Beauty
cart_002510,user_07132,prod_0076,2,78.83,2023-12-21T00:00:00Z,Beauty
cart_002510,user_07132,prod_0077,1,129.53,2023-12-19T00:00:00Z,Beauty
cart_002511,user_07133,prod_0066,1,121.36,2023-12-22T00:00:00Z,Sports & Fitness
cart_002512,user_07135,prod_0059,2,175.28,2023-12-04T00:00:00Z,Books
cart_002512,user_07135,prod_0008,3,110.54,2023-12-23T00:00:00Z,Electronics
cart_002512,user_07135,prod_0035,2,75.82,2023-12-02T00:00:00Z,Home & Kitchen
cart_002513,user_07137,prod_0037,1,42.75,2023-12-30T00:00:00Z,Home & Kitchen
cart_002513,user_07137,prod_0022,3,176.87,2023-12-26T00:00:00Z,Fashion
cart_002513,user_07137,prod_0054,2,254.52,2023-12-08T00:00:00Z,Books
cart_002514,user_07138,prod_0032,3,229.18,2023-12-20T00:00:00Z,Home & Kitchen
cart_002514,user_07138,prod_0046,3,76.44,2024-01-01T00:00:00Z,Books
cart_002514,user_07138,prod_0016,1,84.36,2023-12-29T00:00:00Z,Fashion
cart_002515,user_07139,prod_0005,1,137.07,2023-12-18T00:00:00Z,Electronics
cart_002515,user_07139,prod_0052,3,258.24,2023-12-04T00:00:00Z,Books
cart_002515,user_07139,prod_0046,2,76.44,2023-12-20T00:00:00Z,Books
cart_002515,user_07139,prod_0087,3,126.04,2023-12-19T00:00:00Z,Toys & Games
cart_002515,user_07139,prod_0006,2,51.94,2023-12-04T00:00:00Z,Electronics
cart_002515,user_07139,prod_0098,3,163.3,2023-12-05T00:00:00Z,Automotive
cart_002516,user_07140,prod_0079,1,167.19,2023-12-27T00:00:00Z,Beauty
cart_002516,user_07140,prod_0084,2,169.61,2023-12-18T00:00:00Z,Toys & Games
cart_002516,user_07140,prod_0022,2,176.87,2023-12-05T00:00:00Z,Fashion
cart_002516,user_07140,prod_0046,1,76.44,2023-12-25T00:00:00Z,Books
cart_002516,user_07140,prod_0066,1,121.36,2023-12-08T00:00:00Z,Sports & Fitness
cart_002516,user_07140,prod_0097,3,18.05,2024-01-01T00:00:00Z,Automotive
cart_002517,user_07141,prod_0002,1,46.02,2023-12-22T00:00:00Z,Electronics
cart_002517,user_07141,prod_0011,3,212.14,2023-12-19T00:00:00Z,Electronics
cart_002517,user_07141,prod_0013,3,138.3,2023-12-17T00:00:00Z,Electronics
cart_002517,user_07141,prod_0099,3,25.57,2023-12-09T00:00:00Z,Automotive
cart_002518,user_07143,prod_0016,3,84.36,2024-01-01T00:00:00Z,Fashion
cart_002518,user_07143,prod_0076,1,78.83,2023-12-14T00:00:00Z,Beauty
cart_002518,user_07143,prod_0024,2,18.85,2023-12-07T00:00:00Z,Fashion
cart_002518,user_07143,prod_0079,1,167.19,2023-12-13T00:00:00Z,Beauty
cart_002518,user_07143,prod_0078,2,43.46,2023-12-13T00:00:00Z,Beauty
cart_002519,user_07144,prod_0081,3,250.37,2024-01-01T00:00:00Z,Toys & Games
cart_002519,user_07144,prod_0059,2,175.28,2023-12-12T00:00:00Z,Books
cart_002519,user_07144,prod_0049,2,219.09,2023-12-24T00:00:00Z,Books
cart_002520,user_07146,prod_0027,2,8.38,2023-12-22T00:00:00Z,Fashion
cart_002520,user_07146,prod_0059,1,175.28,2023-12-30T00:00:00Z,Books
cart_002520,user_07146,prod_0021,2,46.05,2023-12-07T00:00:00Z,Fashion
cart_002520,user_07146,prod_0054,3,254.52,2023-12-10T00:00:00Z,Books
cart_002520,user_07146,prod_0044,1,25.83,2023-12-19T00:00:00Z,Home & Kitchen
cart_002520,user_07146,prod_0051,2,141.01,2023-12-10T00:00:00Z,Books
cart_002521,user_07149,prod_0028,3,230.97,2023-12-28T00:00:00Z,Fashion
cart_002521,user_07149,prod_0050,1,60.92,2023-12-18T00:00:00Z,Books
cart_002521,user_07149,prod_0033,1,181.09,2023-12-17T00:00:00Z,Home & Kitchen
cart_002521,user_07149,prod_0041,3,77.88,2023-12-16T00:00:00Z,Home & Kitchen
cart_002521,user_07149,prod_0045,3,43.9,2023-12-03T00:00:00Z,Home & Kitchen
cart_002521,user_07149,prod_0065,2,81.67,2023-12-23T00:00:00Z,Sports & Fitness
cart_002522,user_07152,prod_0032,3,229.18,2023-12-16T00:00:00Z,Home & Kitchen
cart_002522,user_07152,prod_0017,1,100.34,2023-12-22T00:00:00Z,Fashion
cart_002522,user_07152,prod_0078,2,43.46,2023-12-29T00:00:00Z,Beauty
cart_002522,user_07152,prod_0036,2,147.88,2023-12-25T00:00:00Z,Home & Kitchen
cart_002523,user_07155,prod_0083,1,66.76,2023-12-24T00:00:00Z,Toys & Games
cart_002523,user_07155,prod_0065,3,81.67,2023-12-20T00:00:00Z,Sports & Fitness
cart_002524,user_07160,prod_0009,3,219.54,2023-12-21T00:00:00Z,Electronics
cart_002524,user_07160,prod_0018,2,14.44,2023-12-12T00:00:00Z,Fashion
cart_002525,user_07162,prod_0014,1,66.6,2023-12-16T00:00:00Z,Electronics
cart_002525,user_07162,prod_0030,3,229.02,2023-12-30T00:00:00Z,Fashion
cart_002525,user_07162,prod_0007,1,286.42,2023-12-17T00:00:00Z,Electronics
cart_002525,user_07162,prod_0093,2,253.04,2023-12-29T00:00:00Z,Automotive
cart_002525,user_07162,prod_0004,2,181.99,2023-12-20T00:00:00Z,Electronics
cart_002526,user_07171,prod_0099,3,25.57,2023-12-23T00:00:00Z,Automotive
cart_002526,user_07171,prod_0001,2,192.99,2023-12-31T00:00:00Z,Electronics
cart_002527,user_07177,prod_0024,3,18.85,2023-12-11T00:00:00Z,Fashion
cart_002527,user_07177,prod_0003,1,129.05,2023-12-17T00:00:00Z,Electronics
cart_002528,user_07178,prod_0017,1,100.34,2023-12-23T00:00:00Z,Fashion
cart_002528,user_07178,prod_0066,1,121.36,2023-12-27T00:00:00Z,Sports & Fitness
cart_002528,user_07178,prod_0033,3,181.09,2023-12-17T00:00:00Z,Home & Kitchen
cart_002528,user_07178,prod_0035,3,75.82,2023-12-04T00:00:00Z,Home & Kitchen
cart_002529,user_07182,prod_0038,3,160.14,2023-12-02T00:00:00Z,Home & Kitchen
cart_002529,user_07182,prod_0002,1,46.02,2023-12-26T00:00:00Z,Electronics
cart_002529,user_07182,prod_0010,3,91.19,2023-12-27T00:00:00Z,Electronics
cart_002530,user_07183,prod_0048,3,258.97,2023-12-08T00:00:00Z,Books
cart_002530,user_07183,prod_0009,1,219.54,2023-12-31T00:00:00Z,Electronics
cart_002530,user_07183,prod_0092,3,87.06,2023-12-22T00:00:00Z,Automotive
cart_002530,user_07183,prod_0077,2,129.53,2023-12-28T00:00:00Z,Beauty
cart_002530,user_07183,prod_0051,3,141.01,2023-12-02T00:00:00Z,Books
cart_002531,user_07184,prod_0063,3,266.74,2023-12-20T00:00:00Z,Sports & Fitness
cart_002531,user_07184,prod_0078,3,43.46,2023-12-23T00:00:00Z,Beauty
cart_002531,user_07184,prod_0072,3,245.23,2023-12-24T00:00:00Z,Beauty
cart_002531,user_07184,prod_0077,3,129.53,2023-12-02T00:00:00Z,Beauty
cart_002531,user_07184,prod_0062,2,24.98,2023-12-24T00:00:00Z,Sports & Fitness
cart_002531,user_07184,prod_0091,2,61.78,2023-12-19T00:00:00Z,Automotive
cart_002532,user_07186,prod_0020,2,151.77,2023-12-22T00:00:00Z,Fashion
cart_002532,user_07186,prod_0007,1,286.42,2023-12-11T00:00:00Z,Electronics
cart_002532,user_07186,prod_0057,1,209.8,2023-12-05T00:00:00Z,Books
cart_002532,user_07186,prod_0006,3,51.94,2023-12-18T00:00:00Z,Electronics
cart_002533,user_07188,prod_0034,3,263.34,2023-12-30T00:00:00Z,Home & Kitchen
cart_002533,user_07188,prod_0004,3,181.99,2023-12-30T00:00:00Z,Electronics
cart_002533,user_07188,prod_0053,1,163.93,2023-12-23T00:00:00Z,Books
cart_002533,user_07188,prod_0047,2,33.5,2023-12-18T00:00:00Z,Books
cart_002533,user_07188,prod_0022,1,176.87,2023-12-31T00:00:00Z,Fashion
cart_002533,user_07188,prod_0052,3,258.24,2023-12-20T00:00:00Z,Books
cart_002534,user_07190,prod_0002,2,46.02,2023-12-07T00:00:00Z,Electronics
cart_002535,user_07192,prod_0013,3,138.3,2023-12-26T00:00:00Z,Electronics
cart_002536,user_07195,prod_0034,3,263.34,2023-12-25T00:00:00Z,Home & Kitchen
cart_002536,user_07195,prod_0050,3,60.92,2023-12-12T00:00:00Z,Books
cart_002536,user_07195,prod_0059,3,175.28,2023-12-02T00:00:00Z,Books
cart_002536,user_07195,prod_0014,2,66.6,2023-12-02T00:00:00Z,Electronics
cart_002536,user_07195,prod_0010,1,91.19,2023-12-18T00:00:00Z,Electronics
cart_002537,user_07200,prod_0072,3,245.23,2023-12-04T00:00:00Z,Beauty
cart_002537,user_07200,prod_0088,1,236.49,2023-12-15T00:00:00Z,Toys & Games
cart_002537,user_07200,prod_0091,3,61.78,2023-12-17T00:00:00Z,Automotive
cart_002537,user_07200,prod_0090,1,246.24,2023-12-18T00:00:00Z,Toys & Games
cart_002537,user_07200,prod_0084,1,169.61,2023-12-10T00:00:00Z,Toys & Games
cart_002538,user_07204,prod_0048,3,258.97,2023-12-07T00:00:00Z,Books
cart_002538,user_07204,prod_0094,2,290.3,2023-12-29T00:00:00Z,Automotive
cart_002538,user_07204,prod_0037,1,42.75,2024-01-01T00:00:00Z,Home & Kitchen
cart_002538,user_07204,prod_0007,3,286.42,2023-12-14T00:00:00Z,Electronics
cart_002539,user_07210,prod_0047,2,33.5,2023-12-27T00:00:00Z,Books
cart_002539,user_07210,prod_0013,2,138.3,2023-12-08T00:00:00Z,Electronics
cart_002540,user_07212,prod_0075,2,64.86,2023-12-04T00:00:00Z,Beauty
cart_002540,user_07212,prod_0088,1,236.49,2023-12-16T00:00:00Z,Toys & Games
cart_002540,user_07212,prod_0032,3,229.18,2023-12-09T00:00:00Z,Home & Kitchen
cart_002541,user_07215,prod_0077,1,129.53,2023-12-06T00:00:00Z,Beauty
cart_002541,user_07215,prod_0062,1,24.98,2023-12-04T00:00:00Z,Sports & Fitness
cart_002541,user_07215,prod_0074,1,50.7,2023-12-10T00:00:00Z,Beauty
cart_002541,user_07215,prod_0047,1,33.5,2023-12-18T00:00:00Z,Books
cart_002541,user_07215,prod_0075,3,64.86,2023-12-03T00:00:00Z,Beauty
cart_002542,user_07217,prod_0054,1,254.52,2023-12-15T00:00:00Z,Books
cart_002542,user_07217,prod_0064,2,128.25,2023-12-04T00:00:00Z,Sports & Fitness
cart_002543,user_07227,prod_0072,3,245.23,2023-12-02T00:00:00Z,Beauty
cart_002543,user_07227,prod_0015,1,55.31,2023-12-12T00:00:00Z,Electronics
cart_002543,user_07227,prod_0027,1,8.38,2023-12-10T00:00:00Z,Fashion
cart_002543,user_07227,prod_0029,2,138.39,2023-12-07T00:00:00Z,Fashion
cart_002543,user_07227,prod_0013,2,138.3,2023-12-06T00:00:00Z,Electronics
cart_002544,user_07230,prod_0048,2,258.97,2023-12-10T00:00:00Z,Books
cart_002545,user_07232,prod_0038,1,160.14,2023-12-09T00:00:00Z,Home & Kitchen
cart_002545,user_07232,prod_0034,3,263.34,2023-12-13T00:00:00Z,Home & Kitchen
cart_002545,user_07232,prod_0059,1,175.28,2023-12-25T00:00:00Z,Books
cart_002546,user_07233,prod_0080,3,282.84,2023-12-29T00:00:00Z,Beauty
cart_002546,user_07233,prod_0008,2,110.54,2023-12-30T00:00:00Z,Electronics
cart_002546,user_07233,prod_0016,1,84.36,2023-12-03T00:00:00Z,Fashion
cart_002546,user_07233,prod_0086,2,12.29,2023-12-20T00:00:00Z,Toys & Games
cart_002546,user_07233,prod_0071,1,164.71,2023-12-20T00:00:00Z,Beauty
cart_002547,user_07237,prod_0001,3,192.99,2023-12-02T00:00:00Z,Electronics
cart_002547,user_07237,prod_0056,1,294.68,2024-01-01T00:00:00Z,Books
cart_002548,user_07239,prod_0052,3,258.24,2023-12-30T00:00:00Z,Books
cart_002548,user_07239,prod_0095,2,180.39,2023-12-31T00:00:00Z,Automotive
cart_002548,user_07239,prod_0022,1,176.87,2023-12-19T00:00:00Z,Fashion
cart_002548,user_07239,prod_0047,1,33.5,2023-12-03T00:00:00Z,Books
cart_002548,user_07239,prod_0051,2,141.01,2023-12-30T00:00:00Z,Books
cart_002549,user_07242,prod_0049,1,219.09,2023-12-25T00:00:00Z,Books
cart_002549,user_07242,prod_0056,3,294.68,2023-12-22T00:00:00Z,Books
cart_002549,user_07242,prod_0047,2,33.5,2023-12-24T00:00:00Z,Books
cart_002550,user_07243,prod_0084,3,169.61,2023-12-09T00:00:00Z,Toys & Games
cart_002550,user_07243,prod_0082,3,17.3,2023-12-02T00:00:00Z,Toys & Games
cart_002550,user_07243,prod_0085,2,74.6,2023-12-27T00:00:00Z,Toys & Games
cart_002550,user_07243,prod_0096,1,294.37,2024-01-01T00:00:00Z,Automotive
cart_002550,user_07243,prod_0080,3,282.84,2023-12-22T00:00:00Z,Beauty
cart_002550,user_07243,prod_0010,1,91.19,2023-12-06T00:00:00Z,Electronics
cart_002551,user_07247,prod_0012,1,294.66,2023-12-24T00:00:00Z,Electronics
cart_002551,user_07247,prod_0020,1,151.77,2023-12-03T00:00:00Z,Fashion
cart_002551,user_07247,prod_0045,2,43.9,2024-01-01T00:00:00Z,Home & Kitchen
cart_002552,user_07255,prod_0052,1,258.24,2023-12-29T00:00:00Z,Books
cart_002552,user_07255,prod_0044,3,25.83,2023-12-03T00:00:00Z,Home & Kitchen
cart_002552,user_07255,prod_0079,1,167.19,2023-12-13T00:00:00Z,Beauty
cart_002553,user_07257,prod_0033,3,181.09,2023-12-22T00:00:00Z,Home & Kitchen
cart_002553,user_07257,prod_0079,2,167.19,2023-12-14T00:00:00Z,Beauty
cart_002554,user_07259,prod_0066,1,121.36,2023-12-03T00:00:00Z,Sports & Fitness
cart_002554,user_07259,prod_0043,2,22.31,2023-12-06T00:00:00Z,Home & Kitchen
cart_002555,user_07260,prod_0017,1,100.34,2023-12-09T00:00:00Z,Fashion
cart_002555,user_07260,prod_0020,1,151.77,2023-12-26T00:00:00Z,Fashion
cart_002555,user_07260,prod_0077,3,129.53,2023-12-14T00:00:00Z,Beauty
cart_002556,user_07262,prod_0014,2,66.6,2023-12-14T00:00:00Z,Electronics
cart_002556,user_07262,prod_0089,3,70.4,2023-12-10T00:00:00Z,Toys & Games
cart_002556,user_07262,prod_0002,2,46.02,2023-12-28T00:00:00Z,Electronics
cart_002556,user_07262,prod_0038,3,160.14,2023-12-03T00:00:00Z,Home & Kitchen
cart_002556,user_07262,prod_0066,3,121.36,2023-12-14T00:00:00Z,Sports & Fitness
cart_002556,user_07262,prod_0097,3,18.05,2023-12-26T00:00:00Z,Automotive
cart_002557,user_07264,prod_0018,1,14.44,2023-12-09T00:00:00Z,Fashion
cart_002558,user_07274,prod_0066,2,121.36,2023-12-30T00:00:00Z,Sports & Fitness
cart_002558,user_07274,prod_0046,3,76.44,2023-12-16T00:00:00Z,Books
cart_002558,user_07274,prod_0086,3,12.29,2023-12-27T00:00:00Z,Toys & Games
cart_002558,user_07274,prod_0039,2,227.05,2023-12-30T00:00:00Z,Home & Kitchen
cart_002558,user_07274,prod_0001,3,192.99,2023-12-16T00:00:00Z,Electronics
cart_002559,user_07275,prod_0078,2,43.46,2023-12-05T00:00:00Z,Beauty
cart_002559,user_07275,prod_0019,1,273.46,2023-12-29T00:00:00Z,Fashion
cart_002559,user_07275,prod_0030,3,229.02,2023-12-10T00:00:00Z,Fashion
cart_002560,user_07283,prod_0082,2,17.3,2023-12-25T00:00:00Z,Toys & Games
cart_002560,user_07283,prod_0013,1,138.3,2023-12-27T00:00:00Z,Electronics
cart_002560,user_07283,prod_0053,3,163.93,2023-12-20T00:00:00Z,Books
cart_002560,user_07283,prod_0061,2,287.47,2023-12-04T00:00:00Z,Sports & Fitness
cart_002560,user_07283,prod_0005,1,137.07,2023-12-30T00:00:00Z,Electronics
cart_002561,user_07287,prod_0046,2,76.44,2023-12-04T00:00:00Z,Books
cart_002562,user_07289,prod_0029,3,138.39,2023-12-19T00:00:00Z,Fashion
cart_002562,user_07289,prod_0022,1,176.87,2023-12-16T00:00:00Z,Fashion
cart_002562,user_07289,prod_0074,2,50.7,2023-12-16T00:00:00Z,Beauty
cart_002562,user_07289,prod_0017,3,100.34,2023-12-21T00:00:00Z,Fashion
cart_002562,user_07289,prod_0043,3,22.31,2023-12-29T00:00:00Z,Home & Kitchen
cart_002562,user_07289,prod_0075,2,64.86,2023-12-09T00:00:00Z,Beauty
cart_002563,user_07293,prod_0044,3,25.83,2023-12-21T00:00:00Z,Home & Kitchen
cart_002564,user_07296,prod_0089,3,70.4,2023-12-08T00:00:00Z,Toys & Games
cart_002564,user_07296,prod_0051,3,141.01,2023-12-23T00:00:00Z,Books
cart_002564,user_07296,prod_0050,1,60.92,2024-01-01T00:00:00Z,Books
cart_002565,user_07298,prod_0072,1,245.23,2023-12-14T00:00:00Z,Beauty
cart_002565,user_07298,prod_0033,3,181.09,2023-12-28T00:00:00Z,Home & Kitchen
cart_002565,user_07298,prod_0073,1,44.48,2023-12-15T00:00:00Z,Beauty
cart_002565,user_07298,prod_0005,1,137.07,2023-12-09T00:00:00Z,Electronics
cart_002566,user_07299,prod_0042,2,72.65,2023-12-16T00:00:00Z,Home & Kitchen
cart_002566,user_07299,prod_0058,1,148.08,2023-12-29T00:00:00Z,Books
cart_002566,user_07299,prod_0093,2,253.04,2023-12-05T00:00:00Z,Automotive
cart_002567,user_07309,prod_0058,1,148.08,2023-12-07T00:00:00Z,Books
cart_002567,user_07309,prod_0097,1,18.05,2023-12-15T00:00:00Z,Automotive
cart_002568,user_07313,prod_0037,2,42.75,2023-12-19T00:00:00Z,Home & Kitchen
cart_002568,user_07313,prod_0058,3,148.08,2023-12-20T00:00:00Z,Books
cart_002568,user_07313,prod_0099,2,25.57,2023-12-04T00:00:00Z,Automotive
cart_002568,user_07313,prod_0024,3,18.85,2023-12-18T00:00:00Z,Fashion
cart_002568,user_07313,prod_0028,3,230.97,2023-12-18T00:00:00Z,Fashion
cart_002568,user_07313,prod_0035,3,75.82,2023-12-13T00:00:00Z,Home & Kitchen
cart_002569,user_07316,prod_0074,3,50.7,2023-12-25T00:00:00Z,Beauty
cart_002569,user_07316,prod_0071,2,164.71,2023-12-27T00:00:00Z,Beauty
cart_002570,user_07321,prod_0062,2,24.98,2024-01-01T00:00:00Z,Sports & Fitness
cart_002571,user_07328,prod_0064,2,128.25,2023-12-16T00:00:00Z,Sports & Fitness
cart_002571,user_07328,prod_0050,2,60.92,2023-12-17T00:00:00Z,Books
cart_002571,user_07328,prod_0030,3,229.02,2023-12-04T00:00:00Z,Fashion
cart_002571,user_07328,prod_0053,2,163.93,2024-01-01T00:00:00Z,Books
cart_002571,user_07328,prod_0069,3,153.73,2023-12-25T00:00:00Z,Sports & Fitness
cart_002571,user_07328,prod_0049,3,219.09,2023-12-03T00:00:00Z,Books
cart_002572,user_07335,prod_0085,2,74.6,2023-12-28T00:00:00Z,Toys & Games
cart_002572,user_07335,prod_0098,1,163.3,2023-12-08T00:00:00Z,Automotive
cart_002572,user_07335,prod_0005,2,137.07,2023-12-28T00:00:00Z,Electronics
cart_002573,user_07340,prod_0014,3,66.6,2023-12-04T00:00:00Z,Electronics
cart_002573,user_07340,prod_0013,3,138.3,2023-12-08T00:00:00Z,Electronics
cart_002574,user_07341,prod_0036,3,147.88,2023-12-27T00:00:00Z,Home & Kitchen
cart_002574,user_07341,prod_0062,3,24.98,2023-12-11T00:00:00Z,Sports & Fitness
cart_002574,user_07341,prod_0057,1,209.8,2023-12-25T00:00:00Z,Books
cart_002574,user_07341,prod_0041,3,77.88,2023-12-20T00:00:00Z,Home & Kitchen
cart_002575,user_07343,prod_0055,3,259.21,2023-12-26T00:00:00Z,Books
cart_002575,user_07343,prod_0087,1,126.04,2023-12-04T00:00:00Z,Toys & Games
cart_002575,user_07343,prod_0027,3,8.38,2023-12-03T00:00:00Z,Fashion
cart_002575,user_07343,prod_0054,1,254.52,2023-12-21T00:00:00Z,Books
cart_002575,user_07343,prod_0050,3,60.92,2023-12-20T00:00:00Z,Books
cart_002576,user_07345,prod_0014,3,66.6,2023-12-11T00:00:00Z,Electronics
cart_002576,user_07345,prod_0069,1,153.73,2023-12-17T00:00:00Z,Sports & Fitness
cart_002577,user_07347,prod_0050,3,60.92,2023-12-04T00:00:00Z,Books
cart_002578,user_07351,prod_0009,1,219.54,2023-12-25T00:00:00Z,Electronics
cart_002578,user_07351,prod_0005,3,137.07,2023-12-06T00:00:00Z,Electronics
cart_002578,user_07351,prod_0004,3,181.99,2023-12-31T00:00:00Z,Electronics
cart_002578,user_07351,prod_0015,1,55.31,2023-12-21T00:00:00Z,Electronics
cart_002578,user_07351,prod_0052,1,258.24,2023-12-06T00:00:00Z,Books
cart_002579,user_07352,prod_0007,3,286.42,2023-12-31T00:00:00Z,Electronics
cart_002579,user_07352,prod_0012,1,294.66,2023-12-17T00:00:00Z,Electronics
cart_002579,user_07352,prod_0002,3,46.02,2023-12-28T00:00:00Z,Electronics
cart_002580,user_07353,prod_0080,2,282.84,2023-12-22T00:00:00Z,Beauty
cart_002580,user_07353,prod_0073,2,44.48,2023-12-02T00:00:00Z,Beauty
cart_002580,user_07353,prod_0086,2,12.29,2023-12-28T00:00:00Z,Toys & Games
cart_002580,user_07353,prod_0065,2,81.67,2023-12-07T00:00:00Z,Sports & Fitness
cart_002580,user_07353,prod_0027,1,8.38,2023-12-22T00:00:00Z,Fashion
cart_002580,user_07353,prod_0018,2,14.44,2023-12-06T00:00:00Z,Fashion
cart_002581,user_07356,prod_0063,2,266.74,2023-12-03T00:00:00Z,Sports & Fitness
cart_002582,user_07370,prod_0030,2,229.02,2023-12-04T00:00:00Z,Fashion
cart_002582,user_07370,prod_0077,1,129.53,2023-12-24T00:00:00Z,Beauty
cart_002582,user_07370,prod_0018,3,14.44,2023-12-28T00:00:00Z,Fashion
cart_002582,user_07370,prod_0026,2,142.61,2023-12-17T00:00:00Z,Fashion
cart_002583,user_07372,prod_0050,1,60.92,2023-12-11T00:00:00Z,Books
cart_002583,user_07372,prod_0090,2,246.24,2023-12-23T00:00:00Z,Toys & Games
cart_002583,user_07372,prod_0067,3,278.13,2023-12-07T00:00:00Z,Sports & Fitness
cart_002584,user_07374,prod_0079,1,167.19,2023-12-21T00:00:00Z,Beauty
cart_002584,user_07374,prod_0080,2,282.84,2024-01-01T00:00:00Z,Beauty
cart_002584,user_07374,prod_0022,2,176.87,2023-12-16T00:00:00Z,Fashion
cart_002584,user_07374,prod_0025,1,129.12,2023-12-03T00:00:00Z,Fashion
cart_002585,user_07377,prod_0060,1,176.75,2023-12-17T00:00:00Z,Books
cart_002585,user_07377,prod_0058,3,148.08,2023-12-04T00:00:00Z,Books
cart_002585,user_07377,prod_0090,1,246.24,2023-12-07T00:00:00Z,Toys & Games
cart_002585,user_07377,prod_0079,1,167.19,2023-12-27T00:00:00Z,Beauty
cart_002585,user_07377,prod_0086,2,12.29,2023-12-25T00:00:00Z,Toys & Games
cart_002585,user_07377,prod_0037,1,42.75,2023-12-28T00:00:00Z,Home & Kitchen
cart_002586,user_07378,prod_0050,2,60.92,2024-01-01T00:00:00Z,Books
cart_002586,user_07378,prod_0029,2,138.39,2023-12-24T00:00:00Z,Fashion
cart_002587,user_07380,prod_0046,2,76.44,2023-12-26T00:00:00Z,Books
cart_002587,user_07380,prod_0007,3,286.42,2023-12-28T00:00:00Z,Electronics
cart_002587,user_07380,prod_0065,1,81.67,2023-12-20T00:00:00Z,Sports & Fitness
cart_002588,user_07384,prod_0049,2,219.09,2023-12-06T00:00:00Z,Books
cart_002588,user_07384,prod_0013,3,138.3,2023-12-16T00:00:00Z,Electronics
cart_002588,user_07384,prod_0086,2,12.29,2023-12-23T00:00:00Z,Toys & Games
cart_002588,user_07384,prod_0037,3,42.75,2023-12-06T00:00:00Z,Home & Kitchen
cart_002588,user_07384,prod_0012,3,294.66,2023-12-21T00:00:00Z,Electronics
cart_002589,user_07387,prod_0066,1,121.36,2023-12-05T00:00:00Z,Sports & Fitness
cart_002589,user_07387,prod_0093,3,253.04,2023-12-31T00:00:00Z,Automotive
cart_002589,user_07387,prod_0006,2,51.94,2023-12-08T00:00:00Z,Electronics
cart_002589,user_07387,prod_0024,2,18.85,2023-12-07T00:00:00Z,Fashion
cart_002590,user_07391,prod_0056,1,294.68,2023-12-13T00:00:00Z,Books
cart_002590,user_07391,prod_0059,3,175.28,2023-12-05T00:00:00Z,Books
cart_002590,user_07391,prod_0048,2,258.97,2023-12-04T00:00:00Z,Books
cart_002591,user_07393,prod_0064,1,128.25,2023-12-04T00:00:00Z,Sports & Fitness
cart_002591,user_07393,prod_0012,2,294.66,2023-12-07T00:00:00Z,Electronics
cart_002591,user_07393,prod_0066,3,121.36,2023-12-31T00:00:00Z,Sports & Fitness
cart_002591,user_07393,prod_0004,2,181.99,2023-12-25T00:00:00Z,Electronics
cart_002591,user_07393,prod_0006,2,51.94,2024-01-01T00:00:00Z,Electronics
cart_002592,user_07395,prod_0051,2,141.01,2023-12-18T00:00:00Z,Books
cart_002592,user_07395,prod_0044,1,25.83,2024-01-01T00:00:00Z,Home & Kitchen
cart_002593,user_07400,prod_0090,2,246.24,2023-12-12T00:00:00Z,Toys & Games
cart_002593,user_07400,prod_0052,1,258.24,2023-12-27T00:00:00Z,Books
cart_002594,user_07402,prod_0090,3,246.24,2023-12-24T00:00:00Z,Toys & Games
cart_002594,user_07402,prod_0068,2,298.55,2023-12-08T00:00:00Z,Sports & Fitness
cart_002594,user_07402,prod_0065,2,81.67,2023-12-20T00:00:00Z,Sports & Fitness
cart_002595,user_07403,prod_0059,1,175.28,2023-12-12T00:00:00Z,Books
cart_002595,user_07403,prod_0039,1,227.05,2023-12-07T00:00:00Z,Home & Kitchen
cart_002595,user_07403,prod_0060,3,176.75,2023-12-03T00:00:00Z,Books
cart_002595,user_07403,prod_0058,1,148.08,2023-12-14T00:00:00Z,Books
cart_002595,user_07403,prod_0050,2,60.92,2023-12-05T00:00:00Z,Books
cart_002596,user_07405,prod_0073,1,44.48,2023-12-31T00:00:00Z,Beauty
cart_002596,user_07405,prod_0053,1,163.93,2023-12-06T00:00:00Z,Books
cart_002596,user_07405,prod_0059,2,175.28,2023-12-12T00:00:00Z,Books
cart_002596,user_07405,prod_0001,3,192.99,2023-12-03T00:00:00Z,Electronics
cart_002596,user_07405,prod_0047,2,33.5,2023-12-30T00:00:00Z,Books
cart_002597,user_07406,prod_0027,3,8.38,2023-12-29T00:00:00Z,Fashion
cart_002597,user_07406,prod_0008,1,110.54,2023-12-02T00:00:00Z,Electronics
cart_002597,user_07406,prod_0056,2,294.68,2023-12-16T00:00:00Z,Books
cart_002597,user_07406,prod_0030,2,229.02,2023-12-10T00:00:00Z,Fashion
cart_002598,user_07412,prod_0013,2,138.3,2023-12-22T00:00:00Z,Electronics
cart_002598,user_07412,prod_0046,3,76.44,2023-12-02T00:00:00Z,Books
cart_002598,user_07412,prod_0050,1,60.92,2023-12-17T00:00:00Z,Books
cart_002599,user_07413,prod_0001,1,192.99,2023-12-11T00:00:00Z,Electronics
cart_002599,user_07413,prod_0060,3,176.75,2023-12-31T00:00:00Z,Books
cart_002599,user_07413,prod_0032,2,229.18,2023-12-11T00:00:00Z,Home & Kitchen
cart_002599,user_07413,prod_0045,2,43.9,2023-12-30T00:00:00Z,Home & Kitchen
cart_002599,user_07413,prod_0071,1,164.71,2023-12-16T00:00:00Z,Beauty
cart_002600,user_07416,prod_0090,2,246.24,2023-12-24T00:00:00Z,Toys & Games
cart_002600,user_07416,prod_0032,3,229.18,2023-12-16T00:00:00Z,Home & Kitchen
cart_002600,user_07416,prod_0040,2,202.48,2023-12-09T00:00:00Z,Home & Kitchen
cart_002600,user_07416,prod_0002,1,46.02,2023-12-19T00:00:00Z,Electronics
cart_002600,user_07416,prod_0009,3,219.54,2023-12-18T00:00:00Z,Electronics
cart_002601,user_07417,prod_0033,1,181.09,2023-12-26T00:00:00Z,Home & Kitchen
cart_002601,user_07417,prod_0035,2,75.82,2023-12-09T00:00:00Z,Home & Kitchen
cart_002601,user_07417,prod_0049,2,219.09,2023-12-24T00:00:00Z,Books
cart_002601,user_07417,prod_0029,2,138.39,2023-12-20T00:00:00Z,Fashion
cart_002602,user_07419,prod_0020,3,151.77,2023-12-09T00:00:00Z,Fashion
cart_002602,user_07419,prod_0035,1,75.82,2023-12-06T00:00:00Z,Home & Kitchen
cart_002602,user_07419,prod_0040,1,202.48,2023-12-17T00:00:00Z,Home & Kitchen
cart_002602,user_07419,prod_0013,2,138.3,2023-12-29T00:00:00Z,Electronics
cart_002602,user_07419,prod_0049,3,219.09,2023-12-02T00:00:00Z,Books
cart_002603,user_07420,prod_0073,1,44.48,2023-12-05T00:00:00Z,Beauty
cart_002603,user_07420,prod_0080,2,282.84,2023-12-23T00:00:00Z,Beauty
cart_002604,user_07421,prod_0072,1,245.23,2023-12-22T00:00:00Z,Beauty
cart_002604,user_07421,prod_0034,3,263.34,2023-12-20T00:00:00Z,Home & Kitchen
cart_002604,user_07421,prod_0081,3,250.37,2023-12-25T00:00:00Z,Toys & Games
cart_002605,user_07425,prod_0038,3,160.14,2023-12-07T00:00:00Z,Home & Kitchen
cart_002605,user_07425,prod_0097,1,18.05,2023-12-25T00:00:00Z,Automotive
cart_002605,user_07425,prod_0057,2,209.8,2023-12-04T00:00:00Z,Books
cart_002605,user_07425,prod_0055,1,259.21,2023-12-24T00:00:00Z,Books
cart_002605,user_07425,prod_0036,3,147.88,2023-12-10T00:00:00Z,Home & Kitchen
cart_002605,user_07425,prod_0100,2,200.04,2023-12-21T00:00:00Z,Automotive
cart_002606,user_07427,prod_0057,2,209.8,2023-12-12T00:00:00Z,Books
cart_002606,user_07427,prod_0019,3,273.46,2023-12-11T00:00:00Z,Fashion
cart_002606,user_07427,prod_0004,1,181.99,2023-12-24T00:00:00Z,Electronics
cart_002606,user_07427,prod_0047,1,33.5,2023-12-09T00:00:00Z,Books
cart_002607,user_07433,prod_0052,2,258.24,2023-12-05T00:00:00Z,Books
cart_002607,user_07433,prod_0051,1,141.01,2024-01-01T00:00:00Z,Books
cart_002608,user_07434,prod_0056,2,294.68,2023-12-25T00:00:00Z,Books
cart_002608,user_07434,prod_0047,1,33.5,2023-12-09T00:00:00Z,Books
cart_002608,user_07434,prod_0057,2,209.8,2023-12-06T00:00:00Z,Books
cart_002608,user_07434,prod_0089,1,70.4,2023-12-07T00:00:00Z,Toys & Games
cart_002608,user_07434,prod_0001,2,192.99,2023-12-06T00:00:00Z,Electronics
cart_002608,user_07434,prod_0036,2,147.88,2023-12-27T00:00:00Z,Home & Kitchen
cart_002609,user_07436,prod_0043,1,22.31,2023-12-24T00:00:00Z,Home & Kitchen
cart_002609,user_07436,prod_0028,3,230.97,2023-12-15T00:00:00Z,Fashion
cart_002609,user_07436,prod_0042,3,72.65,2023-12-03T00:00:00Z,Home & Kitchen
cart_002609,user_07436,prod_0063,2,266.74,2023-12-17T00:00:00Z,Sports & Fitness
cart_002610,user_07438,prod_0083,3,66.76,2023-12-10T00:00:00Z,Toys & Games
cart_002610,user_07438,prod_0093,2,253.04,2023-12-19T00:00:00Z,Automotive
cart_002610,user_07438,prod_0090,1,246.24,2023-12-27T00:00:00Z,Toys & Games
cart_002611,user_07439,prod_0032,1,229.18,2023-12-07T00:00:00Z,Home & Kitchen
cart_002611,user_07439,prod_0071,3,164.71,2023-12-21T00:00:00Z,Beauty
cart_002612,user_07440,prod_0051,3,141.01,2023-12-18T00:00:00Z,Books
cart_002613,user_07444,prod_0046,1,76.44,2023-12-28T00:00:00Z,Books
cart_002614,user_07445,prod_0001,3,192.99,2023-12-29T00:00:00Z,Electronics
cart_002614,user_07445,prod_0050,2,60.92,2023-12-19T00:00:00Z,Books
cart_002615,user_07456,prod_0055,2,259.21,2023-12-13T00:00:00Z,Books
cart_002615,user_07456,prod_0041,3,77.88,2023-12-23T00:00:00Z,Home & Kitchen
cart_002616,user_07461,prod_0058,2,148.08,2023-12-25T00:00:00Z,Books
cart_002616,user_07461,prod_0085,1,74.6,2023-12-19T00:00:00Z,Toys & Games
cart_002616,user_07461,prod_0057,1,209.8,2023-12-11T00:00:00Z,Books
cart_002616,user_07461,prod_0045,3,43.9,2023-12-02T00:00:00Z,Home & Kitchen
cart_002616,user_07461,prod_0036,3,147.88,2023-12-02T00:00:00Z,Home & Kitchen
cart_002617,user_07463,prod_0086,3,12.29,2023-12-16T00:00:00Z,Toys & Games
cart_002617,user_07463,prod_0008,3,110.54,2023-12-13T00:00:00Z,Electronics
cart_002618,user_07464,prod_0054,1,254.52,2023-12-29T00:00:00Z,Books
cart_002618,user_07464,prod_0098,3,163.3,2023-12-31T00:00:00Z,Automotive
cart_002618,user_07464,prod_0055,2,259.21,2023-12-13T00:00:00Z,Books
cart_002618,user_07464,prod_0096,1,294.37,2023-12-03T00:00:00Z,Automotive
cart_002618,user_07464,prod_0070,2,263.51,2023-12-22T00:00:00Z,Sports & Fitness
cart_002618,user_07464,prod_0090,3,246.24,2023-12-27T00:00:00Z,Toys & Games
cart_002619,user_07465,prod_0026,2,142.61,2023-12-03T00:00:00Z,Fashion
cart_002619,user_07465,prod_0088,1,236.49,2023-12-26T00:00:00Z,Toys & Games
cart_002619,user_07465,prod_0042,2,72.65,2023-12-06T00:00:00Z,Home & Kitchen
cart_002619,user_07465,prod_0047,1,33.5,2023-12-31T00:00:00Z,Books
cart_002619,user_07465,prod_0014,1,66.6,2023-12-05T00:00:00Z,Electronics
cart_002619,user_07465,prod_0060,3,176.75,2023-12-09T00:00:00Z,Books
cart_002620,user_07468,prod_0038,2,160.14,2023-12-26T00:00:00Z,Home & Kitchen
cart_002620,user_07468,prod_0033,2,181.09,2023-12-18T00:00:00Z,Home & Kitchen
cart_002620,user_07468,prod_0057,3,209.8,2023-12-23T00:00:00Z,Books
cart_002620,user_07468,prod_0050,1,60.92,2023-12-21T00:00:00Z,Books
cart_002620,user_07468,prod_0004,3,181.99,2023-12-18T00:00:00Z,Electronics
cart_002621,user_07472,prod_0050,2,60.92,2023-12-26T00:00:00Z,Books
cart_002621,user_07472,prod_0071,3,164.71,2023-12-22T00:00:00Z,Beauty
cart_002621,user_07472,prod_0046,1,76.44,2023-12-11T00:00:00Z,Books
cart_002621,user_07472,prod_0053,1,163.93,2023-12-26T00:00:00Z,Books
cart_002621,user_07472,prod_0045,3,43.9,2023-12-18T00:00:00Z,Home & Kitchen
cart_002622,user_07473,prod_0023,1,298.21,2023-12-11T00:00:00Z,Fashion
cart_002622,user_07473,prod_0027,1,8.38,2023-12-02T00:00:00Z,Fashion
cart_002622,user_07473,prod_0047,3,33.5,2023-12-28T00:00:00Z,Books
cart_002623,user_07478,prod_0083,2,66.76,2023-12-13T00:00:00Z,Toys & Games
cart_002623,user_07478,prod_0023,3,298.21,2023-12-07T00:00:00Z,Fashion
cart_002623,user_07478,prod_0068,1,298.55,2023-12-17T00:00:00Z,Sports & Fitness
cart_002623,user_07478,prod_0095,2,180.39,2023-12-30T00:00:00Z,Automotive
cart_002624,user_07479,prod_0047,3,33.5,2023-12-14T00:00:00Z,Books
cart_002625,user_07481,prod_0075,3,64.86,2023-12-12T00:00:00Z,Beauty
cart_002625,user_07481,prod_0055,1,259.21,2023-12-05T00:00:00Z,Books
cart_002625,user_07481,prod_0071,3,164.71,2023-12-05T00:00:00Z,Beauty
cart_002625,user_07481,prod_0072,2,245.23,2023-12-21T00:00:00Z,Beauty
cart_002625,user_07481,prod_0017,1,100.34,2023-12-27T00:00:00Z,Fashion
cart_002626,user_07482,prod_0010,3,91.19,2023-12-13T00:00:00Z,Electronics
cart_002626,user_07482,prod_0095,2,180.39,2023-12-31T00:00:00Z,Automotive
cart_002626,user_07482,prod_0009,1,219.54,2023-12-10T00:00:00Z,Electronics
cart_002626,user_07482,prod_0005,2,137.07,2023-12-09T00:00:00Z,Electronics
cart_002626,user_07482,prod_0013,2,138.3,2023-12-20T00:00:00Z,Electronics
cart_002626,user_07482,prod_0088,2,236.49,2023-12-24T00:00:00Z,Toys & Games
cart_002627,user_07483,prod_0068,2,298.55,2023-12-22T00:00:00Z,Sports & Fitness
cart_002628,user_07484,prod_0028,3,230.97,2023-12-31T00:00:00Z,Fashion
cart_002629,user_07488,prod_0059,3,175.28,2023-12-31T00:00:00Z,Books
cart_002629,user_07488,prod_0030,2,229.02,2023-12-27T00:00:00Z,Fashion
cart_002629,user_07488,prod_0096,1,294.37,2023-12-23T00:00:00Z,Automotive
cart_002629,user_07488,prod_0066,3,121.36,2023-12-26T00:00:00Z,Sports & Fitness
cart_002629,user_07488,prod_0087,3,126.04,2023-12-05T00:00:00Z,Toys & Games
cart_002630,user_07489,prod_0045,1,43.9,2023-12-09T00:00:00Z,Home & Kitchen
cart_002631,user_07491,prod_0059,3,175.28,2023-12-30T00:00:00Z,Books
cart_002631,user_07491,prod_0016,2,84.36,2023-12-29T00:00:00Z,Fashion
cart_002631,user_07491,prod_0029,2,138.39,2023-12-11T00:00:00Z,Fashion
cart_002632,user_07494,prod_0067,3,278.13,2023-12-25T00:00:00Z,Sports & Fitness
cart_002632,user_07494,prod_0028,1,230.97,2023-12-19T00:00:00Z,Fashion
cart_002632,user_07494,prod_0092,2,87.06,2023-12-16T00:00:00Z,Automotive
cart_002632,user_07494,prod_0099,1,25.57,2023-12-04T00:00:00Z,Automotive
cart_002633,user_07496,prod_0079,3,167.19,2023-12-21T00:00:00Z,Beauty
cart_002633,user_07496,prod_0062,3,24.98,2023-12-08T00:00:00Z,Sports & Fitness
cart_002633,user_07496,prod_0053,2,163.93,2023-12-22T00:00:00Z,Books
cart_002633,user_07496,prod_0026,2,142.61,2023-12-21T00:00:00Z,Fashion
cart_002634,user_07505,prod_0033,2,181.09,2023-12-09T00:00:00Z,Home & Kitchen
cart_002635,user_07506,prod_0053,2,163.93,2023-12-15T00:00:00Z,Books
cart_002635,user_07506,prod_0073,3,44.48,2023-12-29T00:00:00Z,Beauty
cart_002635,user_07506,prod_0012,3,294.66,2023-12-15T00:00:00Z,Electronics
cart_002635,user_07506,prod_0049,1,219.09,2023-12-18T00:00:00Z,Books
cart_002635,user_07506,prod_0059,1,175.28,2023-12-13T00:00:00Z,Books
cart_002636,user_07511,prod_0056,1,294.68,2023-12-31T00:00:00Z,Books
cart_002636,user_07511,prod_0084,3,169.61,2023-12-15T00:00:00Z,Toys & Games
cart_002636,user_07511,prod_0037,2,42.75,2023-12-10T00:00:00Z,Home & Kitchen
cart_002636,user_07511,prod_0048,2,258.97,2023-12-22T00:00:00Z,Books
cart_002636,user_07511,prod_0040,2,202.48,2023-12-29T00:00:00Z,Home & Kitchen
cart_002636,user_07511,prod_0034,1,263.34,2023-12-02T00:00:00Z,Home & Kitchen
cart_002637,user_07512,prod_0003,1,129.05,2023-12-07T00:00:00Z,Electronics
cart_002637,user_07512,prod_0095,3,180.39,2023-12-14T00:00:00Z,Automotive
cart_002637,user_07512,prod_0074,3,50.7,2023-12-29T00:00:00Z,Beauty
cart_002637,user_07512,prod_0044,2,25.83,2023-12-07T00:00:00Z,Home & Kitchen
cart_002637,user_07512,prod_0010,1,91.19,2023-12-12T00:00:00Z,Electronics
cart_002638,user_07518,prod_0046,2,76.44,2023-12-11T00:00:00Z,Books
cart_002638,user_07518,prod_0048,2,258.97,2023-12-13T00:00:00Z,Books
cart_002638,user_07518,prod_0035,2,75.82,2023-12-20T00:00:00Z,Home & Kitchen
cart_002638,user_07518,prod_0081,2,250.37,2023-12-27T00:00:00Z,Toys & Games
cart_002639,user_07526,prod_0042,3,72.65,2023-12-18T00:00:00Z,Home & Kitchen
cart_002639,user_07526,prod_0051,2,141.01,2023-12-16T00:00:00Z,Books
cart_002639,user_07526,prod_0018,2,14.44,2024-01-01T00:00:00Z,Fashion
cart_002639,user_07526,prod_0035,3,75.82,2023-12-05T00:00:00Z,Home & Kitchen
cart_002640,user_07529,prod_0058,2,148.08,2023-12-03T00:00:00Z,Books
cart_002640,user_07529,prod_0089,2,70.4,2023-12-09T00:00:00Z,Toys & Games
cart_002641,user_07531,prod_0013,2,138.3,2023-12-23T00:00:00Z,Electronics
cart_002641,user_07531,prod_0002,2,46.02,2023-12-31T00:00:00Z,Electronics
cart_002642,user_07532,prod_0085,2,74.6,2023-12-23T00:00:00Z,Toys & Games
cart_002642,user_07532,prod_0054,3,254.52,2023-12-13T00:00:00Z,Books
cart_002642,user_07532,prod_0022,1,176.87,2023-12-11T00:00:00Z,Fashion
cart_002642,user_07532,prod_0026,2,142.61,2023-12-17T00:00:00Z,Fashion
cart_002643,user_07536,prod_0075,3,64.86,2023-12-23T00:00:00Z,Beauty
cart_002643,user_07536,prod_0057,1,209.8,2023-12-10T00:00:00Z,Books
cart_002643,user_07536,prod_0025,3,129.12,2023-12-16T00:00:00Z,Fashion
cart_002643,user_07536,prod_0042,3,72.65,2023-12-10T00:00:00Z,Home & Kitchen
cart_002644,user_07537,prod_0056,3,294.68,2023-12-02T00:00:00Z,Books
cart_002644,user_07537,prod_0002,1,46.02,2023-12-18T00:00:00Z,Electronics
cart_002645,user_07540,prod_0055,1,259.21,2023-12-27T00:00:00Z,Books
cart_002645,user_07540,prod_0075,2,64.86,2023-12-12T00:00:00Z,Beauty
cart_002645,user_07540,prod_0062,2,24.98,2023-12-27T00:00:00Z,Sports & Fitness
cart_002645,user_07540,prod_0073,2,44.48,2023-12-28T00:00:00Z,Beauty
cart_002645,user_07540,prod_0006,2,51.94,2024-01-01T00:00:00Z,Electronics
cart_002646,user_07546,prod_0055,1,259.21,2023-12-16T00:00:00Z,Books
cart_002646,user_07546,prod_0083,3,66.76,2023-12-05T00:00:00Z,Toys & Games
cart_002646,user_07546,prod_0099,2,25.57,2023-12-05T00:00:00Z,Automotive
cart_002646,user_07546,prod_0073,2,44.48,2023-12-26T00:00:00Z,Beauty
cart_002646,user_07546,prod_0001,3,192.99,2023-12-04T00:00:00Z,Electronics
cart_002647,user_07549,prod_0076,2,78.83,2023-12-15T00:00:00Z,Beauty
cart_002647,user_07549,prod_0061,1,287.47,2023-12-27T00:00:00Z,Sports & Fitness
cart_002647,user_07549,prod_0069,3,153.73,2023-12-13T00:00:00Z,Sports & Fitness
cart_002647,user_07549,prod_0089,2,70.4,2023-12-02T00:00:00Z,Toys & Games
cart_002647,user_07549,prod_0086,2,12.29,2023-12-06T00:00:00Z,Toys & Games
cart_002648,user_07550,prod_0024,2,18.85,2023-12-17T00:00:00Z,Fashion
cart_002648,user_07550,prod_0043,3,22.31,2023-12-21T00:00:00Z,Home & Kitchen
cart_002648,user_07550,prod_0009,2,219.54,2023-12-02T00:00:00Z,Electronics
cart_002649,user_07555,prod_0098,3,163.3,2023-12-20T00:00:00Z,Automotive
cart_002649,user_07555,prod_0013,3,138.3,2023-12-26T00:00:00Z,Electronics
cart_002650,user_07556,prod_0029,1,138.39,2023-12-24T00:00:00Z,Fashion
cart_002650,user_07556,prod_0025,2,129.12,2024-01-01T00:00:00Z,Fashion
cart_002650,user_07556,prod_0058,2,148.08,2023-12-24T00:00:00Z,Books
cart_002650,user_07556,prod_0078,3,43.46,2023-12-20T00:00:00Z,Beauty
cart_002650,user_07556,prod_0036,3,147.88,2023-12-17T00:00:00Z,Home & Kitchen
cart_002651,user_07557,prod_0042,2,72.65,2023-12-27T00:00:00Z,Home & Kitchen
cart_002651,user_07557,prod_0013,1,138.3,2023-12-15T00:00:00Z,Electronics
cart_002651,user_07557,prod_0073,2,44.48,2023-12-05T00:00:00Z,Beauty
cart_002651,user_07557,prod_0087,3,126.04,2023-12-06T00:00:00Z,Toys & Games
cart_002651,user_07557,prod_0040,2,202.48,2023-12-06T00:00:00Z,Home & Kitchen
cart_002652,user_07559,prod_0060,2,176.75,2023-12-11T00:00:00Z,Books
cart_002652,user_07559,prod_0055,3,259.21,2023-12-13T00:00:00Z,Books
cart_002652,user_07559,prod_0100,1,200.04,2023-12-29T00:00:00Z,Automotive
cart_002652,user_07559,prod_0012,3,294.66,2023-12-25T00:00:00Z,Electronics
cart_002652,user_07559,prod_0091,2,61.78,2023-12-28T00:00:00Z,Automotive
cart_002652,user_07559,prod_0096,3,294.37,2023-12-09T00:00:00Z,Automotive
cart_002653,user_07560,prod_0093,2,253.04,2023-12-10T00:00:00Z,Automotive
cart_002653,user_07560,prod_0076,1,78.83,2023-12-23T00:00:00Z,Beauty
cart_002654,user_07565,prod_0050,1,60.92,2023-12-14T00:00:00Z,Books
cart_002655,user_07566,prod_0039,1,227.05,2023-12-29T00:00:00Z,Home & Kitchen
cart_002655,user_07566,prod_0080,2,282.84,2023-12-22T00:00:00Z,Beauty
cart_002656,user_07570,prod_0038,1,160.14,2023-12-27T00:00:00Z,Home & Kitchen
cart_002656,user_07570,prod_0059,3,175.28,2023-12-06T00:00:00Z,Books
cart_002657,user_07571,prod_0018,3,14.44,2023-12-05T00:00:00Z,Fashion
cart_002657,user_07571,prod_0046,3,76.44,2023-12-21T00:00:00Z,Books
cart_002657,user_07571,prod_0035,3,75.82,2023-12-22T00:00:00Z,Home & Kitchen
cart_002658,user_07573,prod_0010,3,91.19,2024-01-01T00:00:00Z,Electronics
cart_002658,user_07573,prod_0001,2,192.99,2023-12-03T00:00:00Z,Electronics
cart_002659,user_07574,prod_0031,1,92.74,2023-12-04T00:00:00Z,Home & Kitchen
cart_002659,user_07574,prod_0051,3,141.01,2023-12-07T00:00:00Z,Books
cart_002659,user_07574,prod_0060,2,176.75,2023-12-18T00:00:00Z,Books
cart_002659,user_07574,prod_0070,2,263.51,2023-12-02T00:00:00Z,Sports & Fitness
cart_002659,user_07574,prod_0054,2,254.52,2023-12-23T00:00:00Z,Books
cart_002659,user_07574,prod_0015,2,55.31,2023-12-29T00:00:00Z,Electronics
cart_002660,user_07575,prod_0025,3,129.12,2023-12-31T00:00:00Z,Fashion
cart_002660,user_07575,prod_0049,3,219.09,2023-12-06T00:00:00Z,Books
cart_002661,user_07577,prod_0042,3,72.65,2023-12-15T00:00:00Z,Home & Kitchen
cart_002661,user_07577,prod_0072,2,245.23,2023-12-18T00:00:00Z,Beauty
cart_002661,user_07577,prod_0032,3,229.18,2023-12-17T00:00:00Z,Home & Kitchen
cart_002661,user_07577,prod_0055,2,259.21,2023-12-29T00:00:00Z,Books
cart_002661,user_07577,prod_0054,1,254.52,2023-12-31T00:00:00Z,Books
cart_002661,user_07577,prod_0040,2,202.48,2023-12-18T00:00:00Z,Home & Kitchen
cart_002662,user_07578,prod_0058,2,148.08,2023-12-07T00:00:00Z,Books
cart_002662,user_07578,prod_0006,2,51.94,2023-12-26T00:00:00Z,Electronics
cart_002662,user_07578,prod_0059,1,175.28,2023-12-19T00:00:00Z,Books
cart_002662,user_07578,prod_0015,3,55.31,2023-12-29T00:00:00Z,Electronics
cart_002662,user_07578,prod_0046,3,76.44,2023-12-22T00:00:00Z,Books
cart_002663,user_07580,prod_0079,3,167.19,2023-12-13T00:00:00Z,Beauty
cart_002664,user_07581,prod_0080,3,282.84,2023-12-30T00:00:00Z,Beauty
cart_002664,user_07581,prod_0010,1,91.19,2023-12-17T00:00:00Z,Electronics
cart_002664,user_07581,prod_0039,1,227.05,2023-12-30T00:00:00Z,Home & Kitchen
cart_002664,user_07581,prod_0068,2,298.55,2024-01-01T00:00:00Z,Sports & Fitness
cart_002665,user_07582,prod_0051,3,141.01,2023-12-03T00:00:00Z,Books
cart_002665,user_07582,prod_0026,3,142.61,2023-12-15T00:00:00Z,Fashion
cart_002665,user_07582,prod_0007,3,286.42,2023-12-02T00:00:00Z,Electronics
cart_002665,user_07582,prod_0032,1,229.18,2023-12-16T00:00:00Z,Home & Kitchen
cart_002665,user_07582,prod_0011,1,212.14,2023-12-24T00:00:00Z,Electronics
cart_002666,user_07587,prod_0100,2,200.04,2023-12-08T00:00:00Z,Automotive
cart_002666,user_07587,prod_0024,1,18.85,2023-12-13T00:00:00Z,Fashion
cart_002666,user_07587,prod_0027,1,8.38,2023-12-12T00:00:00Z,Fashion
cart_002667,user_07588,prod_0064,3,128.25,2023-12-28T00:00:00Z,Sports & Fitness
cart_002667,user_07588,prod_0039,2,227.05,2024-01-01T00:00:00Z,Home & Kitchen
cart_002668,user_07590,prod_0050,2,60.92,2023-12-11T00:00:00Z,Books
cart_002668,user_07590,prod_0012,1,294.66,2023-12-24T00:00:00Z,Electronics
cart_002668,user_07590,prod_0039,2,227.05,2024-01-01T00:00:00Z,Home & Kitchen
cart_002669,user_07593,prod_0089,1,70.4,2023-12-17T00:00:00Z,Toys & Games
cart_002669,user_07593,prod_0007,1,286.42,2023-12-31T00:00:00Z,Electronics
cart_002669,user_07593,prod_0060,2,176.75,2023-12-23T00:00:00Z,Books
cart_002669,user_07593,prod_0042,1,72.65,2023-12-28T00:00:00Z,Home & Kitchen
cart_002669,user_07593,prod_0055,1,259.21,2023-12-02T00:00:00Z,Books
cart_002669,user_07593,prod_0004,1,181.99,2023-12-29T00:00:00Z,Electronics
cart_002670,user_07595,prod_0088,2,236.49,2023-12-24T00:00:00Z,Toys & Games
cart_002670,user_07595,prod_0027,1,8.38,2023-12-31T00:00:00Z,Fashion
cart_002670,user_07595,prod_0029,2,138.39,2023-12-10T00:00:00Z,Fashion
cart_002671,user_07597,prod_0090,2,246.24,2023-12-17T00:00:00Z,Toys & Games
cart_002671,user_07597,prod_0085,3,74.6,2023-12-11T00:00:00Z,Toys & Games
cart_002671,user_07597,prod_0089,3,70.4,2023-12-17T00:00:00Z,Toys & Games
cart_002671,user_07597,prod_0058,3,148.08,2023-12-04T00:00:00Z,Books
cart_002671,user_07597,prod_0002,2,46.02,2023-12-03T00:00:00Z,Electronics
cart_002671,user_07597,prod_0015,2,55.31,2023-12-16T00:00:00Z,Electronics
cart_002672,user_07600,prod_0071,2,164.71,2023-12-02T00:00:00Z,Beauty
cart_002672,user_07600,prod_0022,3,176.87,2023-12-19T00:00:00Z,Fashion
cart_002672,user_07600,prod_0026,3,142.61,2023-12-18T00:00:00Z,Fashion
cart_002672,user_07600,prod_0005,2,137.07,2023-12-04T00:00:00Z,Electronics
cart_002672,user_07600,prod_0064,2,128.25,2023-12-18T00:00:00Z,Sports & Fitness
cart_002672,user_07600,prod_0025,2,129.12,2023-12-17T00:00:00Z,Fashion
cart_002673,user_07601,prod_0048,1,258.97,2023-12-11T00:00:00Z,Books
cart_002674,user_07603,prod_0086,3,12.29,2023-12-03T00:00:00Z,Toys & Games
cart_002674,user_07603,prod_0072,3,245.23,2023-12-10T00:00:00Z,Beauty
cart_002674,user_07603,prod_0055,3,259.21,2023-12-13T00:00:00Z,Books
cart_002674,user_07603,prod_0035,1,75.82,2023-12-30T00:00:00Z,Home & Kitchen
cart_002675,user_07604,prod_0072,3,245.23,2023-12-28T00:00:00Z,Beauty
cart_002675,user_07604,prod_0042,1,72.65,2023-12-09T00:00:00Z,Home & Kitchen
cart_002675,user_07604,prod_0019,2,273.46,2023-12-10T00:00:00Z,Fashion
cart_002675,user_07604,prod_0094,1,290.3,2023-12-17T00:00:00Z,Automotive
cart_002676,user_07605,prod_0098,1,163.3,2023-12-09T00:00:00Z,Automotive
cart_002676,user_07605,prod_0081,1,250.37,2023-12-23T00:00:00Z,Toys & Games
cart_002676,user_07605,prod_0034,1,263.34,2023-12-13T00:00:00Z,Home & Kitchen
cart_002676,user_07605,prod_0026,2,142.61,2023-12-11T00:00:00Z,Fashion
cart_002676,user_07605,prod_0013,3,138.3,2023-12-29T00:00:00Z,Electronics
cart_002677,user_07606,prod_0028,3,230.97,2023-12-24T00:00:00Z,Fashion
cart_002677,user_07606,prod_0019,1,273.46,2023-12-23T00:00:00Z,Fashion
cart_002677,user_07606,prod_0017,1,100.34,2023-12-26T00:00:00Z,Fashion
cart_002678,user_07608,prod_0055,1,259.21,2023-12-15T00:00:00Z,Books
cart_002678,user_07608,prod_0024,3,18.85,2023-12-07T00:00:00Z,Fashion
cart_002678,user_07608,prod_0039,3,227.05,2023-12-04T00:00:00Z,Home & Kitchen
cart_002678,user_07608,prod_0054,1,254.52,2023-12-07T00:00:00Z,Books
cart_002678,user_07608,prod_0044,3,25.83,2023-12-10T00:00:00Z,Home & Kitchen
cart_002679,user_07610,prod_0042,3,72.65,2023-12-02T00:00:00Z,Home & Kitchen
cart_002679,user_07610,prod_0052,3,258.24,2023-12-23T00:00:00Z,Books
cart_002679,user_07610,prod_0011,2,212.14,2023-12-11T00:00:00Z,Electronics
cart_002679,user_07610,prod_0013,2,138.3,2024-01-01T00:00:00Z,Electronics
cart_002679,user_07610,prod_0016,1,84.36,2023-12-08T00:00:00Z,Fashion
cart_002680,user_07612,prod_0036,2,147.88,2023-12-23T00:00:00Z,Home & Kitchen
cart_002680,user_07612,prod_0074,2,50.7,2023-12-10T00:00:00Z,Beauty
cart_002680,user_07612,prod_0007,3,286.42,2023-12-08T00:00:00Z,Electronics
cart_002680,user_07612,prod_0030,3,229.02,2023-12-06T00:00:00Z,Fashion
cart_002680,user_07612,prod_0056,3,294.68,2023-12-16T00:00:00Z,Books
cart_002680,user_07612,prod_0075,3,64.86,2023-12-15T00:00:00Z,Beauty
cart_002681,user_07613,prod_0067,1,278.13,2023-12-28T00:00:00Z,Sports & Fitness
cart_002682,user_07614,prod_0059,1,175.28,2023-12-29T00:00:00Z,Books
cart_002682,user_07614,prod_0048,2,258.97,2023-12-03T00:00:00Z,Books
cart_002682,user_07614,prod_0053,1,163.93,2023-12-05T00:00:00Z,Books
cart_002682,user_07614,prod_0092,2,87.06,2023-12-03T00:00:00Z,Automotive
cart_002683,user_07615,prod_0070,1,263.51,2023-12-27T00:00:00Z,Sports & Fitness
cart_002684,user_07617,prod_0100,2,200.04,2023-12-24T00:00:00Z,Automotive
cart_002684,user_07617,prod_0034,2,263.34,2023-12-03T00:00:00Z,Home & Kitchen
cart_002684,user_07617,prod_0052,3,258.24,2023-12-19T00:00:00Z,Books
cart_002685,user_07620,prod_0043,3,22.31,2023-12-21T00:00:00Z,Home & Kitchen
cart_002685,user_07620,prod_0070,3,263.51,2023-12-21T00:00:00Z,Sports & Fitness
cart_002685,user_07620,prod_0059,3,175.28,2023-12-25T00:00:00Z,Books
cart_002685,user_07620,prod_0041,2,77.88,2024-01-01T00:00:00Z,Home & Kitchen
cart_002685,user_07620,prod_0036,3,147.88,2023-12-11T00:00:00Z,Home & Kitchen
cart_002686,user_07623,prod_0030,1,229.02,2023-12-19T00:00:00Z,Fashion
cart_002687,user_07624,prod_0043,3,22.31,2023-12-08T00:00:00Z,Home & Kitchen
cart_002687,user_07624,prod_0042,2,72.65,2023-12-16T00:00:00Z,Home & Kitchen
cart_002688,user_07626,prod_0031,3,92.74,2023-12-25T00:00:00Z,Home & Kitchen
cart_002689,user_07629,prod_0034,3,263.34,2023-12-07T00:00:00Z,Home & Kitchen
cart_002689,user_07629,prod_0017,2,100.34,2023-12-21T00:00:00Z,Fashion
cart_002689,user_07629,prod_0021,1,46.05,2023-12-10T00:00:00Z,Fashion
cart_002689,user_07629,prod_0097,1,18.05,2023-12-21T00:00:00Z,Automotive
cart_002689,user_07629,prod_0078,2,43.46,2023-12-24T00:00:00Z,Beauty
cart_002689,user_07629,prod_0007,1,286.42,2023-12-18T00:00:00Z,Electronics
cart_002690,user_07632,prod_0024,3,18.85,2023-12-13T00:00:00Z,Fashion
cart_002691,user_07633,prod_0012,3,294.66,2024-01-01T00:00:00Z,Electronics
cart_002691,user_07633,prod_0091,2,61.78,2023-12-07T00:00:00Z,Automotive
cart_002691,user_07633,prod_0049,1,219.09,2023-12-22T00:00:00Z,Books
cart_002691,user_07633,prod_0079,3,167.19,2023-12-05T00:00:00Z,Beauty
cart_002691,user_07633,prod_0059,2,175.28,2023-12-21T00:00:00Z,Books
cart_002691,user_07633,prod_0074,2,50.7,2023-12-20T00:00:00Z,Beauty
cart_002692,user_07635,prod_0029,3,138.39,2023-12-16T00:00:00Z,Fashion
cart_002692,user_07635,prod_0001,3,192.99,2023-12-31T00:00:00Z,Electronics
cart_002692,user_07635,prod_0017,1,100.34,2023-12-15T00:00:00Z,Fashion
cart_002692,user_07635,prod_0084,3,169.61,2023-12-23T00:00:00Z,Toys & Games
cart_002692,user_07635,prod_0079,1,167.19,2023-12-30T00:00:00Z,Beauty
cart_002693,user_07639,prod_0050,2,60.92,2023-12-25T00:00:00Z,Books
cart_002693,user_07639,prod_0011,1,212.14,2024-01-01T00:00:00Z,Electronics
cart_002693,user_07639,prod_0052,2,258.24,2023-12-30T00:00:00Z,Books
cart_002693,user_07639,prod_0012,3,294.66,2024-01-01T00:00:00Z,Electronics
cart_002693,user_07639,prod_0057,1,209.8,2023-12-14T00:00:00Z,Books
cart_002693,user_07639,prod_0026,1,142.61,2023-12-11T00:00:00Z,Fashion
cart_002694,user_07640,prod_0048,3,258.97,2023-12-31T00:00:00Z,Books
cart_002694,user_07640,prod_0027,3,8.38,2023-12-22T00:00:00Z,Fashion
cart_002694,user_07640,prod_0044,2,25.83,2023-12-03T00:00:00Z,Home & Kitchen
cart_002695,user_07642,prod_0047,1,33.5,2023-12-13T00:00:00Z,Books
cart_002695,user_07642,prod_0079,2,167.19,2023-12-22T00:00:00Z,Beauty
cart_002695,user_07642,prod_0058,3,148.08,2023-12-30T00:00:00Z,Books
cart_002695,user_07642,prod_0053,2,163.93,2023-12-09T00:00:00Z,Books
cart_002695,user_07642,prod_0020,3,151.77,2023-12-13T00:00:00Z,Fashion
cart_002696,user_07643,prod_0009,2,219.54,2023-12-06T00:00:00Z,Electronics
cart_002697,user_07646,prod_0057,3,209.8,2023-12-07T00:00:00Z,Books
cart_002698,user_07649,prod_0060,2,176.75,2023-12-26T00:00:00Z,Books
cart_002698,user_07649,prod_0089,1,70.4,2023-12-10T00:00:00Z,Toys & Games
cart_002698,user_07649,prod_0050,1,60.92,2023-12-16T00:00:00Z,Books
cart_002698,user_07649,prod_0081,3,250.37,2023-12-14T00:00:00Z,Toys & Games
cart_002699,user_07651,prod_0092,1,87.06,2023-12-05T00:00:00Z,Automotive
cart_002699,user_07651,prod_0054,1,254.52,2023-12-21T00:00:00Z,Books
cart_002699,user_07651,prod_0004,3,181.99,2023-12-24T00:00:00Z,Electronics
cart_002699,user_07651,prod_0056,2,294.68,2023-12-22T00:00:00Z,Books
cart_002699,user_07651,prod_0050,2,60.92,2023-12-16T00:00:00Z,Books
cart_002700,user_07652,prod_0048,3,258.97,2023-12-31T00:00:00Z,Books
cart_002700,user_07652,prod_0089,2,70.4,2023-12-24T00:00:00Z,Toys & Games
cart_002700,user_07652,prod_0090,3,246.24,2023-12-29T00:00:00Z,Toys & Games
cart_002700,user_07652,prod_0047,2,33.5,2023-12-22T00:00:00Z,Books
cart_002700,user_07652,prod_0011,3,212.14,2023-12-04T00:00:00Z,Electronics
cart_002701,user_07655,prod_0058,2,148.08,2023-12-28T00:00:00Z,Books
cart_002701,user_07655,prod_0064,3,128.25,2023-12-18T00:00:00Z,Sports & Fitness
cart_002702,user_07659,prod_0060,2,176.75,2023-12-14T00:00:00Z,Books
cart_002702,user_07659,prod_0017,1,100.34,2023-12-06T00:00:00Z,Fashion
cart_002702,user_07659,prod_0066,1,121.36,2023-12-30T00:00:00Z,Sports & Fitness
cart_002703,user_07660,prod_0088,3,236.49,2023-12-06T00:00:00Z,Toys & Games
cart_002703,user_07660,prod_0056,2,294.68,2023-12-25T00:00:00Z,Books
cart_002703,user_07660,prod_0009,3,219.54,2023-12-23T00:00:00Z,Electronics
cart_002703,user_07660,prod_0086,2,12.29,2023-12-12T00:00:00Z,Toys & Games
cart_002703,user_07660,prod_0081,1,250.37,2023-12-28T00:00:00Z,Toys & Games
cart_002703,user_07660,prod_0082,2,17.3,2023-12-02T00:00:00Z,Toys & Games
cart_002704,user_07661,prod_0015,1,55.31,2023-12-06T00:00:00Z,Electronics
cart_002704,user_07661,prod_0012,1,294.66,2023-12-02T00:00:00Z,Electronics
cart_002704,user_07661,prod_0009,3,219.54,2023-12-29T00:00:00Z,Electronics
cart_002705,user_07665,prod_0002,1,46.02,2023-12-25T00:00:00Z,Electronics
cart_002706,user_07668,prod_0051,3,141.01,2023-12-14T00:00:00Z,Books
cart_002707,user_07670,prod_0009,1,219.54,2023-12-21T00:00:00Z,Electronics
cart_002707,user_07670,prod_0015,1,55.31,2023-12-27T00:00:00Z,Electronics
cart_002707,user_07670,prod_0057,2,209.8,2023-12-03T00:00:00Z,Books
cart_002707,user_07670,prod_0060,2,176.75,2023-12-16T00:00:00Z,Books
cart_002707,user_07670,prod_0002,3,46.02,2023-12-06T00:00:00Z,Electronics
cart_002708,user_07681,prod_0047,3,33.5,2023-12-13T00:00:00Z,Books
cart_002708,user_07681,prod_0003,2,129.05,2023-12-14T00:00:00Z,Electronics
cart_002708,user_07681,prod_0051,1,141.01,2023-12-29T00:00:00Z,Books
cart_002708,user_07681,prod_0046,2,76.44,2023-12-23T00:00:00Z,Books
cart_002708,user_07681,prod_0048,1,258.97,2023-12-23T00:00:00Z,Books
cart_002708,user_07681,prod_0059,2,175.28,2023-12-09T00:00:00Z,Books
cart_002709,user_07684,prod_0039,2,227.05,2023-12-27T00:00:00Z,Home & Kitchen
cart_002710,user_07685,prod_0042,3,72.65,2023-12-21T00:00:00Z,Home & Kitchen
cart_002710,user_07685,prod_0086,2,12.29,2023-12-20T00:00:00Z,Toys & Games
cart_002710,user_07685,prod_0081,1,250.37,2023-12-25T00:00:00Z,Toys & Games
cart_002710,user_07685,prod_0070,2,263.51,2023-12-15T00:00:00Z,Sports & Fitness
cart_002710,user_07685,prod_0034,3,263.34,2023-12-14T00:00:00Z,Home & Kitchen
cart_002710,user_07685,prod_0085,2,74.6,2023-12-31T00:00:00Z,Toys & Games
cart_002711,user_07686,prod_0034,2,263.34,2023-12-09T00:00:00Z,Home & Kitchen
cart_002711,user_07686,prod_0098,1,163.3,2023-12-02T00:00:00Z,Automotive
cart_002711,user_07686,prod_0009,1,219.54,2023-12-18T00:00:00Z,Electronics
cart_002711,user_07686,prod_0005,3,137.07,2023-12-15T00:00:00Z,Electronics
cart_002712,user_07687,prod_0054,3,254.52,2023-12-10T00:00:00Z,Books
cart_002712,user_07687,prod_0044,2,25.83,2023-12-22T00:00:00Z,Home & Kitchen
cart_002712,user_07687,prod_0039,1,227.05,2023-12-10T00:00:00Z,Home & Kitchen
cart_002713,user_07690,prod_0031,1,92.74,2023-12-21T00:00:00Z,Home & Kitchen
cart_002713,user_07690,prod_0089,2,70.4,2023-12-10T00:00:00Z,Toys & Games
cart_002714,user_07692,prod_0014,1,66.6,2023-12-10T00:00:00Z,Electronics
cart_002714,user_07692,prod_0041,3,77.88,2023-12-12T00:00:00Z,Home & Kitchen
cart_002715,user_07694,prod_0062,3,24.98,2023-12-18T00:00:00Z,Sports & Fitness
cart_002715,user_07694,prod_0053,3,163.93,2023-12-03T00:00:00Z,Books
cart_002715,user_07694,prod_0088,1,236.49,2023-12-18T00:00:00Z,Toys & Games
cart_002716,user_07695,prod_0036,1,147.88,2023-12-08T00:00:00Z,Home & Kitchen
cart_002716,user_07695,prod_0052,3,258.24,2023-12-02T00:00:00Z,Books
cart_002716,user_07695,prod_0095,1,180.39,2023-12-24T00:00:00Z,Automotive
cart_002717,user_07696,prod_0038,1,160.14,2023-12-14T00:00:00Z,Home & Kitchen
cart_002717,user_07696,prod_0097,3,18.05,2023-12-06T00:00:00Z,Automotive
cart_002717,user_07696,prod_0036,3,147.88,2023-12-22T00:00:00Z,Home & Kitchen
cart_002718,user_07702,prod_0057,1,209.8,2023-12-22T00:00:00Z,Books
cart_002718,user_07702,prod_0049,2,219.09,2023-12-04T00:00:00Z,Books
cart_002718,user_07702,prod_0050,1,60.92,2023-12-02T00:00:00Z,Books
cart_002718,user_07702,prod_0041,3,77.88,2023-12-31T00:00:00Z,Home & Kitchen
cart_002718,user_07702,prod_0097,2,18.05,2023-12-31T00:00:00Z,Automotive
cart_002719,user_07704,prod_0066,3,121.36,2023-12-18T00:00:00Z,Sports & Fitness
cart_002719,user_07704,prod_0077,3,129.53,2023-12-24T00:00:00Z,Beauty
cart_002719,user_07704,prod_0042,3,72.65,2023-12-08T00:00:00Z,Home & Kitchen
cart_002720,user_07705,prod_0070,1,263.51,2023-12-10T00:00:00Z,Sports & Fitness
cart_002720,user_07705,prod_0064,1,128.25,2023-12-10T00:00:00Z,Sports & Fitness
cart_002721,user_07709,prod_0088,1,236.49,2023-12-23T00:00:00Z,Toys & Games
cart_002721,user_07709,prod_0001,3,192.99,2023-12-03T00:00:00Z,Electronics
cart_002721,user_07709,prod_0066,2,121.36,2023-12-27T00:00:00Z,Sports & Fitness
cart_002722,user_07711,prod_0001,2,192.99,2023-12-30T00:00:00Z,Electronics
cart_002722,user_07711,prod_0059,2,175.28,2023-12-03T00:00:00Z,Books
cart_002722,user_07711,prod_0029,1,138.39,2023-12-13T00:00:00Z,Fashion
cart_002723,user_07712,prod_0054,3,254.52,2023-12-11T00:00:00Z,Books
cart_002723,user_07712,prod_0010,3,91.19,2023-12-18T00:00:00Z,Electronics
cart_002723,user_07712,prod_0065,3,81.67,2023-12-31T00:00:00Z,Sports & Fitness
cart_002724,user_07718,prod_0047,1,33.5,2023-12-29T00:00:00Z,Books
cart_002724,user_07718,prod_0046,2,76.44,2023-12-14T00:00:00Z,Books
cart_002725,user_07719,prod_0034,2,263.34,2024-01-01T00:00:00Z,Home & Kitchen
cart_002725,user_07719,prod_0055,3,259.21,2023-12-16T00:00:00Z,Books
cart_002725,user_07719,prod_0022,1,176.87,2023-12-29T00:00:00Z,Fashion
cart_002725,user_07719,prod_0063,3,266.74,2023-12-15T00:00:00Z,Sports & Fitness
cart_002725,user_07719,prod_0084,3,169.61,2023-12-30T00:00:00Z,Toys & Games
cart_002726,user_07721,prod_0060,1,176.75,2023-12-30T00:00:00Z,Books
cart_002726,user_07721,prod_0047,3,33.5,2023-12-12T00:00:00Z,Books
cart_002727,user_07723,prod_0004,1,181.99,2023-12-09T00:00:00Z,Electronics
cart_002728,user_07726,prod_0017,3,100.34,2023-12-18T00:00:00Z,Fashion
cart_002728,user_07726,prod_0092,3,87.06,2023-12-03T00:00:00Z,Automotive
cart_002728,user_07726,prod_0072,1,245.23,2023-12-04T00:00:00Z,Beauty
cart_002729,user_07729,prod_0031,2,92.74,2023-12-29T00:00:00Z,Home & Kitchen
cart_002729,user_07729,prod_0048,2,258.97,2023-12-12T00:00:00Z,Books
cart_002729,user_07729,prod_0084,3,169.61,2023-12-12T00:00:00Z,Toys & Games
cart_002729,user_07729,prod_0034,1,263.34,2023-12-22T00:00:00Z,Home & Kitchen
cart_002729,user_07729,prod_0022,1,176.87,2023-12-19T00:00:00Z,Fashion
cart_002730,user_07732,prod_0040,2,202.48,2023-12-13T00:00:00Z,Home & Kitchen
cart_002730,user_07732,prod_0048,2,258.97,2023-12-22T00:00:00Z,Books
cart_002730,user_07732,prod_0054,3,254.52,2024-01-01T00:00:00Z,Books
cart_002731,user_07735,prod_0078,3,43.46,2023-12-24T00:00:00Z,Beauty
cart_002731,user_07735,prod_0005,2,137.07,2023-12-24T00:00:00Z,Electronics
cart_002732,user_07736,prod_0046,3,76.44,2023-12-04T00:00:00Z,Books
cart_002732,user_07736,prod_0094,1,290.3,2023-12-02T00:00:00Z,Automotive
cart_002732,user_07736,prod_0048,3,258.97,2023-12-22T00:00:00Z,Books
cart_002733,user_07741,prod_0005,1,137.07,2023-12-22T00:00:00Z,Electronics
cart_002734,user_07742,prod_0058,3,148.08,2023-12-10T00:00:00Z,Books
cart_002734,user_07742,prod_0100,3,200.04,2023-12-29T00:00:00Z,Automotive
cart_002734,user_07742,prod_0041,2,77.88,2023-12-27T00:00:00Z,Home & Kitchen
cart_002735,user_07743,prod_0049,1,219.09,2023-12-29T00:00:00Z,Books
cart_002735,user_07743,prod_0047,2,33.5,2023-12-14T00:00:00Z,Books
cart_002735,user_07743,prod_0081,3,250.37,2023-12-06T00:00:00Z,Toys & Games
cart_002736,user_07744,prod_0068,3,298.55,2023-12-21T00:00:00Z,Sports & Fitness
cart_002736,user_07744,prod_0081,2,250.37,2023-12-17T00:00:00Z,Toys & Games
cart_002736,user_07744,prod_0013,1,138.3,2023-12-29T00:00:00Z,Electronics
cart_002737,user_07745,prod_0048,3,258.97,2023-12-07T00:00:00Z,Books
cart_002737,user_07745,prod_0057,3,209.8,2023-12-20T00:00:00Z,Books
cart_002737,user_07745,prod_0053,1,163.93,2023-12-19T00:00:00Z,Books
cart_002738,user_07748,prod_0010,1,91.19,2023-12-20T00:00:00Z,Electronics
cart_002738,user_07748,prod_0074,2,50.7,2023-12-12T00:00:00Z,Beauty
cart_002739,user_07750,prod_0002,1,46.02,2023-12-15T00:00:00Z,Electronics
cart_002739,user_07750,prod_0098,2,163.3,2023-12-19T00:00:00Z,Automotive
cart_002740,user_07751,prod_0021,1,46.05,2023-12-19T00:00:00Z,Fashion
cart_002740,user_07751,prod_0023,2,298.21,2023-12-21T00:00:00Z,Fashion
cart_002741,user_07755,prod_0036,3,147.88,2023-12-25T00:00:00Z,Home & Kitchen
cart_002742,user_07762,prod_0017,3,100.34,2023-12-06T00:00:00Z,Fashion
cart_002742,user_07762,prod_0011,1,212.14,2023-12-26T00:00:00Z,Electronics
cart_002743,user_07764,prod_0058,1,148.08,2023-12-23T00:00:00Z,Books
cart_002744,user_07767,prod_0060,1,176.75,2023-12-18T00:00:00Z,Books
cart_002744,user_07767,prod_0014,3,66.6,2023-12-09T00:00:00Z,Electronics
cart_002744,user_07767,prod_0048,2,258.97,2023-12-02T00:00:00Z,Books
cart_002745,user_07770,prod_0007,3,286.42,2023-12-31T00:00:00Z,Electronics
cart_002745,user_07770,prod_0091,1,61.78,2023-12-03T00:00:00Z,Automotive
cart_002745,user_07770,prod_0005,3,137.07,2023-12-28T00:00:00Z,Electronics
cart_002746,user_07772,prod_0010,1,91.19,2023-12-03T00:00:00Z,Electronics
cart_002747,user_07775,prod_0093,3,253.04,2023-12-12T00:00:00Z,Automotive
cart_002747,user_07775,prod_0004,2,181.99,2023-12-09T00:00:00Z,Electronics
cart_002747,user_07775,prod_0086,1,12.29,2023-12-03T00:00:00Z,Toys & Games
cart_002747,user_07775,prod_0020,2,151.77,2023-12-28T00:00:00Z,Fashion
cart_002747,user_07775,prod_0040,1,202.48,2023-12-27T00:00:00Z,Home & Kitchen
cart_002747,user_07775,prod_0090,2,246.24,2023-12-31T00:00:00Z,Toys & Games
cart_002748,user_07776,prod_0057,1,209.8,2023-12-03T00:00:00Z,Books
cart_002749,user_07779,prod_0072,2,245.23,2023-12-06T00:00:00Z,Beauty
cart_002749,user_07779,prod_0066,3,121.36,2023-12-05T00:00:00Z,Sports & Fitness
cart_002749,user_07779,prod_0051,3,141.01,2023-12-19T00:00:00Z,Books
cart_002750,user_07788,prod_0011,2,212.14,2023-12-02T00:00:00Z,Electronics
cart_002751,user_07793,prod_0004,2,181.99,2023-12-27T00:00:00Z,Electronics
cart_002751,user_07793,prod_0021,3,46.05,2024-01-01T00:00:00Z,Fashion
cart_002751,user_07793,prod_0090,2,246.24,2023-12-04T00:00:00Z,Toys & Games
cart_002752,user_07795,prod_0042,2,72.65,2023-12-18T00:00:00Z,Home & Kitchen
cart_002752,user_07795,prod_0058,1,148.08,2023-12-07T00:00:00Z,Books
cart_002752,user_07795,prod_0060,2,176.75,2023-12-27T00:00:00Z,Books
cart_002752,user_07795,prod_0023,2,298.21,2023-12-22T00:00:00Z,Fashion
cart_002752,user_07795,prod_0064,1,128.25,2023-12-07T00:00:00Z,Sports & Fitness
cart_002753,user_07797,prod_0060,2,176.75,2023-12-27T00:00:00Z,Books
cart_002753,user_07797,prod_0006,3,51.94,2023-12-31T00:00:00Z,Electronics
cart_002753,user_07797,prod_0014,2,66.6,2023-12-07T00:00:00Z,Electronics
cart_002754,user_07798,prod_0031,3,92.74,2023-12-19T00:00:00Z,Home & Kitchen
cart_002755,user_07800,prod_0003,3,129.05,2023-12-22T00:00:00Z,Electronics
cart_002756,user_07812,prod_0089,2,70.4,2023-12-14T00:00:00Z,Toys & Games
cart_002757,user_07813,prod_0002,2,46.02,2023-12-19T00:00:00Z,Electronics
cart_002757,user_07813,prod_0093,1,253.04,2023-12-18T00:00:00Z,Automotive
cart_002758,user_07817,prod_0076,2,78.83,2023-12-16T00:00:00Z,Beauty
cart_002758,user_07817,prod_0069,3,153.73,2023-12-05T00:00:00Z,Sports & Fitness
cart_002758,user_07817,prod_0056,2,294.68,2023-12-06T00:00:00Z,Books
cart_002758,user_07817,prod_0011,2,212.14,2023-12-20T00:00:00Z,Electronics
cart_002758,user_07817,prod_0053,3,163.93,2023-12-24T00:00:00Z,Books
cart_002759,user_07819,prod_0057,3,209.8,2023-12-07T00:00:00Z,Books
cart_002759,user_07819,prod_0008,1,110.54,2023-12-17T00:00:00Z,Electronics
cart_002759,user_07819,prod_0023,2,298.21,2023-12-22T00:00:00Z,Fashion
cart_002759,user_07819,prod_0052,3,258.24,2023-12-14T00:00:00Z,Books
cart_002760,user_07821,prod_0062,2,24.98,2023-12-22T00:00:00Z,Sports & Fitness
cart_002761,user_07826,prod_0026,3,142.61,2023-12-04T00:00:00Z,Fashion
cart_002761,user_07826,prod_0022,3,176.87,2023-12-20T00:00:00Z,Fashion
cart_002762,user_07828,prod_0003,1,129.05,2023-12-11T00:00:00Z,Electronics
cart_002763,user_07829,prod_0026,3,142.61,2024-01-01T00:00:00Z,Fashion
cart_002763,user_07829,prod_0077,3,129.53,2023-12-22T00:00:00Z,Beauty
cart_002763,user_07829,prod_0020,1,151.77,2023-12-04T00:00:00Z,Fashion
cart_002763,user_07829,prod_0094,1,290.3,2023-12-12T00:00:00Z,Automotive
cart_002763,user_07829,prod_0017,2,100.34,2023-12-20T00:00:00Z,Fashion
cart_002764,user_07831,prod_0071,2,164.71,2023-12-02T00:00:00Z,Beauty
cart_002764,user_07831,prod_0029,1,138.39,2023-12-09T00:00:00Z,Fashion
cart_002764,user_07831,prod_0023,1,298.21,2023-12-13T00:00:00Z,Fashion
cart_002764,user_07831,prod_0091,1,61.78,2023-12-18T00:00:00Z,Automotive
cart_002764,user_07831,prod_0013,1,138.3,2023-12-12T00:00:00Z,Electronics
cart_002764,user_07831,prod_0060,3,176.75,2023-12-02T00:00:00Z,Books
cart_002765,user_07834,prod_0029,1,138.39,2023-12-11T00:00:00Z,Fashion
cart_002765,user_07834,prod_0064,2,128.25,2023-12-31T00:00:00Z,Sports & Fitness
cart_002765,user_07834,prod_0013,1,138.3,2023-12-13T00:00:00Z,Electronics
cart_002765,user_07834,prod_0025,3,129.12,2023-12-08T00:00:00Z,Fashion
cart_002765,user_07834,prod_0015,1,55.31,2023-12-08T00:00:00Z,Electronics
cart_002765,user_07834,prod_0037,2,42.75,2023-12-17T00:00:00Z,Home & Kitchen
cart_002766,user_07838,prod_0035,2,75.82,2023-12-31T00:00:00Z,Home & Kitchen
cart_002767,user_07839,prod_0078,1,43.46,2023-12-24T00:00:00Z,Beauty
cart_002767,user_07839,prod_0086,1,12.29,2023-12-27T00:00:00Z,Toys & Games
cart_002767,user_07839,prod_0028,1,230.97,2023-12-26T00:00:00Z,Fashion
cart_002767,user_07839,prod_0067,1,278.13,2023-12-08T00:00:00Z,Sports & Fitness
cart_002768,user_07840,prod_0049,3,219.09,2023-12-07T00:00:00Z,Books
cart_002768,user_07840,prod_0058,3,148.08,2023-12-27T00:00:00Z,Books
cart_002769,user_07842,prod_0077,1,129.53,2023-12-28T00:00:00Z,Beauty
cart_002769,user_07842,prod_0073,1,44.48,2023-12-24T00:00:00Z,Beauty
cart_002769,user_07842,prod_0022,1,176.87,2023-12-11T00:00:00Z,Fashion
cart_002770,user_07843,prod_0034,1,263.34,2023-12-30T00:00:00Z,Home & Kitchen
cart_002770,user_07843,prod_0024,3,18.85,2023-12-08T00:00:00Z,Fashion
cart_002770,user_07843,prod_0047,1,33.5,2023-12-31T00:00:00Z,Books
cart_002771,user_07845,prod_0016,1,84.36,2023-12-03T00:00:00Z,Fashion
cart_002771,user_07845,prod_0006,3,51.94,2023-12-10T00:00:00Z,Electronics
cart_002771,user_07845,prod_0100,1,200.04,2023-12-30T00:00:00Z,Automotive
cart_002771,user_07845,prod_0011,2,212.14,2023-12-21T00:00:00Z,Electronics
cart_002771,user_07845,prod_0059,1,175.28,2023-12-29T00:00:00Z,Books
cart_002771,user_07845,prod_0085,1,74.6,2023-12-20T00:00:00Z,Toys & Games
cart_002772,user_07846,prod_0005,2,137.07,2023-12-26T00:00:00Z,Electronics
cart_002772,user_07846,prod_0015,1,55.31,2023-12-04T00:00:00Z,Electronics
cart_002773,user_07847,prod_0021,3,46.05,2023-12-15T00:00:00Z,Fashion
cart_002773,user_07847,prod_0045,1,43.9,2023-12-09T00:00:00Z,Home & Kitchen
cart_002774,user_07848,prod_0071,3,164.71,2023-12-24T00:00:00Z,Beauty
cart_002775,user_07849,prod_0077,3,129.53,2023-12-29T00:00:00Z,Beauty
cart_002775,user_07849,prod_0055,3,259.21,2023-12-18T00:00:00Z,Books
cart_002775,user_07849,prod_0068,3,298.55,2023-12-16T00:00:00Z,Sports & Fitness
cart_002775,user_07849,prod_0022,2,176.87,2023-12-31T00:00:00Z,Fashion
cart_002775,user_07849,prod_0025,1,129.12,2023-12-29T00:00:00Z,Fashion
cart_002776,user_07852,prod_0015,3,55.31,2023-12-04T00:00:00Z,Electronics
cart_002776,user_07852,prod_0009,3,219.54,2023-12-12T00:00:00Z,Electronics
cart_002776,user_07852,prod_0081,2,250.37,2024-01-01T00:00:00Z,Toys & Games
cart_002776,user_07852,prod_0007,3,286.42,2023-12-20T00:00:00Z,Electronics
cart_002777,user_07856,prod_0005,3,137.07,2023-12-02T00:00:00Z,Electronics
cart_002777,user_07856,prod_0053,1,163.93,2023-12-25T00:00:00Z,Books
cart_002777,user_07856,prod_0015,1,55.31,2023-12-02T00:00:00Z,Electronics
cart_002778,user_07864,prod_0059,3,175.28,2023-12-11T00:00:00Z,Books
cart_002778,user_07864,prod_0081,3,250.37,2023-12-12T00:00:00Z,Toys & Games
cart_002778,user_07864,prod_0007,3,286.42,2023-12-30T00:00:00Z,Electronics
cart_002778,user_07864,prod_0005,1,137.07,2023-12-26T00:00:00Z,Electronics
cart_002778,user_07864,prod_0091,2,61.78,2023-12-16T00:00:00Z,Automotive
cart_002779,user_07868,prod_0016,2,84.36,2023-12-21T00:00:00Z,Fashion
cart_002779,user_07868,prod_0066,3,121.36,2023-12-11T00:00:00Z,Sports & Fitness
cart_002779,user_07868,prod_0098,2,163.3,2023-12-04T00:00:00Z,Automotive
cart_002779,user_07868,prod_0028,1,230.97,2023-12-18T00:00:00Z,Fashion
cart_002779,user_07868,prod_0089,1,70.4,2023-12-19T00:00:00Z,Toys & Games
cart_002779,user_07868,prod_0071,3,164.71,2023-12-27T00:00:00Z,Beauty
cart_002780,user_07870,prod_0041,3,77.88,2023-12-04T00:00:00Z,Home & Kitchen
cart_002781,user_07872,prod_0065,3,81.67,2023-12-21T00:00:00Z,Sports & Fitness
cart_002782,user_07875,prod_0002,2,46.02,2023-12-05T00:00:00Z,Electronics
cart_002782,user_07875,prod_0077,1,129.53,2023-12-24T00:00:00Z,Beauty
cart_002782,user_07875,prod_0061,1,287.47,2023-12-22T00:00:00Z,Sports & Fitness
cart_002782,user_07875,prod_0094,2,290.3,2023-12-31T00:00:00Z,Automotive
cart_002782,user_07875,prod_0006,2,51.94,2023-12-29T00:00:00Z,Electronics
cart_002783,user_07876,prod_0069,3,153.73,2023-12-18T00:00:00Z,Sports & Fitness
cart_002783,user_07876,prod_0006,2,51.94,2024-01-01T00:00:00Z,Electronics
cart_002783,user_07876,prod_0007,1,286.42,2023-12-17T00:00:00Z,Electronics
cart_002784,user_07881,prod_0050,2,60.92,2023-12-07T00:00:00Z,Books
cart_002784,user_07881,prod_0042,2,72.65,2023-12-12T00:00:00Z,Home & Kitchen
cart_002784,user_07881,prod_0037,3,42.75,2023-12-25T00:00:00Z,Home & Kitchen
cart_002784,user_07881,prod_0087,1,126.04,2023-12-19T00:00:00Z,Toys & Games
cart_002784,user_07881,prod_0089,1,70.4,2023-12-17T00:00:00Z,Toys & Games
cart_002785,user_07887,prod_0022,3,176.87,2023-12-28T00:00:00Z,Fashion
cart_002785,user_07887,prod_0017,3,100.34,2023-12-20T00:00:00Z,Fashion
cart_002786,user_07888,prod_0072,3,245.23,2023-12-18T00:00:00Z,Beauty
cart_002786,user_07888,prod_0029,3,138.39,2023-12-17T00:00:00Z,Fashion
cart_002786,user_07888,prod_0073,2,44.48,2023-12-06T00:00:00Z,Beauty
cart_002786,user_07888,prod_0075,2,64.86,2023-12-24T00:00:00Z,Beauty
cart_002787,user_07889,prod_0025,2,129.12,2023-12-12T00:00:00Z,Fashion
cart_002787,user_07889,prod_0027,3,8.38,2023-12-14T00:00:00Z,Fashion
cart_002787,user_07889,prod_0061,3,287.47,2023-12-08T00:00:00Z,Sports & Fitness
cart_002788,user_07893,prod_0046,3,76.44,2023-12-10T00:00:00Z,Books
cart_002789,user_07897,prod_0084,1,169.61,2023-12-30T00:00:00Z,Toys & Games
cart_002789,user_07897,prod_0059,3,175.28,2023-12-23T00:00:00Z,Books
cart_002789,user_07897,prod_0039,2,227.05,2023-12-30T00:00:00Z,Home & Kitchen
cart_002789,user_07897,prod_0092,3,87.06,2024-01-01T00:00:00Z,Automotive
cart_002790,user_07900,prod_0081,1,250.37,2023-12-10T00:00:00Z,Toys & Games
cart_002790,user_07900,prod_0040,2,202.48,2023-12-13T00:00:00Z,Home & Kitchen
cart_002791,user_07907,prod_0054,1,254.52,2023-12-19T00:00:00Z,Books
cart_002791,user_07907,prod_0058,2,148.08,2023-12-08T00:00:00Z,Books
cart_002791,user_07907,prod_0053,2,163.93,2023-12-31T00:00:00Z,Books
cart_002792,user_07908,prod_0069,3,153.73,2023-12-13T00:00:00Z,Sports & Fitness
cart_002792,user_07908,prod_0036,3,147.88,2023-12-16T00:00:00Z,Home & Kitchen
cart_002792,user_07908,prod_0005,2,137.07,2023-12-15T00:00:00Z,Electronics
cart_002792,user_07908,prod_0085,1,74.6,2023-12-19T00:00:00Z,Toys & Games
cart_002792,user_07908,prod_0077,1,129.53,2023-12-15T00:00:00Z,Beauty
cart_002792,user_07908,prod_0078,3,43.46,2023-12-02T00:00:00Z,Beauty
cart_002793,user_07911,prod_0090,1,246.24,2023-12-13T00:00:00Z,Toys & Games
cart_002793,user_07911,prod_0099,3,25.57,2023-12-08T00:00:00Z,Automotive
cart_002793,user_07911,prod_0012,2,294.66,2023-12-23T00:00:00Z,Electronics
cart_002793,user_07911,prod_0091,3,61.78,2023-12-11T00:00:00Z,Automotive
cart_002793,user_07911,prod_0028,2,230.97,2024-01-01T00:00:00Z,Fashion
cart_002794,user_07917,prod_0065,1,81.67,2023-12-25T00:00:00Z,Sports & Fitness
cart_002795,user_07919,prod_0022,2,176.87,2023-12-22T00:00:00Z,Fashion
cart_002795,user_07919,prod_0068,2,298.55,2023-12-05T00:00:00Z,Sports & Fitness
cart_002796,user_07920,prod_0002,1,46.02,2023-12-28T00:00:00Z,Electronics
cart_002796,user_07920,prod_0056,1,294.68,2023-12-08T00:00:00Z,Books
cart_002797,user_07930,prod_0012,1,294.66,2023-12-20T00:00:00Z,Electronics
cart_002797,user_07930,prod_0074,1,50.7,2023-12-15T00:00:00Z,Beauty
cart_002797,user_07930,prod_0016,3,84.36,2023-12-25T00:00:00Z,Fashion
cart_002797,user_07930,prod_0084,2,169.61,2023-12-21T00:00:00Z,Toys & Games
cart_002797,user_07930,prod_0036,1,147.88,2023-12-11T00:00:00Z,Home & Kitchen
cart_002798,user_07936,prod_0072,3,245.23,2023-12-13T00:00:00Z,Beauty
cart_002798,user_07936,prod_0089,3,70.4,2023-12-23T00:00:00Z,Toys & Games
cart_002799,user_07943,prod_0009,1,219.54,2023-12-04T00:00:00Z,Electronics
cart_002799,user_07943,prod_0059,3,175.28,2023-12-28T00:00:00Z,Books
cart_002799,user_07943,prod_0064,3,128.25,2023-12-23T00:00:00Z,Sports & Fitness
cart_002799,user_07943,prod_0006,3,51.94,2023-12-16T00:00:00Z,Electronics
cart_002799,user_07943,prod_0078,2,43.46,2023-12-23T00:00:00Z,Beauty
cart_002800,user_07944,prod_0054,3,254.52,2023-12-07T00:00:00Z,Books
cart_002801,user_07945,prod_0088,3,236.49,2023-12-17T00:00:00Z,Toys & Games
cart_002801,user_07945,prod_0022,3,176.87,2023-12-09T00:00:00Z,Fashion
cart_002802,user_07946,prod_0046,3,76.44,2023-12-27T00:00:00Z,Books
cart_002802,user_07946,prod_0047,1,33.5,2023-12-24T00:00:00Z,Books
cart_002802,user_07946,prod_0065,3,81.67,2023-12-22T00:00:00Z,Sports & Fitness
cart_002802,user_07946,prod_0066,1,121.36,2023-12-20T00:00:00Z,Sports & Fitness
cart_002802,user_07946,prod_0054,2,254.52,2023-12-08T00:00:00Z,Books
cart_002802,user_07946,prod_0060,2,176.75,2023-12-31T00:00:00Z,Books
cart_002803,user_07947,prod_0005,2,137.07,2023-12-29T00:00:00Z,Electronics
cart_002803,user_07947,prod_0012,2,294.66,2023-12-26T00:00:00Z,Electronics
cart_002803,user_07947,prod_0009,1,219.54,2023-12-16T00:00:00Z,Electronics
cart_002803,user_07947,prod_0099,3,25.57,2023-12-04T00:00:00Z,Automotive
cart_002803,user_07947,prod_0020,2,151.77,2023-12-06T00:00:00Z,Fashion
cart_002803,user_07947,prod_0037,1,42.75,2023-12-21T00:00:00Z,Home & Kitchen
cart_002804,user_07949,prod_0011,1,212.14,2023-12-19T00:00:00Z,Electronics
cart_002805,user_07950,prod_0072,2,245.23,2023-12-14T00:00:00Z,Beauty
cart_002806,user_07952,prod_0091,1,61.78,2023-12-12T00:00:00Z,Automotive
cart_002806,user_07952,prod_0028,1,230.97,2023-12-21T00:00:00Z,Fashion
cart_002806,user_07952,prod_0027,3,8.38,2023-12-09T00:00:00Z,Fashion
cart_002806,user_07952,prod_0014,2,66.6,2023-12-05T00:00:00Z,Electronics
cart_002807,user_07956,prod_0054,3,254.52,2023-12-22T00:00:00Z,Books
cart_002807,user_07956,prod_0046,2,76.44,2023-12-07T00:00:00Z,Books
cart_002807,user_07956,prod_0058,3,148.08,2023-12-05T00:00:00Z,Books
cart_002807,user_07956,prod_0039,3,227.05,2024-01-01T00:00:00Z,Home & Kitchen
cart_002807,user_07956,prod_0050,2,60.92,2023-12-06T00:00:00Z,Books
cart_002807,user_07956,prod_0056,2,294.68,2023-12-05T00:00:00Z,Books
cart_002808,user_07958,prod_0058,3,148.08,2023-12-12T00:00:00Z,Books
cart_002808,user_07958,prod_0070,3,263.51,2023-12-13T00:00:00Z,Sports & Fitness
cart_002808,user_07958,prod_0054,1,254.52,2023-12-25T00:00:00Z,Books
cart_002808,user_07958,prod_0059,1,175.28,2023-12-30T00:00:00Z,Books
cart_002808,user_07958,prod_0050,3,60.92,2023-12-25T00:00:00Z,Books
cart_002809,user_07959,prod_0029,3,138.39,2023-12-12T00:00:00Z,Fashion
cart_002809,user_07959,prod_0073,1,44.48,2023-12-15T00:00:00Z,Beauty
cart_002810,user_07960,prod_0034,3,263.34,2023-12-15T00:00:00Z,Home & Kitchen
cart_002810,user_07960,prod_0052,3,258.24,2023-12-05T00:00:00Z,Books
cart_002810,user_07960,prod_0058,1,148.08,2023-12-03T00:00:00Z,Books
cart_002810,user_07960,prod_0046,2,76.44,2023-12-16T00:00:00Z,Books
cart_002810,user_07960,prod_0043,3,22.31,2023-12-22T00:00:00Z,Home & Kitchen
cart_002810,user_07960,prod_0086,2,12.29,2023-12-10T00:00:00Z,Toys & Games
cart_002811,user_07962,prod_0082,3,17.3,2023-12-11T00:00:00Z,Toys & Games
cart_002811,user_07962,prod_0073,2,44.48,2023-12-05T00:00:00Z,Beauty
cart_002811,user_07962,prod_0016,1,84.36,2023-12-14T00:00:00Z,Fashion
cart_002811,user_07962,prod_0044,1,25.83,2023-12-13T00:00:00Z,Home & Kitchen
cart_002811,user_07962,prod_0076,1,78.83,2023-12-22T00:00:00Z,Beauty
cart_002811,user_07962,prod_0026,2,142.61,2023-12-19T00:00:00Z,Fashion
cart_002812,user_07963,prod_0088,1,236.49,2023-12-04T00:00:00Z,Toys & Games
cart_002812,user_07963,prod_0097,1,18.05,2023-12-08T00:00:00Z,Automotive
cart_002812,user_07963,prod_0053,1,163.93,2023-12-28T00:00:00Z,Books
cart_002812,user_07963,prod_0013,2,138.3,2023-12-30T00:00:00Z,Electronics
cart_002812,user_07963,prod_0085,3,74.6,2023-12-04T00:00:00Z,Toys & Games
cart_002813,user_07968,prod_0092,1,87.06,2023-12-21T00:00:00Z,Automotive
cart_002813,user_07968,prod_0002,2,46.02,2023-12-07T00:00:00Z,Electronics
cart_002813,user_07968,prod_0096,1,294.37,2023-12-15T00:00:00Z,Automotive
cart_002813,user_07968,prod_0006,2,51.94,2023-12-02T00:00:00Z,Electronics
cart_002813,user_07968,prod_0028,2,230.97,2023-12-12T00:00:00Z,Fashion
cart_002813,user_07968,prod_0094,1,290.3,2023-12-31T00:00:00Z,Automotive
cart_002814,user_07969,prod_0077,1,129.53,2023-12-29T00:00:00Z,Beauty
cart_002814,user_07969,prod_0068,3,298.55,2023-12-08T00:00:00Z,Sports & Fitness
cart_002814,user_07969,prod_0064,1,128.25,2023-12-29T00:00:00Z,Sports & Fitness
cart_002814,user_07969,prod_0075,1,64.86,2023-12-12T00:00:00Z,Beauty
cart_002814,user_07969,prod_0080,1,282.84,2023-12-02T00:00:00Z,Beauty
cart_002814,user_07969,prod_0024,3,18.85,2023-12-26T00:00:00Z,Fashion
cart_002815,user_07970,prod_0079,1,167.19,2023-12-13T00:00:00Z,Beauty
cart_002815,user_07970,prod_0075,3,64.86,2023-12-31T00:00:00Z,Beauty
cart_002815,user_07970,prod_0021,1,46.05,2023-12-18T00:00:00Z,Fashion
cart_002815,user_07970,prod_0078,3,43.46,2023-12-07T00:00:00Z,Beauty
cart_002815,user_07970,prod_0097,2,18.05,2023-12-10T00:00:00Z,Automotive
cart_002816,user_07971,prod_0038,2,160.14,2023-12-08T00:00:00Z,Home & Kitchen
cart_002817,user_07974,prod_0084,2,169.61,2023-12-07T00:00:00Z,Toys & Games
cart_002817,user_07974,prod_0065,3,81.67,2023-12-09T00:00:00Z,Sports & Fitness
cart_002817,user_07974,prod_0004,3,181.99,2023-12-15T00:00:00Z,Electronics
cart_002817,user_07974,prod_0035,2,75.82,2023-12-10T00:00:00Z,Home & Kitchen
cart_002817,user_07974,prod_0081,1,250.37,2023-12-26T00:00:00Z,Toys & Games
cart_002818,user_07977,prod_0055,3,259.21,2023-12-26T00:00:00Z,Books
cart_002818,user_07977,prod_0081,2,250.37,2023-12-10T00:00:00Z,Toys & Games
cart_002818,user_07977,prod_0054,1,254.52,2023-12-13T00:00:00Z,Books
cart_002818,user_07977,prod_0015,2,55.31,2023-12-13T00:00:00Z,Electronics
cart_002818,user_07977,prod_0003,3,129.05,2023-12-27T00:00:00Z,Electronics
cart_002819,user_07978,prod_0093,3,253.04,2023-12-31T00:00:00Z,Automotive
cart_002819,user_07978,prod_0095,3,180.39,2023-12-24T00:00:00Z,Automotive
cart_002819,user_07978,prod_0059,3,175.28,2023-12-19T00:00:00Z,Books
cart_002820,user_07981,prod_0010,2,91.19,2023-12-16T00:00:00Z,Electronics
cart_002820,user_07981,prod_0007,2,286.42,2023-12-07T00:00:00Z,Electronics
cart_002820,user_07981,prod_0040,3,202.48,2023-12-08T00:00:00Z,Home & Kitchen
cart_002821,user_07987,prod_0027,2,8.38,2023-12-09T00:00:00Z,Fashion
cart_002821,user_07987,prod_0061,1,287.47,2023-12-24T00:00:00Z,Sports & Fitness
cart_002821,user_07987,prod_0072,2,245.23,2023-12-11T00:00:00Z,Beauty
cart_002821,user_07987,prod_0045,3,43.9,2023-12-30T00:00:00Z,Home & Kitchen
cart_002821,user_07987,prod_0074,1,50.7,2023-12-15T00:00:00Z,Beauty
cart_002821,user_07987,prod_0009,3,219.54,2023-12-07T00:00:00Z,Electronics
cart_002822,user_07989,prod_0075,2,64.86,2023-12-30T00:00:00Z,Beauty
cart_002822,user_07989,prod_0052,1,258.24,2023-12-17T00:00:00Z,Books
cart_002823,user_07991,prod_0021,2,46.05,2023-12-11T00:00:00Z,Fashion
cart_002823,user_07991,prod_0079,2,167.19,2023-12-16T00:00:00Z,Beauty
cart_002823,user_07991,prod_0016,1,84.36,2023-12-05T00:00:00Z,Fashion
cart_002824,user_07996,prod_0018,2,14.44,2023-12-13T00:00:00Z,Fashion
cart_002824,user_07996,prod_0055,1,259.21,2023-12-18T00:00:00Z,Books
cart_002824,user_07996,prod_0082,2,17.3,2023-12-19T00:00:00Z,Toys & Games
cart_002824,user_07996,prod_0002,1,46.02,2023-12-22T00:00:00Z,Electronics
cart_002824,user_07996,prod_0047,3,33.5,2023-12-24T00:00:00Z,Books
cart_002824,user_07996,prod_0056,3,294.68,2023-12-13T00:00:00Z,Books
cart_002825,user_08001,prod_0038,2,160.14,2023-12-09T00:00:00Z,Home & Kitchen
cart_002825,user_08001,prod_0060,1,176.75,2023-12-28T00:00:00Z,Books
cart_002826,user_08002,prod_0076,3,78.83,2023-12-21T00:00:00Z,Beauty
cart_002827,user_08003,prod_0064,1,128.25,2023-12-06T00:00:00Z,Sports & Fitness
cart_002827,user_08003,prod_0053,3,163.93,2023-12-14T00:00:00Z,Books
cart_002827,user_08003,prod_0056,3,294.68,2023-12-23T00:00:00Z,Books
cart_002827,user_08003,prod_0058,3,148.08,2023-12-09T00:00:00Z,Books
cart_002827,user_08003,prod_0038,3,160.14,2023-12-13T00:00:00Z,Home & Kitchen
cart_002827,user_08003,prod_0013,2,138.3,2023-12-06T00:00:00Z,Electronics
cart_002828,user_08006,prod_0032,2,229.18,2023-12-14T00:00:00Z,Home & Kitchen
cart_002828,user_08006,prod_0080,1,282.84,2023-12-19T00:00:00Z,Beauty
cart_002828,user_08006,prod_0079,1,167.19,2023-12-22T00:00:00Z,Beauty
cart_002828,user_08006,prod_0024,3,18.85,2023-12-05T00:00:00Z,Fashion
cart_002828,user_08006,prod_0046,2,76.44,2023-12-14T00:00:00Z,Books
cart_002828,user_08006,prod_0017,1,100.34,2023-12-12T00:00:00Z,Fashion
cart_002829,user_08016,prod_0081,1,250.37,2023-12-28T00:00:00Z,Toys & Games
cart_002829,user_08016,prod_0059,1,175.28,2023-12-04T00:00:00Z,Books
cart_002829,user_08016,prod_0053,3,163.93,2023-12-21T00:00:00Z,Books
cart_002829,user_08016,prod_0062,3,24.98,2023-12-22T00:00:00Z,Sports & Fitness
cart_002829,user_08016,prod_0038,3,160.14,2023-12-17T00:00:00Z,Home & Kitchen
cart_002829,user_08016,prod_0025,3,129.12,2023-12-08T00:00:00Z,Fashion
cart_002830,user_08017,prod_0067,3,278.13,2023-12-02T00:00:00Z,Sports & Fitness
cart_002830,user_08017,prod_0039,3,227.05,2023-12-22T00:00:00Z,Home & Kitchen
cart_002830,user_08017,prod_0021,3,46.05,2023-12-11T00:00:00Z,Fashion
cart_002830,user_08017,prod_0071,2,164.71,2023-12-03T00:00:00Z,Beauty
cart_002830,user_08017,prod_0017,2,100.34,2023-12-26T00:00:00Z,Fashion
cart_002830,user_08017,prod_0024,3,18.85,2023-12-22T00:00:00Z,Fashion
cart_002831,user_08021,prod_0090,3,246.24,2023-12-29T00:00:00Z,Toys & Games
cart_002832,user_08023,prod_0013,1,138.3,2023-12-06T00:00:00Z,Electronics
cart_002832,user_08023,prod_0025,3,129.12,2023-12-08T00:00:00Z,Fashion
cart_002833,user_08024,prod_0047,3,33.5,2023-12-19T00:00:00Z,Books
cart_002833,user_08024,prod_0013,3,138.3,2023-12-25T00:00:00Z,Electronics
cart_002833,user_08024,prod_0009,3,219.54,2023-12-24T00:00:00Z,Electronics
cart_002833,user_08024,prod_0084,1,169.61,2023-12-30T00:00:00Z,Toys & Games
cart_002833,user_08024,prod_0017,2,100.34,2023-12-23T00:00:00Z,Fashion
cart_002834,user_08027,prod_0048,1,258.97,2023-12-26T00:00:00Z,Books
cart_002835,user_08028,prod_0072,3,245.23,2023-12-30T00:00:00Z,Beauty
cart_002835,user_08028,prod_0005,1,137.07,2023-12-12T00:00:00Z,Electronics
cart_002835,user_08028,prod_0082,2,17.3,2023-12-19T00:00:00Z,Toys & Games
cart_002835,user_08028,prod_0067,1,278.13,2023-12-31T00:00:00Z,Sports & Fitness
cart_002836,user_08031,prod_0100,1,200.04,2023-12-11T00:00:00Z,Automotive
cart_002836,user_08031,prod_0065,2,81.67,2023-12-30T00:00:00Z,Sports & Fitness
cart_002836,user_08031,prod_0095,3,180.39,2023-12-22T00:00:00Z,Automotive
cart_002836,user_08031,prod_0094,1,290.3,2023-12-23T00:00:00Z,Automotive
cart_002836,user_08031,prod_0029,3,138.39,2023-12-30T00:00:00Z,Fashion
cart_002836,user_08031,prod_0061,1,287.47,2024-01-01T00:00:00Z,Sports & Fitness
cart_002837,user_08033,prod_0060,2,176.75,2023-12-20T00:00:00Z,Books
cart_002837,user_08033,prod_0048,2,258.97,2023-12-05T00:00:00Z,Books
cart_002838,user_08035,prod_0070,2,263.51,2023-12-19T00:00:00Z,Sports & Fitness
cart_002838,user_08035,prod_0059,3,175.28,2023-12-21T00:00:00Z,Books
cart_002838,user_08035,prod_0041,2,77.88,2023-12-10T00:00:00Z,Home & Kitchen
cart_002839,user_08040,prod_0029,2,138.39,2023-12-10T00:00:00Z,Fashion
cart_002839,user_08040,prod_0004,2,181.99,2023-12-06T00:00:00Z,Electronics
cart_002840,user_08041,prod_0086,1,12.29,2023-12-24T00:00:00Z,Toys & Games
cart_002840,user_08041,prod_0073,2,44.48,2023-12-30T00:00:00Z,Beauty
cart_002840,user_08041,prod_0076,3,78.83,2023-12-25T00:00:00Z,Beauty
cart_002840,user_08041,prod_0007,2,286.42,2023-12-21T00:00:00Z,Electronics
cart_002840,user_08041,prod_0085,1,74.6,2023-12-16T00:00:00Z,Toys & Games
cart_002840,user_08041,prod_0084,1,169.61,2023-12-15T00:00:00Z,Toys & Games
cart_002841,user_08042,prod_0035,1,75.82,2023-12-15T00:00:00Z,Home & Kitchen
cart_002842,user_08045,prod_0094,3,290.3,2023-12-07T00:00:00Z,Automotive
cart_002842,user_08045,prod_0092,2,87.06,2023-12-18T00:00:00Z,Automotive
cart_002842,user_08045,prod_0007,1,286.42,2023-12-31T00:00:00Z,Electronics
cart_002843,user_08046,prod_0024,2,18.85,2023-12-04T00:00:00Z,Fashion
cart_002844,user_08051,prod_0039,2,227.05,2023-12-24T00:00:00Z,Home & Kitchen
cart_002844,user_08051,prod_0094,1,290.3,2023-12-10T00:00:00Z,Automotive
cart_002844,user_08051,prod_0064,1,128.25,2023-12-23T00:00:00Z,Sports & Fitness
cart_002845,user_08052,prod_0100,3,200.04,2023-12-23T00:00:00Z,Automotive
cart_002845,user_08052,prod_0001,2,192.99,2023-12-25T00:00:00Z,Electronics
cart_002846,user_08058,prod_0045,1,43.9,2023-12-25T00:00:00Z,Home & Kitchen
cart_002846,user_08058,prod_0006,3,51.94,2023-12-13T00:00:00Z,Electronics
cart_002846,user_08058,prod_0083,2,66.76,2023-12-07T00:00:00Z,Toys & Games
cart_002847,user_08059,prod_0088,2,236.49,2023-12-14T00:00:00Z,Toys & Games
cart_002847,user_08059,prod_0027,3,8.38,2023-12-22T00:00:00Z,Fashion
cart_002847,user_08059,prod_0072,1,245.23,2023-12-15T00:00:00Z,Beauty
cart_002847,user_08059,prod_0032,2,229.18,2023-12-31T00:00:00Z,Home & Kitchen
cart_002847,user_08059,prod_0061,1,287.47,2023-12-16T00:00:00Z,Sports & Fitness
cart_002848,user_08062,prod_0047,2,33.5,2023-12-30T00:00:00Z,Books
cart_002848,user_08062,prod_0032,1,229.18,2023-12-31T00:00:00Z,Home & Kitchen
cart_002848,user_08062,prod_0031,1,92.74,2023-12-27T00:00:00Z,Home & Kitchen
cart_002848,user_08062,prod_0078,2,43.46,2023-12-20T00:00:00Z,Beauty
cart_002849,user_08067,prod_0074,2,50.7,2023-12-20T00:00:00Z,Beauty
cart_002850,user_08068,prod_0034,3,263.34,2023-12-04T00:00:00Z,Home & Kitchen
cart_002850,user_08068,prod_0032,1,229.18,2023-12-30T00:00:00Z,Home & Kitchen
cart_002850,user_08068,prod_0087,3,126.04,2023-12-25T00:00:00Z,Toys & Games
cart_002850,user_08068,prod_0081,1,250.37,2023-12-15T00:00:00Z,Toys & Games
cart_002851,user_08069,prod_0020,3,151.77,2023-12-24T00:00:00Z,Fashion
cart_002851,user_08069,prod_0048,1,258.97,2023-12-17T00:00:00Z,Books
cart_002851,user_08069,prod_0076,1,78.83,2023-12-29T00:00:00Z,Beauty
cart_002852,user_08071,prod_0007,2,286.42,2023-12-13T00:00:00Z,Electronics
cart_002852,user_08071,prod_0051,3,141.01,2023-12-15T00:00:00Z,Books
cart_002853,user_08073,prod_0069,1,153.73,2023-12-18T00:00:00Z,Sports & Fitness
cart_002853,user_08073,prod_0058,3,148.08,2023-12-30T00:00:00Z,Books
cart_002853,user_08073,prod_0046,1,76.44,2023-12-27T00:00:00Z,Books
cart_002854,user_08079,prod_0095,3,180.39,2024-01-01T00:00:00Z,Automotive
cart_002854,user_08079,prod_0079,3,167.19,2023-12-10T00:00:00Z,Beauty
cart_002854,user_08079,prod_0078,1,43.46,2023-12-10T00:00:00Z,Beauty
cart_002854,user_08079,prod_0069,1,153.73,2023-12-22T00:00:00Z,Sports & Fitness
cart_002854,user_08079,prod_0065,1,81.67,2023-12-17T00:00:00Z,Sports & Fitness
cart_002855,user_08080,prod_0037,1,42.75,2023-12-09T00:00:00Z,Home & Kitchen
cart_002855,user_08080,prod_0034,1,263.34,2023-12-24T00:00:00Z,Home & Kitchen
cart_002856,user_08082,prod_0063,1,266.74,2023-12-12T00:00:00Z,Sports & Fitness
cart_002856,user_08082,prod_0017,2,100.34,2023-12-24T00:00:00Z,Fashion
cart_002856,user_08082,prod_0005,2,137.07,2023-12-28T00:00:00Z,Electronics
cart_002856,user_08082,prod_0068,2,298.55,2024-01-01T00:00:00Z,Sports & Fitness
cart_002857,user_08083,prod_0002,3,46.02,2023-12-29T00:00:00Z,Electronics
cart_002857,user_08083,prod_0058,2,148.08,2023-12-14T00:00:00Z,Books
cart_002857,user_08083,prod_0019,2,273.46,2023-12-04T00:00:00Z,Fashion
cart_002858,user_08084,prod_0067,3,278.13,2023-12-17T00:00:00Z,Sports & Fitness
cart_002858,user_08084,prod_0010,2,91.19,2023-12-17T00:00:00Z,Electronics
cart_002858,user_08084,prod_0026,1,142.61,2023-12-14T00:00:00Z,Fashion
cart_002858,user_08084,prod_0029,3,138.39,2023-12-11T00:00:00Z,Fashion
cart_002858,user_08084,prod_0033,1,181.09,2023-12-25T00:00:00Z,Home & Kitchen
cart_002859,user_08086,prod_0008,3,110.54,2023-12-27T00:00:00Z,Electronics
cart_002859,user_08086,prod_0073,3,44.48,2023-12-29T00:00:00Z,Beauty
cart_002859,user_08086,prod_0098,2,163.3,2023-12-03T00:00:00Z,Automotive
cart_002859,user_08086,prod_0006,1,51.94,2023-12-18T00:00:00Z,Electronics
cart_002860,user_08090,prod_0090,2,246.24,2023-12-27T00:00:00Z,Toys & Games
cart_002861,user_08091,prod_0001,3,192.99,2023-12-14T00:00:00Z,Electronics
cart_002861,user_08091,prod_0090,1,246.24,2023-12-09T00:00:00Z,Toys & Games
cart_002861,user_08091,prod_0052,3,258.24,2024-01-01T00:00:00Z,Books
cart_002861,user_08091,prod_0028,1,230.97,2023-12-09T00:00:00Z,Fashion
cart_002862,user_08092,prod_0087,1,126.04,2023-12-04T00:00:00Z,Toys & Games
cart_002862,user_08092,prod_0004,1,181.99,2023-12-03T00:00:00Z,Electronics
cart_002862,user_08092,prod_0041,1,77.88,2023-12-19T00:00:00Z,Home & Kitchen
cart_002862,user_08092,prod_0055,2,259.21,2023-12-31T00:00:00Z,Books
cart_002862,user_08092,prod_0042,2,72.65,2023-12-26T00:00:00Z,Home & Kitchen
cart_002863,user_08094,prod_0087,2,126.04,2023-12-04T00:00:00Z,Toys & Games
cart_002863,user_08094,prod_0016,1,84.36,2023-12-30T00:00:00Z,Fashion
cart_002864,user_08095,prod_0012,2,294.66,2023-12-21T00:00:00Z,Electronics
cart_002864,user_08095,prod_0008,1,110.54,2023-12-26T00:00:00Z,Electronics
cart_002865,user_08099,prod_0086,1,12.29,2023-12-28T00:00:00Z,Toys & Games
cart_002865,user_08099,prod_0036,3,147.88,2023-12-15T00:00:00Z,Home & Kitchen
cart_002865,user_08099,prod_0090,1,246.24,2023-12-29T00:00:00Z,Toys & Games
cart_002865,user_08099,prod_0082,1,17.3,2023-12-27T00:00:00Z,Toys & Games
cart_002865,user_08099,prod_0046,2,76.44,2023-12-16T00:00:00Z,Books
cart_002865,user_08099,prod_0001,1,192.99,2023-12-25T00:00:00Z,Electronics
cart_002866,user_08101,prod_0064,3,128.25,2023-12-23T00:00:00Z,Sports & Fitness
cart_002866,user_08101,prod_0045,1,43.9,2023-12-31T00:00:00Z,Home & Kitchen
cart_002866,user_08101,prod_0072,2,245.23,2023-12-26T00:00:00Z,Beauty
cart_002866,user_08101,prod_0008,1,110.54,2023-12-11T00:00:00Z,Electronics
cart_002866,user_08101,prod_0039,3,227.05,2023-12-14T00:00:00Z,Home & Kitchen
cart_002866,user_08101,prod_0066,2,121.36,2023-12-07T00:00:00Z,Sports & Fitness
cart_002867,user_08107,prod_0051,3,141.01,2023-12-05T00:00:00Z,Books
cart_002867,user_08107,prod_0017,2,100.34,2023-12-10T00:00:00Z,Fashion
cart_002867,user_08107,prod_0041,1,77.88,2023-12-28T00:00:00Z,Home & Kitchen
cart_002868,user_08110,prod_0083,1,66.76,2023-12-03T00:00:00Z,Toys & Games
cart_002868,user_08110,prod_0038,3,160.14,2023-12-16T00:00:00Z,Home & Kitchen
cart_002868,user_08110,prod_0033,3,181.09,2023-12-09T00:00:00Z,Home & Kitchen
cart_002868,user_08110,prod_0046,2,76.44,2023-12-04T00:00:00Z,Books
cart_002868,user_08110,prod_0032,3,229.18,2023-12-26T00:00:00Z,Home & Kitchen
cart_002869,user_08112,prod_0063,1,266.74,2023-12-09T00:00:00Z,Sports & Fitness
cart_002869,user_08112,prod_0027,3,8.38,2023-12-23T00:00:00Z,Fashion
cart_002869,user_08112,prod_0010,3,91.19,2023-12-04T00:00:00Z,Electronics
cart_002869,user_08112,prod_0078,2,43.46,2023-12-05T00:00:00Z,Beauty
cart_002869,user_08112,prod_0061,2,287.47,2023-12-06T00:00:00Z,Sports & Fitness
cart_002869,user_08112,prod_0074,2,50.7,2023-12-09T00:00:00Z,Beauty
cart_002870,user_08113,prod_0075,2,64.86,2023-12-13T00:00:00Z,Beauty
cart_002870,user_08113,prod_0050,3,60.92,2023-12-24T00:00:00Z,Books
cart_002870,user_08113,prod_0058,2,148.08,2024-01-01T00:00:00Z,Books
cart_002870,user_08113,prod_0046,3,76.44,2023-12-19T00:00:00Z,Books
cart_002871,user_08118,prod_0012,1,294.66,2023-12-20T00:00:00Z,Electronics
cart_002872,user_08122,prod_0077,3,129.53,2023-12-21T00:00:00Z,Beauty
cart_002872,user_08122,prod_0009,2,219.54,2023-12-21T00:00:00Z,Electronics
cart_002872,user_08122,prod_0050,3,60.92,2023-12-26T00:00:00Z,Books
cart_002873,user_08125,prod_0065,3,81.67,2023-12-04T00:00:00Z,Sports & Fitness
cart_002873,user_08125,prod_0064,2,128.25,2023-12-03T00:00:00Z,Sports & Fitness
cart_002873,user_08125,prod_0084,1,169.61,2023-12-23T00:00:00Z,Toys & Games
cart_002873,user_08125,prod_0063,3,266.74,2023-12-05T00:00:00Z,Sports & Fitness
cart_002874,user_08127,prod_0065,3,81.67,2023-12-02T00:00:00Z,Sports & Fitness
cart_002875,user_08135,prod_0079,1,167.19,2023-12-16T00:00:00Z,Beauty
cart_002875,user_08135,prod_0051,2,141.01,2023-12-29T00:00:00Z,Books
cart_002875,user_08135,prod_0083,3,66.76,2023-12-14T00:00:00Z,Toys & Games
cart_002875,user_08135,prod_0076,2,78.83,2023-12-18T00:00:00Z,Beauty
cart_002875,user_08135,prod_0015,3,55.31,2023-12-24T00:00:00Z,Electronics
cart_002875,user_08135,prod_0062,1,24.98,2023-12-30T00:00:00Z,Sports & Fitness
cart_002876,user_08141,prod_0079,2,167.19,2023-12-18T00:00:00Z,Beauty
cart_002877,user_08147,prod_0053,3,163.93,2023-12-27T00:00:00Z,Books
cart_002877,user_08147,prod_0054,1,254.52,2023-12-30T00:00:00Z,Books
cart_002877,user_08147,prod_0087,3,126.04,2023-12-04T00:00:00Z,Toys & Games
cart_002877,user_08147,prod_0003,3,129.05,2023-12-18T00:00:00Z,Electronics
cart_002877,user_08147,prod_0090,1,246.24,2023-12-25T00:00:00Z,Toys & Games
cart_002877,user_08147,prod_0010,2,91.19,2023-12-23T00:00:00Z,Electronics
cart_002878,user_08151,prod_0067,3,278.13,2023-12-30T00:00:00Z,Sports & Fitness
cart_002879,user_08152,prod_0046,3,76.44,2023-12-13T00:00:00Z,Books
cart_002879,user_08152,prod_0037,1,42.75,2023-12-18T00:00:00Z,Home & Kitchen
cart_002879,user_08152,prod_0031,1,92.74,2023-12-04T00:00:00Z,Home & Kitchen
cart_002879,user_08152,prod_0044,2,25.83,2023-12-12T00:00:00Z,Home & Kitchen
cart_002880,user_08153,prod_0005,2,137.07,2023-12-20T00:00:00Z,Electronics
cart_002880,user_08153,prod_0008,1,110.54,2023-12-19T00:00:00Z,Electronics
cart_002880,user_08153,prod_0048,1,258.97,2023-12-14T00:00:00Z,Books
cart_002880,user_08153,prod_0093,3,253.04,2023-12-30T00:00:00Z,Automotive
cart_002881,user_08155,prod_0048,1,258.97,2023-12-26T00:00:00Z,Books
cart_002881,user_08155,prod_0057,1,209.8,2023-12-20T00:00:00Z,Books
cart_002882,user_08157,prod_0072,1,245.23,2023-12-28T00:00:00Z,Beauty
cart_002882,user_08157,prod_0044,3,25.83,2023-12-09T00:00:00Z,Home & Kitchen
cart_002882,user_08157,prod_0054,2,254.52,2023-12-20T00:00:00Z,Books
cart_002882,user_08157,prod_0036,1,147.88,2023-12-07T00:00:00Z,Home & Kitchen
cart_002883,user_08158,prod_0054,3,254.52,2023-12-20T00:00:00Z,Books
cart_002883,user_08158,prod_0072,2,245.23,2023-12-20T00:00:00Z,Beauty
cart_002883,user_08158,prod_0063,1,266.74,2023-12-16T00:00:00Z,Sports & Fitness
cart_002884,user_08160,prod_0024,2,18.85,2023-12-30T00:00:00Z,Fashion
cart_002884,user_08160,prod_0079,3,167.19,2023-12-21T00:00:00Z,Beauty
cart_002884,user_08160,prod_0046,3,76.44,2024-01-01T00:00:00Z,Books
cart_002884,user_08160,prod_0005,3,137.07,2023-12-08T00:00:00Z,Electronics
cart_002884,user_08160,prod_0021,2,46.05,2023-12-14T00:00:00Z,Fashion
cart_002885,user_08161,prod_0020,1,151.77,2023-12-02T00:00:00Z,Fashion
cart_002885,user_08161,prod_0079,1,167.19,2023-12-02T00:00:00Z,Beauty
cart_002885,user_08161,prod_0026,1,142.61,2023-12-22T00:00:00Z,Fashion
cart_002885,user_08161,prod_0001,3,192.99,2023-12-26T00:00:00Z,Electronics
cart_002885,user_08161,prod_0011,1,212.14,2023-12-20T00:00:00Z,Electronics
cart_002886,user_08162,prod_0065,2,81.67,2023-12-04T00:00:00Z,Sports & Fitness
cart_002886,user_08162,prod_0045,2,43.9,2023-12-04T00:00:00Z,Home & Kitchen
cart_002886,user_08162,prod_0076,1,78.83,2023-12-02T00:00:00Z,Beauty
cart_002886,user_08162,prod_0058,1,148.08,2023-12-24T00:00:00Z,Books
cart_002886,user_08162,prod_0017,3,100.34,2023-12-13T00:00:00Z,Fashion
cart_002886,user_08162,prod_0003,3,129.05,2023-12-05T00:00:00Z,Electronics
cart_002887,user_08164,prod_0013,1,138.3,2023-12-27T00:00:00Z,Electronics
cart_002887,user_08164,prod_0094,2,290.3,2024-01-01T00:00:00Z,Automotive
cart_002887,user_08164,prod_0011,2,212.14,2023-12-13T00:00:00Z,Electronics
cart_002887,user_08164,prod_0006,2,51.94,2023-12-11T00:00:00Z,Electronics
cart_002887,user_08164,prod_0015,1,55.31,2023-12-09T00:00:00Z,Electronics
cart_002887,user_08164,prod_0005,1,137.07,2023-12-09T00:00:00Z,Electronics
cart_002888,user_08165,prod_0034,2,263.34,2023-12-05T00:00:00Z,Home & Kitchen
cart_002888,user_08165,prod_0055,3,259.21,2024-01-01T00:00:00Z,Books
cart_002888,user_08165,prod_0098,3,163.3,2023-12-20T00:00:00Z,Automotive
cart_002888,user_08165,prod_0053,2,163.93,2023-12-22T00:00:00Z,Books
cart_002888,user_08165,prod_0011,2,212.14,2023-12-25T00:00:00Z,Electronics
cart_002889,user_08169,prod_0003,3,129.05,2023-12-05T00:00:00Z,Electronics
cart_002890,user_08170,prod_0006,1,51.94,2023-12-02T00:00:00Z,Electronics
cart_002891,user_08176,prod_0073,3,44.48,2023-12-28T00:00:00Z,Beauty
cart_002891,user_08176,prod_0070,1,263.51,2023-12-20T00:00:00Z,Sports & Fitness
cart_002891,user_08176,prod_0022,2,176.87,2023-12-05T00:00:00Z,Fashion
cart_002892,user_08179,prod_0096,1,294.37,2023-12-30T00:00:00Z,Automotive
cart_002892,user_08179,prod_0041,2,77.88,2023-12-16T00:00:00Z,Home & Kitchen
cart_002892,user_08179,prod_0075,3,64.86,2023-12-16T00:00:00Z,Beauty
cart_002892,user_08179,prod_0020,1,151.77,2023-12-16T00:00:00Z,Fashion
cart_002893,user_08180,prod_0060,1,176.75,2023-12-30T00:00:00Z,Books
cart_002893,user_08180,prod_0092,3,87.06,2023-12-14T00:00:00Z,Automotive
cart_002893,user_08180,prod_0046,2,76.44,2023-12-11T00:00:00Z,Books
cart_002893,user_08180,prod_0057,3,209.8,2023-12-23T00:00:00Z,Books
cart_002893,user_08180,prod_0084,2,169.61,2023-12-20T00:00:00Z,Toys & Games
cart_002894,user_08188,prod_0098,2,163.3,2023-12-30T00:00:00Z,Automotive
cart_002894,user_08188,prod_0042,3,72.65,2024-01-01T00:00:00Z,Home & Kitchen
cart_002894,user_08188,prod_0037,1,42.75,2023-12-13T00:00:00Z,Home & Kitchen
cart_002894,user_08188,prod_0005,3,137.07,2023-12-06T00:00:00Z,Electronics
cart_002895,user_08196,prod_0067,1,278.13,2023-12-23T00:00:00Z,Sports & Fitness
cart_002895,user_08196,prod_0092,3,87.06,2023-12-02T00:00:00Z,Automotive
cart_002895,user_08196,prod_0070,3,263.51,2023-12-17T00:00:00Z,Sports & Fitness
cart_002896,user_08197,prod_0046,2,76.44,2023-12-20T00:00:00Z,Books
cart_002896,user_08197,prod_0031,3,92.74,2023-12-23T00:00:00Z,Home & Kitchen
cart_002896,user_08197,prod_0051,3,141.01,2023-12-16T00:00:00Z,Books
cart_002896,user_08197,prod_0035,1,75.82,2023-12-03T00:00:00Z,Home & Kitchen
cart_002896,user_08197,prod_0043,1,22.31,2023-12-31T00:00:00Z,Home & Kitchen
cart_002897,user_08198,prod_0059,3,175.28,2023-12-27T00:00:00Z,Books
cart_002897,user_08198,prod_0050,3,60.92,2023-12-04T00:00:00Z,Books
cart_002897,user_08198,prod_0095,1,180.39,2023-12-23T00:00:00Z,Automotive
cart_002898,user_08199,prod_0006,1,51.94,2023-12-11T00:00:00Z,Electronics
cart_002898,user_08199,prod_0043,1,22.31,2023-12-13T00:00:00Z,Home & Kitchen
cart_002898,user_08199,prod_0004,2,181.99,2023-12-30T00:00:00Z,Electronics
cart_002899,user_08200,prod_0088,1,236.49,2023-12-22T00:00:00Z,Toys & Games
cart_002899,user_08200,prod_0031,2,92.74,2023-12-05T00:00:00Z,Home & Kitchen
cart_002899,user_08200,prod_0076,1,78.83,2023-12-11T00:00:00Z,Beauty
cart_002899,user_08200,prod_0040,1,202.48,2023-12-24T00:00:00Z,Home & Kitchen
cart_002899,user_08200,prod_0036,2,147.88,2023-12-24T00:00:00Z,Home & Kitchen
cart_002900,user_08201,prod_0100,3,200.04,2023-12-19T00:00:00Z,Automotive
cart_002901,user_08202,prod_0048,2,258.97,2023-12-12T00:00:00Z,Books
cart_002902,user_08214,prod_0009,3,219.54,2023-12-26T00:00:00Z,Electronics
cart_002902,user_08214,prod_0056,1,294.68,2023-12-26T00:00:00Z,Books
cart_002903,user_08215,prod_0073,2,44.48,2023-12-18T00:00:00Z,Beauty
cart_002903,user_08215,prod_0008,1,110.54,2023-12-29T00:00:00Z,Electronics
cart_002903,user_08215,prod_0032,1,229.18,2023-12-22T00:00:00Z,Home & Kitchen
cart_002904,user_08217,prod_0030,3,229.02,2023-12-30T00:00:00Z,Fashion
cart_002905,user_08220,prod_0036,3,147.88,2023-12-05T00:00:00Z,Home & Kitchen
cart_002905,user_08220,prod_0074,3,50.7,2023-12-25T00:00:00Z,Beauty
cart_002905,user_08220,prod_0096,2,294.37,2023-12-16T00:00:00Z,Automotive
cart_002905,user_08220,prod_0001,1,192.99,2024-01-01T00:00:00Z,Electronics
cart_002906,user_08221,prod_0051,3,141.01,2023-12-30T00:00:00Z,Books
cart_002906,user_08221,prod_0008,3,110.54,2023-12-28T00:00:00Z,Electronics
cart_002906,user_08221,prod_0060,1,176.75,2023-12-30T00:00:00Z,Books
cart_002906,user_08221,prod_0059,3,175.28,2023-12-16T00:00:00Z,Books
cart_002907,user_08224,prod_0072,3,245.23,2023-12-19T00:00:00Z,Beauty
cart_002907,user_08224,prod_0073,2,44.48,2024-01-01T00:00:00Z,Beauty
cart_002907,user_08224,prod_0061,1,287.47,2023-12-20T00:00:00Z,Sports & Fitness
cart_002907,user_08224,prod_0064,2,128.25,2023-12-18T00:00:00Z,Sports & Fitness
cart_002908,user_08229,prod_0052,3,258.24,2023-12-28T00:00:00Z,Books
cart_002908,user_08229,prod_0047,3,33.5,2023-12-12T00:00:00Z,Books
cart_002908,user_08229,prod_0002,1,46.02,2023-12-22T00:00:00Z,Electronics
cart_002908,user_08229,prod_0009,3,219.54,2023-12-19T00:00:00Z,Electronics
cart_002908,user_08229,prod_0058,2,148.08,2023-12-25T00:00:00Z,Books
cart_002909,user_08235,prod_0053,1,163.93,2023-12-13T00:00:00Z,Books
cart_002909,user_08235,prod_0063,1,266.74,2023-12-16T00:00:00Z,Sports & Fitness
cart_002909,user_08235,prod_0076,3,78.83,2023-12-28T00:00:00Z,Beauty
cart_002909,user_08235,prod_0010,1,91.19,2023-12-14T00:00:00Z,Electronics
cart_002909,user_08235,prod_0090,2,246.24,2023-12-21T00:00:00Z,Toys & Games
cart_002909,user_08235,prod_0081,2,250.37,2023-12-31T00:00:00Z,Toys & Games
cart_002910,user_08236,prod_0092,2,87.06,2023-12-03T00:00:00Z,Automotive
cart_002910,user_08236,prod_0024,2,18.85,2023-12-11T00:00:00Z,Fashion
cart_002910,user_08236,prod_0006,1,51.94,2023-12-02T00:00:00Z,Electronics
cart_002910,user_08236,prod_0047,3,33.5,2023-12-31T00:00:00Z,Books
cart_002911,user_08239,prod_0049,3,219.09,2023-12-24T00:00:00Z,Books
cart_002911,user_08239,prod_0008,1,110.54,2023-12-29T00:00:00Z,Electronics
cart_002911,user_08239,prod_0015,1,55.31,2023-12-13T00:00:00Z,Electronics
cart_002911,user_08239,prod_0011,3,212.14,2023-12-17T00:00:00Z,Electronics
cart_002911,user_08239,prod_0071,2,164.71,2023-12-04T00:00:00Z,Beauty
cart_002911,user_08239,prod_0091,3,61.78,2023-12-23T00:00:00Z,Automotive
cart_002912,user_08244,prod_0085,2,74.6,2023-12-17T00:00:00Z,Toys & Games
cart_002912,user_08244,prod_0024,2,18.85,2023-12-10T00:00:00Z,Fashion
cart_002912,user_08244,prod_0050,1,60.92,2023-12-23T00:00:00Z,Books
cart_002912,user_08244,prod_0059,3,175.28,2023-12-09T00:00:00Z,Books
cart_002912,user_08244,prod_0023,1,298.21,2023-12-31T00:00:00Z,Fashion
cart_002912,user_08244,prod_0074,2,50.7,2023-12-21T00:00:00Z,Beauty
cart_002913,user_08246,prod_0057,3,209.8,2023-12-27T00:00:00Z,Books
cart_002913,user_08246,prod_0094,2,290.3,2023-12-28T00:00:00Z,Automotive
cart_002914,user_08249,prod_0075,2,64.86,2023-12-15T00:00:00Z,Beauty
cart_002914,user_08249,prod_0068,2,298.55,2023-12-15T00:00:00Z,Sports & Fitness
cart_002915,user_08254,prod_0065,3,81.67,2023-12-21T00:00:00Z,Sports & Fitness
cart_002916,user_08256,prod_0047,2,33.5,2023-12-09T00:00:00Z,Books
cart_002916,user_08256,prod_0084,1,169.61,2023-12-20T00:00:00Z,Toys & Games
cart_002916,user_08256,prod_0020,3,151.77,2023-12-10T00:00:00Z,Fashion
cart_002916,user_08256,prod_0064,1,128.25,2024-01-01T00:00:00Z,Sports & Fitness
cart_002916,user_08256,prod_0088,1,236.49,2023-12-25T00:00:00Z,Toys & Games
cart_002916,user_08256,prod_0046,2,76.44,2023-12-17T00:00:00Z,Books
cart_002917,user_08258,prod_0098,2,163.3,2023-12-02T00:00:00Z,Automotive
cart_002917,user_08258,prod_0054,2,254.52,2023-12-07T00:00:00Z,Books
cart_002917,user_08258,prod_0052,1,258.24,2023-12-28T00:00:00Z,Books
cart_002917,user_08258,prod_0074,1,50.7,2023-12-08T00:00:00Z,Beauty
cart_002917,user_08258,prod_0062,3,24.98,2023-12-11T00:00:00Z,Sports & Fitness
cart_002917,user_08258,prod_0056,3,294.68,2023-12-18T00:00:00Z,Books
cart_002918,user_08260,prod_0088,1,236.49,2023-12-16T00:00:00Z,Toys & Games
cart_002918,user_08260,prod_0083,3,66.76,2023-12-17T00:00:00Z,Toys & Games
cart_002918,user_08260,prod_0062,1,24.98,2023-12-14T00:00:00Z,Sports & Fitness
cart_002918,user_08260,prod_0072,2,245.23,2023-12-12T00:00:00Z,Beauty
cart_002918,user_08260,prod_0069,1,153.73,2024-01-01T00:00:00Z,Sports & Fitness
cart_002919,user_08267,prod_0049,3,219.09,2023-12-03T00:00:00Z,Books
cart_002919,user_08267,prod_0016,2,84.36,2023-12-07T00:00:00Z,Fashion
cart_002919,user_08267,prod_0075,2,64.86,2023-12-24T00:00:00Z,Beauty
cart_002919,user_08267,prod_0038,1,160.14,2023-12-07T00:00:00Z,Home & Kitchen
cart_002919,user_08267,prod_0036,2,147.88,2023-12-29T00:00:00Z,Home & Kitchen
cart_002920,user_08268,prod_0086,2,12.29,2023-12-31T00:00:00Z,Toys & Games
cart_002921,user_08272,prod_0023,3,298.21,2023-12-29T00:00:00Z,Fashion
cart_002921,user_08272,prod_0028,3,230.97,2024-01-01T00:00:00Z,Fashion
cart_002921,user_08272,prod_0075,3,64.86,2023-12-14T00:00:00Z,Beauty
cart_002921,user_08272,prod_0070,1,263.51,2023-12-16T00:00:00Z,Sports & Fitness
cart_002922,user_08273,prod_0048,1,258.97,2023-12-10T00:00:00Z,Books
cart_002923,user_08274,prod_0024,1,18.85,2023-12-31T00:00:00Z,Fashion
cart_002924,user_08275,prod_0091,1,61.78,2023-12-02T00:00:00Z,Automotive
cart_002924,user_08275,prod_0085,3,74.6,2023-12-13T00:00:00Z,Toys & Games
cart_002925,user_08276,prod_0048,2,258.97,2023-12-10T00:00:00Z,Books
cart_002925,user_08276,prod_0045,1,43.9,2023-12-14T00:00:00Z,Home & Kitchen
cart_002925,user_08276,prod_0025,3,129.12,2023-12-03T00:00:00Z,Fashion
cart_002925,user_08276,prod_0043,3,22.31,2024-01-01T00:00:00Z,Home & Kitchen
cart_002925,user_08276,prod_0075,2,64.86,2023-12-31T00:00:00Z,Beauty
cart_002925,user_08276,prod_0024,2,18.85,2023-12-18T00:00:00Z,Fashion
cart_002926,user_08277,prod_0003,2,129.05,2023-12-17T00:00:00Z,Electronics
cart_002926,user_08277,prod_0052,2,258.24,2023-12-19T00:00:00Z,Books
cart_002926,user_08277,prod_0012,3,294.66,2023-12-07T00:00:00Z,Electronics
cart_002926,user_08277,prod_0015,2,55.31,2023-12-28T00:00:00Z,Electronics
cart_002926,user_08277,prod_0048,2,258.97,2023-12-19T00:00:00Z,Books
cart_002926,user_08277,prod_0047,2,33.5,2023-12-14T00:00:00Z,Books
cart_002927,user_08278,prod_0058,1,148.08,2024-01-01T00:00:00Z,Books
cart_002927,user_08278,prod_0061,2,287.47,2023-12-09T00:00:00Z,Sports & Fitness
cart_002927,user_08278,prod_0089,2,70.4,2024-01-01T00:00:00Z,Toys & Games
cart_002927,user_08278,prod_0010,1,91.19,2023-12-17T00:00:00Z,Electronics
cart_002927,user_08278,prod_0007,2,286.42,2023-12-16T00:00:00Z,Electronics
cart_002927,user_08278,prod_0039,2,227.05,2023-12-24T00:00:00Z,Home & Kitchen
cart_002928,user_08280,prod_0073,1,44.48,2023-12-07T00:00:00Z,Beauty
cart_002928,user_08280,prod_0054,3,254.52,2023-12-05T00:00:00Z,Books
cart_002928,user_08280,prod_0042,1,72.65,2023-12-17T00:00:00Z,Home & Kitchen
cart_002928,user_08280,prod_0022,1,176.87,2024-01-01T00:00:00Z,Fashion
cart_002928,user_08280,prod_0050,1,60.92,2023-12-13T00:00:00Z,Books
cart_002929,user_08284,prod_0067,2,278.13,2023-12-27T00:00:00Z,Sports & Fitness
cart_002929,user_08284,prod_0034,2,263.34,2023-12-31T00:00:00Z,Home & Kitchen
cart_002929,user_08284,prod_0030,2,229.02,2023-12-08T00:00:00Z,Fashion
cart_002929,user_08284,prod_0069,3,153.73,2023-12-02T00:00:00Z,Sports & Fitness
cart_002929,user_08284,prod_0091,2,61.78,2024-01-01T00:00:00Z,Automotive
cart_002929,user_08284,prod_0009,1,219.54,2023-12-21T00:00:00Z,Electronics
cart_002930,user_08294,prod_0018,1,14.44,2023-12-06T00:00:00Z,Fashion
cart_002930,user_08294,prod_0080,1,282.84,2023-12-26T00:00:00Z,Beauty
cart_002930,user_08294,prod_0023,3,298.21,2023-12-23T00:00:00Z,Fashion
cart_002930,user_08294,prod_0025,2,129.12,2023-12-29T00:00:00Z,Fashion
cart_002930,user_08294,prod_0021,2,46.05,2023-12-08T00:00:00Z,Fashion
cart_002930,user_08294,prod_0024,1,18.85,2023-12-16T00:00:00Z,Fashion
cart_002931,user_08300,prod_0046,3,76.44,2023-12-27T00:00:00Z,Books
cart_002932,user_08301,prod_0057,2,209.8,2023-12-22T00:00:00Z,Books
cart_002932,user_08301,prod_0084,3,169.61,2023-12-04T00:00:00Z,Toys & Games
cart_002932,user_08301,prod_0036,3,147.88,2023-12-06T00:00:00Z,Home & Kitchen
cart_002933,user_08304,prod_0076,2,78.83,2023-12-29T00:00:00Z,Beauty
cart_002933,user_08304,prod_0087,3,126.04,2023-12-20T00:00:00Z,Toys & Games
cart_002933,user_08304,prod_0069,2,153.73,2023-12-07T00:00:00Z,Sports & Fitness
cart_002934,user_08305,prod_0009,2,219.54,2024-01-01T00:00:00Z,Electronics
cart_002934,user_08305,prod_0021,1,46.05,2023-12-12T00:00:00Z,Fashion
cart_002934,user_08305,prod_0010,3,91.19,2023-12-19T00:00:00Z,Electronics
cart_002934,user_08305,prod_0093,2,253.04,2023-12-21T00:00:00Z,Automotive
cart_002935,user_08310,prod_0002,2,46.02,2023-12-28T00:00:00Z,Electronics
cart_002935,user_08310,prod_0092,1,87.06,2023-12-24T00:00:00Z,Automotive
cart_002935,user_08310,prod_0052,2,258.24,2023-12-25T00:00:00Z,Books
cart_002935,user_08310,prod_0024,2,18.85,2023-12-26T00:00:00Z,Fashion
cart_002936,user_08313,prod_0071,3,164.71,2023-12-10T00:00:00Z,Beauty
cart_002936,user_08313,prod_0007,2,286.42,2023-12-26T00:00:00Z,Electronics
cart_002936,user_08313,prod_0054,1,254.52,2023-12-29T00:00:00Z,Books
cart_002936,user_08313,prod_0011,2,212.14,2023-12-27T00:00:00Z,Electronics
cart_002936,user_08313,prod_0053,3,163.93,2023-12-16T00:00:00Z,Books
cart_002936,user_08313,prod_0055,1,259.21,2023-12-08T00:00:00Z,Books
cart_002937,user_08314,prod_0095,2,180.39,2023-12-17T00:00:00Z,Automotive
cart_002937,user_08314,prod_0033,1,181.09,2023-12-03T00:00:00Z,Home & Kitchen
cart_002938,user_08321,prod_0027,2,8.38,2023-12-21T00:00:00Z,Fashion
cart_002938,user_08321,prod_0069,2,153.73,2023-12-20T00:00:00Z,Sports & Fitness
cart_002938,user_08321,prod_0068,2,298.55,2023-12-19T00:00:00Z,Sports & Fitness
cart_002938,user_08321,prod_0067,3,278.13,2023-12-21T00:00:00Z,Sports & Fitness
cart_002939,user_08323,prod_0080,3,282.84,2023-12-06T00:00:00Z,Beauty
cart_002939,user_08323,prod_0084,2,169.61,2023-12-14T00:00:00Z,Toys & Games
cart_002939,user_08323,prod_0069,3,153.73,2023-12-03T00:00:00Z,Sports & Fitness
cart_002939,user_08323,prod_0051,1,141.01,2023-12-19T00:00:00Z,Books
cart_002939,user_08323,prod_0015,2,55.31,2023-12-20T00:00:00Z,Electronics
cart_002939,user_08323,prod_0043,3,22.31,2023-12-15T00:00:00Z,Home & Kitchen
cart_002940,user_08325,prod_0076,1,78.83,2023-12-05T00:00:00Z,Beauty
cart_002940,user_08325,prod_0002,3,46.02,2023-12-31T00:00:00Z,Electronics
cart_002940,user_08325,prod_0057,1,209.8,2023-12-14T00:00:00Z,Books
cart_002940,user_08325,prod_0058,2,148.08,2023-12-07T00:00:00Z,Books
cart_002940,user_08325,prod_0061,2,287.47,2023-12-03T00:00:00Z,Sports & Fitness
cart_002941,user_08326,prod_0001,3,192.99,2023-12-23T00:00:00Z,Electronics
cart_002941,user_08326,prod_0084,2,169.61,2023-12-29T00:00:00Z,Toys & Games
cart_002941,user_08326,prod_0021,1,46.05,2023-12-30T00:00:00Z,Fashion
cart_002941,user_08326,prod_0054,3,254.52,2023-12-14T00:00:00Z,Books
cart_002942,user_08328,prod_0059,1,175.28,2023-12-19T00:00:00Z,Books
cart_002943,user_08329,prod_0044,1,25.83,2023-12-20T00:00:00Z,Home & Kitchen
cart_002944,user_08332,prod_0033,1,181.09,2023-12-03T00:00:00Z,Home & Kitchen
cart_002944,user_08332,prod_0038,2,160.14,2023-12-03T00:00:00Z,Home & Kitchen
cart_002944,user_08332,prod_0041,1,77.88,2023-12-17T00:00:00Z,Home & Kitchen
cart_002944,user_08332,prod_0039,2,227.05,2023-12-07T00:00:00Z,Home & Kitchen
cart_002944,user_08332,prod_0047,1,33.5,2023-12-12T00:00:00Z,Books
cart_002944,user_08332,prod_0058,2,148.08,2023-12-15T00:00:00Z,Books
cart_002945,user_08335,prod_0071,3,164.71,2023-12-26T00:00:00Z,Beauty
cart_002946,user_08336,prod_0028,3,230.97,2023-12-21T00:00:00Z,Fashion
cart_002946,user_08336,prod_0054,2,254.52,2023-12-10T00:00:00Z,Books
cart_002946,user_08336,prod_0046,3,76.44,2023-12-15T00:00:00Z,Books
cart_002946,user_08336,prod_0100,2,200.04,2023-12-15T00:00:00Z,Automotive
cart_002947,user_08337,prod_0038,2,160.14,2023-12-07T00:00:00Z,Home & Kitchen
cart_002948,user_08341,prod_0055,3,259.21,2023-12-12T00:00:00Z,Books
cart_002948,user_08341,prod_0048,3,258.97,2023-12-24T00:00:00Z,Books
cart_002948,user_08341,prod_0003,1,129.05,2023-12-22T00:00:00Z,Electronics
cart_002948,user_08341,prod_0054,1,254.52,2023-12-13T00:00:00Z,Books
cart_002948,user_08341,prod_0059,2,175.28,2023-12-02T00:00:00Z,Books
cart_002949,user_08343,prod_0085,3,74.6,2023-12-10T00:00:00Z,Toys & Games
cart_002949,user_08343,prod_0067,1,278.13,2023-12-12T00:00:00Z,Sports & Fitness
cart_002949,user_08343,prod_0068,2,298.55,2024-01-01T00:00:00Z,Sports & Fitness
cart_002949,user_08343,prod_0098,1,163.3,2023-12-08T00:00:00Z,Automotive
cart_002949,user_08343,prod_0092,2,87.06,2023-12-21T00:00:00Z,Automotive
cart_002950,user_08344,prod_0028,3,230.97,2023-12-06T00:00:00Z,Fashion
cart_002950,user_08344,prod_0006,2,51.94,2023-12-02T00:00:00Z,Electronics
cart_002951,user_08348,prod_0073,2,44.48,2023-12-16T00:00:00Z,Beauty
cart_002951,user_08348,prod_0061,3,287.47,2023-12-19T00:00:00Z,Sports & Fitness
cart_002951,user_08348,prod_0024,2,18.85,2023-12-07T00:00:00Z,Fashion
cart_002951,user_08348,prod_0025,1,129.12,2023-12-07T00:00:00Z,Fashion
cart_002951,user_08348,prod_0018,3,14.44,2023-12-10T00:00:00Z,Fashion
cart_002951,user_08348,prod_0076,3,78.83,2023-12-27T00:00:00Z,Beauty
cart_002952,user_08349,prod_0087,3,126.04,2023-12-04T00:00:00Z,Toys & Games
cart_002952,user_08349,prod_0065,1,81.67,2023-12-21T00:00:00Z,Sports & Fitness
cart_002953,user_08353,prod_0054,1,254.52,2023-12-13T00:00:00Z,Books
cart_002953,user_08353,prod_0086,3,12.29,2023-12-29T00:00:00Z,Toys & Games
cart_002953,user_08353,prod_0084,2,169.61,2023-12-09T00:00:00Z,Toys & Games
cart_002953,user_08353,prod_0072,1,245.23,2023-12-22T00:00:00Z,Beauty
cart_002954,user_08354,prod_0021,2,46.05,2023-12-11T00:00:00Z,Fashion
cart_002954,user_08354,prod_0013,1,138.3,2023-12-22T00:00:00Z,Electronics
cart_002955,user_08357,prod_0073,3,44.48,2023-12-17T00:00:00Z,Beauty
cart_002955,user_08357,prod_0070,1,263.51,2024-01-01T00:00:00Z,Sports & Fitness
cart_002955,user_08357,prod_0062,3,24.98,2023-12-28T00:00:00Z,Sports & Fitness
cart_002956,user_08359,prod_0071,1,164.71,2023-12-23T00:00:00Z,Beauty
cart_002956,user_08359,prod_0089,2,70.4,2023-12-14T00:00:00Z,Toys & Games
cart_002956,user_08359,prod_0087,3,126.04,2023-12-24T00:00:00Z,Toys & Games
cart_002956,user_08359,prod_0084,3,169.61,2023-12-27T00:00:00Z,Toys & Games
cart_002956,user_08359,prod_0062,2,24.98,2023-12-24T00:00:00Z,Sports & Fitness
cart_002956,user_08359,prod_0077,1,129.53,2023-12-12T00:00:00Z,Beauty
cart_002957,user_08361,prod_0092,1,87.06,2023-12-21T00:00:00Z,Automotive
cart_002957,user_08361,prod_0047,1,33.5,2023-12-27T00:00:00Z,Books
cart_002957,user_08361,prod_0034,3,263.34,2023-12-15T00:00:00Z,Home & Kitchen
cart_002958,user_08362,prod_0079,3,167.19,2023-12-21T00:00:00Z,Beauty
cart_002958,user_08362,prod_0074,3,50.7,2023-12-09T00:00:00Z,Beauty
cart_002959,user_08369,prod_0088,2,236.49,2023-12-02T00:00:00Z,Toys & Games
cart_002959,user_08369,prod_0034,2,263.34,2023-12-06T00:00:00Z,Home & Kitchen
cart_002960,user_08373,prod_0023,3,298.21,2024-01-01T00:00:00Z,Fashion
cart_002960,user_08373,prod_0071,2,164.71,2023-12-26T00:00:00Z,Beauty
cart_002961,user_08376,prod_0065,2,81.67,2023-12-26T00:00:00Z,Sports & Fitness
cart_002961,user_08376,prod_0009,2,219.54,2024-01-01T00:00:00Z,Electronics
cart_002961,user_08376,prod_0026,1,142.61,2023-12-02T00:00:00Z,Fashion
cart_002961,user_08376,prod_0006,3,51.94,2023-12-28T00:00:00Z,Electronics
cart_002961,user_08376,prod_0014,1,66.6,2023-12-07T00:00:00Z,Electronics
cart_002962,user_08377,prod_0092,1,87.06,2023-12-23T00:00:00Z,Automotive
cart_002962,user_08377,prod_0001,1,192.99,2023-12-28T00:00:00Z,Electronics
cart_002962,user_08377,prod_0045,2,43.9,2023-12-11T00:00:00Z,Home & Kitchen
cart_002962,user_08377,prod_0083,2,66.76,2024-01-01T00:00:00Z,Toys & Games
cart_002962,user_08377,prod_0087,1,126.04,2023-12-25T00:00:00Z,Toys & Games
cart_002962,user_08377,prod_0038,3,160.14,2023-12-26T00:00:00Z,Home & Kitchen
cart_002963,user_08379,prod_0097,3,18.05,2023-12-10T00:00:00Z,Automotive
cart_002963,user_08379,prod_0004,2,181.99,2023-12-04T00:00:00Z,Electronics
cart_002963,user_08379,prod_0002,2,46.02,2023-12-21T00:00:00Z,Electronics
cart_002963,user_08379,prod_0008,1,110.54,2023-12-02T00:00:00Z,Electronics
cart_002963,user_08379,prod_0015,3,55.31,2023-12-26T00:00:00Z,Electronics
cart_002964,user_08385,prod_0059,2,175.28,2023-12-04T00:00:00Z,Books
cart_002964,user_08385,prod_0011,1,212.14,2023-12-04T00:00:00Z,Electronics
cart_002964,user_08385,prod_0068,2,298.55,2023-12-24T00:00:00Z,Sports & Fitness
cart_002964,user_08385,prod_0012,2,294.66,2023-12-09T00:00:00Z,Electronics
cart_002964,user_08385,prod_0004,1,181.99,2023-12-15T00:00:00Z,Electronics
cart_002965,user_08388,prod_0089,3,70.4,2023-12-17T00:00:00Z,Toys & Games
cart_002965,user_08388,prod_0086,2,12.29,2023-12-07T00:00:00Z,Toys & Games
cart_002965,user_08388,prod_0050,2,60.92,2023-12-27T00:00:00Z,Books
cart_002965,user_08388,prod_0006,2,51.94,2023-12-26T00:00:00Z,Electronics
cart_002966,user_08389,prod_0100,2,200.04,2023-12-18T00:00:00Z,Automotive
cart_002966,user_08389,prod_0055,3,259.21,2023-12-11T00:00:00Z,Books
cart_002966,user_08389,prod_0095,3,180.39,2023-12-29T00:00:00Z,Automotive
cart_002967,user_08391,prod_0054,1,254.52,2023-12-18T00:00:00Z,Books
cart_002968,user_08400,prod_0068,2,298.55,2023-12-03T00:00:00Z,Sports & Fitness
cart_002968,user_08400,prod_0017,2,100.34,2023-12-27T00:00:00Z,Fashion
cart_002968,user_08400,prod_0022,1,176.87,2023-12-24T00:00:00Z,Fashion
cart_002968,user_08400,prod_0074,2,50.7,2023-12-17T00:00:00Z,Beauty
cart_002968,user_08400,prod_0079,3,167.19,2023-12-11T00:00:00Z,Beauty
cart_002968,user_08400,prod_0081,3,250.37,2023-12-29T00:00:00Z,Toys & Games
cart_002969,user_08406,prod_0002,3,46.02,2023-12-26T00:00:00Z,Electronics
cart_002969,user_08406,prod_0015,1,55.31,2023-12-25T00:00:00Z,Electronics
cart_002970,user_08410,prod_0046,3,76.44,2023-12-21T00:00:00Z,Books
cart_002970,user_08410,prod_0049,3,219.09,2023-12-03T00:00:00Z,Books
cart_002970,user_08410,prod_0008,2,110.54,2023-12-04T00:00:00Z,Electronics
cart_002970,user_08410,prod_0016,3,84.36,2023-12-14T00:00:00Z,Fashion
cart_002970,user_08410,prod_0057,2,209.8,2023-12-16T00:00:00Z,Books
cart_002970,user_08410,prod_0058,2,148.08,2023-12-04T00:00:00Z,Books
cart_002971,user_08416,prod_0051,2,141.01,2023-12-20T00:00:00Z,Books
cart_002972,user_08420,prod_0077,1,129.53,2023-12-23T00:00:00Z,Beauty
cart_002972,user_08420,prod_0050,3,60.92,2023-12-22T00:00:00Z,Books
cart_002972,user_08420,prod_0052,3,258.24,2023-12-08T00:00:00Z,Books
cart_002972,user_08420,prod_0008,3,110.54,2023-12-30T00:00:00Z,Electronics
cart_002973,user_08421,prod_0042,3,72.65,2023-12-21T00:00:00Z,Home & Kitchen
cart_002973,user_08421,prod_0059,1,175.28,2023-12-08T00:00:00Z,Books
cart_002973,user_08421,prod_0063,2,266.74,2023-12-27T00:00:00Z,Sports & Fitness
cart_002973,user_08421,prod_0089,3,70.4,2023-12-09T00:00:00Z,Toys & Games
cart_002973,user_08421,prod_0052,2,258.24,2023-12-29T00:00:00Z,Books
cart_002973,user_08421,prod_0096,3,294.37,2023-12-10T00:00:00Z,Automotive
cart_002974,user_08422,prod_0062,1,24.98,2023-12-14T00:00:00Z,Sports & Fitness
cart_002974,user_08422,prod_0072,3,245.23,2023-12-17T00:00:00Z,Beauty
cart_002974,user_08422,prod_0020,3,151.77,2023-12-17T00:00:00Z,Fashion
cart_002975,user_08425,prod_0021,1,46.05,2023-12-11T00:00:00Z,Fashion
cart_002975,user_08425,prod_0005,1,137.07,2023-12-27T00:00:00Z,Electronics
cart_002975,user_08425,prod_0002,1,46.02,2023-12-04T00:00:00Z,Electronics
cart_002975,user_08425,prod_0025,2,129.12,2023-12-13T00:00:00Z,Fashion
cart_002975,user_08425,prod_0080,3,282.84,2023-12-30T00:00:00Z,Beauty
cart_002975,user_08425,prod_0022,1,176.87,2023-12-27T00:00:00Z,Fashion
cart_002976,user_08429,prod_0056,2,294.68,2023-12-15T00:00:00Z,Books
cart_002976,user_08429,prod_0044,2,25.83,2023-12-16T00:00:00Z,Home & Kitchen
cart_002976,user_08429,prod_0006,1,51.94,2023-12-28T00:00:00Z,Electronics
cart_002976,user_08429,prod_0059,1,175.28,2023-12-20T00:00:00Z,Books
cart_002976,user_08429,prod_0038,1,160.14,2023-12-17T00:00:00Z,Home & Kitchen
cart_002976,user_08429,prod_0048,3,258.97,2023-12-17T00:00:00Z,Books
cart_002977,user_08430,prod_0097,3,18.05,2023-12-14T00:00:00Z,Automotive
cart_002977,user_08430,prod_0057,1,209.8,2023-12-26T00:00:00Z,Books
cart_002977,user_08430,prod_0093,1,253.04,2023-12-03T00:00:00Z,Automotive
cart_002977,user_08430,prod_0100,2,200.04,2023-12-29T00:00:00Z,Automotive
cart_002978,user_08433,prod_0094,3,290.3,2023-12-20T00:00:00Z,Automotive
cart_002978,user_08433,prod_0091,1,61.78,2023-12-27T00:00:00Z,Automotive
cart_002979,user_08435,prod_0027,1,8.38,2023-12-29T00:00:00Z,Fashion
cart_002979,user_08435,prod_0022,1,176.87,2023-12-23T00:00:00Z,Fashion
cart_002979,user_08435,prod_0007,2,286.42,2023-12-07T00:00:00Z,Electronics
cart_002979,user_08435,prod_0048,3,258.97,2023-12-30T00:00:00Z,Books
cart_002979,user_08435,prod_0097,1,18.05,2023-12-03T00:00:00Z,Automotive
cart_002979,user_08435,prod_0043,3,22.31,2023-12-21T00:00:00Z,Home & Kitchen
cart_002980,user_08437,prod_0075,2,64.86,2023-12-10T00:00:00Z,Beauty
cart_002980,user_08437,prod_0017,1,100.34,2023-12-23T00:00:00Z,Fashion
cart_002980,user_08437,prod_0076,3,78.83,2023-12-30T00:00:00Z,Beauty
cart_002981,user_08438,prod_0076,2,78.83,2023-12-06T00:00:00Z,Beauty
cart_002981,user_08438,prod_0008,1,110.54,2023-12-29T00:00:00Z,Electronics
cart_002981,user_08438,prod_0030,2,229.02,2023-12-20T00:00:00Z,Fashion
cart_002981,user_08438,prod_0029,1,138.39,2023-12-20T00:00:00Z,Fashion
cart_002981,user_08438,prod_0007,3,286.42,2023-12-28T00:00:00Z,Electronics
cart_002981,user_08438,prod_0013,1,138.3,2023-12-10T00:00:00Z,Electronics
cart_002982,user_08440,prod_0098,2,163.3,2023-12-29T00:00:00Z,Automotive
cart_002982,user_08440,prod_0100,1,200.04,2023-12-06T00:00:00Z,Automotive
cart_002982,user_08440,prod_0080,2,282.84,2023-12-29T00:00:00Z,Beauty
cart_002982,user_08440,prod_0072,2,245.23,2023-12-04T00:00:00Z,Beauty
cart_002983,user_08442,prod_0034,1,263.34,2023-12-07T00:00:00Z,Home & Kitchen
cart_002983,user_08442,prod_0067,1,278.13,2023-12-21T00:00:00Z,Sports & Fitness
cart_002984,user_08445,prod_0049,1,219.09,2023-12-28T00:00:00Z,Books
cart_002984,user_08445,prod_0100,1,200.04,2023-12-09T00:00:00Z,Automotive
cart_002984,user_08445,prod_0014,1,66.6,2023-12-11T00:00:00Z,Electronics
cart_002984,user_08445,prod_0015,1,55.31,2023-12-02T00:00:00Z,Electronics
cart_002984,user_08445,prod_0098,2,163.3,2023-12-16T00:00:00Z,Automotive
cart_002984,user_08445,prod_0081,1,250.37,2023-12-29T00:00:00Z,Toys & Games
cart_002985,user_08447,prod_0045,1,43.9,2023-12-09T00:00:00Z,Home & Kitchen
cart_002985,user_08447,prod_0018,2,14.44,2023-12-14T00:00:00Z,Fashion
cart_002985,user_08447,prod_0024,1,18.85,2023-12-26T00:00:00Z,Fashion
cart_002986,user_08448,prod_0059,3,175.28,2023-12-06T00:00:00Z,Books
cart_002986,user_08448,prod_0049,3,219.09,2023-12-09T00:00:00Z,Books
cart_002986,user_08448,prod_0050,2,60.92,2023-12-09T00:00:00Z,Books
cart_002987,user_08449,prod_0075,3,64.86,2023-12-14T00:00:00Z,Beauty
cart_002987,user_08449,prod_0093,3,253.04,2023-12-23T00:00:00Z,Automotive
cart_002988,user_08452,prod_0065,1,81.67,2023-12-22T00:00:00Z,Sports & Fitness
cart_002988,user_08452,prod_0077,2,129.53,2023-12-25T00:00:00Z,Beauty
cart_002989,user_08453,prod_0056,3,294.68,2023-12-16T00:00:00Z,Books
cart_002989,user_08453,prod_0009,1,219.54,2023-12-19T00:00:00Z,Electronics
cart_002989,user_08453,prod_0031,2,92.74,2023-12-10T00:00:00Z,Home & Kitchen
cart_002989,user_08453,prod_0006,2,51.94,2023-12-17T00:00:00Z,Electronics
cart_002990,user_08454,prod_0078,2,43.46,2023-12-18T00:00:00Z,Beauty
cart_002990,user_08454,prod_0005,3,137.07,2023-12-31T00:00:00Z,Electronics
cart_002990,user_08454,prod_0039,1,227.05,2023-12-21T00:00:00Z,Home & Kitchen
cart_002990,user_08454,prod_0042,3,72.65,2023-12-11T00:00:00Z,Home & Kitchen
cart_002990,user_08454,prod_0082,2,17.3,2023-12-23T00:00:00Z,Toys & Games
cart_002990,user_08454,prod_0043,1,22.31,2023-12-08T00:00:00Z,Home & Kitchen
cart_002991,user_08455,prod_0009,1,219.54,2023-12-22T00:00:00Z,Electronics
cart_002991,user_08455,prod_0051,2,141.01,2023-12-12T00:00:00Z,Books
cart_002991,user_08455,prod_0050,1,60.92,2023-12-12T00:00:00Z,Books
cart_002991,user_08455,prod_0014,1,66.6,2023-12-13T00:00:00Z,Electronics
cart_002992,user_08458,prod_0068,1,298.55,2023-12-24T00:00:00Z,Sports & Fitness
cart_002992,user_08458,prod_0077,2,129.53,2023-12-10T00:00:00Z,Beauty
cart_002992,user_08458,prod_0001,1,192.99,2024-01-01T00:00:00Z,Electronics
cart_002992,user_08458,prod_0018,1,14.44,2023-12-11T00:00:00Z,Fashion
cart_002993,user_08459,prod_0038,2,160.14,2023-12-14T00:00:00Z,Home & Kitchen
cart_002993,user_08459,prod_0033,3,181.09,2023-12-31T00:00:00Z,Home & Kitchen
cart_002993,user_08459,prod_0019,3,273.46,2023-12-06T00:00:00Z,Fashion
cart_002993,user_08459,prod_0051,3,141.01,2023-12-15T00:00:00Z,Books
cart_002993,user_08459,prod_0052,3,258.24,2023-12-02T00:00:00Z,Books
cart_002993,user_08459,prod_0035,3,75.82,2023-12-27T00:00:00Z,Home & Kitchen
cart_002994,user_08460,prod_0069,1,153.73,2023-12-17T00:00:00Z,Sports & Fitness
cart_002994,user_08460,prod_0055,1,259.21,2023-12-26T00:00:00Z,Books
cart_002995,user_08461,prod_0042,3,72.65,2023-12-04T00:00:00Z,Home & Kitchen
cart_002995,user_08461,prod_0067,1,278.13,2023-12-28T00:00:00Z,Sports & Fitness
cart_002995,user_08461,prod_0046,3,76.44,2023-12-13T00:00:00Z,Books
cart_002995,user_08461,prod_0044,2,25.83,2023-12-27T00:00:00Z,Home & Kitchen
cart_002996,user_08481,prod_0002,3,46.02,2023-12-16T00:00:00Z,Electronics
cart_002997,user_08484,prod_0061,2,287.47,2023-12-18T00:00:00Z,Sports & Fitness
cart_002997,user_08484,prod_0018,1,14.44,2023-12-04T00:00:00Z,Fashion
cart_002997,user_08484,prod_0006,3,51.94,2023-12-21T00:00:00Z,Electronics
cart_002997,user_08484,prod_0096,3,294.37,2023-12-07T00:00:00Z,Automotive
cart_002997,user_08484,prod_0008,2,110.54,2023-12-12T00:00:00Z,Electronics
cart_002997,user_08484,prod_0054,2,254.52,2023-12-30T00:00:00Z,Books
cart_002998,user_08485,prod_0059,3,175.28,2023-12-28T00:00:00Z,Books
cart_002998,user_08485,prod_0004,3,181.99,2023-12-06T00:00:00Z,Electronics
cart_002998,user_08485,prod_0053,2,163.93,2023-12-30T00:00:00Z,Books
cart_002998,user_08485,prod_0088,2,236.49,2023-12-05T00:00:00Z,Toys & Games
cart_002998,user_08485,prod_0037,2,42.75,2023-12-26T00:00:00Z,Home & Kitchen
cart_002998,user_08485,prod_0011,1,212.14,2023-12-02T00:00:00Z,Electronics
cart_002999,user_08488,prod_0092,3,87.06,2023-12-25T00:00:00Z,Automotive
cart_002999,user_08488,prod_0005,2,137.07,2023-12-11T00:00:00Z,Electronics
cart_002999,user_08488,prod_0088,3,236.49,2023-12-15T00:00:00Z,Toys & Games
cart_002999,user_08488,prod_0014,1,66.6,2023-12-10T00:00:00Z,Electronics
cart_002999,user_08488,prod_0029,2,138.39,2023-12-14T00:00:00Z,Fashion
cart_002999,user_08488,prod_0013,2,138.3,2023-12-05T00:00:00Z,Electronics
cart_003000,user_08490,prod_0059,2,175.28,2023-12-23T00:00:00Z,Books
cart_003000,user_08490,prod_0052,3,258.24,2023-12-19T00:00:00Z,Books
cart_003001,user_08492,prod_0020,1,151.77,2023-12-29T00:00:00Z,Fashion
cart_003001,user_08492,prod_0088,1,236.49,2023-12-29T00:00:00Z,Toys & Games
cart_003002,user_08499,prod_0068,3,298.55,2023-12-14T00:00:00Z,Sports & Fitness
cart_003002,user_08499,prod_0026,1,142.61,2023-12-24T00:00:00Z,Fashion
cart_003003,user_08502,prod_0019,1,273.46,2023-12-22T00:00:00Z,Fashion
cart_003003,user_08502,prod_0071,3,164.71,2023-12-17T00:00:00Z,Beauty
cart_003003,user_08502,prod_0001,1,192.99,2023-12-21T00:00:00Z,Electronics
cart_003003,user_08502,prod_0026,3,142.61,2023-12-11T00:00:00Z,Fashion
cart_003004,user_08504,prod_0057,1,209.8,2023-12-15T00:00:00Z,Books
cart_003004,user_08504,prod_0034,2,263.34,2023-12-09T00:00:00Z,Home & Kitchen
cart_003004,user_08504,prod_0008,1,110.54,2023-12-26T00:00:00Z,Electronics
cart_003004,user_08504,prod_0098,3,163.3,2023-12-30T00:00:00Z,Automotive
cart_003004,user_08504,prod_0049,3,219.09,2023-12-09T00:00:00Z,Books
cart_003005,user_08508,prod_0029,2,138.39,2023-12-20T00:00:00Z,Fashion
cart_003005,user_08508,prod_0078,3,43.46,2023-12-09T00:00:00Z,Beauty
cart_003005,user_08508,prod_0002,2,46.02,2023-12-22T00:00:00Z,Electronics
cart_003005,user_08508,prod_0016,1,84.36,2023-12-09T00:00:00Z,Fashion
cart_003006,user_08510,prod_0052,2,258.24,2023-12-09T00:00:00Z,Books
cart_003006,user_08510,prod_0078,2,43.46,2023-12-23T00:00:00Z,Beauty
cart_003006,user_08510,prod_0076,2,78.83,2023-12-19T00:00:00Z,Beauty
cart_003006,user_08510,prod_0027,3,8.38,2023-12-16T00:00:00Z,Fashion
cart_003006,user_08510,prod_0097,2,18.05,2023-12-02T00:00:00Z,Automotive
cart_003006,user_08510,prod_0062,1,24.98,2023-12-02T00:00:00Z,Sports & Fitness
cart_003007,user_08517,prod_0066,1,121.36,2023-12-08T00:00:00Z,Sports & Fitness
cart_003007,user_08517,prod_0067,3,278.13,2023-12-14T00:00:00Z,Sports & Fitness
cart_003007,user_08517,prod_0044,1,25.83,2023-12-04T00:00:00Z,Home & Kitchen
cart_003007,user_08517,prod_0087,1,126.04,2023-12-20T00:00:00Z,Toys & Games
cart_003007,user_08517,prod_0085,2,74.6,2023-12-31T00:00:00Z,Toys & Games
cart_003007,user_08517,prod_0057,1,209.8,2023-12-10T00:00:00Z,Books
cart_003008,user_08518,prod_0072,1,245.23,2023-12-21T00:00:00Z,Beauty
cart_003008,user_08518,prod_0019,2,273.46,2023-12-27T00:00:00Z,Fashion
cart_003009,user_08519,prod_0060,3,176.75,2023-12-17T00:00:00Z,Books
cart_003009,user_08519,prod_0051,3,141.01,2023-12-23T00:00:00Z,Books
cart_003009,user_08519,prod_0008,2,110.54,2023-12-11T00:00:00Z,Electronics
cart_003009,user_08519,prod_0059,1,175.28,2023-12-26T00:00:00Z,Books
cart_003010,user_08520,prod_0007,2,286.42,2023-12-12T00:00:00Z,Electronics
cart_003011,user_08522,prod_0064,2,128.25,2023-12-09T00:00:00Z,Sports & Fitness
cart_003011,user_08522,prod_0030,1,229.02,2023-12-22T00:00:00Z,Fashion
cart_003011,user_08522,prod_0025,2,129.12,2023-12-08T00:00:00Z,Fashion
cart_003011,user_08522,prod_0017,2,100.34,2023-12-20T00:00:00Z,Fashion
cart_003012,user_08528,prod_0023,2,298.21,2023-12-29T00:00:00Z,Fashion
cart_003012,user_08528,prod_0053,3,163.93,2023-12-25T00:00:00Z,Books
cart_003012,user_08528,prod_0060,2,176.75,2023-12-25T00:00:00Z,Books
cart_003013,user_08530,prod_0024,2,18.85,2023-12-22T00:00:00Z,Fashion
cart_003013,user_08530,prod_0029,2,138.39,2023-12-06T00:00:00Z,Fashion
cart_003013,user_08530,prod_0026,3,142.61,2023-12-11T00:00:00Z,Fashion
cart_003013,user_08530,prod_0020,1,151.77,2024-01-01T00:00:00Z,Fashion
cart_003013,user_08530,prod_0022,2,176.87,2023-12-11T00:00:00Z,Fashion
cart_003014,user_08532,prod_0049,1,219.09,2023-12-17T00:00:00Z,Books
cart_003015,user_08539,prod_0001,3,192.99,2023-12-02T00:00:00Z,Electronics
cart_003015,user_08539,prod_0080,2,282.84,2023-12-16T00:00:00Z,Beauty
cart_003016,user_08540,prod_0042,1,72.65,2023-12-08T00:00:00Z,Home & Kitchen
cart_003016,user_08540,prod_0007,2,286.42,2023-12-15T00:00:00Z,Electronics
cart_003016,user_08540,prod_0065,2,81.67,2023-12-17T00:00:00Z,Sports & Fitness
cart_003016,user_08540,prod_0060,1,176.75,2023-12-08T00:00:00Z,Books
cart_003017,user_08541,prod_0040,3,202.48,2023-12-06T00:00:00Z,Home & Kitchen
cart_003017,user_08541,prod_0047,1,33.5,2024-01-01T00:00:00Z,Books
cart_003018,user_08542,prod_0032,3,229.18,2023-12-04T00:00:00Z,Home & Kitchen
cart_003018,user_08542,prod_0042,3,72.65,2023-12-24T00:00:00Z,Home & Kitchen
cart_003018,user_08542,prod_0058,2,148.08,2023-12-15T00:00:00Z,Books
cart_003018,user_08542,prod_0034,2,263.34,2023-12-06T00:00:00Z,Home & Kitchen
cart_003018,user_08542,prod_0040,3,202.48,2023-12-14T00:00:00Z,Home & Kitchen
cart_003018,user_08542,prod_0021,3,46.05,2023-12-03T00:00:00Z,Fashion
cart_003019,user_08543,prod_0070,2,263.51,2023-12-18T00:00:00Z,Sports & Fitness
cart_003020,user_08545,prod_0029,3,138.39,2023-12-12T00:00:00Z,Fashion
cart_003020,user_08545,prod_0059,2,175.28,2023-12-15T00:00:00Z,Books
cart_003020,user_08545,prod_0046,1,76.44,2023-12-22T00:00:00Z,Books
cart_003020,user_08545,prod_0051,3,141.01,2023-12-22T00:00:00Z,Books
cart_003020,user_08545,prod_0037,1,42.75,2023-12-18T00:00:00Z,Home & Kitchen
cart_003021,user_08555,prod_0002,3,46.02,2023-12-14T00:00:00Z,Electronics
cart_003022,user_08556,prod_0048,2,258.97,2023-12-02T00:00:00Z,Books
cart_003023,user_08558,prod_0025,1,129.12,2023-12-28T00:00:00Z,Fashion
cart_003023,user_08558,prod_0054,3,254.52,2023-12-11T00:00:00Z,Books
cart_003023,user_08558,prod_0056,1,294.68,2023-12-13T00:00:00Z,Books
cart_003023,user_08558,prod_0060,2,176.75,2023-12-19T00:00:00Z,Books
cart_003023,user_08558,prod_0045,3,43.9,2023-12-17T00:00:00Z,Home & Kitchen
cart_003023,user_08558,prod_0075,3,64.86,2023-12-16T00:00:00Z,Beauty
cart_003024,user_08559,prod_0066,2,121.36,2023-12-17T00:00:00Z,Sports & Fitness
cart_003024,user_08559,prod_0057,3,209.8,2023-12-19T00:00:00Z,Books
cart_003025,user_08564,prod_0002,2,46.02,2023-12-17T00:00:00Z,Electronics
cart_003025,user_08564,prod_0079,1,167.19,2023-12-12T00:00:00Z,Beauty
cart_003026,user_08568,prod_0051,1,141.01,2023-12-15T00:00:00Z,Books
cart_003026,user_08568,prod_0063,2,266.74,2023-12-16T00:00:00Z,Sports & Fitness
cart_003026,user_08568,prod_0073,1,44.48,2023-12-28T00:00:00Z,Beauty
cart_003026,user_08568,prod_0068,2,298.55,2023-12-31T00:00:00Z,Sports & Fitness
cart_003027,user_08569,prod_0064,2,128.25,2023-12-11T00:00:00Z,Sports & Fitness
cart_003027,user_08569,prod_0046,3,76.44,2023-12-31T00:00:00Z,Books
cart_003027,user_08569,prod_0045,3,43.9,2023-12-15T00:00:00Z,Home & Kitchen
cart_003028,user_08576,prod_0054,3,254.52,2023-12-09T00:00:00Z,Books
cart_003028,user_08576,prod_0051,1,141.01,2023-12-18T00:00:00Z,Books
cart_003028,user_08576,prod_0052,1,258.24,2023-12-27T00:00:00Z,Books
cart_003028,user_08576,prod_0058,1,148.08,2023-12-20T00:00:00Z,Books
cart_003028,user_08576,prod_0035,2,75.82,2023-12-16T00:00:00Z,Home & Kitchen
cart_003029,user_08579,prod_0050,3,60.92,2023-12-20T00:00:00Z,Books
cart_003029,user_08579,prod_0100,1,200.04,2023-12-14T00:00:00Z,Automotive
cart_003029,user_08579,prod_0009,1,219.54,2024-01-01T00:00:00Z,Electronics
cart_003029,user_08579,prod_0073,3,44.48,2023-12-06T00:00:00Z,Beauty
cart_003029,user_08579,prod_0069,1,153.73,2023-12-08T00:00:00Z,Sports & Fitness
cart_003029,user_08579,prod_0076,2,78.83,2023-12-24T00:00:00Z,Beauty
cart_003030,user_08582,prod_0066,3,121.36,2023-12-05T00:00:00Z,Sports & Fitness
cart_003030,user_08582,prod_0080,2,282.84,2023-12-23T00:00:00Z,Beauty
cart_003030,user_08582,prod_0059,1,175.28,2023-12-05T00:00:00Z,Books
cart_003030,user_08582,prod_0097,3,18.05,2023-12-09T00:00:00Z,Automotive
cart_003031,user_08584,prod_0078,1,43.46,2023-12-30T00:00:00Z,Beauty
cart_003031,user_08584,prod_0074,2,50.7,2023-12-14T00:00:00Z,Beauty
cart_003031,user_08584,prod_0021,1,46.05,2023-12-10T00:00:00Z,Fashion
cart_003031,user_08584,prod_0071,1,164.71,2023-12-30T00:00:00Z,Beauty
cart_003031,user_08584,prod_0001,2,192.99,2023-12-04T00:00:00Z,Electronics
cart_003032,user_08585,prod_0016,2,84.36,2023-12-26T00:00:00Z,Fashion
cart_003033,user_08586,prod_0051,2,141.01,2023-12-12T00:00:00Z,Books
cart_003033,user_08586,prod_0067,2,278.13,2023-12-20T00:00:00Z,Sports & Fitness
cart_003033,user_08586,prod_0050,2,60.92,2023-12-05T00:00:00Z,Books
cart_003034,user_08588,prod_0034,2,263.34,2024-01-01T00:00:00Z,Home & Kitchen
cart_003034,user_08588,prod_0019,1,273.46,2023-12-10T00:00:00Z,Fashion
cart_003034,user_08588,prod_0054,1,254.52,2023-12-02T00:00:00Z,Books
cart_003034,user_08588,prod_0063,3,266.74,2023-12-29T00:00:00Z,Sports & Fitness
cart_003034,user_08588,prod_0007,2,286.42,2023-12-28T00:00:00Z,Electronics
cart_003034,user_08588,prod_0066,1,121.36,2023-12-30T00:00:00Z,Sports & Fitness
cart_003035,user_08592,prod_0019,1,273.46,2023-12-11T00:00:00Z,Fashion
cart_003036,user_08595,prod_0090,2,246.24,2023-12-26T00:00:00Z,Toys & Games
cart_003037,user_08597,prod_0028,2,230.97,2023-12-10T00:00:00Z,Fashion
cart_003038,user_08600,prod_0030,1,229.02,2023-12-04T00:00:00Z,Fashion
cart_003038,user_08600,prod_0017,3,100.34,2023-12-31T00:00:00Z,Fashion
cart_003038,user_08600,prod_0027,1,8.38,2023-12-10T00:00:00Z,Fashion
cart_003038,user_08600,prod_0098,2,163.3,2023-12-06T00:00:00Z,Automotive
cart_003038,user_08600,prod_0049,1,219.09,2023-12-28T00:00:00Z,Books
cart_003038,user_08600,prod_0016,3,84.36,2023-12-04T00:00:00Z,Fashion
cart_003039,user_08602,prod_0013,1,138.3,2023-12-14T00:00:00Z,Electronics
cart_003039,user_08602,prod_0010,2,91.19,2023-12-02T00:00:00Z,Electronics
cart_003039,user_08602,prod_0057,2,209.8,2023-12-06T00:00:00Z,Books
cart_003040,user_08604,prod_0044,3,25.83,2023-12-27T00:00:00Z,Home & Kitchen
cart_003040,user_08604,prod_0054,1,254.52,2023-12-05T00:00:00Z,Books
cart_003040,user_08604,prod_0057,1,209.8,2023-12-24T00:00:00Z,Books
cart_003040,user_08604,prod_0027,1,8.38,2023-12-24T00:00:00Z,Fashion
cart_003040,user_08604,prod_0035,1,75.82,2023-12-28T00:00:00Z,Home & Kitchen
cart_003041,user_08605,prod_0024,1,18.85,2023-12-11T00:00:00Z,Fashion
cart_003041,user_08605,prod_0041,1,77.88,2024-01-01T00:00:00Z,Home & Kitchen
cart_003041,user_08605,prod_0078,1,43.46,2023-12-29T00:00:00Z,Beauty
cart_003041,user_08605,prod_0082,1,17.3,2023-12-30T00:00:00Z,Toys & Games
cart_003042,user_08615,prod_0086,2,12.29,2023-12-04T00:00:00Z,Toys & Games
cart_003042,user_08615,prod_0076,1,78.83,2023-12-02T00:00:00Z,Beauty
cart_003043,user_08616,prod_0022,3,176.87,2023-12-29T00:00:00Z,Fashion
cart_003043,user_08616,prod_0072,1,245.23,2023-12-12T00:00:00Z,Beauty
cart_003043,user_08616,prod_0025,3,129.12,2023-12-03T00:00:00Z,Fashion
cart_003043,user_08616,prod_0053,3,163.93,2023-12-10T00:00:00Z,Books
cart_003043,user_08616,prod_0080,2,282.84,2023-12-20T00:00:00Z,Beauty
cart_003043,user_08616,prod_0038,1,160.14,2023-12-16T00:00:00Z,Home & Kitchen
cart_003044,user_08617,prod_0095,1,180.39,2023-12-23T00:00:00Z,Automotive
cart_003044,user_08617,prod_0060,1,176.75,2023-12-06T00:00:00Z,Books
cart_003044,user_08617,prod_0077,2,129.53,2023-12-14T00:00:00Z,Beauty
cart_003044,user_08617,prod_0082,1,17.3,2023-12-31T00:00:00Z,Toys & Games
cart_003045,user_08618,prod_0086,2,12.29,2023-12-26T00:00:00Z,Toys & Games
cart_003045,user_08618,prod_0075,2,64.86,2023-12-21T00:00:00Z,Beauty
cart_003046,user_08619,prod_0074,1,50.7,2023-12-02T00:00:00Z,Beauty
cart_003047,user_08620,prod_0006,1,51.94,2023-12-27T00:00:00Z,Electronics
cart_003048,user_08625,prod_0071,2,164.71,2023-12-03T00:00:00Z,Beauty
cart_003048,user_08625,prod_0019,3,273.46,2023-12-07T00:00:00Z,Fashion
cart_003049,user_08626,prod_0051,2,141.01,2023-12-24T00:00:00Z,Books
cart_003049,user_08626,prod_0062,1,24.98,2023-12-30T00:00:00Z,Sports & Fitness
cart_003049,user_08626,prod_0095,3,180.39,2023-12-23T00:00:00Z,Automotive
cart_003049,user_08626,prod_0086,1,12.29,2023-12-12T00:00:00Z,Toys & Games
cart_003049,user_08626,prod_0096,3,294.37,2024-01-01T00:00:00Z,Automotive
cart_003050,user_08627,prod_0013,3,138.3,2024-01-01T00:00:00Z,Electronics
cart_003050,user_08627,prod_0006,3,51.94,2023-12-15T00:00:00Z,Electronics
cart_003050,user_08627,prod_0002,2,46.02,2023-12-16T00:00:00Z,Electronics
cart_003051,user_08629,prod_0100,2,200.04,2023-12-07T00:00:00Z,Automotive
cart_003051,user_08629,prod_0018,1,14.44,2023-12-28T00:00:00Z,Fashion
cart_003052,user_08630,prod_0087,1,126.04,2023-12-08T00:00:00Z,Toys & Games
cart_003052,user_08630,prod_0023,1,298.21,2023-12-24T00:00:00Z,Fashion
cart_003053,user_08631,prod_0019,3,273.46,2023-12-16T00:00:00Z,Fashion
cart_003054,user_08640,prod_0014,1,66.6,2023-12-31T00:00:00Z,Electronics
cart_003054,user_08640,prod_0001,2,192.99,2023-12-26T00:00:00Z,Electronics
cart_003054,user_08640,prod_0059,1,175.28,2023-12-04T00:00:00Z,Books
cart_003054,user_08640,prod_0081,2,250.37,2023-12-27T00:00:00Z,Toys & Games
cart_003054,user_08640,prod_0043,1,22.31,2023-12-15T00:00:00Z,Home & Kitchen
cart_003055,user_08641,prod_0054,3,254.52,2023-12-31T00:00:00Z,Books
cart_003055,user_08641,prod_0014,2,66.6,2023-12-12T00:00:00Z,Electronics
cart_003055,user_08641,prod_0050,1,60.92,2023-12-31T00:00:00Z,Books
cart_003055,user_08641,prod_0009,3,219.54,2023-12-16T00:00:00Z,Electronics
cart_003056,user_08649,prod_0059,1,175.28,2023-12-18T00:00:00Z,Books
cart_003056,user_08649,prod_0050,3,60.92,2023-12-04T00:00:00Z,Books
cart_003057,user_08650,prod_0051,3,141.01,2023-12-06T00:00:00Z,Books
cart_003057,user_08650,prod_0079,3,167.19,2023-12-14T00:00:00Z,Beauty
cart_003057,user_08650,prod_0074,3,50.7,2023-12-28T00:00:00Z,Beauty
cart_003057,user_08650,prod_0073,1,44.48,2023-12-15T00:00:00Z,Beauty
cart_003058,user_08655,prod_0060,2,176.75,2023-12-18T00:00:00Z,Books
cart_003058,user_08655,prod_0004,3,181.99,2023-12-31T00:00:00Z,Electronics
cart_003058,user_08655,prod_0003,3,129.05,2023-12-18T00:00:00Z,Electronics
cart_003059,user_08656,prod_0063,3,266.74,2023-12-04T00:00:00Z,Sports & Fitness
cart_003059,user_08656,prod_0003,2,129.05,2023-12-31T00:00:00Z,Electronics
cart_003059,user_08656,prod_0031,2,92.74,2023-12-23T00:00:00Z,Home & Kitchen
cart_003059,user_08656,prod_0033,1,181.09,2023-12-04T00:00:00Z,Home & Kitchen
cart_003060,user_08659,prod_0096,2,294.37,2023-12-28T00:00:00Z,Automotive
cart_003060,user_08659,prod_0085,2,74.6,2023-12-06T00:00:00Z,Toys & Games
cart_003060,user_08659,prod_0003,2,129.05,2023-12-30T00:00:00Z,Electronics
cart_003060,user_08659,prod_0048,1,258.97,2023-12-31T00:00:00Z,Books
cart_003061,user_08665,prod_0050,2,60.92,2023-12-04T00:00:00Z,Books
cart_003062,user_08679,prod_0002,2,46.02,2023-12-13T00:00:00Z,Electronics
cart_003062,user_08679,prod_0005,1,137.07,2023-12-15T00:00:00Z,Electronics
cart_003062,user_08679,prod_0085,1,74.6,2023-12-21T00:00:00Z,Toys & Games
cart_003062,user_08679,prod_0086,1,12.29,2023-12-29T00:00:00Z,Toys & Games
cart_003063,user_08682,prod_0005,3,137.07,2023-12-13T00:00:00Z,Electronics
cart_003063,user_08682,prod_0031,2,92.74,2023-12-31T00:00:00Z,Home & Kitchen
cart_003064,user_08685,prod_0012,2,294.66,2023-12-27T00:00:00Z,Electronics
cart_003064,user_08685,prod_0030,3,229.02,2023-12-10T00:00:00Z,Fashion
cart_003065,user_08690,prod_0051,3,141.01,2023-12-21T00:00:00Z,Books
cart_003065,user_08690,prod_0001,3,192.99,2023-12-16T00:00:00Z,Electronics
cart_003065,user_08690,prod_0008,1,110.54,2023-12-07T00:00:00Z,Electronics
cart_003065,user_08690,prod_0006,3,51.94,2024-01-01T00:00:00Z,Electronics
cart_003065,user_08690,prod_0012,3,294.66,2023-12-30T00:00:00Z,Electronics
cart_003066,user_08691,prod_0008,1,110.54,2023-12-16T00:00:00Z,Electronics
cart_003066,user_08691,prod_0051,3,141.01,2023-12-06T00:00:00Z,Books
cart_003066,user_08691,prod_0052,2,258.24,2023-12-23T00:00:00Z,Books
cart_003066,user_08691,prod_0078,2,43.46,2023-12-20T00:00:00Z,Beauty
cart_003066,user_08691,prod_0089,2,70.4,2023-12-11T00:00:00Z,Toys & Games
cart_003066,user_08691,prod_0048,2,258.97,2023-12-13T00:00:00Z,Books
cart_003067,user_08693,prod_0064,3,128.25,2023-12-17T00:00:00Z,Sports & Fitness
cart_003067,user_08693,prod_0026,1,142.61,2023-12-24T00:00:00Z,Fashion
cart_003067,user_08693,prod_0049,2,219.09,2023-12-07T00:00:00Z,Books
cart_003067,user_08693,prod_0021,3,46.05,2023-12-16T00:00:00Z,Fashion
cart_003067,user_08693,prod_0032,2,229.18,2023-12-22T00:00:00Z,Home & Kitchen
cart_003068,user_08696,prod_0081,2,250.37,2023-12-05T00:00:00Z,Toys & Games
cart_003069,user_08702,prod_0022,2,176.87,2023-12-21T00:00:00Z,Fashion
cart_003069,user_08702,prod_0071,2,164.71,2023-12-15T00:00:00Z,Beauty
cart_003069,user_08702,prod_0055,1,259.21,2023-12-23T00:00:00Z,Books
cart_003069,user_08702,prod_0010,1,91.19,2023-12-04T00:00:00Z,Electronics
cart_003069,user_08702,prod_0052,3,258.24,2023-12-31T00:00:00Z,Books
cart_003069,user_08702,prod_0088,2,236.49,2023-12-11T00:00:00Z,Toys & Games
cart_003070,user_08705,prod_0007,2,286.42,2023-12-20T00:00:00Z,Electronics
cart_003070,user_08705,prod_0038,3,160.14,2023-12-18T00:00:00Z,Home & Kitchen
cart_003070,user_08705,prod_0053,2,163.93,2024-01-01T00:00:00Z,Books
cart_003070,user_08705,prod_0003,2,129.05,2023-12-06T00:00:00Z,Electronics
cart_003070,user_08705,prod_0052,1,258.24,2023-12-17T00:00:00Z,Books
cart_003070,user_08705,prod_0059,3,175.28,2023-12-06T00:00:00Z,Books
cart_003071,user_08707,prod_0095,3,180.39,2023-12-18T00:00:00Z,Automotive
cart_003071,user_08707,prod_0012,2,294.66,2023-12-04T00:00:00Z,Electronics
cart_003071,user_08707,prod_0076,1,78.83,2023-12-06T00:00:00Z,Beauty
cart_003071,user_08707,prod_0043,1,22.31,2023-12-04T00:00:00Z,Home & Kitchen
cart_003071,user_08707,prod_0077,2,129.53,2023-12-06T00:00:00Z,Beauty
cart_003071,user_08707,prod_0018,3,14.44,2023-12-21T00:00:00Z,Fashion
cart_003072,user_08708,prod_0092,1,87.06,2023-12-29T00:00:00Z,Automotive
cart_003072,user_08708,prod_0075,1,64.86,2023-12-29T00:00:00Z,Beauty
cart_003072,user_08708,prod_0057,2,209.8,2023-12-26T00:00:00Z,Books
cart_003072,user_08708,prod_0053,1,163.93,2023-12-17T00:00:00Z,Books
cart_003072,user_08708,prod_0049,1,219.09,2023-12-24T00:00:00Z,Books
cart_003072,user_08708,prod_0011,2,212.14,2023-12-18T00:00:00Z,Electronics
cart_003073,user_08709,prod_0024,1,18.85,2023-12-02T00:00:00Z,Fashion
cart_003073,user_08709,prod_0028,2,230.97,2023-12-25T00:00:00Z,Fashion
cart_003073,user_08709,prod_0038,1,160.14,2023-12-16T00:00:00Z,Home & Kitchen
cart_003073,user_08709,prod_0030,3,229.02,2023-12-09T00:00:00Z,Fashion
cart_003073,user_08709,prod_0026,1,142.61,2023-12-10T00:00:00Z,Fashion
cart_003074,user_08713,prod_0071,3,164.71,2023-12-08T00:00:00Z,Beauty
cart_003074,user_08713,prod_0022,2,176.87,2023-12-29T00:00:00Z,Fashion
cart_003074,user_08713,prod_0083,3,66.76,2023-12-28T00:00:00Z,Toys & Games
cart_003075,user_08715,prod_0056,1,294.68,2023-12-28T00:00:00Z,Books
cart_003075,user_08715,prod_0028,1,230.97,2023-12-14T00:00:00Z,Fashion
cart_003075,user_08715,prod_0009,1,219.54,2023-12-13T00:00:00Z,Electronics
cart_003076,user_08717,prod_0077,1,129.53,2023-12-02T00:00:00Z,Beauty
cart_003077,user_08719,prod_0077,3,129.53,2023-12-09T00:00:00Z,Beauty
cart_003077,user_08719,prod_0051,1,141.01,2023-12-14T00:00:00Z,Books
cart_003077,user_08719,prod_0022,1,176.87,2023-12-11T00:00:00Z,Fashion
cart_003077,user_08719,prod_0059,2,175.28,2023-12-07T00:00:00Z,Books
cart_003077,user_08719,prod_0011,2,212.14,2023-12-22T00:00:00Z,Electronics
cart_003078,user_08722,prod_0014,2,66.6,2023-12-08T00:00:00Z,Electronics
cart_003079,user_08726,prod_0001,2,192.99,2023-12-07T00:00:00Z,Electronics
cart_003079,user_08726,prod_0084,3,169.61,2023-12-11T00:00:00Z,Toys & Games
cart_003079,user_08726,prod_0005,1,137.07,2023-12-25T00:00:00Z,Electronics
cart_003080,user_08728,prod_0083,2,66.76,2023-12-07T00:00:00Z,Toys & Games
cart_003080,user_08728,prod_0007,2,286.42,2023-12-04T00:00:00Z,Electronics
cart_003080,user_08728,prod_0094,1,290.3,2023-12-21T00:00:00Z,Automotive
cart_003081,user_08737,prod_0068,2,298.55,2023-12-23T00:00:00Z,Sports & Fitness
cart_003081,user_08737,prod_0074,2,50.7,2023-12-25T00:00:00Z,Beauty
cart_003081,user_08737,prod_0080,1,282.84,2023-12-04T00:00:00Z,Beauty
cart_003081,user_08737,prod_0065,2,81.67,2023-12-10T00:00:00Z,Sports & Fitness
cart_003081,user_08737,prod_0049,2,219.09,2023-12-24T00:00:00Z,Books
cart_003082,user_08745,prod_0006,2,51.94,2023-12-28T00:00:00Z,Electronics
cart_003082,user_08745,prod_0056,2,294.68,2023-12-30T00:00:00Z,Books
cart_003083,user_08747,prod_0003,2,129.05,2023-12-25T00:00:00Z,Electronics
cart_003084,user_08748,prod_0097,3,18.05,2023-12-10T00:00:00Z,Automotive
cart_003084,user_08748,prod_0045,3,43.9,2023-12-09T00:00:00Z,Home & Kitchen
cart_003084,user_08748,prod_0010,3,91.19,2023-12-30T00:00:00Z,Electronics
cart_003084,user_08748,prod_0020,1,151.77,2023-12-27T00:00:00Z,Fashion
cart_003084,user_08748,prod_0051,2,141.01,2023-12-09T00:00:00Z,Books
cart_003084,user_08748,prod_0062,2,24.98,2023-12-08T00:00:00Z,Sports & Fitness
cart_003085,user_08754,prod_0067,1,278.13,2023-12-26T00:00:00Z,Sports & Fitness
cart_003085,user_08754,prod_0050,2,60.92,2023-12-15T00:00:00Z,Books
cart_003085,user_08754,prod_0055,3,259.21,2023-12-31T00:00:00Z,Books
cart_003085,user_08754,prod_0046,3,76.44,2023-12-18T00:00:00Z,Books
cart_003085,user_08754,prod_0086,1,12.29,2023-12-28T00:00:00Z,Toys & Games
cart_003085,user_08754,prod_0059,1,175.28,2023-12-03T00:00:00Z,Books
cart_003086,user_08756,prod_0063,1,266.74,2023-12-05T00:00:00Z,Sports & Fitness
cart_003087,user_08757,prod_0083,3,66.76,2023-12-28T00:00:00Z,Toys & Games
cart_003087,user_08757,prod_0046,1,76.44,2023-12-17T00:00:00Z,Books
cart_003087,user_08757,prod_0013,2,138.3,2023-12-13T00:00:00Z,Electronics
cart_003087,user_08757,prod_0050,3,60.92,2023-12-24T00:00:00Z,Books
cart_003088,user_08759,prod_0058,3,148.08,2023-12-30T00:00:00Z,Books
cart_003088,user_08759,prod_0052,2,258.24,2023-12-09T00:00:00Z,Books
cart_003088,user_08759,prod_0049,2,219.09,2023-12-23T00:00:00Z,Books
cart_003088,user_08759,prod_0030,1,229.02,2023-12-23T00:00:00Z,Fashion
cart_003088,user_08759,prod_0004,3,181.99,2023-12-22T00:00:00Z,Electronics
cart_003089,user_08761,prod_0090,2,246.24,2023-12-24T00:00:00Z,Toys & Games
cart_003090,user_08767,prod_0008,1,110.54,2023-12-13T00:00:00Z,Electronics
cart_003090,user_08767,prod_0086,3,12.29,2023-12-29T00:00:00Z,Toys & Games
cart_003090,user_08767,prod_0042,3,72.65,2023-12-05T00:00:00Z,Home & Kitchen
cart_003090,user_08767,prod_0010,2,91.19,2023-12-03T00:00:00Z,Electronics
cart_003090,user_08767,prod_0015,2,55.31,2023-12-15T00:00:00Z,Electronics
cart_003090,user_08767,prod_0085,3,74.6,2023-12-26T00:00:00Z,Toys & Games
cart_003091,user_08768,prod_0049,2,219.09,2023-12-23T00:00:00Z,Books
cart_003091,user_08768,prod_0016,3,84.36,2023-12-07T00:00:00Z,Fashion
cart_003091,user_08768,prod_0055,3,259.21,2024-01-01T00:00:00Z,Books
cart_003092,user_08773,prod_0065,3,81.67,2023-12-11T00:00:00Z,Sports & Fitness
cart_003092,user_08773,prod_0078,2,43.46,2023-12-18T00:00:00Z,Beauty
cart_003092,user_08773,prod_0044,2,25.83,2023-12-19T00:00:00Z,Home & Kitchen
cart_003092,user_08773,prod_0056,2,294.68,2023-12-22T00:00:00Z,Books
cart_003093,user_08776,prod_0087,2,126.04,2023-12-18T00:00:00Z,Toys & Games
cart_003093,user_08776,prod_0089,3,70.4,2023-12-12T00:00:00Z,Toys & Games
cart_003094,user_08778,prod_0067,3,278.13,2023-12-19T00:00:00Z,Sports & Fitness
cart_003094,user_08778,prod_0088,1,236.49,2023-12-13T00:00:00Z,Toys & Games
cart_003095,user_08780,prod_0016,1,84.36,2023-12-31T00:00:00Z,Fashion
cart_003095,user_08780,prod_0073,3,44.48,2023-12-30T00:00:00Z,Beauty
cart_003095,user_08780,prod_0025,3,129.12,2023-12-23T00:00:00Z,Fashion
cart_003095,user_08780,prod_0050,2,60.92,2024-01-01T00:00:00Z,Books
cart_003095,user_08780,prod_0080,3,282.84,2023-12-05T00:00:00Z,Beauty
cart_003095,user_08780,prod_0071,2,164.71,2023-12-30T00:00:00Z,Beauty
cart_003096,user_08783,prod_0001,3,192.99,2023-12-15T00:00:00Z,Electronics
cart_003097,user_08784,prod_0066,2,121.36,2023-12-26T00:00:00Z,Sports & Fitness
cart_003097,user_08784,prod_0001,3,192.99,2023-12-12T00:00:00Z,Electronics
cart_003097,user_08784,prod_0050,3,60.92,2023-12-03T00:00:00Z,Books
cart_003097,user_08784,prod_0048,2,258.97,2023-12-12T00:00:00Z,Books
cart_003097,user_08784,prod_0055,1,259.21,2023-12-04T00:00:00Z,Books
cart_003098,user_08789,prod_0094,1,290.3,2023-12-23T00:00:00Z,Automotive
cart_003099,user_08793,prod_0058,2,148.08,2023-12-26T00:00:00Z,Books
cart_003099,user_08793,prod_0054,2,254.52,2023-12-30T00:00:00Z,Books
cart_003099,user_08793,prod_0044,2,25.83,2023-12-26T00:00:00Z,Home & Kitchen
cart_003099,user_08793,prod_0090,2,246.24,2023-12-20T00:00:00Z,Toys & Games
cart_003100,user_08799,prod_0037,2,42.75,2023-12-07T00:00:00Z,Home & Kitchen
cart_003100,user_08799,prod_0100,1,200.04,2023-12-07T00:00:00Z,Automotive
cart_003100,user_08799,prod_0085,2,74.6,2023-12-30T00:00:00Z,Toys & Games
cart_003100,user_08799,prod_0040,1,202.48,2023-12-29T00:00:00Z,Home & Kitchen
cart_003101,user_08801,prod_0059,2,175.28,2023-12-24T00:00:00Z,Books
cart_003102,user_08808,prod_0063,2,266.74,2023-12-31T00:00:00Z,Sports & Fitness
cart_003103,user_08813,prod_0045,3,43.9,2023-12-10T00:00:00Z,Home & Kitchen
cart_003103,user_08813,prod_0057,2,209.8,2024-01-01T00:00:00Z,Books
cart_003103,user_08813,prod_0055,2,259.21,2023-12-23T00:00:00Z,Books
cart_003104,user_08815,prod_0013,2,138.3,2023-12-28T00:00:00Z,Electronics
cart_003104,user_08815,prod_0090,2,246.24,2023-12-26T00:00:00Z,Toys & Games
cart_003105,user_08817,prod_0054,1,254.52,2023-12-22T00:00:00Z,Books
cart_003105,user_08817,prod_0033,2,181.09,2023-12-20T00:00:00Z,Home & Kitchen
cart_003106,user_08818,prod_0070,1,263.51,2023-12-23T00:00:00Z,Sports & Fitness
cart_003106,user_08818,prod_0008,1,110.54,2023-12-19T00:00:00Z,Electronics
cart_003107,user_08819,prod_0008,1,110.54,2023-12-26T00:00:00Z,Electronics
cart_003107,user_08819,prod_0009,3,219.54,2023-12-25T00:00:00Z,Electronics
cart_003108,user_08820,prod_0009,2,219.54,2023-12-29T00:00:00Z,Electronics
cart_003108,user_08820,prod_0073,2,44.48,2023-12-26T00:00:00Z,Beauty
cart_003109,user_08821,prod_0045,1,43.9,2023-12-04T00:00:00Z,Home & Kitchen
cart_003109,user_08821,prod_0057,3,209.8,2023-12-03T00:00:00Z,Books
cart_003109,user_08821,prod_0005,1,137.07,2023-12-17T00:00:00Z,Electronics
cart_003109,user_08821,prod_0069,3,153.73,2023-12-27T00:00:00Z,Sports & Fitness
cart_003110,user_08828,prod_0072,2,245.23,2023-12-13T00:00:00Z,Beauty
cart_003111,user_08830,prod_0074,2,50.7,2023-12-23T00:00:00Z,Beauty
cart_003112,user_08837,prod_0033,1,181.09,2023-12-09T00:00:00Z,Home & Kitchen
cart_003112,user_08837,prod_0099,3,25.57,2023-12-31T00:00:00Z,Automotive
cart_003112,user_08837,prod_0048,2,258.97,2023-12-28T00:00:00Z,Books
cart_003112,user_08837,prod_0060,1,176.75,2023-12-08T00:00:00Z,Books
cart_003113,user_08839,prod_0014,1,66.6,2023-12-28T00:00:00Z,Electronics
cart_003113,user_08839,prod_0013,1,138.3,2023-12-05T00:00:00Z,Electronics
cart_003114,user_08840,prod_0063,1,266.74,2023-12-28T00:00:00Z,Sports & Fitness
cart_003114,user_08840,prod_0087,1,126.04,2023-12-22T00:00:00Z,Toys & Games
cart_003114,user_08840,prod_0025,1,129.12,2023-12-21T00:00:00Z,Fashion
cart_003114,user_08840,prod_0079,2,167.19,2023-12-28T00:00:00Z,Beauty
cart_003114,user_08840,prod_0070,1,263.51,2023-12-14T00:00:00Z,Sports & Fitness
cart_003114,user_08840,prod_0051,3,141.01,2023-12-31T00:00:00Z,Books
cart_003115,user_08849,prod_0038,3,160.14,2023-12-28T00:00:00Z,Home & Kitchen
cart_003115,user_08849,prod_0099,1,25.57,2023-12-14T00:00:00Z,Automotive
cart_003115,user_08849,prod_0082,1,17.3,2023-12-09T00:00:00Z,Toys & Games
cart_003116,user_08851,prod_0032,1,229.18,2023-12-23T00:00:00Z,Home & Kitchen
cart_003117,user_08852,prod_0091,1,61.78,2023-12-12T00:00:00Z,Automotive
cart_003117,user_08852,prod_0043,2,22.31,2023-12-08T00:00:00Z,Home & Kitchen
cart_003118,user_08854,prod_0045,3,43.9,2023-12-22T00:00:00Z,Home & Kitchen
cart_003118,user_08854,prod_0065,2,81.67,2023-12-17T00:00:00Z,Sports & Fitness
cart_003118,user_08854,prod_0031,3,92.74,2023-12-09T00:00:00Z,Home & Kitchen
cart_003118,user_08854,prod_0053,1,163.93,2023-12-11T00:00:00Z,Books
cart_003118,user_08854,prod_0020,1,151.77,2024-01-01T00:00:00Z,Fashion
cart_003118,user_08854,prod_0089,3,70.4,2023-12-20T00:00:00Z,Toys & Games
cart_003119,user_08855,prod_0026,2,142.61,2023-12-27T00:00:00Z,Fashion
cart_003119,user_08855,prod_0059,3,175.28,2023-12-22T00:00:00Z,Books
cart_003119,user_08855,prod_0049,1,219.09,2023-12-29T00:00:00Z,Books
cart_003119,user_08855,prod_0095,2,180.39,2023-12-10T00:00:00Z,Automotive
cart_003119,user_08855,prod_0035,3,75.82,2023-12-14T00:00:00Z,Home & Kitchen
cart_003119,user_08855,prod_0058,1,148.08,2023-12-07T00:00:00Z,Books
cart_003120,user_08856,prod_0075,1,64.86,2023-12-04T00:00:00Z,Beauty
cart_003120,user_08856,prod_0059,3,175.28,2023-12-06T00:00:00Z,Books
cart_003121,user_08857,prod_0079,3,167.19,2023-12-20T00:00:00Z,Beauty
cart_003121,user_08857,prod_0004,1,181.99,2023-12-31T00:00:00Z,Electronics
cart_003121,user_08857,prod_0006,1,51.94,2023-12-14T00:00:00Z,Electronics
cart_003121,user_08857,prod_0022,1,176.87,2023-12-02T00:00:00Z,Fashion
cart_003121,user_08857,prod_0019,3,273.46,2023-12-19T00:00:00Z,Fashion
cart_003121,user_08857,prod_0028,1,230.97,2023-12-25T00:00:00Z,Fashion
cart_003122,user_08858,prod_0095,3,180.39,2023-12-25T00:00:00Z,Automotive
cart_003122,user_08858,prod_0096,1,294.37,2023-12-29T00:00:00Z,Automotive
cart_003122,user_08858,prod_0005,2,137.07,2023-12-22T00:00:00Z,Electronics
cart_003122,user_08858,prod_0086,2,12.29,2023-12-15T00:00:00Z,Toys & Games
cart_003122,user_08858,prod_0006,2,51.94,2023-12-09T00:00:00Z,Electronics
cart_003123,user_08859,prod_0038,2,160.14,2023-12-14T00:00:00Z,Home & Kitchen
cart_003124,user_08862,prod_0019,2,273.46,2023-12-26T00:00:00Z,Fashion
cart_003124,user_08862,prod_0023,1,298.21,2023-12-26T00:00:00Z,Fashion
cart_003124,user_08862,prod_0098,3,163.3,2023-12-05T00:00:00Z,Automotive
cart_003124,user_08862,prod_0025,1,129.12,2023-12-28T00:00:00Z,Fashion
cart_003124,user_08862,prod_0073,2,44.48,2024-01-01T00:00:00Z,Beauty
cart_003124,user_08862,prod_0022,1,176.87,2023-12-27T00:00:00Z,Fashion
cart_003125,user_08867,prod_0054,3,254.52,2023-12-05T00:00:00Z,Books
cart_003125,user_08867,prod_0049,1,219.09,2024-01-01T00:00:00Z,Books
cart_003125,user_08867,prod_0048,1,258.97,2023-12-21T00:00:00Z,Books
cart_003125,user_08867,prod_0007,2,286.42,2023-12-13T00:00:00Z,Electronics
cart_003126,user_08870,prod_0075,1,64.86,2023-12-26T00:00:00Z,Beauty
cart_003126,user_08870,prod_0080,1,282.84,2023-12-26T00:00:00Z,Beauty
cart_003126,user_08870,prod_0071,2,164.71,2023-12-27T00:00:00Z,Beauty
cart_003127,user_08872,prod_0041,3,77.88,2023-12-13T00:00:00Z,Home & Kitchen
cart_003127,user_08872,prod_0053,1,163.93,2023-12-13T00:00:00Z,Books
cart_003127,user_08872,prod_0056,2,294.68,2023-12-14T00:00:00Z,Books
cart_003127,user_08872,prod_0005,3,137.07,2023-12-14T00:00:00Z,Electronics
cart_003127,user_08872,prod_0071,3,164.71,2023-12-23T00:00:00Z,Beauty
cart_003128,user_08876,prod_0048,3,258.97,2023-12-31T00:00:00Z,Books
cart_003128,user_08876,prod_0005,3,137.07,2023-12-25T00:00:00Z,Electronics
cart_003128,user_08876,prod_0002,3,46.02,2023-12-19T00:00:00Z,Electronics
cart_003129,user_08877,prod_0004,2,181.99,2023-12-13T00:00:00Z,Electronics
cart_003129,user_08877,prod_0079,2,167.19,2023-12-03T00:00:00Z,Beauty
cart_003130,user_08880,prod_0095,2,180.39,2023-12-05T00:00:00Z,Automotive
cart_003130,user_08880,prod_0070,3,263.51,2023-12-08T00:00:00Z,Sports & Fitness
cart_003130,user_08880,prod_0085,3,74.6,2023-12-30T00:00:00Z,Toys & Games
cart_003130,user_08880,prod_0008,2,110.54,2023-12-23T00:00:00Z,Electronics
cart_003130,user_08880,prod_0098,1,163.3,2023-12-14T00:00:00Z,Automotive
cart_003131,user_08883,prod_0028,1,230.97,2023-12-26T00:00:00Z,Fashion
cart_003131,user_08883,prod_0080,3,282.84,2023-12-27T00:00:00Z,Beauty
cart_003131,user_08883,prod_0076,3,78.83,2023-12-26T00:00:00Z,Beauty
cart_003131,user_08883,prod_0010,1,91.19,2023-12-07T00:00:00Z,Electronics
cart_003131,user_08883,prod_0097,1,18.05,2023-12-04T00:00:00Z,Automotive
cart_003132,user_08885,prod_0035,2,75.82,2023-12-09T00:00:00Z,Home & Kitchen
cart_003132,user_08885,prod_0088,2,236.49,2023-12-22T00:00:00Z,Toys & Games
cart_003132,user_08885,prod_0030,1,229.02,2023-12-02T00:00:00Z,Fashion
cart_003132,user_08885,prod_0058,1,148.08,2024-01-01T00:00:00Z,Books
cart_003133,user_08886,prod_0049,3,219.09,2024-01-01T00:00:00Z,Books
cart_003133,user_08886,prod_0091,3,61.78,2023-12-17T00:00:00Z,Automotive
cart_003134,user_08890,prod_0040,3,202.48,2023-12-25T00:00:00Z,Home & Kitchen
cart_003134,user_08890,prod_0023,3,298.21,2023-12-15T00:00:00Z,Fashion
cart_003134,user_08890,prod_0018,1,14.44,2023-12-23T00:00:00Z,Fashion
cart_003134,user_08890,prod_0003,2,129.05,2023-12-29T00:00:00Z,Electronics
cart_003134,user_08890,prod_0052,1,258.24,2023-12-06T00:00:00Z,Books
cart_003134,user_08890,prod_0029,2,138.39,2023-12-07T00:00:00Z,Fashion
cart_003135,user_08892,prod_0023,3,298.21,2023-12-02T00:00:00Z,Fashion
cart_003135,user_08892,prod_0021,2,46.05,2023-12-20T00:00:00Z,Fashion
cart_003136,user_08895,prod_0090,1,246.24,2023-12-23T00:00:00Z,Toys & Games
cart_003137,user_08899,prod_0099,3,25.57,2023-12-09T00:00:00Z,Automotive
cart_003138,user_08902,prod_0008,2,110.54,2023-12-06T00:00:00Z,Electronics
cart_003138,user_08902,prod_0048,1,258.97,2023-12-26T00:00:00Z,Books
cart_003138,user_08902,prod_0057,3,209.8,2023-12-29T00:00:00Z,Books
cart_003138,user_08902,prod_0092,2,87.06,2023-12-23T00:00:00Z,Automotive
cart_003139,user_08903,prod_0089,1,70.4,2024-01-01T00:00:00Z,Toys & Games
cart_003139,user_08903,prod_0036,2,147.88,2023-12-09T00:00:00Z,Home & Kitchen
cart_003139,user_08903,prod_0084,2,169.61,2023-12-06T00:00:00Z,Toys & Games
cart_003140,user_08905,prod_0032,2,229.18,2023-12-06T00:00:00Z,Home & Kitchen
cart_003141,user_08908,prod_0034,1,263.34,2023-12-19T00:00:00Z,Home & Kitchen
cart_003141,user_08908,prod_0040,2,202.48,2023-12-26T00:00:00Z,Home & Kitchen
cart_003141,user_08908,prod_0059,1,175.28,2023-12-03T00:00:00Z,Books
cart_003142,user_08909,prod_0068,3,298.55,2023-12-29T00:00:00Z,Sports & Fitness
cart_003142,user_08909,prod_0089,3,70.4,2023-12-29T00:00:00Z,Toys & Games
cart_003143,user_08913,prod_0015,3,55.31,2023-12-12T00:00:00Z,Electronics
cart_003143,user_08913,prod_0002,3,46.02,2023-12-15T00:00:00Z,Electronics
cart_003144,user_08916,prod_0070,1,263.51,2024-01-01T00:00:00Z,Sports & Fitness
cart_003144,user_08916,prod_0065,3,81.67,2023-12-09T00:00:00Z,Sports & Fitness
cart_003144,user_08916,prod_0075,2,64.86,2023-12-27T00:00:00Z,Beauty
cart_003144,user_08916,prod_0008,2,110.54,2023-12-25T00:00:00Z,Electronics
cart_003145,user_08917,prod_0030,3,229.02,2023-12-20T00:00:00Z,Fashion
cart_003145,user_08917,prod_0080,1,282.84,2023-12-14T00:00:00Z,Beauty
cart_003145,user_08917,prod_0078,2,43.46,2023-12-23T00:00:00Z,Beauty
cart_003145,user_08917,prod_0006,1,51.94,2023-12-09T00:00:00Z,Electronics
cart_003145,user_08917,prod_0022,3,176.87,2023-12-05T00:00:00Z,Fashion
cart_003146,user_08920,prod_0047,2,33.5,2023-12-29T00:00:00Z,Books
cart_003146,user_08920,prod_0050,2,60.92,2023-12-29T00:00:00Z,Books
cart_003146,user_08920,prod_0001,2,192.99,2023-12-02T00:00:00Z,Electronics
cart_003147,user_08922,prod_0086,3,12.29,2023-12-06T00:00:00Z,Toys & Games
cart_003147,user_08922,prod_0068,2,298.55,2023-12-02T00:00:00Z,Sports & Fitness
cart_003147,user_08922,prod_0059,2,175.28,2023-12-30T00:00:00Z,Books
cart_003148,user_08923,prod_0091,2,61.78,2023-12-25T00:00:00Z,Automotive
cart_003148,user_08923,prod_0027,1,8.38,2023-12-11T00:00:00Z,Fashion
cart_003148,user_08923,prod_0076,2,78.83,2023-12-28T00:00:00Z,Beauty
cart_003148,user_08923,prod_0062,1,24.98,2024-01-01T00:00:00Z,Sports & Fitness
cart_003148,user_08923,prod_0041,1,77.88,2023-12-30T00:00:00Z,Home & Kitchen
cart_003149,user_08926,prod_0051,2,141.01,2023-12-04T00:00:00Z,Books
cart_003149,user_08926,prod_0047,3,33.5,2023-12-15T00:00:00Z,Books
cart_003149,user_08926,prod_0060,1,176.75,2023-12-07T00:00:00Z,Books
cart_003150,user_08927,prod_0080,3,282.84,2023-12-04T00:00:00Z,Beauty
cart_003150,user_08927,prod_0059,3,175.28,2023-12-10T00:00:00Z,Books
cart_003151,user_08932,prod_0065,1,81.67,2023-12-21T00:00:00Z,Sports & Fitness
cart_003152,user_08933,prod_0026,3,142.61,2023-12-23T00:00:00Z,Fashion
cart_003152,user_08933,prod_0047,2,33.5,2023-12-04T00:00:00Z,Books
cart_003152,user_08933,prod_0062,1,24.98,2023-12-17T00:00:00Z,Sports & Fitness
cart_003152,user_08933,prod_0082,2,17.3,2023-12-19T00:00:00Z,Toys & Games
cart_003152,user_08933,prod_0054,3,254.52,2023-12-04T00:00:00Z,Books
cart_003153,user_08934,prod_0064,2,128.25,2023-12-17T00:00:00Z,Sports & Fitness
cart_003153,user_08934,prod_0058,2,148.08,2023-12-22T00:00:00Z,Books
cart_003153,user_08934,prod_0051,2,141.01,2023-12-11T00:00:00Z,Books
cart_003154,user_08941,prod_0058,2,148.08,2023-12-06T00:00:00Z,Books
cart_003154,user_08941,prod_0010,3,91.19,2023-12-08T00:00:00Z,Electronics
cart_003155,user_08944,prod_0032,2,229.18,2023-12-12T00:00:00Z,Home & Kitchen
cart_003155,user_08944,prod_0065,1,81.67,2024-01-01T00:00:00Z,Sports & Fitness
cart_003156,user_08947,prod_0067,3,278.13,2023-12-30T00:00:00Z,Sports & Fitness
cart_003156,user_08947,prod_0028,3,230.97,2023-12-02T00:00:00Z,Fashion
cart_003156,user_08947,prod_0005,3,137.07,2023-12-31T00:00:00Z,Electronics
cart_003156,user_08947,prod_0002,3,46.02,2023-12-17T00:00:00Z,Electronics
cart_003156,user_08947,prod_0032,1,229.18,2023-12-04T00:00:00Z,Home & Kitchen
cart_003156,user_08947,prod_0001,2,192.99,2023-12-28T00:00:00Z,Electronics
cart_003157,user_08951,prod_0011,3,212.14,2023-12-02T00:00:00Z,Electronics
cart_003158,user_08954,prod_0017,1,100.34,2023-12-29T00:00:00Z,Fashion
cart_003158,user_08954,prod_0069,2,153.73,2023-12-12T00:00:00Z,Sports & Fitness
cart_003158,user_08954,prod_0027,3,8.38,2023-12-31T00:00:00Z,Fashion
cart_003159,user_08957,prod_0072,1,245.23,2023-12-31T00:00:00Z,Beauty
cart_003159,user_08957,prod_0080,2,282.84,2024-01-01T00:00:00Z,Beauty
cart_003159,user_08957,prod_0065,3,81.67,2023-12-11T00:00:00Z,Sports & Fitness
cart_003159,user_08957,prod_0091,2,61.78,2023-12-09T00:00:00Z,Automotive
cart_003160,user_08958,prod_0033,2,181.09,2023-12-12T00:00:00Z,Home & Kitchen
cart_003160,user_08958,prod_0040,2,202.48,2023-12-20T00:00:00Z,Home & Kitchen
cart_003160,user_08958,prod_0046,3,76.44,2023-12-13T00:00:00Z,Books
cart_003161,user_08963,prod_0069,2,153.73,2023-12-18T00:00:00Z,Sports & Fitness
cart_003161,user_08963,prod_0086,2,12.29,2023-12-19T00:00:00Z,Toys & Games
cart_003161,user_08963,prod_0077,1,129.53,2023-12-29T00:00:00Z,Beauty
cart_003162,user_08968,prod_0041,2,77.88,2023-12-20T00:00:00Z,Home & Kitchen
cart_003163,user_08969,prod_0090,2,246.24,2023-12-05T00:00:00Z,Toys & Games
cart_003163,user_08969,prod_0048,1,258.97,2023-12-29T00:00:00Z,Books
cart_003164,user_08971,prod_0064,1,128.25,2023-12-09T00:00:00Z,Sports & Fitness
cart_003164,user_08971,prod_0055,3,259.21,2023-12-29T00:00:00Z,Books
cart_003164,user_08971,prod_0097,3,18.05,2023-12-13T00:00:00Z,Automotive
cart_003164,user_08971,prod_0015,1,55.31,2023-12-30T00:00:00Z,Electronics
cart_003165,user_08973,prod_0090,2,246.24,2023-12-30T00:00:00Z,Toys & Games
cart_003165,user_08973,prod_0041,2,77.88,2023-12-09T00:00:00Z,Home & Kitchen
cart_003165,user_08973,prod_0069,3,153.73,2023-12-10T00:00:00Z,Sports & Fitness
cart_003165,user_08973,prod_0040,1,202.48,2023-12-20T00:00:00Z,Home & Kitchen
cart_003165,user_08973,prod_0049,3,219.09,2023-12-14T00:00:00Z,Books
cart_003166,user_08974,prod_0067,3,278.13,2023-12-21T00:00:00Z,Sports & Fitness
cart_003166,user_08974,prod_0046,3,76.44,2023-12-06T00:00:00Z,Books
cart_003167,user_08975,prod_0038,1,160.14,2023-12-08T00:00:00Z,Home & Kitchen
cart_003167,user_08975,prod_0041,1,77.88,2023-12-23T00:00:00Z,Home & Kitchen
cart_003168,user_08976,prod_0018,1,14.44,2023-12-06T00:00:00Z,Fashion
cart_003168,user_08976,prod_0054,2,254.52,2023-12-24T00:00:00Z,Books
cart_003168,user_08976,prod_0022,1,176.87,2023-12-13T00:00:00Z,Fashion
cart_003168,user_08976,prod_0032,1,229.18,2023-12-11T00:00:00Z,Home & Kitchen
cart_003168,user_08976,prod_0085,3,74.6,2023-12-06T00:00:00Z,Toys & Games
cart_003168,user_08976,prod_0016,3,84.36,2023-12-21T00:00:00Z,Fashion
cart_003169,user_08979,prod_0057,2,209.8,2023-12-03T00:00:00Z,Books
cart_003169,user_08979,prod_0055,1,259.21,2023-12-24T00:00:00Z,Books
cart_003169,user_08979,prod_0050,3,60.92,2023-12-06T00:00:00Z,Books
cart_003169,user_08979,prod_0077,1,129.53,2023-12-04T00:00:00Z,Beauty
cart_003169,user_08979,prod_0058,2,148.08,2023-12-08T00:00:00Z,Books
cart_003170,user_08983,prod_0080,2,282.84,2023-12-03T00:00:00Z,Beauty
cart_003170,user_08983,prod_0047,2,33.5,2023-12-18T00:00:00Z,Books
cart_003170,user_08983,prod_0066,2,121.36,2023-12-14T00:00:00Z,Sports & Fitness
cart_003170,user_08983,prod_0024,1,18.85,2023-12-05T00:00:00Z,Fashion
cart_003170,user_08983,prod_0063,2,266.74,2023-12-03T00:00:00Z,Sports & Fitness
cart_003170,user_08983,prod_0071,2,164.71,2023-12-12T00:00:00Z,Beauty
cart_003171,user_08984,prod_0068,3,298.55,2023-12-27T00:00:00Z,Sports & Fitness
cart_003171,user_08984,prod_0074,3,50.7,2023-12-20T00:00:00Z,Beauty
cart_003171,user_08984,prod_0076,1,78.83,2023-12-22T00:00:00Z,Beauty
cart_003171,user_08984,prod_0036,3,147.88,2023-12-23T00:00:00Z,Home & Kitchen
cart_003171,user_08984,prod_0066,1,121.36,2023-12-10T00:00:00Z,Sports & Fitness
cart_003171,user_08984,prod_0067,3,278.13,2023-12-22T00:00:00Z,Sports & Fitness
cart_003172,user_08990,prod_0005,2,137.07,2023-12-16T00:00:00Z,Electronics
cart_003172,user_08990,prod_0079,1,167.19,2023-12-04T00:00:00Z,Beauty
cart_003173,user_08992,prod_0048,3,258.97,2023-12-05T00:00:00Z,Books
cart_003173,user_08992,prod_0032,2,229.18,2023-12-08T00:00:00Z,Home & Kitchen
cart_003173,user_08992,prod_0067,3,278.13,2024-01-01T00:00:00Z,Sports & Fitness
cart_003173,user_08992,prod_0049,3,219.09,2023-12-21T00:00:00Z,Books
cart_003173,user_08992,prod_0023,2,298.21,2023-12-20T00:00:00Z,Fashion
cart_003174,user_08995,prod_0051,1,141.01,2023-12-19T00:00:00Z,Books
cart_003174,user_08995,prod_0093,2,253.04,2023-12-20T00:00:00Z,Automotive
cart_003174,user_08995,prod_0010,3,91.19,2023-12-11T00:00:00Z,Electronics
cart_003174,user_08995,prod_0017,3,100.34,2023-12-29T00:00:00Z,Fashion
cart_003175,user_09002,prod_0047,3,33.5,2023-12-07T00:00:00Z,Books
cart_003175,user_09002,prod_0070,3,263.51,2023-12-22T00:00:00Z,Sports & Fitness
cart_003175,user_09002,prod_0051,2,141.01,2023-12-14T00:00:00Z,Books
cart_003175,user_09002,prod_0058,1,148.08,2023-12-30T00:00:00Z,Books
cart_003176,user_09003,prod_0024,2,18.85,2023-12-07T00:00:00Z,Fashion
cart_003177,user_09006,prod_0034,3,263.34,2023-12-24T00:00:00Z,Home & Kitchen
cart_003177,user_09006,prod_0054,1,254.52,2023-12-09T00:00:00Z,Books
cart_003177,user_09006,prod_0012,1,294.66,2023-12-10T00:00:00Z,Electronics
cart_003177,user_09006,prod_0058,3,148.08,2023-12-18T00:00:00Z,Books
cart_003178,user_09008,prod_0011,3,212.14,2023-12-03T00:00:00Z,Electronics
cart_003178,user_09008,prod_0005,1,137.07,2023-12-03T00:00:00Z,Electronics
cart_003178,user_09008,prod_0090,3,246.24,2023-12-08T00:00:00Z,Toys & Games
cart_003178,user_09008,prod_0083,3,66.76,2023-12-17T00:00:00Z,Toys & Games
cart_003178,user_09008,prod_0087,2,126.04,2023-12-09T00:00:00Z,Toys & Games
cart_003178,user_09008,prod_0089,2,70.4,2023-12-26T00:00:00Z,Toys & Games
cart_003179,user_09013,prod_0076,2,78.83,2023-12-12T00:00:00Z,Beauty
cart_003179,user_09013,prod_0025,2,129.12,2023-12-03T00:00:00Z,Fashion
cart_003179,user_09013,prod_0002,3,46.02,2023-12-19T00:00:00Z,Electronics
cart_003179,user_09013,prod_0017,3,100.34,2023-12-26T00:00:00Z,Fashion
cart_003179,user_09013,prod_0021,3,46.05,2023-12-17T00:00:00Z,Fashion
cart_003180,user_09014,prod_0047,1,33.5,2023-12-23T00:00:00Z,Books
cart_003180,user_09014,prod_0091,2,61.78,2023-12-05T00:00:00Z,Automotive
cart_003180,user_09014,prod_0001,1,192.99,2023-12-14T00:00:00Z,Electronics
cart_003180,user_09014,prod_0007,3,286.42,2023-12-25T00:00:00Z,Electronics
cart_003180,user_09014,prod_0090,1,246.24,2023-12-16T00:00:00Z,Toys & Games
cart_003180,user_09014,prod_0035,1,75.82,2023-12-02T00:00:00Z,Home & Kitchen
cart_003181,user_09015,prod_0004,2,181.99,2023-12-03T00:00:00Z,Electronics
cart_003181,user_09015,prod_0006,3,51.94,2023-12-07T00:00:00Z,Electronics
cart_003181,user_09015,prod_0092,1,87.06,2023-12-19T00:00:00Z,Automotive
cart_003181,user_09015,prod_0050,1,60.92,2023-12-13T00:00:00Z,Books
cart_003182,user_09016,prod_0064,1,128.25,2023-12-23T00:00:00Z,Sports & Fitness
cart_003182,user_09016,prod_0048,1,258.97,2023-12-06T00:00:00Z,Books
cart_003182,user_09016,prod_0020,2,151.77,2023-12-26T00:00:00Z,Fashion
cart_003182,user_09016,prod_0078,1,43.46,2023-12-13T00:00:00Z,Beauty
cart_003183,user_09017,prod_0094,3,290.3,2023-12-29T00:00:00Z,Automotive
cart_003183,user_09017,prod_0064,3,128.25,2023-12-25T00:00:00Z,Sports & Fitness
cart_003183,user_09017,prod_0003,3,129.05,2023-12-30T00:00:00Z,Electronics
cart_003183,user_09017,prod_0041,3,77.88,2023-12-20T00:00:00Z,Home & Kitchen
cart_003183,user_09017,prod_0053,2,163.93,2023-12-11T00:00:00Z,Books
cart_003184,user_09018,prod_0006,3,51.94,2023-12-25T00:00:00Z,Electronics
cart_003184,user_09018,prod_0001,1,192.99,2023-12-05T00:00:00Z,Electronics
cart_003184,user_09018,prod_0055,1,259.21,2023-12-10T00:00:00Z,Books
cart_003184,user_09018,prod_0028,2,230.97,2023-12-06T00:00:00Z,Fashion
cart_003184,user_09018,prod_0012,1,294.66,2024-01-01T00:00:00Z,Electronics
cart_003185,user_09022,prod_0026,3,142.61,2023-12-12T00:00:00Z,Fashion
cart_003185,user_09022,prod_0029,1,138.39,2023-12-02T00:00:00Z,Fashion
cart_003185,user_09022,prod_0074,3,50.7,2023-12-09T00:00:00Z,Beauty
cart_003185,user_09022,prod_0077,3,129.53,2023-12-04T00:00:00Z,Beauty
cart_003186,user_09027,prod_0001,2,192.99,2023-12-10T00:00:00Z,Electronics
cart_003186,user_09027,prod_0085,3,74.6,2023-12-22T00:00:00Z,Toys & Games
cart_003187,user_09028,prod_0070,3,263.51,2023-12-31T00:00:00Z,Sports & Fitness
cart_003187,user_09028,prod_0014,1,66.6,2023-12-30T00:00:00Z,Electronics
cart_003187,user_09028,prod_0051,3,141.01,2023-12-14T00:00:00Z,Books
cart_003188,user_09029,prod_0037,1,42.75,2023-12-17T00:00:00Z,Home & Kitchen
cart_003188,user_09029,prod_0051,1,141.01,2023-12-11T00:00:00Z,Books
cart_003188,user_09029,prod_0033,1,181.09,2023-12-10T00:00:00Z,Home & Kitchen
cart_003188,user_09029,prod_0042,1,72.65,2023-12-09T00:00:00Z,Home & Kitchen
cart_003188,user_09029,prod_0032,3,229.18,2023-12-26T00:00:00Z,Home & Kitchen
cart_003189,user_09032,prod_0050,3,60.92,2023-12-11T00:00:00Z,Books
cart_003189,user_09032,prod_0091,2,61.78,2023-12-31T00:00:00Z,Automotive
cart_003189,user_09032,prod_0082,2,17.3,2023-12-11T00:00:00Z,Toys & Games
cart_003189,user_09032,prod_0009,1,219.54,2023-12-11T00:00:00Z,Electronics
cart_003190,user_09034,prod_0059,2,175.28,2023-12-02T00:00:00Z,Books
cart_003190,user_09034,prod_0008,3,110.54,2023-12-25T00:00:00Z,Electronics
cart_003190,user_09034,prod_0077,2,129.53,2023-12-27T00:00:00Z,Beauty
cart_003191,user_09035,prod_0047,3,33.5,2023-12-03T00:00:00Z,Books
cart_003191,user_09035,prod_0053,2,163.93,2023-12-07T00:00:00Z,Books
cart_003191,user_09035,prod_0068,1,298.55,2023-12-16T00:00:00Z,Sports & Fitness
cart_003191,user_09035,prod_0067,2,278.13,2023-12-04T00:00:00Z,Sports & Fitness
cart_003192,user_09038,prod_0022,3,176.87,2023-12-28T00:00:00Z,Fashion
cart_003192,user_09038,prod_0071,3,164.71,2023-12-26T00:00:00Z,Beauty
cart_003192,user_09038,prod_0059,2,175.28,2023-12-08T00:00:00Z,Books
cart_003192,user_09038,prod_0025,1,129.12,2023-12-25T00:00:00Z,Fashion
cart_003193,user_09039,prod_0043,2,22.31,2023-12-26T00:00:00Z,Home & Kitchen
cart_003193,user_09039,prod_0055,2,259.21,2023-12-22T00:00:00Z,Books
cart_003193,user_09039,prod_0077,3,129.53,2023-12-27T00:00:00Z,Beauty
cart_003194,user_09042,prod_0044,3,25.83,2023-12-22T00:00:00Z,Home & Kitchen
cart_003194,user_09042,prod_0039,2,227.05,2023-12-26T00:00:00Z,Home & Kitchen
cart_003194,user_09042,prod_0037,1,42.75,2023-12-29T00:00:00Z,Home & Kitchen
cart_003194,user_09042,prod_0057,3,209.8,2023-12-09T00:00:00Z,Books
cart_003195,user_09044,prod_0090,2,246.24,2023-12-28T00:00:00Z,Toys & Games
cart_003195,user_09044,prod_0005,2,137.07,2023-12-21T00:00:00Z,Electronics
cart_003195,user_09044,prod_0041,1,77.88,2024-01-01T00:00:00Z,Home & Kitchen
cart_003195,user_09044,prod_0002,3,46.02,2023-12-22T00:00:00Z,Electronics
cart_003195,user_09044,prod_0088,2,236.49,2023-12-17T00:00:00Z,Toys & Games
cart_003196,user_09050,prod_0060,3,176.75,2023-12-10T00:00:00Z,Books
cart_003196,user_09050,prod_0093,2,253.04,2023-12-13T00:00:00Z,Automotive
cart_003196,user_09050,prod_0076,2,78.83,2023-12-13T00:00:00Z,Beauty
cart_003196,user_09050,prod_0034,1,263.34,2023-12-20T00:00:00Z,Home & Kitchen
cart_003196,user_09050,prod_0052,2,258.24,2023-12-29T00:00:00Z,Books
cart_003197,user_09060,prod_0073,3,44.48,2023-12-21T00:00:00Z,Beauty
cart_003197,user_09060,prod_0022,2,176.87,2023-12-24T00:00:00Z,Fashion
cart_003197,user_09060,prod_0077,1,129.53,2023-12-24T00:00:00Z,Beauty
cart_003197,user_09060,prod_0049,1,219.09,2023-12-22T00:00:00Z,Books
cart_003198,user_09061,prod_0005,2,137.07,2023-12-12T00:00:00Z,Electronics
cart_003198,user_09061,prod_0003,2,129.05,2023-12-03T00:00:00Z,Electronics
cart_003199,user_09062,prod_0059,1,175.28,2023-12-03T00:00:00Z,Books
cart_003200,user_09067,prod_0088,3,236.49,2023-12-26T00:00:00Z,Toys & Games
cart_003200,user_09067,prod_0051,3,141.01,2023-12-04T00:00:00Z,Books
cart_003200,user_09067,prod_0083,2,66.76,2023-12-18T00:00:00Z,Toys & Games
cart_003200,user_09067,prod_0042,3,72.65,2023-12-12T00:00:00Z,Home & Kitchen
cart_003200,user_09067,prod_0046,3,76.44,2023-12-06T00:00:00Z,Books
cart_003201,user_09070,prod_0018,1,14.44,2023-12-16T00:00:00Z,Fashion
cart_003201,user_09070,prod_0003,2,129.05,2023-12-25T00:00:00Z,Electronics
cart_003201,user_09070,prod_0071,2,164.71,2023-12-18T00:00:00Z,Beauty
cart_003202,user_09072,prod_0011,2,212.14,2023-12-02T00:00:00Z,Electronics
cart_003202,user_09072,prod_0049,3,219.09,2023-12-05T00:00:00Z,Books
cart_003203,user_09073,prod_0089,2,70.4,2023-12-08T00:00:00Z,Toys & Games
cart_003203,user_09073,prod_0036,2,147.88,2023-12-30T00:00:00Z,Home & Kitchen
cart_003203,user_09073,prod_0032,1,229.18,2023-12-12T00:00:00Z,Home & Kitchen
cart_003203,user_09073,prod_0055,1,259.21,2023-12-17T00:00:00Z,Books
cart_003203,user_09073,prod_0058,2,148.08,2023-12-18T00:00:00Z,Books
cart_003203,user_09073,prod_0035,1,75.82,2023-12-31T00:00:00Z,Home & Kitchen
cart_003204,user_09079,prod_0050,2,60.92,2023-12-26T00:00:00Z,Books
cart_003204,user_09079,prod_0023,1,298.21,2023-12-29T00:00:00Z,Fashion
cart_003205,user_09080,prod_0079,3,167.19,2024-01-01T00:00:00Z,Beauty
cart_003205,user_09080,prod_0044,2,25.83,2023-12-25T00:00:00Z,Home & Kitchen
cart_003206,user_09082,prod_0017,3,100.34,2023-12-30T00:00:00Z,Fashion
cart_003206,user_09082,prod_0071,3,164.71,2023-12-12T00:00:00Z,Beauty
cart_003206,user_09082,prod_0077,3,129.53,2023-12-05T00:00:00Z,Beauty
cart_003206,user_09082,prod_0073,3,44.48,2023-12-28T00:00:00Z,Beauty
cart_003206,user_09082,prod_0092,3,87.06,2024-01-01T00:00:00Z,Automotive
cart_003206,user_09082,prod_0072,2,245.23,2023-12-08T00:00:00Z,Beauty
cart_003207,user_09084,prod_0100,2,200.04,2023-12-05T00:00:00Z,Automotive
cart_003207,user_09084,prod_0003,1,129.05,2023-12-29T00:00:00Z,Electronics
cart_003207,user_09084,prod_0092,2,87.06,2023-12-16T00:00:00Z,Automotive
cart_003207,user_09084,prod_0081,2,250.37,2023-12-28T00:00:00Z,Toys & Games
cart_003207,user_09084,prod_0047,1,33.5,2023-12-11T00:00:00Z,Books
cart_003207,user_09084,prod_0005,3,137.07,2023-12-07T00:00:00Z,Electronics
cart_003208,user_09087,prod_0007,2,286.42,2023-12-26T00:00:00Z,Electronics
cart_003208,user_09087,prod_0072,2,245.23,2023-12-28T00:00:00Z,Beauty
cart_003208,user_09087,prod_0055,1,259.21,2023-12-16T00:00:00Z,Books
cart_003209,user_09090,prod_0009,3,219.54,2023-12-12T00:00:00Z,Electronics
cart_003209,user_09090,prod_0013,3,138.3,2023-12-20T00:00:00Z,Electronics
cart_003209,user_09090,prod_0082,2,17.3,2023-12-25T00:00:00Z,Toys & Games
cart_003209,user_09090,prod_0015,3,55.31,2023-12-13T00:00:00Z,Electronics
cart_003210,user_09094,prod_0100,2,200.04,2023-12-17T00:00:00Z,Automotive
cart_003210,user_09094,prod_0002,2,46.02,2023-12-08T00:00:00Z,Electronics
cart_003210,user_09094,prod_0099,3,25.57,2023-12-15T00:00:00Z,Automotive
cart_003210,user_09094,prod_0092,3,87.06,2023-12-15T00:00:00Z,Automotive
cart_003210,user_09094,prod_0050,3,60.92,2023-12-19T00:00:00Z,Books
cart_003211,user_09099,prod_0084,1,169.61,2023-12-28T00:00:00Z,Toys & Games
cart_003211,user_09099,prod_0065,2,81.67,2023-12-30T00:00:00Z,Sports & Fitness
cart_003211,user_09099,prod_0051,3,141.01,2023-12-24T00:00:00Z,Books
cart_003211,user_09099,prod_0007,2,286.42,2023-12-26T00:00:00Z,Electronics
cart_003212,user_09102,prod_0099,3,25.57,2023-12-19T00:00:00Z,Automotive
cart_003212,user_09102,prod_0047,3,33.5,2023-12-29T00:00:00Z,Books
cart_003212,user_09102,prod_0049,2,219.09,2023-12-24T00:00:00Z,Books
cart_003212,user_09102,prod_0083,3,66.76,2023-12-05T00:00:00Z,Toys & Games
cart_003212,user_09102,prod_0035,1,75.82,2023-12-30T00:00:00Z,Home & Kitchen
cart_003213,user_09104,prod_0063,1,266.74,2023-12-07T00:00:00Z,Sports & Fitness
cart_003213,user_09104,prod_0064,2,128.25,2023-12-31T00:00:00Z,Sports & Fitness
cart_003213,user_09104,prod_0067,2,278.13,2023-12-28T00:00:00Z,Sports & Fitness
cart_003214,user_09105,prod_0030,1,229.02,2023-12-15T00:00:00Z,Fashion
cart_003214,user_09105,prod_0077,1,129.53,2023-12-12T00:00:00Z,Beauty
cart_003214,user_09105,prod_0075,3,64.86,2023-12-11T00:00:00Z,Beauty
cart_003214,user_09105,prod_0099,1,25.57,2023-12-08T00:00:00Z,Automotive
cart_003214,user_09105,prod_0014,1,66.6,2023-12-19T00:00:00Z,Electronics
cart_003214,user_09105,prod_0079,1,167.19,2023-12-09T00:00:00Z,Beauty
cart_003215,user_09107,prod_0074,3,50.7,2023-12-23T00:00:00Z,Beauty
cart_003215,user_09107,prod_0067,2,278.13,2023-12-28T00:00:00Z,Sports & Fitness
cart_003215,user_09107,prod_0063,1,266.74,2023-12-07T00:00:00Z,Sports & Fitness
cart_003215,user_09107,prod_0077,2,129.53,2023-12-27T00:00:00Z,Beauty
cart_003216,user_09122,prod_0008,1,110.54,2023-12-24T00:00:00Z,Electronics
cart_003216,user_09122,prod_0058,3,148.08,2023-12-23T00:00:00Z,Books
cart_003216,user_09122,prod_0071,1,164.71,2023-12-26T00:00:00Z,Beauty
cart_003216,user_09122,prod_0005,1,137.07,2023-12-19T00:00:00Z,Electronics
cart_003217,user_09123,prod_0083,3,66.76,2023-12-04T00:00:00Z,Toys & Games
cart_003217,user_09123,prod_0016,1,84.36,2023-12-15T00:00:00Z,Fashion
cart_003217,user_09123,prod_0071,3,164.71,2023-12-21T00:00:00Z,Beauty
cart_003217,user_09123,prod_0060,1,176.75,2023-12-15T00:00:00Z,Books
cart_003217,user_09123,prod_0023,1,298.21,2023-12-20T00:00:00Z,Fashion
cart_003217,user_09123,prod_0078,3,43.46,2023-12-08T00:00:00Z,Beauty
cart_003218,user_09135,prod_0065,2,81.67,2023-12-22T00:00:00Z,Sports & Fitness
cart_003218,user_09135,prod_0008,2,110.54,2023-12-30T00:00:00Z,Electronics
cart_003218,user_09135,prod_0071,2,164.71,2023-12-28T00:00:00Z,Beauty
cart_003218,user_09135,prod_0077,1,129.53,2023-12-28T00:00:00Z,Beauty
cart_003219,user_09139,prod_0013,2,138.3,2023-12-20T00:00:00Z,Electronics
cart_003219,user_09139,prod_0058,2,148.08,2023-12-13T00:00:00Z,Books
cart_003219,user_09139,prod_0059,2,175.28,2023-12-15T00:00:00Z,Books
cart_003219,user_09139,prod_0046,2,76.44,2023-12-09T00:00:00Z,Books
cart_003219,user_09139,prod_0036,1,147.88,2023-12-07T00:00:00Z,Home & Kitchen
cart_003220,user_09140,prod_0035,2,75.82,2023-12-19T00:00:00Z,Home & Kitchen
cart_003220,user_09140,prod_0006,3,51.94,2023-12-26T00:00:00Z,Electronics
cart_003220,user_09140,prod_0012,1,294.66,2023-12-16T00:00:00Z,Electronics
cart_003221,user_09141,prod_0018,2,14.44,2023-12-10T00:00:00Z,Fashion
cart_003221,user_09141,prod_0076,2,78.83,2023-12-29T00:00:00Z,Beauty
cart_003221,user_09141,prod_0057,2,209.8,2023-12-12T00:00:00Z,Books
cart_003221,user_09141,prod_0065,2,81.67,2023-12-12T00:00:00Z,Sports & Fitness
cart_003222,user_09147,prod_0082,1,17.3,2023-12-21T00:00:00Z,Toys & Games
cart_003222,user_09147,prod_0090,1,246.24,2023-12-19T00:00:00Z,Toys & Games
cart_003223,user_09148,prod_0005,2,137.07,2024-01-01T00:00:00Z,Electronics
cart_003223,user_09148,prod_0033,2,181.09,2023-12-20T00:00:00Z,Home & Kitchen
cart_003223,user_09148,prod_0057,2,209.8,2023-12-14T00:00:00Z,Books
cart_003223,user_09148,prod_0022,3,176.87,2023-12-29T00:00:00Z,Fashion
cart_003223,user_09148,prod_0055,1,259.21,2023-12-14T00:00:00Z,Books
cart_003224,user_09149,prod_0014,3,66.6,2023-12-29T00:00:00Z,Electronics
cart_003224,user_09149,prod_0060,3,176.75,2023-12-05T00:00:00Z,Books
cart_003224,user_09149,prod_0015,1,55.31,2023-12-06T00:00:00Z,Electronics
cart_003224,user_09149,prod_0075,2,64.86,2023-12-05T00:00:00Z,Beauty
cart_003224,user_09149,prod_0023,3,298.21,2023-12-13T00:00:00Z,Fashion
cart_003225,user_09152,prod_0051,2,141.01,2023-12-06T00:00:00Z,Books
cart_003226,user_09154,prod_0059,3,175.28,2023-12-04T00:00:00Z,Books
cart_003226,user_09154,prod_0070,3,263.51,2023-12-08T00:00:00Z,Sports & Fitness
cart_003226,user_09154,prod_0017,1,100.34,2023-12-06T00:00:00Z,Fashion
cart_003226,user_09154,prod_0055,2,259.21,2023-12-28T00:00:00Z,Books
cart_003227,user_09156,prod_0059,2,175.28,2023-12-29T00:00:00Z,Books
cart_003227,user_09156,prod_0020,2,151.77,2023-12-24T00:00:00Z,Fashion
cart_003227,user_09156,prod_0099,1,25.57,2023-12-02T00:00:00Z,Automotive
cart_003227,user_09156,prod_0001,2,192.99,2023-12-02T00:00:00Z,Electronics
cart_003227,user_09156,prod_0007,2,286.42,2023-12-31T00:00:00Z,Electronics
cart_003227,user_09156,prod_0053,1,163.93,2023-12-02T00:00:00Z,Books
cart_003228,user_09165,prod_0014,2,66.6,2023-12-03T00:00:00Z,Electronics
cart_003228,user_09165,prod_0012,2,294.66,2023-12-02T00:00:00Z,Electronics
cart_003228,user_09165,prod_0001,1,192.99,2023-12-27T00:00:00Z,Electronics
cart_003229,user_09166,prod_0071,2,164.71,2023-12-09T00:00:00Z,Beauty
cart_003229,user_09166,prod_0098,2,163.3,2023-12-20T00:00:00Z,Automotive
cart_003229,user_09166,prod_0030,2,229.02,2023-12-09T00:00:00Z,Fashion
cart_003229,user_09166,prod_0065,2,81.67,2023-12-20T00:00:00Z,Sports & Fitness
cart_003230,user_09167,prod_0086,3,12.29,2023-12-10T00:00:00Z,Toys & Games
cart_003231,user_09169,prod_0004,2,181.99,2023-12-29T00:00:00Z,Electronics
cart_003231,user_09169,prod_0025,3,129.12,2023-12-27T00:00:00Z,Fashion
cart_003231,user_09169,prod_0038,3,160.14,2023-12-12T00:00:00Z,Home & Kitchen
cart_003231,user_09169,prod_0056,2,294.68,2023-12-21T00:00:00Z,Books
cart_003231,user_09169,prod_0010,2,91.19,2023-12-28T00:00:00Z,Electronics
cart_003232,user_09170,prod_0009,3,219.54,2023-12-12T00:00:00Z,Electronics
cart_003232,user_09170,prod_0030,1,229.02,2023-12-17T00:00:00Z,Fashion
cart_003232,user_09170,prod_0046,3,76.44,2024-01-01T00:00:00Z,Books
cart_003232,user_09170,prod_0095,1,180.39,2023-12-26T00:00:00Z,Automotive
cart_003233,user_09171,prod_0004,1,181.99,2023-12-29T00:00:00Z,Electronics
cart_003233,user_09171,prod_0015,2,55.31,2023-12-15T00:00:00Z,Electronics
cart_003233,user_09171,prod_0088,1,236.49,2023-12-24T00:00:00Z,Toys & Games
cart_003233,user_09171,prod_0007,3,286.42,2023-12-13T00:00:00Z,Electronics
cart_003233,user_09171,prod_0050,1,60.92,2023-12-09T00:00:00Z,Books
cart_003233,user_09171,prod_0077,1,129.53,2023-12-20T00:00:00Z,Beauty
cart_003234,user_09172,prod_0080,1,282.84,2023-12-13T00:00:00Z,Beauty
cart_003234,user_09172,prod_0046,3,76.44,2023-12-20T00:00:00Z,Books
cart_003234,user_09172,prod_0024,3,18.85,2023-12-06T00:00:00Z,Fashion
cart_003234,user_09172,prod_0022,1,176.87,2023-12-15T00:00:00Z,Fashion
cart_003235,user_09173,prod_0013,3,138.3,2023-12-25T00:00:00Z,Electronics
cart_003235,user_09173,prod_0023,3,298.21,2023-12-08T00:00:00Z,Fashion
cart_003235,user_09173,prod_0095,2,180.39,2023-12-15T00:00:00Z,Automotive
cart_003236,user_09174,prod_0079,1,167.19,2023-12-31T00:00:00Z,Beauty
cart_003236,user_09174,prod_0076,3,78.83,2023-12-03T00:00:00Z,Beauty
cart_003236,user_09174,prod_0087,2,126.04,2023-12-21T00:00:00Z,Toys & Games
cart_003236,user_09174,prod_0096,1,294.37,2023-12-04T00:00:00Z,Automotive
cart_003236,user_09174,prod_0066,2,121.36,2023-12-09T00:00:00Z,Sports & Fitness
cart_003237,user_09179,prod_0013,2,138.3,2023-12-02T00:00:00Z,Electronics
cart_003237,user_09179,prod_0023,3,298.21,2023-12-10T00:00:00Z,Fashion
cart_003238,user_09180,prod_0022,1,176.87,2023-12-30T00:00:00Z,Fashion
cart_003238,user_09180,prod_0081,2,250.37,2023-12-07T00:00:00Z,Toys & Games
cart_003238,user_09180,prod_0024,1,18.85,2023-12-18T00:00:00Z,Fashion
cart_003238,user_09180,prod_0061,1,287.47,2023-12-13T00:00:00Z,Sports & Fitness
cart_003238,user_09180,prod_0050,1,60.92,2023-12-20T00:00:00Z,Books
cart_003238,user_09180,prod_0091,1,61.78,2023-12-10T00:00:00Z,Automotive
cart_003239,user_09182,prod_0060,3,176.75,2023-12-09T00:00:00Z,Books
cart_003239,user_09182,prod_0059,3,175.28,2023-12-19T00:00:00Z,Books
cart_003239,user_09182,prod_0002,3,46.02,2023-12-11T00:00:00Z,Electronics
cart_003239,user_09182,prod_0050,3,60.92,2023-12-05T00:00:00Z,Books
cart_003239,user_09182,prod_0052,1,258.24,2023-12-22T00:00:00Z,Books
cart_003239,user_09182,prod_0053,3,163.93,2023-12-19T00:00:00Z,Books
cart_003240,user_09183,prod_0001,1,192.99,2023-12-07T00:00:00Z,Electronics
cart_003240,user_09183,prod_0005,2,137.07,2023-12-17T00:00:00Z,Electronics
cart_003240,user_09183,prod_0084,2,169.61,2023-12-20T00:00:00Z,Toys & Games
cart_003240,user_09183,prod_0025,1,129.12,2023-12-22T00:00:00Z,Fashion
cart_003240,user_09183,prod_0006,3,51.94,2023-12-03T00:00:00Z,Electronics
cart_003241,user_09186,prod_0064,2,128.25,2023-12-08T00:00:00Z,Sports & Fitness
cart_003241,user_09186,prod_0072,1,245.23,2023-12-22T00:00:00Z,Beauty
cart_003242,user_09191,prod_0015,3,55.31,2023-12-06T00:00:00Z,Electronics
cart_003242,user_09191,prod_0036,2,147.88,2023-12-18T00:00:00Z,Home & Kitchen
cart_003242,user_09191,prod_0082,3,17.3,2023-12-20T00:00:00Z,Toys & Games
cart_003243,user_09192,prod_0076,1,78.83,2023-12-12T00:00:00Z,Beauty
cart_003243,user_09192,prod_0061,2,287.47,2023-12-06T00:00:00Z,Sports & Fitness
cart_003243,user_09192,prod_0077,1,129.53,2023-12-17T00:00:00Z,Beauty
cart_003243,user_09192,prod_0025,1,129.12,2023-12-15T00:00:00Z,Fashion
cart_003244,user_09193,prod_0087,3,126.04,2023-12-08T00:00:00Z,Toys & Games
cart_003244,user_09193,prod_0099,3,25.57,2023-12-10T00:00:00Z,Automotive
cart_003244,user_09193,prod_0072,2,245.23,2023-12-19T00:00:00Z,Beauty
cart_003245,user_09194,prod_0085,2,74.6,2023-12-19T00:00:00Z,Toys & Games
cart_003246,user_09195,prod_0045,1,43.9,2023-12-21T00:00:00Z,Home & Kitchen
cart_003247,user_09196,prod_0046,2,76.44,2023-12-10T00:00:00Z,Books
cart_003247,user_09196,prod_0059,3,175.28,2023-12-24T00:00:00Z,Books
cart_003247,user_09196,prod_0050,3,60.92,2023-12-17T00:00:00Z,Books
cart_003247,user_09196,prod_0054,1,254.52,2023-12-23T00:00:00Z,Books
cart_003247,user_09196,prod_0047,2,33.5,2023-12-03T00:00:00Z,Books
cart_003247,user_09196,prod_0035,3,75.82,2023-12-31T00:00:00Z,Home & Kitchen
cart_003248,user_09199,prod_0055,2,259.21,2023-12-30T00:00:00Z,Books
cart_003248,user_09199,prod_0078,1,43.46,2023-12-08T00:00:00Z,Beauty
cart_003248,user_09199,prod_0093,1,253.04,2023-12-28T00:00:00Z,Automotive
cart_003248,user_09199,prod_0025,1,129.12,2023-12-08T00:00:00Z,Fashion
cart_003248,user_09199,prod_0047,2,33.5,2023-12-06T00:00:00Z,Books
cart_003248,user_09199,prod_0018,3,14.44,2023-12-26T00:00:00Z,Fashion
cart_003249,user_09200,prod_0050,3,60.92,2023-12-29T00:00:00Z,Books
cart_003249,user_09200,prod_0053,2,163.93,2023-12-06T00:00:00Z,Books
cart_003249,user_09200,prod_0047,2,33.5,2023-12-02T00:00:00Z,Books
cart_003249,user_09200,prod_0055,2,259.21,2023-12-09T00:00:00Z,Books
cart_003250,user_09203,prod_0016,1,84.36,2023-12-17T00:00:00Z,Fashion
cart_003250,user_09203,prod_0069,2,153.73,2023-12-04T00:00:00Z,Sports & Fitness
cart_003250,user_09203,prod_0030,1,229.02,2023-12-04T00:00:00Z,Fashion
cart_003250,user_09203,prod_0072,1,245.23,2023-12-11T00:00:00Z,Beauty
cart_003251,user_09204,prod_0059,2,175.28,2023-12-13T00:00:00Z,Books
cart_003252,user_09206,prod_0034,1,263.34,2023-12-09T00:00:00Z,Home & Kitchen
cart_003252,user_09206,prod_0082,2,17.3,2023-12-16T00:00:00Z,Toys & Games
cart_003252,user_09206,prod_0037,1,42.75,2023-12-11T00:00:00Z,Home & Kitchen
cart_003252,user_09206,prod_0089,3,70.4,2023-12-10T00:00:00Z,Toys & Games
cart_003252,user_09206,prod_0047,3,33.5,2023-12-07T00:00:00Z,Books
cart_003253,user_09208,prod_0047,3,33.5,2023-12-12T00:00:00Z,Books
cart_003253,user_09208,prod_0031,2,92.74,2023-12-05T00:00:00Z,Home & Kitchen
cart_003253,user_09208,prod_0036,3,147.88,2023-12-03T00:00:00Z,Home & Kitchen
cart_003253,user_09208,prod_0052,1,258.24,2023-12-06T00:00:00Z,Books
cart_003253,user_09208,prod_0070,3,263.51,2023-12-26T00:00:00Z,Sports & Fitness
cart_003253,user_09208,prod_0041,1,77.88,2023-12-08T00:00:00Z,Home & Kitchen
cart_003254,user_09212,prod_0014,3,66.6,2023-12-08T00:00:00Z,Electronics
cart_003254,user_09212,prod_0038,1,160.14,2023-12-16T00:00:00Z,Home & Kitchen
cart_003254,user_09212,prod_0073,1,44.48,2023-12-18T00:00:00Z,Beauty
cart_003254,user_09212,prod_0025,1,129.12,2023-12-11T00:00:00Z,Fashion
cart_003254,user_09212,prod_0072,2,245.23,2023-12-04T00:00:00Z,Beauty
cart_003255,user_09214,prod_0038,2,160.14,2023-12-03T00:00:00Z,Home & Kitchen
cart_003255,user_09214,prod_0040,3,202.48,2023-12-04T00:00:00Z,Home & Kitchen
cart_003256,user_09215,prod_0049,1,219.09,2023-12-19T00:00:00Z,Books
cart_003256,user_09215,prod_0010,3,91.19,2023-12-20T00:00:00Z,Electronics
cart_003256,user_09215,prod_0025,1,129.12,2023-12-08T00:00:00Z,Fashion
cart_003256,user_09215,prod_0081,2,250.37,2023-12-09T00:00:00Z,Toys & Games
cart_003256,user_09215,prod_0011,1,212.14,2023-12-24T00:00:00Z,Electronics
cart_003257,user_09219,prod_0009,1,219.54,2023-12-18T00:00:00Z,Electronics
cart_003258,user_09221,prod_0055,3,259.21,2023-12-03T00:00:00Z,Books
cart_003259,user_09224,prod_0011,1,212.14,2023-12-20T00:00:00Z,Electronics
cart_003259,user_09224,prod_0009,3,219.54,2023-12-29T00:00:00Z,Electronics
cart_003259,user_09224,prod_0048,1,258.97,2023-12-10T00:00:00Z,Books
cart_003259,user_09224,prod_0017,2,100.34,2023-12-21T00:00:00Z,Fashion
cart_003260,user_09225,prod_0046,2,76.44,2023-12-27T00:00:00Z,Books
cart_003260,user_09225,prod_0059,2,175.28,2023-12-23T00:00:00Z,Books
cart_003260,user_09225,prod_0019,3,273.46,2024-01-01T00:00:00Z,Fashion
cart_003261,user_09227,prod_0068,1,298.55,2023-12-14T00:00:00Z,Sports & Fitness
cart_003261,user_09227,prod_0071,1,164.71,2023-12-24T00:00:00Z,Beauty
cart_003261,user_09227,prod_0044,3,25.83,2023-12-06T00:00:00Z,Home & Kitchen
cart_003261,user_09227,prod_0039,1,227.05,2023-12-16T00:00:00Z,Home & Kitchen
cart_003262,user_09234,prod_0026,3,142.61,2023-12-03T00:00:00Z,Fashion
cart_003262,user_09234,prod_0091,1,61.78,2023-12-26T00:00:00Z,Automotive
cart_003262,user_09234,prod_0013,1,138.3,2023-12-29T00:00:00Z,Electronics
cart_003262,user_09234,prod_0080,1,282.84,2023-12-07T00:00:00Z,Beauty
cart_003262,user_09234,prod_0002,1,46.02,2023-12-12T00:00:00Z,Electronics
cart_003263,user_09237,prod_0014,3,66.6,2023-12-23T00:00:00Z,Electronics
cart_003263,user_09237,prod_0044,1,25.83,2023-12-11T00:00:00Z,Home & Kitchen
cart_003263,user_09237,prod_0099,3,25.57,2023-12-19T00:00:00Z,Automotive
cart_003264,user_09243,prod_0069,3,153.73,2023-12-15T00:00:00Z,Sports & Fitness
cart_003264,user_09243,prod_0075,1,64.86,2023-12-29T00:00:00Z,Beauty
cart_003265,user_09245,prod_0056,2,294.68,2023-12-15T00:00:00Z,Books
cart_003265,user_09245,prod_0007,3,286.42,2023-12-19T00:00:00Z,Electronics
cart_003265,user_09245,prod_0057,2,209.8,2023-12-21T00:00:00Z,Books
cart_003265,user_09245,prod_0046,2,76.44,2023-12-25T00:00:00Z,Books
cart_003265,user_09245,prod_0013,1,138.3,2023-12-20T00:00:00Z,Electronics
cart_003265,user_09245,prod_0048,3,258.97,2023-12-08T00:00:00Z,Books
cart_003266,user_09248,prod_0021,1,46.05,2023-12-19T00:00:00Z,Fashion
cart_003266,user_09248,prod_0001,2,192.99,2023-12-12T00:00:00Z,Electronics
cart_003267,user_09250,prod_0043,2,22.31,2023-12-22T00:00:00Z,Home & Kitchen
cart_003267,user_09250,prod_0017,1,100.34,2023-12-04T00:00:00Z,Fashion
cart_003267,user_09250,prod_0011,1,212.14,2023-12-26T00:00:00Z,Electronics
cart_003267,user_09250,prod_0004,3,181.99,2023-12-07T00:00:00Z,Electronics
cart_003267,user_09250,prod_0042,3,72.65,2023-12-24T00:00:00Z,Home & Kitchen
cart_003267,user_09250,prod_0008,1,110.54,2023-12-23T00:00:00Z,Electronics
cart_003268,user_09253,prod_0028,3,230.97,2023-12-14T00:00:00Z,Fashion
cart_003268,user_09253,prod_0034,2,263.34,2023-12-24T00:00:00Z,Home & Kitchen
cart_003269,user_09254,prod_0026,3,142.61,2023-12-07T00:00:00Z,Fashion
cart_003270,user_09257,prod_0007,3,286.42,2023-12-02T00:00:00Z,Electronics
cart_003270,user_09257,prod_0082,1,17.3,2023-12-10T00:00:00Z,Toys & Games
cart_003270,user_09257,prod_0009,1,219.54,2023-12-13T00:00:00Z,Electronics
cart_003270,user_09257,prod_0025,1,129.12,2023-12-19T00:00:00Z,Fashion
cart_003270,user_09257,prod_0099,3,25.57,2023-12-22T00:00:00Z,Automotive
cart_003270,user_09257,prod_0063,2,266.74,2023-12-17T00:00:00Z,Sports & Fitness
cart_003271,user_09258,prod_0073,3,44.48,2023-12-08T00:00:00Z,Beauty
cart_003272,user_09259,prod_0004,1,181.99,2023-12-09T00:00:00Z,Electronics
cart_003273,user_09260,prod_0003,2,129.05,2023-12-28T00:00:00Z,Electronics
cart_003274,user_09269,prod_0065,3,81.67,2023-12-14T00:00:00Z,Sports & Fitness
cart_003274,user_09269,prod_0075,2,64.86,2023-12-25T00:00:00Z,Beauty
cart_003274,user_09269,prod_0029,3,138.39,2023-12-14T00:00:00Z,Fashion
cart_003274,user_09269,prod_0076,2,78.83,2023-12-12T00:00:00Z,Beauty
cart_003274,user_09269,prod_0026,3,142.61,2023-12-20T00:00:00Z,Fashion
cart_003275,user_09272,prod_0025,2,129.12,2023-12-21T00:00:00Z,Fashion
cart_003275,user_09272,prod_0062,1,24.98,2023-12-20T00:00:00Z,Sports & Fitness
cart_003275,user_09272,prod_0029,3,138.39,2023-12-24T00:00:00Z,Fashion
cart_003275,user_09272,prod_0026,3,142.61,2023-12-30T00:00:00Z,Fashion
cart_003275,user_09272,prod_0030,2,229.02,2023-12-10T00:00:00Z,Fashion
cart_003275,user_09272,prod_0066,3,121.36,2023-12-28T00:00:00Z,Sports & Fitness
cart_003276,user_09276,prod_0061,2,287.47,2023-12-25T00:00:00Z,Sports & Fitness
cart_003276,user_09276,prod_0076,2,78.83,2023-12-10T00:00:00Z,Beauty
cart_003276,user_09276,prod_0085,3,74.6,2023-12-06T00:00:00Z,Toys & Games
cart_003276,user_09276,prod_0070,2,263.51,2023-12-28T00:00:00Z,Sports & Fitness
cart_003276,user_09276,prod_0062,1,24.98,2024-01-01T00:00:00Z,Sports & Fitness
cart_003276,user_09276,prod_0026,3,142.61,2023-12-05T00:00:00Z,Fashion
cart_003277,user_09279,prod_0004,2,181.99,2023-12-18T00:00:00Z,Electronics
cart_003277,user_09279,prod_0055,3,259.21,2023-12-16T00:00:00Z,Books
cart_003277,user_09279,prod_0009,2,219.54,2023-12-18T00:00:00Z,Electronics
cart_003278,user_09280,prod_0016,1,84.36,2023-12-15T00:00:00Z,Fashion
cart_003279,user_09282,prod_0058,1,148.08,2023-12-16T00:00:00Z,Books
cart_003280,user_09288,prod_0081,3,250.37,2023-12-16T00:00:00Z,Toys & Games
cart_003280,user_09288,prod_0090,1,246.24,2023-12-25T00:00:00Z,Toys & Games
cart_003280,user_09288,prod_0094,2,290.3,2023-12-02T00:00:00Z,Automotive
cart_003280,user_09288,prod_0057,2,209.8,2023-12-16T00:00:00Z,Books
cart_003281,user_09289,prod_0059,3,175.28,2023-12-14T00:00:00Z,Books
cart_003281,user_09289,prod_0045,3,43.9,2023-12-19T00:00:00Z,Home & Kitchen
cart_003281,user_09289,prod_0014,3,66.6,2023-12-19T00:00:00Z,Electronics
cart_003282,user_09295,prod_0008,2,110.54,2023-12-23T00:00:00Z,Electronics
cart_003282,user_09295,prod_0001,1,192.99,2023-12-27T00:00:00Z,Electronics
cart_003282,user_09295,prod_0076,2,78.83,2023-12-07T00:00:00Z,Beauty
cart_003282,user_09295,prod_0090,3,246.24,2023-12-25T00:00:00Z,Toys & Games
cart_003283,user_09296,prod_0027,3,8.38,2023-12-04T00:00:00Z,Fashion
cart_003283,user_09296,prod_0046,2,76.44,2023-12-12T00:00:00Z,Books
cart_003284,user_09302,prod_0090,2,246.24,2023-12-10T00:00:00Z,Toys & Games
cart_003284,user_09302,prod_0010,3,91.19,2023-12-15T00:00:00Z,Electronics
cart_003284,user_09302,prod_0046,2,76.44,2023-12-20T00:00:00Z,Books
cart_003284,user_09302,prod_0036,2,147.88,2023-12-26T00:00:00Z,Home & Kitchen
cart_003284,user_09302,prod_0003,2,129.05,2023-12-25T00:00:00Z,Electronics
cart_003285,user_09303,prod_0030,1,229.02,2023-12-18T00:00:00Z,Fashion
cart_003286,user_09308,prod_0079,2,167.19,2023-12-06T00:00:00Z,Beauty
cart_003286,user_09308,prod_0019,1,273.46,2023-12-11T00:00:00Z,Fashion
cart_003286,user_09308,prod_0081,1,250.37,2023-12-31T00:00:00Z,Toys & Games
cart_003286,user_09308,prod_0026,3,142.61,2023-12-14T00:00:00Z,Fashion
cart_003286,user_09308,prod_0001,2,192.99,2023-12-13T00:00:00Z,Electronics
cart_003286,user_09308,prod_0022,2,176.87,2023-12-05T00:00:00Z,Fashion
cart_003287,user_09313,prod_0049,1,219.09,2023-12-07T00:00:00Z,Books
cart_003288,user_09314,prod_0044,3,25.83,2023-12-26T00:00:00Z,Home & Kitchen
cart_003288,user_09314,prod_0009,1,219.54,2023-12-28T00:00:00Z,Electronics
cart_003289,user_09315,prod_0090,2,246.24,2023-12-21T00:00:00Z,Toys & Games
cart_003289,user_09315,prod_0003,1,129.05,2023-12-20T00:00:00Z,Electronics
cart_003289,user_09315,prod_0082,1,17.3,2023-12-14T00:00:00Z,Toys & Games
cart_003289,user_09315,prod_0028,1,230.97,2023-12-18T00:00:00Z,Fashion
cart_003289,user_09315,prod_0084,2,169.61,2023-12-24T00:00:00Z,Toys & Games
cart_003290,user_09317,prod_0043,3,22.31,2023-12-22T00:00:00Z,Home & Kitchen
cart_003290,user_09317,prod_0091,1,61.78,2023-12-30T00:00:00Z,Automotive
cart_003290,user_09317,prod_0058,3,148.08,2023-12-25T00:00:00Z,Books
cart_003290,user_09317,prod_0035,1,75.82,2023-12-07T00:00:00Z,Home & Kitchen
cart_003290,user_09317,prod_0065,1,81.67,2023-12-12T00:00:00Z,Sports & Fitness
cart_003290,user_09317,prod_0032,2,229.18,2023-12-25T00:00:00Z,Home & Kitchen
cart_003291,user_09318,prod_0094,1,290.3,2023-12-30T00:00:00Z,Automotive
cart_003291,user_09318,prod_0022,2,176.87,2023-12-20T00:00:00Z,Fashion
cart_003291,user_09318,prod_0014,1,66.6,2023-12-05T00:00:00Z,Electronics
cart_003291,user_09318,prod_0098,1,163.3,2024-01-01T00:00:00Z,Automotive
cart_003291,user_09318,prod_0048,1,258.97,2023-12-09T00:00:00Z,Books
cart_003291,user_09318,prod_0068,3,298.55,2023-12-20T00:00:00Z,Sports & Fitness
cart_003292,user_09319,prod_0044,2,25.83,2023-12-18T00:00:00Z,Home & Kitchen
cart_003292,user_09319,prod_0086,3,12.29,2023-12-04T00:00:00Z,Toys & Games
cart_003292,user_09319,prod_0099,3,25.57,2023-12-08T00:00:00Z,Automotive
cart_003292,user_09319,prod_0079,3,167.19,2023-12-27T00:00:00Z,Beauty
cart_003293,user_09322,prod_0031,3,92.74,2023-12-10T00:00:00Z,Home & Kitchen
cart_003293,user_09322,prod_0057,1,209.8,2023-12-22T00:00:00Z,Books
cart_003293,user_09322,prod_0013,2,138.3,2023-12-15T00:00:00Z,Electronics
cart_003294,user_09326,prod_0026,2,142.61,2023-12-30T00:00:00Z,Fashion
cart_003294,user_09326,prod_0019,3,273.46,2023-12-19T00:00:00Z,Fashion
cart_003294,user_09326,prod_0023,3,298.21,2024-01-01T00:00:00Z,Fashion
cart_003294,user_09326,prod_0013,3,138.3,2023-12-03T00:00:00Z,Electronics
cart_003294,user_09326,prod_0018,3,14.44,2023-12-31T00:00:00Z,Fashion
cart_003295,user_09327,prod_0059,2,175.28,2023-12-07T00:00:00Z,Books
cart_003295,user_09327,prod_0042,3,72.65,2023-12-14T00:00:00Z,Home & Kitchen
cart_003295,user_09327,prod_0031,3,92.74,2023-12-21T00:00:00Z,Home & Kitchen
cart_003295,user_09327,prod_0034,2,263.34,2023-12-15T00:00:00Z,Home & Kitchen
cart_003296,user_09343,prod_0050,2,60.92,2023-12-30T00:00:00Z,Books
cart_003296,user_09343,prod_0009,1,219.54,2023-12-24T00:00:00Z,Electronics
cart_003297,user_09354,prod_0053,1,163.93,2023-12-23T00:00:00Z,Books
cart_003298,user_09356,prod_0026,1,142.61,2023-12-08T00:00:00Z,Fashion
cart_003298,user_09356,prod_0025,3,129.12,2023-12-27T00:00:00Z,Fashion
cart_003298,user_09356,prod_0018,1,14.44,2023-12-23T00:00:00Z,Fashion
cart_003298,user_09356,prod_0074,2,50.7,2023-12-25T00:00:00Z,Beauty
cart_003298,user_09356,prod_0042,3,72.65,2023-12-26T00:00:00Z,Home & Kitchen
cart_003298,user_09356,prod_0017,3,100.34,2024-01-01T00:00:00Z,Fashion
cart_003299,user_09361,prod_0049,3,219.09,2023-12-02T00:00:00Z,Books
cart_003299,user_09361,prod_0075,3,64.86,2024-01-01T00:00:00Z,Beauty
cart_003299,user_09361,prod_0008,1,110.54,2023-12-03T00:00:00Z,Electronics
cart_003299,user_09361,prod_0058,2,148.08,2023-12-29T00:00:00Z,Books
cart_003300,user_09362,prod_0042,1,72.65,2023-12-03T00:00:00Z,Home & Kitchen
cart_003300,user_09362,prod_0083,2,66.76,2023-12-08T00:00:00Z,Toys & Games
cart_003300,user_09362,prod_0056,1,294.68,2023-12-20T00:00:00Z,Books
cart_003301,user_09364,prod_0011,2,212.14,2023-12-13T00:00:00Z,Electronics
cart_003301,user_09364,prod_0070,3,263.51,2023-12-10T00:00:00Z,Sports & Fitness
cart_003301,user_09364,prod_0065,1,81.67,2023-12-14T00:00:00Z,Sports & Fitness
cart_003301,user_09364,prod_0016,2,84.36,2023-12-23T00:00:00Z,Fashion
cart_003302,user_09365,prod_0003,2,129.05,2023-12-31T00:00:00Z,Electronics
cart_003303,user_09367,prod_0046,1,76.44,2023-12-12T00:00:00Z,Books
cart_003304,user_09368,prod_0064,2,128.25,2023-12-05T00:00:00Z,Sports & Fitness
cart_003304,user_09368,prod_0063,1,266.74,2023-12-28T00:00:00Z,Sports & Fitness
cart_003304,user_09368,prod_0075,1,64.86,2023-12-02T00:00:00Z,Beauty
cart_003305,user_09373,prod_0077,3,129.53,2023-12-12T00:00:00Z,Beauty
cart_003305,user_09373,prod_0008,2,110.54,2023-12-25T00:00:00Z,Electronics
cart_003306,user_09375,prod_0053,2,163.93,2023-12-12T00:00:00Z,Books
cart_003306,user_09375,prod_0035,2,75.82,2023-12-24T00:00:00Z,Home & Kitchen
cart_003307,user_09376,prod_0004,1,181.99,2023-12-19T00:00:00Z,Electronics
cart_003307,user_09376,prod_0093,1,253.04,2023-12-03T00:00:00Z,Automotive
cart_003307,user_09376,prod_0050,1,60.92,2023-12-18T00:00:00Z,Books
cart_003307,user_09376,prod_0033,2,181.09,2023-12-20T00:00:00Z,Home & Kitchen
cart_003307,user_09376,prod_0010,1,91.19,2023-12-30T00:00:00Z,Electronics
cart_003307,user_09376,prod_0009,3,219.54,2023-12-11T00:00:00Z,Electronics
cart_003308,user_09382,prod_0021,3,46.05,2023-12-24T00:00:00Z,Fashion
cart_003309,user_09387,prod_0073,2,44.48,2023-12-22T00:00:00Z,Beauty
cart_003310,user_09388,prod_0050,1,60.92,2023-12-27T00:00:00Z,Books
cart_003311,user_09390,prod_0051,3,141.01,2023-12-04T00:00:00Z,Books
cart_003312,user_09399,prod_0020,3,151.77,2023-12-28T00:00:00Z,Fashion
cart_003312,user_09399,prod_0028,2,230.97,2023-12-25T00:00:00Z,Fashion
cart_003312,user_09399,prod_0018,2,14.44,2023-12-22T00:00:00Z,Fashion
cart_003312,user_09399,prod_0071,1,164.71,2023-12-06T00:00:00Z,Beauty
cart_003313,user_09404,prod_0081,1,250.37,2023-12-12T00:00:00Z,Toys & Games
cart_003313,user_09404,prod_0070,2,263.51,2023-12-13T00:00:00Z,Sports & Fitness
cart_003314,user_09405,prod_0037,2,42.75,2023-12-20T00:00:00Z,Home & Kitchen
cart_003314,user_09405,prod_0079,3,167.19,2023-12-16T00:00:00Z,Beauty
cart_003314,user_09405,prod_0013,3,138.3,2023-12-13T00:00:00Z,Electronics
cart_003314,user_09405,prod_0062,3,24.98,2023-12-20T00:00:00Z,Sports & Fitness
cart_003314,user_09405,prod_0052,2,258.24,2023-12-30T00:00:00Z,Books
cart_003314,user_09405,prod_0038,3,160.14,2023-12-26T00:00:00Z,Home & Kitchen
cart_003315,user_09407,prod_0080,2,282.84,2023-12-08T00:00:00Z,Beauty
cart_003315,user_09407,prod_0038,3,160.14,2023-12-05T00:00:00Z,Home & Kitchen
cart_003315,user_09407,prod_0083,3,66.76,2023-12-07T00:00:00Z,Toys & Games
cart_003315,user_09407,prod_0032,1,229.18,2023-12-05T00:00:00Z,Home & Kitchen
cart_003315,user_09407,prod_0046,3,76.44,2023-12-13T00:00:00Z,Books
cart_003316,user_09411,prod_0097,1,18.05,2023-12-29T00:00:00Z,Automotive
cart_003316,user_09411,prod_0036,1,147.88,2023-12-20T00:00:00Z,Home & Kitchen
cart_003316,user_09411,prod_0059,2,175.28,2023-12-09T00:00:00Z,Books
cart_003316,user_09411,prod_0053,2,163.93,2023-12-20T00:00:00Z,Books
cart_003316,user_09411,prod_0060,3,176.75,2023-12-11T00:00:00Z,Books
cart_003316,user_09411,prod_0092,3,87.06,2023-12-13T00:00:00Z,Automotive
cart_003317,user_09412,prod_0079,2,167.19,2023-12-27T00:00:00Z,Beauty
cart_003317,user_09412,prod_0072,1,245.23,2023-12-11T00:00:00Z,Beauty
cart_003317,user_09412,prod_0086,2,12.29,2023-12-17T00:00:00Z,Toys & Games
cart_003318,user_09414,prod_0039,2,227.05,2023-12-27T00:00:00Z,Home & Kitchen
cart_003318,user_09414,prod_0032,3,229.18,2023-12-20T00:00:00Z,Home & Kitchen
cart_003318,user_09414,prod_0048,1,258.97,2023-12-02T00:00:00Z,Books
cart_003318,user_09414,prod_0041,1,77.88,2023-12-25T00:00:00Z,Home & Kitchen
cart_003318,user_09414,prod_0026,3,142.61,2023-12-13T00:00:00Z,Fashion
cart_003319,user_09415,prod_0020,2,151.77,2023-12-13T00:00:00Z,Fashion
cart_003320,user_09417,prod_0077,2,129.53,2023-12-10T00:00:00Z,Beauty
cart_003321,user_09418,prod_0003,2,129.05,2023-12-24T00:00:00Z,Electronics
cart_003321,user_09418,prod_0014,1,66.6,2023-12-03T00:00:00Z,Electronics
cart_003321,user_09418,prod_0055,1,259.21,2023-12-08T00:00:00Z,Books
cart_003321,user_09418,prod_0058,1,148.08,2023-12-21T00:00:00Z,Books
cart_003321,user_09418,prod_0045,1,43.9,2023-12-05T00:00:00Z,Home & Kitchen
cart_003322,user_09422,prod_0034,1,263.34,2023-12-08T00:00:00Z,Home & Kitchen
cart_003322,user_09422,prod_0080,1,282.84,2023-12-07T00:00:00Z,Beauty
cart_003322,user_09422,prod_0031,3,92.74,2023-12-23T00:00:00Z,Home & Kitchen
cart_003323,user_09423,prod_0092,2,87.06,2023-12-14T00:00:00Z,Automotive
cart_003323,user_09423,prod_0095,2,180.39,2023-12-31T00:00:00Z,Automotive
cart_003323,user_09423,prod_0091,1,61.78,2023-12-24T00:00:00Z,Automotive
cart_003323,user_09423,prod_0049,3,219.09,2024-01-01T00:00:00Z,Books
cart_003324,user_09424,prod_0036,1,147.88,2023-12-21T00:00:00Z,Home & Kitchen
cart_003324,user_09424,prod_0060,3,176.75,2023-12-15T00:00:00Z,Books
cart_003324,user_09424,prod_0082,1,17.3,2023-12-20T00:00:00Z,Toys & Games
cart_003325,user_09429,prod_0063,2,266.74,2023-12-19T00:00:00Z,Sports & Fitness
cart_003326,user_09430,prod_0060,3,176.75,2023-12-02T00:00:00Z,Books
cart_003326,user_09430,prod_0064,2,128.25,2023-12-16T00:00:00Z,Sports & Fitness
cart_003326,user_09430,prod_0034,3,263.34,2023-12-08T00:00:00Z,Home & Kitchen
cart_003327,user_09431,prod_0073,3,44.48,2023-12-08T00:00:00Z,Beauty
cart_003327,user_09431,prod_0075,3,64.86,2023-12-22T00:00:00Z,Beauty
cart_003327,user_09431,prod_0078,2,43.46,2023-12-29T00:00:00Z,Beauty
cart_003328,user_09432,prod_0079,2,167.19,2023-12-30T00:00:00Z,Beauty
cart_003328,user_09432,prod_0068,3,298.55,2023-12-23T00:00:00Z,Sports & Fitness
cart_003328,user_09432,prod_0088,1,236.49,2023-12-21T00:00:00Z,Toys & Games
cart_003328,user_09432,prod_0078,3,43.46,2023-12-08T00:00:00Z,Beauty
cart_003328,user_09432,prod_0056,2,294.68,2023-12-27T00:00:00Z,Books
cart_003328,user_09432,prod_0062,3,24.98,2023-12-06T00:00:00Z,Sports & Fitness
cart_003329,user_09436,prod_0093,1,253.04,2023-12-03T00:00:00Z,Automotive
cart_003329,user_09436,prod_0008,3,110.54,2023-12-30T00:00:00Z,Electronics
cart_003330,user_09438,prod_0076,3,78.83,2023-12-23T00:00:00Z,Beauty
cart_003330,user_09438,prod_0014,1,66.6,2023-12-21T00:00:00Z,Electronics
cart_003330,user_09438,prod_0092,3,87.06,2023-12-25T00:00:00Z,Automotive
cart_003330,user_09438,prod_0005,1,137.07,2023-12-19T00:00:00Z,Electronics
cart_003330,user_09438,prod_0007,3,286.42,2023-12-16T00:00:00Z,Electronics
cart_003330,user_09438,prod_0030,1,229.02,2023-12-04T00:00:00Z,Fashion
cart_003331,user_09441,prod_0077,3,129.53,2023-12-22T00:00:00Z,Beauty
cart_003331,user_09441,prod_0070,3,263.51,2023-12-05T00:00:00Z,Sports & Fitness
cart_003331,user_09441,prod_0081,1,250.37,2023-12-03T00:00:00Z,Toys & Games
cart_003331,user_09441,prod_0056,3,294.68,2023-12-26T00:00:00Z,Books
cart_003331,user_09441,prod_0044,3,25.83,2023-12-08T00:00:00Z,Home & Kitchen
cart_003331,user_09441,prod_0076,2,78.83,2023-12-14T00:00:00Z,Beauty
cart_003332,user_09442,prod_0087,3,126.04,2023-12-25T00:00:00Z,Toys & Games
cart_003332,user_09442,prod_0010,1,91.19,2023-12-28T00:00:00Z,Electronics
cart_003332,user_09442,prod_0092,3,87.06,2023-12-14T00:00:00Z,Automotive
cart_003333,user_09443,prod_0029,2,138.39,2023-12-12T00:00:00Z,Fashion
cart_003333,user_09443,prod_0026,3,142.61,2023-12-07T00:00:00Z,Fashion
cart_003334,user_09449,prod_0056,3,294.68,2023-12-08T00:00:00Z,Books
cart_003334,user_09449,prod_0055,1,259.21,2023-12-09T00:00:00Z,Books
cart_003335,user_09452,prod_0040,1,202.48,2023-12-05T00:00:00Z,Home & Kitchen
cart_003336,user_09454,prod_0079,2,167.19,2023-12-17T00:00:00Z,Beauty
cart_003337,user_09459,prod_0055,2,259.21,2023-12-16T00:00:00Z,Books
cart_003337,user_09459,prod_0073,3,44.48,2023-12-29T00:00:00Z,Beauty
cart_003337,user_09459,prod_0033,1,181.09,2023-12-29T00:00:00Z,Home & Kitchen
cart_003337,user_09459,prod_0085,2,74.6,2023-12-29T00:00:00Z,Toys & Games
cart_003337,user_09459,prod_0031,3,92.74,2023-12-20T00:00:00Z,Home & Kitchen
cart_003338,user_09461,prod_0097,1,18.05,2023-12-04T00:00:00Z,Automotive
cart_003338,user_09461,prod_0060,3,176.75,2023-12-28T00:00:00Z,Books
cart_003338,user_09461,prod_0052,3,258.24,2023-12-04T00:00:00Z,Books
cart_003338,user_09461,prod_0029,2,138.39,2023-12-15T00:00:00Z,Fashion
cart_003338,user_09461,prod_0049,3,219.09,2023-12-12T00:00:00Z,Books
cart_003338,user_09461,prod_0023,2,298.21,2023-12-21T00:00:00Z,Fashion
cart_003339,user_09462,prod_0008,3,110.54,2023-12-04T00:00:00Z,Electronics
cart_003339,user_09462,prod_0009,2,219.54,2023-12-30T00:00:00Z,Electronics
cart_003339,user_09462,prod_0046,1,76.44,2023-12-20T00:00:00Z,Books
cart_003339,user_09462,prod_0027,3,8.38,2023-12-13T00:00:00Z,Fashion
cart_003340,user_09463,prod_0017,1,100.34,2023-12-27T00:00:00Z,Fashion
cart_003340,user_09463,prod_0039,3,227.05,2024-01-01T00:00:00Z,Home & Kitchen
cart_003340,user_09463,prod_0090,1,246.24,2023-12-05T00:00:00Z,Toys & Games
cart_003340,user_09463,prod_0038,2,160.14,2023-12-04T00:00:00Z,Home & Kitchen
cart_003341,user_09466,prod_0014,1,66.6,2023-12-12T00:00:00Z,Electronics
cart_003341,user_09466,prod_0067,3,278.13,2023-12-25T00:00:00Z,Sports & Fitness
cart_003341,user_09466,prod_0002,2,46.02,2023-12-09T00:00:00Z,Electronics
cart_003342,user_09467,prod_0008,1,110.54,2023-12-18T00:00:00Z,Electronics
cart_003342,user_09467,prod_0046,1,76.44,2023-12-25T00:00:00Z,Books
cart_003342,user_09467,prod_0068,3,298.55,2023-12-27T00:00:00Z,Sports & Fitness
cart_003342,user_09467,prod_0044,3,25.83,2023-12-18T00:00:00Z,Home & Kitchen
cart_003342,user_09467,prod_0013,3,138.3,2023-12-30T00:00:00Z,Electronics
cart_003342,user_09467,prod_0012,3,294.66,2023-12-03T00:00:00Z,Electronics
cart_003343,user_09471,prod_0032,2,229.18,2023-12-15T00:00:00Z,Home & Kitchen
cart_003343,user_09471,prod_0044,3,25.83,2023-12-30T00:00:00Z,Home & Kitchen
cart_003343,user_09471,prod_0012,2,294.66,2023-12-06T00:00:00Z,Electronics
cart_003343,user_09471,prod_0046,3,76.44,2024-01-01T00:00:00Z,Books
cart_003344,user_09473,prod_0066,2,121.36,2023-12-13T00:00:00Z,Sports & Fitness
cart_003344,user_09473,prod_0043,1,22.31,2023-12-02T00:00:00Z,Home & Kitchen
cart_003344,user_09473,prod_0064,1,128.25,2023-12-08T00:00:00Z,Sports & Fitness
cart_003344,user_09473,prod_0012,3,294.66,2023-12-24T00:00:00Z,Electronics
cart_003345,user_09479,prod_0073,3,44.48,2023-12-24T00:00:00Z,Beauty
cart_003345,user_09479,prod_0027,1,8.38,2023-12-26T00:00:00Z,Fashion
cart_003345,user_09479,prod_0052,1,258.24,2024-01-01T00:00:00Z,Books
cart_003345,user_09479,prod_0025,2,129.12,2023-12-06T00:00:00Z,Fashion
cart_003345,user_09479,prod_0061,1,287.47,2023-12-19T00:00:00Z,Sports & Fitness
cart_003345,user_09479,prod_0066,1,121.36,2023-12-18T00:00:00Z,Sports & Fitness
cart_003346,user_09480,prod_0022,3,176.87,2023-12-13T00:00:00Z,Fashion
cart_003346,user_09480,prod_0052,2,258.24,2023-12-16T00:00:00Z,Books
cart_003346,user_09480,prod_0040,3,202.48,2023-12-09T00:00:00Z,Home & Kitchen
cart_003347,user_09485,prod_0018,2,14.44,2023-12-24T00:00:00Z,Fashion
cart_003347,user_09485,prod_0039,2,227.05,2023-12-11T00:00:00Z,Home & Kitchen
cart_003347,user_09485,prod_0048,1,258.97,2023-12-10T00:00:00Z,Books
cart_003347,user_09485,prod_0084,1,169.61,2024-01-01T00:00:00Z,Toys & Games
cart_003348,user_09491,prod_0015,1,55.31,2023-12-28T00:00:00Z,Electronics
cart_003348,user_09491,prod_0025,1,129.12,2023-12-29T00:00:00Z,Fashion
cart_003349,user_09500,prod_0091,3,61.78,2023-12-22T00:00:00Z,Automotive
cart_003349,user_09500,prod_0059,1,175.28,2023-12-16T00:00:00Z,Books
cart_003349,user_09500,prod_0027,1,8.38,2023-12-03T00:00:00Z,Fashion
cart_003349,user_09500,prod_0079,3,167.19,2023-12-21T00:00:00Z,Beauty
cart_003349,user_09500,prod_0024,3,18.85,2023-12-22T00:00:00Z,Fashion
cart_003349,user_09500,prod_0098,2,163.3,2023-12-04T00:00:00Z,Automotive
cart_003350,user_09501,prod_0065,3,81.67,2023-12-02T00:00:00Z,Sports & Fitness
cart_003350,user_09501,prod_0062,3,24.98,2023-12-12T00:00:00Z,Sports & Fitness
cart_003351,user_09506,prod_0008,2,110.54,2023-12-02T00:00:00Z,Electronics
cart_003351,user_09506,prod_0038,1,160.14,2023-12-08T00:00:00Z,Home & Kitchen
cart_003351,user_09506,prod_0054,1,254.52,2023-12-07T00:00:00Z,Books
cart_003351,user_09506,prod_0060,3,176.75,2023-12-21T00:00:00Z,Books
cart_003351,user_09506,prod_0100,3,200.04,2023-12-09T00:00:00Z,Automotive
cart_003351,user_09506,prod_0050,3,60.92,2023-12-27T00:00:00Z,Books
cart_003352,user_09507,prod_0044,2,25.83,2023-12-08T00:00:00Z,Home & Kitchen
cart_003353,user_09508,prod_0099,2,25.57,2023-12-21T00:00:00Z,Automotive
cart_003353,user_09508,prod_0039,2,227.05,2023-12-17T00:00:00Z,Home & Kitchen
cart_003354,user_09510,prod_0035,2,75.82,2023-12-21T00:00:00Z,Home & Kitchen
cart_003354,user_09510,prod_0009,1,219.54,2023-12-14T00:00:00Z,Electronics
cart_003355,user_09513,prod_0063,3,266.74,2023-12-26T00:00:00Z,Sports & Fitness
cart_003355,user_09513,prod_0083,1,66.76,2023-12-12T00:00:00Z,Toys & Games
cart_003355,user_09513,prod_0041,3,77.88,2023-12-05T00:00:00Z,Home & Kitchen
cart_003356,user_09514,prod_0057,3,209.8,2023-12-17T00:00:00Z,Books
cart_003356,user_09514,prod_0021,2,46.05,2023-12-06T00:00:00Z,Fashion
cart_003356,user_09514,prod_0029,2,138.39,2023-12-15T00:00:00Z,Fashion
cart_003356,user_09514,prod_0080,2,282.84,2023-12-05T00:00:00Z,Beauty
cart_003356,user_09514,prod_0081,2,250.37,2023-12-24T00:00:00Z,Toys & Games
cart_003356,user_09514,prod_0076,3,78.83,2023-12-12T00:00:00Z,Beauty
cart_003357,user_09515,prod_0031,3,92.74,2023-12-25T00:00:00Z,Home & Kitchen
cart_003358,user_09517,prod_0036,2,147.88,2023-12-18T00:00:00Z,Home & Kitchen
cart_003358,user_09517,prod_0011,2,212.14,2023-12-21T00:00:00Z,Electronics
cart_003358,user_09517,prod_0057,3,209.8,2023-12-08T00:00:00Z,Books
cart_003358,user_09517,prod_0047,1,33.5,2023-12-16T00:00:00Z,Books
cart_003358,user_09517,prod_0048,2,258.97,2023-12-14T00:00:00Z,Books
cart_003358,user_09517,prod_0042,1,72.65,2023-12-15T00:00:00Z,Home & Kitchen
cart_003359,user_09521,prod_0035,2,75.82,2023-12-27T00:00:00Z,Home & Kitchen
cart_003360,user_09523,prod_0098,1,163.3,2023-12-04T00:00:00Z,Automotive
cart_003360,user_09523,prod_0032,1,229.18,2023-12-20T00:00:00Z,Home & Kitchen
cart_003360,user_09523,prod_0065,3,81.67,2023-12-25T00:00:00Z,Sports & Fitness
cart_003360,user_09523,prod_0045,3,43.9,2023-12-09T00:00:00Z,Home & Kitchen
cart_003360,user_09523,prod_0037,3,42.75,2023-12-30T00:00:00Z,Home & Kitchen
cart_003361,user_09524,prod_0073,1,44.48,2023-12-27T00:00:00Z,Beauty
cart_003361,user_09524,prod_0048,2,258.97,2023-12-06T00:00:00Z,Books
cart_003361,user_09524,prod_0051,3,141.01,2023-12-21T00:00:00Z,Books
cart_003362,user_09526,prod_0073,1,44.48,2023-12-25T00:00:00Z,Beauty
cart_003362,user_09526,prod_0012,2,294.66,2023-12-30T00:00:00Z,Electronics
cart_003363,user_09527,prod_0075,3,64.86,2023-12-28T00:00:00Z,Beauty
cart_003363,user_09527,prod_0073,1,44.48,2023-12-21T00:00:00Z,Beauty
cart_003364,user_09528,prod_0038,3,160.14,2023-12-31T00:00:00Z,Home & Kitchen
cart_003364,user_09528,prod_0056,1,294.68,2023-12-24T00:00:00Z,Books
cart_003364,user_09528,prod_0008,2,110.54,2023-12-13T00:00:00Z,Electronics
cart_003365,user_09532,prod_0003,1,129.05,2023-12-08T00:00:00Z,Electronics
cart_003365,user_09532,prod_0007,3,286.42,2023-12-27T00:00:00Z,Electronics
cart_003365,user_09532,prod_0030,1,229.02,2023-12-28T00:00:00Z,Fashion
cart_003365,user_09532,prod_0011,2,212.14,2024-01-01T00:00:00Z,Electronics
cart_003365,user_09532,prod_0051,3,141.01,2023-12-05T00:00:00Z,Books
cart_003366,user_09538,prod_0051,1,141.01,2023-12-20T00:00:00Z,Books
cart_003366,user_09538,prod_0059,3,175.28,2024-01-01T00:00:00Z,Books
cart_003366,user_09538,prod_0034,2,263.34,2023-12-09T00:00:00Z,Home & Kitchen
cart_003366,user_09538,prod_0019,3,273.46,2023-12-22T00:00:00Z,Fashion
cart_003366,user_09538,prod_0088,2,236.49,2023-12-14T00:00:00Z,Toys & Games
cart_003367,user_09542,prod_0008,3,110.54,2023-12-26T00:00:00Z,Electronics
cart_003367,user_09542,prod_0046,3,76.44,2023-12-02T00:00:00Z,Books
cart_003367,user_09542,prod_0013,2,138.3,2023-12-18T00:00:00Z,Electronics
cart_003367,user_09542,prod_0095,2,180.39,2023-12-27T00:00:00Z,Automotive
cart_003367,user_09542,prod_0045,3,43.9,2023-12-24T00:00:00Z,Home & Kitchen
cart_003367,user_09542,prod_0007,2,286.42,2023-12-14T00:00:00Z,Electronics
cart_003368,user_09544,prod_0048,1,258.97,2023-12-07T00:00:00Z,Books
cart_003368,user_09544,prod_0057,3,209.8,2023-12-08T00:00:00Z,Books
cart_003368,user_09544,prod_0054,2,254.52,2023-12-23T00:00:00Z,Books
cart_003368,user_09544,prod_0056,2,294.68,2023-12-19T00:00:00Z,Books
cart_003369,user_09552,prod_0052,1,258.24,2023-12-29T00:00:00Z,Books
cart_003370,user_09555,prod_0042,1,72.65,2023-12-19T00:00:00Z,Home & Kitchen
cart_003370,user_09555,prod_0031,1,92.74,2023-12-19T00:00:00Z,Home & Kitchen
cart_003370,user_09555,prod_0078,3,43.46,2023-12-09T00:00:00Z,Beauty
cart_003370,user_09555,prod_0075,3,64.86,2023-12-09T00:00:00Z,Beauty
cart_003371,user_09561,prod_0046,2,76.44,2023-12-18T00:00:00Z,Books
cart_003371,user_09561,prod_0089,2,70.4,2023-12-27T00:00:00Z,Toys & Games
cart_003371,user_09561,prod_0040,1,202.48,2023-12-03T00:00:00Z,Home & Kitchen
cart_003371,user_09561,prod_0062,2,24.98,2023-12-31T00:00:00Z,Sports & Fitness
cart_003371,user_09561,prod_0038,3,160.14,2023-12-27T00:00:00Z,Home & Kitchen
cart_003372,user_09564,prod_0011,2,212.14,2023-12-29T00:00:00Z,Electronics
cart_003372,user_09564,prod_0043,3,22.31,2023-12-27T00:00:00Z,Home & Kitchen
cart_003372,user_09564,prod_0018,3,14.44,2023-12-22T00:00:00Z,Fashion
cart_003372,user_09564,prod_0034,2,263.34,2023-12-28T00:00:00Z,Home & Kitchen
cart_003372,user_09564,prod_0015,1,55.31,2023-12-22T00:00:00Z,Electronics
cart_003372,user_09564,prod_0032,1,229.18,2023-12-21T00:00:00Z,Home & Kitchen
cart_003373,user_09567,prod_0003,2,129.05,2023-12-12T00:00:00Z,Electronics
cart_003373,user_09567,prod_0014,3,66.6,2023-12-14T00:00:00Z,Electronics
cart_003374,user_09569,prod_0063,1,266.74,2023-12-13T00:00:00Z,Sports & Fitness
cart_003374,user_09569,prod_0003,3,129.05,2023-12-21T00:00:00Z,Electronics
cart_003374,user_09569,prod_0055,2,259.21,2023-12-29T00:00:00Z,Books
cart_003374,user_09569,prod_0008,3,110.54,2023-12-20T00:00:00Z,Electronics
cart_003374,user_09569,prod_0059,1,175.28,2023-12-18T00:00:00Z,Books
cart_003374,user_09569,prod_0052,2,258.24,2024-01-01T00:00:00Z,Books
cart_003375,user_09570,prod_0050,1,60.92,2023-12-13T00:00:00Z,Books
cart_003375,user_09570,prod_0017,1,100.34,2023-12-13T00:00:00Z,Fashion
cart_003375,user_09570,prod_0047,1,33.5,2023-12-18T00:00:00Z,Books
cart_003375,user_09570,prod_0045,3,43.9,2023-12-16T00:00:00Z,Home & Kitchen
cart_003376,user_09572,prod_0040,1,202.48,2023-12-17T00:00:00Z,Home & Kitchen
cart_003376,user_09572,prod_0054,1,254.52,2023-12-13T00:00:00Z,Books
cart_003377,user_09578,prod_0025,3,129.12,2023-12-17T00:00:00Z,Fashion
cart_003377,user_09578,prod_0074,1,50.7,2023-12-30T00:00:00Z,Beauty
cart_003377,user_09578,prod_0080,2,282.84,2023-12-23T00:00:00Z,Beauty
cart_003377,user_09578,prod_0013,3,138.3,2023-12-08T00:00:00Z,Electronics
cart_003377,user_09578,prod_0083,1,66.76,2024-01-01T00:00:00Z,Toys & Games
cart_003378,user_09579,prod_0075,3,64.86,2023-12-20T00:00:00Z,Beauty
cart_003378,user_09579,prod_0080,1,282.84,2024-01-01T00:00:00Z,Beauty
cart_003378,user_09579,prod_0067,1,278.13,2023-12-19T00:00:00Z,Sports & Fitness
cart_003379,user_09581,prod_0024,1,18.85,2023-12-03T00:00:00Z,Fashion
cart_003379,user_09581,prod_0044,1,25.83,2023-12-13T00:00:00Z,Home & Kitchen
cart_003379,user_09581,prod_0017,3,100.34,2023-12-16T00:00:00Z,Fashion
cart_003379,user_09581,prod_0028,3,230.97,2023-12-06T00:00:00Z,Fashion
cart_003379,user_09581,prod_0045,1,43.9,2023-12-26T00:00:00Z,Home & Kitchen
cart_003379,user_09581,prod_0071,2,164.71,2023-12-31T00:00:00Z,Beauty
cart_003380,user_09586,prod_0059,3,175.28,2023-12-11T00:00:00Z,Books
cart_003380,user_09586,prod_0060,2,176.75,2023-12-15T00:00:00Z,Books
cart_003380,user_09586,prod_0014,3,66.6,2023-12-24T00:00:00Z,Electronics
cart_003380,user_09586,prod_0047,2,33.5,2023-12-09T00:00:00Z,Books
cart_003381,user_09587,prod_0063,3,266.74,2024-01-01T00:00:00Z,Sports & Fitness
cart_003381,user_09587,prod_0056,2,294.68,2023-12-16T00:00:00Z,Books
cart_003381,user_09587,prod_0013,1,138.3,2023-12-28T00:00:00Z,Electronics
cart_003381,user_09587,prod_0041,3,77.88,2023-12-16T00:00:00Z,Home & Kitchen
cart_003381,user_09587,prod_0073,2,44.48,2023-12-06T00:00:00Z,Beauty
cart_003382,user_09588,prod_0049,3,219.09,2023-12-02T00:00:00Z,Books
cart_003383,user_09593,prod_0076,2,78.83,2023-12-21T00:00:00Z,Beauty
cart_003383,user_09593,prod_0018,1,14.44,2023-12-09T00:00:00Z,Fashion
cart_003383,user_09593,prod_0015,2,55.31,2023-12-03T00:00:00Z,Electronics
cart_003384,user_09599,prod_0013,2,138.3,2023-12-24T00:00:00Z,Electronics
cart_003384,user_09599,prod_0052,1,258.24,2023-12-23T00:00:00Z,Books
cart_003384,user_09599,prod_0008,1,110.54,2023-12-11T00:00:00Z,Electronics
cart_003384,user_09599,prod_0030,2,229.02,2023-12-10T00:00:00Z,Fashion
cart_003385,user_09603,prod_0015,1,55.31,2023-12-04T00:00:00Z,Electronics
cart_003385,user_09603,prod_0023,3,298.21,2023-12-27T00:00:00Z,Fashion
cart_003385,user_09603,prod_0018,2,14.44,2023-12-16T00:00:00Z,Fashion
cart_003385,user_09603,prod_0096,2,294.37,2023-12-04T00:00:00Z,Automotive
cart_003385,user_09603,prod_0053,2,163.93,2023-12-10T00:00:00Z,Books
cart_003385,user_09603,prod_0027,2,8.38,2023-12-05T00:00:00Z,Fashion
cart_003386,user_09607,prod_0100,3,200.04,2023-12-19T00:00:00Z,Automotive
cart_003386,user_09607,prod_0042,1,72.65,2023-12-06T00:00:00Z,Home & Kitchen
cart_003386,user_09607,prod_0007,2,286.42,2023-12-10T00:00:00Z,Electronics
cart_003386,user_09607,prod_0040,2,202.48,2024-01-01T00:00:00Z,Home & Kitchen
cart_003386,user_09607,prod_0004,1,181.99,2023-12-22T00:00:00Z,Electronics
cart_003387,user_09608,prod_0015,1,55.31,2023-12-09T00:00:00Z,Electronics
cart_003388,user_09615,prod_0078,1,43.46,2023-12-03T00:00:00Z,Beauty
cart_003388,user_09615,prod_0079,3,167.19,2023-12-23T00:00:00Z,Beauty
cart_003388,user_09615,prod_0056,2,294.68,2023-12-31T00:00:00Z,Books
cart_003388,user_09615,prod_0021,2,46.05,2023-12-06T00:00:00Z,Fashion
cart_003389,user_09617,prod_0022,3,176.87,2023-12-13T00:00:00Z,Fashion
cart_003389,user_09617,prod_0063,2,266.74,2023-12-14T00:00:00Z,Sports & Fitness
cart_003389,user_09617,prod_0075,3,64.86,2023-12-06T00:00:00Z,Beauty
cart_003390,user_09620,prod_0053,3,163.93,2023-12-25T00:00:00Z,Books
cart_003390,user_09620,prod_0015,1,55.31,2023-12-20T00:00:00Z,Electronics
cart_003390,user_09620,prod_0058,1,148.08,2023-12-09T00:00:00Z,Books
cart_003390,user_09620,prod_0055,2,259.21,2023-12-29T00:00:00Z,Books
cart_003390,user_09620,prod_0082,1,17.3,2023-12-31T00:00:00Z,Toys & Games
cart_003391,user_09621,prod_0085,1,74.6,2023-12-15T00:00:00Z,Toys & Games
cart_003391,user_09621,prod_0060,2,176.75,2023-12-28T00:00:00Z,Books
cart_003391,user_09621,prod_0038,2,160.14,2023-12-03T00:00:00Z,Home & Kitchen
cart_003391,user_09621,prod_0087,1,126.04,2023-12-26T00:00:00Z,Toys & Games
cart_003391,user_09621,prod_0004,2,181.99,2023-12-02T00:00:00Z,Electronics
cart_003391,user_09621,prod_0058,3,148.08,2023-12-13T00:00:00Z,Books
cart_003392,user_09622,prod_0080,3,282.84,2023-12-10T00:00:00Z,Beauty
cart_003392,user_09622,prod_0063,3,266.74,2023-12-06T00:00:00Z,Sports & Fitness
cart_003392,user_09622,prod_0057,2,209.8,2023-12-18T00:00:00Z,Books
cart_003393,user_09631,prod_0038,3,160.14,2023-12-09T00:00:00Z,Home & Kitchen
cart_003393,user_09631,prod_0065,2,81.67,2023-12-09T00:00:00Z,Sports & Fitness
cart_003393,user_09631,prod_0092,3,87.06,2023-12-20T00:00:00Z,Automotive
cart_003393,user_09631,prod_0002,1,46.02,2023-12-06T00:00:00Z,Electronics
cart_003393,user_09631,prod_0066,3,121.36,2023-12-12T00:00:00Z,Sports & Fitness
cart_003393,user_09631,prod_0091,3,61.78,2023-12-22T00:00:00Z,Automotive
cart_003394,user_09633,prod_0076,1,78.83,2023-12-30T00:00:00Z,Beauty
cart_003395,user_09635,prod_0086,1,12.29,2023-12-17T00:00:00Z,Toys & Games
cart_003395,user_09635,prod_0065,1,81.67,2023-12-14T00:00:00Z,Sports & Fitness
cart_003396,user_09639,prod_0055,1,259.21,2023-12-15T00:00:00Z,Books
cart_003396,user_09639,prod_0003,3,129.05,2023-12-13T00:00:00Z,Electronics
cart_003396,user_09639,prod_0002,3,46.02,2023-12-05T00:00:00Z,Electronics
cart_003396,user_09639,prod_0094,1,290.3,2024-01-01T00:00:00Z,Automotive
cart_003396,user_09639,prod_0006,1,51.94,2023-12-13T00:00:00Z,Electronics
cart_003397,user_09640,prod_0059,1,175.28,2023-12-17T00:00:00Z,Books
cart_003398,user_09642,prod_0038,2,160.14,2023-12-09T00:00:00Z,Home & Kitchen
cart_003398,user_09642,prod_0051,3,141.01,2023-12-11T00:00:00Z,Books
cart_003398,user_09642,prod_0054,1,254.52,2023-12-08T00:00:00Z,Books
cart_003398,user_09642,prod_0058,3,148.08,2023-12-22T00:00:00Z,Books
cart_003398,user_09642,prod_0019,2,273.46,2023-12-23T00:00:00Z,Fashion
cart_003398,user_09642,prod_0066,3,121.36,2023-12-29T00:00:00Z,Sports & Fitness
cart_003399,user_09647,prod_0054,3,254.52,2023-12-24T00:00:00Z,Books
cart_003399,user_09647,prod_0041,2,77.88,2023-12-27T00:00:00Z,Home & Kitchen
cart_003399,user_09647,prod_0055,3,259.21,2023-12-19T00:00:00Z,Books
cart_003399,user_09647,prod_0082,2,17.3,2023-12-11T00:00:00Z,Toys & Games
cart_003399,user_09647,prod_0049,2,219.09,2023-12-07T00:00:00Z,Books
cart_003399,user_09647,prod_0035,2,75.82,2023-12-27T00:00:00Z,Home & Kitchen
cart_003400,user_09656,prod_0047,1,33.5,2023-12-13T00:00:00Z,Books
cart_003400,user_09656,prod_0007,1,286.42,2023-12-25T00:00:00Z,Electronics
cart_003400,user_09656,prod_0034,3,263.34,2023-12-27T00:00:00Z,Home & Kitchen
cart_003400,user_09656,prod_0058,1,148.08,2023-12-24T00:00:00Z,Books
cart_003401,user_09658,prod_0027,2,8.38,2023-12-11T00:00:00Z,Fashion
cart_003401,user_09658,prod_0013,3,138.3,2023-12-12T00:00:00Z,Electronics
cart_003401,user_09658,prod_0036,1,147.88,2023-12-24T00:00:00Z,Home & Kitchen
cart_003401,user_09658,prod_0005,2,137.07,2023-12-06T00:00:00Z,Electronics
cart_003401,user_09658,prod_0096,1,294.37,2023-12-02T00:00:00Z,Automotive
cart_003401,user_09658,prod_0089,1,70.4,2023-12-11T00:00:00Z,Toys & Games
cart_003402,user_09660,prod_0079,2,167.19,2023-12-17T00:00:00Z,Beauty
cart_003402,user_09660,prod_0010,3,91.19,2023-12-18T00:00:00Z,Electronics
cart_003402,user_09660,prod_0040,1,202.48,2023-12-23T00:00:00Z,Home & Kitchen
cart_003402,user_09660,prod_0090,2,246.24,2023-12-02T00:00:00Z,Toys & Games
cart_003402,user_09660,prod_0087,1,126.04,2023-12-03T00:00:00Z,Toys & Games
cart_003402,user_09660,prod_0082,1,17.3,2023-12-04T00:00:00Z,Toys & Games
cart_003403,user_09661,prod_0059,2,175.28,2023-12-22T00:00:00Z,Books
cart_003403,user_09661,prod_0037,2,42.75,2023-12-12T00:00:00Z,Home & Kitchen
cart_003403,user_09661,prod_0028,1,230.97,2023-12-10T00:00:00Z,Fashion
cart_003404,user_09663,prod_0059,3,175.28,2024-01-01T00:00:00Z,Books
cart_003404,user_09663,prod_0054,3,254.52,2023-12-13T00:00:00Z,Books
cart_003405,user_09665,prod_0014,1,66.6,2023-12-30T00:00:00Z,Electronics
cart_003406,user_09666,prod_0023,3,298.21,2023-12-05T00:00:00Z,Fashion
cart_003407,user_09667,prod_0004,2,181.99,2023-12-04T00:00:00Z,Electronics
cart_003408,user_09668,prod_0061,3,287.47,2023-12-16T00:00:00Z,Sports & Fitness
cart_003409,user_09669,prod_0093,3,253.04,2023-12-13T00:00:00Z,Automotive
cart_003409,user_09669,prod_0040,1,202.48,2023-12-12T00:00:00Z,Home & Kitchen
cart_003409,user_09669,prod_0009,3,219.54,2023-12-08T00:00:00Z,Electronics
cart_003410,user_09673,prod_0047,2,33.5,2023-12-12T00:00:00Z,Books
cart_003411,user_09677,prod_0089,1,70.4,2023-12-20T00:00:00Z,Toys & Games
cart_003411,user_09677,prod_0086,3,12.29,2023-12-02T00:00:00Z,Toys & Games
cart_003411,user_09677,prod_0018,2,14.44,2023-12-08T00:00:00Z,Fashion
cart_003411,user_09677,prod_0039,2,227.05,2023-12-24T00:00:00Z,Home & Kitchen
cart_003412,user_09680,prod_0077,1,129.53,2024-01-01T00:00:00Z,Beauty
cart_003412,user_09680,prod_0047,3,33.5,2023-12-02T00:00:00Z,Books
cart_003412,user_09680,prod_0011,2,212.14,2023-12-21T00:00:00Z,Electronics
cart_003412,user_09680,prod_0029,3,138.39,2023-12-11T00:00:00Z,Fashion
cart_003412,user_09680,prod_0010,2,91.19,2023-12-07T00:00:00Z,Electronics
cart_003412,user_09680,prod_0042,3,72.65,2023-12-13T00:00:00Z,Home & Kitchen
cart_003413,user_09682,prod_0080,2,282.84,2023-12-17T00:00:00Z,Beauty
cart_003413,user_09682,prod_0017,1,100.34,2023-12-13T00:00:00Z,Fashion
cart_003414,user_09687,prod_0026,2,142.61,2024-01-01T00:00:00Z,Fashion
cart_003414,user_09687,prod_0073,2,44.48,2023-12-05T00:00:00Z,Beauty
cart_003415,user_09688,prod_0065,3,81.67,2023-12-10T00:00:00Z,Sports & Fitness
cart_003415,user_09688,prod_0080,2,282.84,2023-12-11T00:00:00Z,Beauty
cart_003416,user_09690,prod_0015,3,55.31,2023-12-04T00:00:00Z,Electronics
cart_003416,user_09690,prod_0055,1,259.21,2023-12-16T00:00:00Z,Books
cart_003416,user_09690,prod_0083,2,66.76,2023-12-27T00:00:00Z,Toys & Games
cart_003416,user_09690,prod_0048,2,258.97,2023-12-11T00:00:00Z,Books
cart_003416,user_09690,prod_0085,2,74.6,2024-01-01T00:00:00Z,Toys & Games
cart_003416,user_09690,prod_0009,1,219.54,2023-12-26T00:00:00Z,Electronics
cart_003417,user_09693,prod_0002,2,46.02,2023-12-18T00:00:00Z,Electronics
cart_003417,user_09693,prod_0001,2,192.99,2023-12-16T00:00:00Z,Electronics
cart_003417,user_09693,prod_0022,1,176.87,2023-12-13T00:00:00Z,Fashion
cart_003417,user_09693,prod_0004,1,181.99,2023-12-05T00:00:00Z,Electronics
cart_003417,user_09693,prod_0008,2,110.54,2023-12-26T00:00:00Z,Electronics
cart_003418,user_09695,prod_0057,3,209.8,2023-12-21T00:00:00Z,Books
cart_003418,user_09695,prod_0036,3,147.88,2023-12-09T00:00:00Z,Home & Kitchen
cart_003418,user_09695,prod_0059,1,175.28,2023-12-29T00:00:00Z,Books
cart_003418,user_09695,prod_0009,1,219.54,2023-12-12T00:00:00Z,Electronics
cart_003418,user_09695,prod_0084,1,169.61,2023-12-08T00:00:00Z,Toys & Games
cart_003419,user_09697,prod_0081,1,250.37,2023-12-13T00:00:00Z,Toys & Games
cart_003419,user_09697,prod_0033,3,181.09,2023-12-10T00:00:00Z,Home & Kitchen
cart_003419,user_09697,prod_0055,3,259.21,2023-12-16T00:00:00Z,Books
cart_003419,user_09697,prod_0087,1,126.04,2023-12-19T00:00:00Z,Toys & Games
cart_003419,user_09697,prod_0060,2,176.75,2023-12-23T00:00:00Z,Books
cart_003420,user_09699,prod_0023,1,298.21,2023-12-15T00:00:00Z,Fashion
cart_003420,user_09699,prod_0075,3,64.86,2023-12-10T00:00:00Z,Beauty
cart_003420,user_09699,prod_0027,2,8.38,2023-12-06T00:00:00Z,Fashion
cart_003421,user_09701,prod_0046,1,76.44,2023-12-29T00:00:00Z,Books
cart_003421,user_09701,prod_0053,3,163.93,2023-12-07T00:00:00Z,Books
cart_003421,user_09701,prod_0056,2,294.68,2023-12-16T00:00:00Z,Books
cart_003421,user_09701,prod_0025,3,129.12,2023-12-08T00:00:00Z,Fashion
cart_003421,user_09701,prod_0019,1,273.46,2023-12-13T00:00:00Z,Fashion
cart_003421,user_09701,prod_0059,2,175.28,2023-12-21T00:00:00Z,Books
cart_003422,user_09702,prod_0088,3,236.49,2023-12-05T00:00:00Z,Toys & Games
cart_003422,user_09702,prod_0012,3,294.66,2023-12-31T00:00:00Z,Electronics
cart_003422,user_09702,prod_0082,1,17.3,2023-12-26T00:00:00Z,Toys & Games
cart_003422,user_09702,prod_0010,3,91.19,2023-12-14T00:00:00Z,Electronics
cart_003422,user_09702,prod_0081,3,250.37,2023-12-20T00:00:00Z,Toys & Games
cart_003423,user_09711,prod_0051,1,141.01,2023-12-13T00:00:00Z,Books
cart_003423,user_09711,prod_0003,2,129.05,2023-12-18T00:00:00Z,Electronics
cart_003423,user_09711,prod_0055,3,259.21,2023-12-18T00:00:00Z,Books
cart_003424,user_09713,prod_0043,2,22.31,2023-12-05T00:00:00Z,Home & Kitchen
cart_003424,user_09713,prod_0099,3,25.57,2023-12-25T00:00:00Z,Automotive
cart_003424,user_09713,prod_0011,2,212.14,2023-12-04T00:00:00Z,Electronics
cart_003424,user_09713,prod_0032,3,229.18,2023-12-24T00:00:00Z,Home & Kitchen
cart_003425,user_09714,prod_0082,2,17.3,2023-12-18T00:00:00Z,Toys & Games
cart_003425,user_09714,prod_0100,2,200.04,2023-12-02T00:00:00Z,Automotive
cart_003425,user_09714,prod_0001,1,192.99,2023-12-14T00:00:00Z,Electronics
cart_003425,user_09714,prod_0088,3,236.49,2023-12-07T00:00:00Z,Toys & Games
cart_003425,user_09714,prod_0014,3,66.6,2023-12-28T00:00:00Z,Electronics
cart_003425,user_09714,prod_0083,2,66.76,2023-12-15T00:00:00Z,Toys & Games
cart_003426,user_09716,prod_0031,1,92.74,2023-12-05T00:00:00Z,Home & Kitchen
cart_003426,user_09716,prod_0058,2,148.08,2023-12-25T00:00:00Z,Books
cart_003426,user_09716,prod_0084,2,169.61,2023-12-09T00:00:00Z,Toys & Games
cart_003426,user_09716,prod_0043,3,22.31,2023-12-03T00:00:00Z,Home & Kitchen
cart_003426,user_09716,prod_0054,3,254.52,2023-12-24T00:00:00Z,Books
cart_003426,user_09716,prod_0033,2,181.09,2023-12-06T00:00:00Z,Home & Kitchen
cart_003427,user_09717,prod_0073,1,44.48,2023-12-26T00:00:00Z,Beauty
cart_003427,user_09717,prod_0033,1,181.09,2023-12-04T00:00:00Z,Home & Kitchen
cart_003427,user_09717,prod_0075,3,64.86,2023-12-06T00:00:00Z,Beauty
cart_003427,user_09717,prod_0020,1,151.77,2023-12-14T00:00:00Z,Fashion
cart_003427,user_09717,prod_0079,3,167.19,2023-12-11T00:00:00Z,Beauty
cart_003427,user_09717,prod_0071,3,164.71,2023-12-28T00:00:00Z,Beauty
cart_003428,user_09719,prod_0074,2,50.7,2023-12-31T00:00:00Z,Beauty
cart_003428,user_09719,prod_0019,1,273.46,2024-01-01T00:00:00Z,Fashion
cart_003428,user_09719,prod_0018,1,14.44,2023-12-16T00:00:00Z,Fashion
cart_003428,user_09719,prod_0080,3,282.84,2023-12-07T00:00:00Z,Beauty
cart_003428,user_09719,prod_0028,1,230.97,2023-12-22T00:00:00Z,Fashion
cart_003429,user_09720,prod_0069,3,153.73,2023-12-27T00:00:00Z,Sports & Fitness
cart_003430,user_09721,prod_0034,1,263.34,2023-12-02T00:00:00Z,Home & Kitchen
cart_003430,user_09721,prod_0050,1,60.92,2023-12-04T00:00:00Z,Books
cart_003430,user_09721,prod_0049,3,219.09,2023-12-22T00:00:00Z,Books
cart_003430,user_09721,prod_0038,2,160.14,2023-12-09T00:00:00Z,Home & Kitchen
cart_003430,user_09721,prod_0035,3,75.82,2023-12-29T00:00:00Z,Home & Kitchen
cart_003430,user_09721,prod_0056,1,294.68,2023-12-24T00:00:00Z,Books
cart_003431,user_09722,prod_0037,2,42.75,2023-12-24T00:00:00Z,Home & Kitchen
cart_003432,user_09723,prod_0053,1,163.93,2023-12-03T00:00:00Z,Books
cart_003432,user_09723,prod_0058,3,148.08,2023-12-26T00:00:00Z,Books
cart_003433,user_09725,prod_0069,3,153.73,2023-12-25T00:00:00Z,Sports & Fitness
cart_003433,user_09725,prod_0004,2,181.99,2023-12-02T00:00:00Z,Electronics
cart_003433,user_09725,prod_0003,3,129.05,2023-12-23T00:00:00Z,Electronics
cart_003433,user_09725,prod_0052,3,258.24,2023-12-30T00:00:00Z,Books
cart_003433,user_09725,prod_0054,2,254.52,2023-12-30T00:00:00Z,Books
cart_003434,user_09733,prod_0012,3,294.66,2023-12-28T00:00:00Z,Electronics
cart_003434,user_09733,prod_0059,2,175.28,2023-12-25T00:00:00Z,Books
cart_003434,user_09733,prod_0053,3,163.93,2023-12-05T00:00:00Z,Books
cart_003434,user_09733,prod_0081,2,250.37,2023-12-03T00:00:00Z,Toys & Games
cart_003435,user_09734,prod_0053,3,163.93,2023-12-21T00:00:00Z,Books
cart_003435,user_09734,prod_0044,2,25.83,2023-12-11T00:00:00Z,Home & Kitchen
cart_003435,user_09734,prod_0037,1,42.75,2023-12-03T00:00:00Z,Home & Kitchen
cart_003435,user_09734,prod_0089,1,70.4,2023-12-16T00:00:00Z,Toys & Games
cart_003435,user_09734,prod_0051,3,141.01,2023-12-18T00:00:00Z,Books
cart_003436,user_09735,prod_0071,3,164.71,2023-12-16T00:00:00Z,Beauty
cart_003436,user_09735,prod_0096,2,294.37,2023-12-30T00:00:00Z,Automotive
cart_003436,user_09735,prod_0023,3,298.21,2023-12-17T00:00:00Z,Fashion
cart_003436,user_09735,prod_0078,2,43.46,2023-12-21T00:00:00Z,Beauty
cart_003437,user_09736,prod_0025,1,129.12,2023-12-19T00:00:00Z,Fashion
cart_003438,user_09737,prod_0066,2,121.36,2023-12-14T00:00:00Z,Sports & Fitness
cart_003438,user_09737,prod_0009,1,219.54,2023-12-02T00:00:00Z,Electronics
cart_003438,user_09737,prod_0059,1,175.28,2023-12-30T00:00:00Z,Books
cart_003438,user_09737,prod_0065,1,81.67,2023-12-31T00:00:00Z,Sports & Fitness
cart_003438,user_09737,prod_0010,2,91.19,2023-12-07T00:00:00Z,Electronics
cart_003438,user_09737,prod_0089,2,70.4,2023-12-14T00:00:00Z,Toys & Games
cart_003439,user_09743,prod_0053,2,163.93,2023-12-05T00:00:00Z,Books
cart_003440,user_09745,prod_0003,2,129.05,2023-12-15T00:00:00Z,Electronics
cart_003441,user_09746,prod_0097,1,18.05,2023-12-14T00:00:00Z,Automotive
cart_003441,user_09746,prod_0038,2,160.14,2024-01-01T00:00:00Z,Home & Kitchen
cart_003441,user_09746,prod_0002,1,46.02,2023-12-23T00:00:00Z,Electronics
cart_003442,user_09748,prod_0052,2,258.24,2023-12-22T00:00:00Z,Books
cart_003442,user_09748,prod_0053,1,163.93,2023-12-26T00:00:00Z,Books
cart_003442,user_09748,prod_0014,1,66.6,2023-12-08T00:00:00Z,Electronics
cart_003442,user_09748,prod_0063,3,266.74,2023-12-06T00:00:00Z,Sports & Fitness
cart_003443,user_09749,prod_0014,3,66.6,2023-12-31T00:00:00Z,Electronics
cart_003443,user_09749,prod_0032,2,229.18,2023-12-27T00:00:00Z,Home & Kitchen
cart_003443,user_09749,prod_0037,3,42.75,2023-12-30T00:00:00Z,Home & Kitchen
cart_003444,user_09752,prod_0071,1,164.71,2023-12-12T00:00:00Z,Beauty
cart_003445,user_09757,prod_0007,3,286.42,2023-12-04T00:00:00Z,Electronics
cart_003445,user_09757,prod_0057,1,209.8,2023-12-17T00:00:00Z,Books
cart_003445,user_09757,prod_0049,2,219.09,2023-12-24T00:00:00Z,Books
cart_003445,user_09757,prod_0055,3,259.21,2023-12-31T00:00:00Z,Books
cart_003445,user_09757,prod_0056,2,294.68,2023-12-05T00:00:00Z,Books
cart_003445,user_09757,prod_0052,3,258.24,2023-12-22T00:00:00Z,Books
cart_003446,user_09761,prod_0044,3,25.83,2023-12-07T00:00:00Z,Home & Kitchen
cart_003447,user_09766,prod_0058,3,148.08,2023-12-29T00:00:00Z,Books
cart_003447,user_09766,prod_0031,2,92.74,2023-12-10T00:00:00Z,Home & Kitchen
cart_003447,user_09766,prod_0047,3,33.5,2023-12-14T00:00:00Z,Books
cart_003447,user_09766,prod_0097,1,18.05,2023-12-13T00:00:00Z,Automotive
cart_003448,user_09768,prod_0050,1,60.92,2023-12-18T00:00:00Z,Books
cart_003448,user_09768,prod_0057,3,209.8,2023-12-06T00:00:00Z,Books
cart_003448,user_09768,prod_0046,1,76.44,2023-12-15T00:00:00Z,Books
cart_003449,user_09771,prod_0075,2,64.86,2023-12-06T00:00:00Z,Beauty
cart_003449,user_09771,prod_0090,2,246.24,2023-12-12T00:00:00Z,Toys & Games
cart_003449,user_09771,prod_0026,2,142.61,2023-12-07T00:00:00Z,Fashion
cart_003449,user_09771,prod_0017,2,100.34,2023-12-30T00:00:00Z,Fashion
cart_003449,user_09771,prod_0058,3,148.08,2023-12-28T00:00:00Z,Books
cart_003450,user_09774,prod_0099,1,25.57,2023-12-31T00:00:00Z,Automotive
cart_003450,user_09774,prod_0049,1,219.09,2024-01-01T00:00:00Z,Books
cart_003450,user_09774,prod_0023,2,298.21,2023-12-29T00:00:00Z,Fashion
cart_003450,user_09774,prod_0015,3,55.31,2023-12-11T00:00:00Z,Electronics
cart_003451,user_09775,prod_0014,1,66.6,2023-12-24T00:00:00Z,Electronics
cart_003452,user_09780,prod_0029,1,138.39,2023-12-02T00:00:00Z,Fashion
cart_003452,user_09780,prod_0027,3,8.38,2023-12-16T00:00:00Z,Fashion
cart_003452,user_09780,prod_0016,1,84.36,2023-12-14T00:00:00Z,Fashion
cart_003452,user_09780,prod_0030,3,229.02,2023-12-18T00:00:00Z,Fashion
cart_003452,user_09780,prod_0098,1,163.3,2024-01-01T00:00:00Z,Automotive
cart_003453,user_09782,prod_0042,1,72.65,2023-12-16T00:00:00Z,Home & Kitchen
cart_003453,user_09782,prod_0031,3,92.74,2023-12-03T00:00:00Z,Home & Kitchen
cart_003453,user_09782,prod_0049,2,219.09,2023-12-13T00:00:00Z,Books
cart_003454,user_09784,prod_0019,2,273.46,2023-12-11T00:00:00Z,Fashion
cart_003454,user_09784,prod_0048,2,258.97,2024-01-01T00:00:00Z,Books
cart_003455,user_09787,prod_0095,3,180.39,2023-12-16T00:00:00Z,Automotive
cart_003456,user_09788,prod_0046,3,76.44,2023-12-16T00:00:00Z,Books
cart_003456,user_09788,prod_0021,3,46.05,2023-12-07T00:00:00Z,Fashion
cart_003457,user_09789,prod_0002,3,46.02,2023-12-26T00:00:00Z,Electronics
cart_003457,user_09789,prod_0024,1,18.85,2023-12-17T00:00:00Z,Fashion
cart_003457,user_09789,prod_0097,1,18.05,2023-12-26T00:00:00Z,Automotive
cart_003457,user_09789,prod_0022,2,176.87,2023-12-26T00:00:00Z,Fashion
cart_003458,user_09792,prod_0060,1,176.75,2023-12-30T00:00:00Z,Books
cart_003458,user_09792,prod_0092,1,87.06,2023-12-21T00:00:00Z,Automotive
cart_003458,user_09792,prod_0036,2,147.88,2023-12-19T00:00:00Z,Home & Kitchen
cart_003458,user_09792,prod_0068,1,298.55,2023-12-18T00:00:00Z,Sports & Fitness
cart_003459,user_09797,prod_0008,1,110.54,2023-12-28T00:00:00Z,Electronics
cart_003459,user_09797,prod_0066,2,121.36,2023-12-14T00:00:00Z,Sports & Fitness
cart_003459,user_09797,prod_0059,3,175.28,2023-12-14T00:00:00Z,Books
cart_003459,user_09797,prod_0049,1,219.09,2023-12-12T00:00:00Z,Books
cart_003459,user_09797,prod_0090,2,246.24,2023-12-20T00:00:00Z,Toys & Games
cart_003460,user_09799,prod_0042,1,72.65,2023-12-07T00:00:00Z,Home & Kitchen
cart_003460,user_09799,prod_0039,3,227.05,2023-12-27T00:00:00Z,Home & Kitchen
cart_003460,user_09799,prod_0055,3,259.21,2023-12-11T00:00:00Z,Books
cart_003461,user_09802,prod_0100,3,200.04,2023-12-24T00:00:00Z,Automotive
cart_003461,user_09802,prod_0023,1,298.21,2023-12-26T00:00:00Z,Fashion
cart_003461,user_09802,prod_0029,1,138.39,2023-12-26T00:00:00Z,Fashion
cart_003461,user_09802,prod_0049,3,219.09,2023-12-03T00:00:00Z,Books
cart_003461,user_09802,prod_0089,3,70.4,2023-12-02T00:00:00Z,Toys & Games
cart_003462,user_09803,prod_0027,2,8.38,2023-12-31T00:00:00Z,Fashion
cart_003462,user_09803,prod_0036,3,147.88,2023-12-06T00:00:00Z,Home & Kitchen
cart_003463,user_09809,prod_0052,3,258.24,2023-12-21T00:00:00Z,Books
cart_003464,user_09810,prod_0024,2,18.85,2023-12-31T00:00:00Z,Fashion
cart_003464,user_09810,prod_0056,3,294.68,2023-12-28T00:00:00Z,Books
cart_003464,user_09810,prod_0042,2,72.65,2023-12-23T00:00:00Z,Home & Kitchen
cart_003465,user_09811,prod_0070,2,263.51,2023-12-24T00:00:00Z,Sports & Fitness
cart_003465,user_09811,prod_0035,1,75.82,2023-12-03T00:00:00Z,Home & Kitchen
cart_003465,user_09811,prod_0082,2,17.3,2023-12-17T00:00:00Z,Toys & Games
cart_003465,user_09811,prod_0039,1,227.05,2023-12-25T00:00:00Z,Home & Kitchen
cart_003466,user_09815,prod_0073,3,44.48,2023-12-18T00:00:00Z,Beauty
cart_003466,user_09815,prod_0018,2,14.44,2023-12-15T00:00:00Z,Fashion
cart_003466,user_09815,prod_0079,3,167.19,2023-12-02T00:00:00Z,Beauty
cart_003466,user_09815,prod_0081,1,250.37,2023-12-17T00:00:00Z,Toys & Games
cart_003466,user_09815,prod_0071,3,164.71,2023-12-10T00:00:00Z,Beauty
cart_003467,user_09825,prod_0047,2,33.5,2023-12-21T00:00:00Z,Books
cart_003467,user_09825,prod_0051,1,141.01,2023-12-08T00:00:00Z,Books
cart_003467,user_09825,prod_0048,3,258.97,2023-12-13T00:00:00Z,Books
cart_003468,user_09826,prod_0026,3,142.61,2023-12-12T00:00:00Z,Fashion
cart_003468,user_09826,prod_0070,1,263.51,2023-12-14T00:00:00Z,Sports & Fitness
cart_003469,user_09828,prod_0053,1,163.93,2023-12-28T00:00:00Z,Books
cart_003469,user_09828,prod_0041,2,77.88,2023-12-13T00:00:00Z,Home & Kitchen
cart_003470,user_09833,prod_0029,1,138.39,2023-12-31T00:00:00Z,Fashion
cart_003470,user_09833,prod_0098,1,163.3,2023-12-15T00:00:00Z,Automotive
cart_003470,user_09833,prod_0040,3,202.48,2023-12-18T00:00:00Z,Home & Kitchen
cart_003470,user_09833,prod_0075,1,64.86,2023-12-23T00:00:00Z,Beauty
cart_003470,user_09833,prod_0034,1,263.34,2023-12-08T00:00:00Z,Home & Kitchen
cart_003471,user_09834,prod_0086,3,12.29,2023-12-15T00:00:00Z,Toys & Games
cart_003471,user_09834,prod_0068,3,298.55,2023-12-03T00:00:00Z,Sports & Fitness
cart_003471,user_09834,prod_0043,1,22.31,2023-12-02T00:00:00Z,Home & Kitchen
cart_003472,user_09836,prod_0090,3,246.24,2023-12-29T00:00:00Z,Toys & Games
cart_003472,user_09836,prod_0011,3,212.14,2023-12-11T00:00:00Z,Electronics
cart_003473,user_09844,prod_0067,3,278.13,2023-12-31T00:00:00Z,Sports & Fitness
cart_003473,user_09844,prod_0059,1,175.28,2023-12-16T00:00:00Z,Books
cart_003473,user_09844,prod_0048,3,258.97,2023-12-18T00:00:00Z,Books
cart_003473,user_09844,prod_0058,2,148.08,2023-12-07T00:00:00Z,Books
cart_003473,user_09844,prod_0015,2,55.31,2023-12-30T00:00:00Z,Electronics
cart_003473,user_09844,prod_0002,3,46.02,2023-12-27T00:00:00Z,Electronics
cart_003474,user_09847,prod_0056,3,294.68,2023-12-09T00:00:00Z,Books
cart_003474,user_09847,prod_0009,1,219.54,2023-12-06T00:00:00Z,Electronics
cart_003474,user_09847,prod_0008,3,110.54,2023-12-13T00:00:00Z,Electronics
cart_003474,user_09847,prod_0011,3,212.14,2023-12-03T00:00:00Z,Electronics
cart_003474,user_09847,prod_0071,3,164.71,2023-12-09T00:00:00Z,Beauty
cart_003475,user_09848,prod_0048,1,258.97,2023-12-28T00:00:00Z,Books
cart_003476,user_09852,prod_0022,1,176.87,2023-12-24T00:00:00Z,Fashion
cart_003476,user_09852,prod_0018,3,14.44,2023-12-24T00:00:00Z,Fashion
cart_003477,user_09853,prod_0082,1,17.3,2023-12-10T00:00:00Z,Toys & Games
cart_003477,user_09853,prod_0064,3,128.25,2023-12-05T00:00:00Z,Sports & Fitness
cart_003477,user_09853,prod_0007,1,286.42,2023-12-07T00:00:00Z,Electronics
cart_003477,user_09853,prod_0010,2,91.19,2023-12-03T00:00:00Z,Electronics
cart_003477,user_09853,prod_0075,2,64.86,2023-12-08T00:00:00Z,Beauty
cart_003477,user_09853,prod_0068,1,298.55,2023-12-11T00:00:00Z,Sports & Fitness
cart_003478,user_09857,prod_0050,3,60.92,2023-12-29T00:00:00Z,Books
cart_003478,user_09857,prod_0006,2,51.94,2024-01-01T00:00:00Z,Electronics
cart_003478,user_09857,prod_0031,2,92.74,2023-12-04T00:00:00Z,Home & Kitchen
cart_003479,user_09859,prod_0084,1,169.61,2023-12-02T00:00:00Z,Toys & Games
cart_003479,user_09859,prod_0014,1,66.6,2023-12-30T00:00:00Z,Electronics
cart_003480,user_09860,prod_0052,2,258.24,2023-12-28T00:00:00Z,Books
cart_003480,user_09860,prod_0058,3,148.08,2023-12-02T00:00:00Z,Books
cart_003480,user_09860,prod_0040,2,202.48,2023-12-04T00:00:00Z,Home & Kitchen
cart_003480,user_09860,prod_0015,2,55.31,2023-12-06T00:00:00Z,Electronics
cart_003480,user_09860,prod_0008,3,110.54,2023-12-12T00:00:00Z,Electronics
cart_003480,user_09860,prod_0010,2,91.19,2023-12-04T00:00:00Z,Electronics
cart_003481,user_09864,prod_0087,1,126.04,2023-12-16T00:00:00Z,Toys & Games
cart_003481,user_09864,prod_0010,2,91.19,2023-12-14T00:00:00Z,Electronics
cart_003481,user_09864,prod_0030,2,229.02,2023-12-16T00:00:00Z,Fashion
cart_003481,user_09864,prod_0028,3,230.97,2023-12-30T00:00:00Z,Fashion
cart_003481,user_09864,prod_0071,2,164.71,2023-12-19T00:00:00Z,Beauty
cart_003481,user_09864,prod_0073,3,44.48,2023-12-13T00:00:00Z,Beauty
cart_003482,user_09867,prod_0006,3,51.94,2023-12-06T00:00:00Z,Electronics
cart_003482,user_09867,prod_0080,3,282.84,2023-12-11T00:00:00Z,Beauty
cart_003482,user_09867,prod_0067,2,278.13,2023-12-29T00:00:00Z,Sports & Fitness
cart_003483,user_09872,prod_0082,1,17.3,2023-12-29T00:00:00Z,Toys & Games
cart_003483,user_09872,prod_0090,3,246.24,2023-12-03T00:00:00Z,Toys & Games
cart_003484,user_09875,prod_0072,1,245.23,2023-12-03T00:00:00Z,Beauty
cart_003484,user_09875,prod_0098,3,163.3,2023-12-29T00:00:00Z,Automotive
cart_003484,user_09875,prod_0011,2,212.14,2023-12-24T00:00:00Z,Electronics
cart_003485,user_09876,prod_0018,2,14.44,2023-12-22T00:00:00Z,Fashion
cart_003485,user_09876,prod_0041,2,77.88,2023-12-31T00:00:00Z,Home & Kitchen
cart_003486,user_09879,prod_0026,1,142.61,2023-12-26T00:00:00Z,Fashion
cart_003486,user_09879,prod_0077,2,129.53,2023-12-13T00:00:00Z,Beauty
cart_003486,user_09879,prod_0095,3,180.39,2023-12-16T00:00:00Z,Automotive
cart_003486,user_09879,prod_0079,1,167.19,2023-12-06T00:00:00Z,Beauty
cart_003487,user_09882,prod_0057,3,209.8,2023-12-02T00:00:00Z,Books
cart_003487,user_09882,prod_0009,2,219.54,2023-12-28T00:00:00Z,Electronics
cart_003487,user_09882,prod_0021,2,46.05,2023-12-03T00:00:00Z,Fashion
cart_003487,user_09882,prod_0079,2,167.19,2023-12-18T00:00:00Z,Beauty
cart_003487,user_09882,prod_0007,3,286.42,2023-12-05T00:00:00Z,Electronics
cart_003488,user_09883,prod_0042,1,72.65,2023-12-09T00:00:00Z,Home & Kitchen
cart_003489,user_09884,prod_0050,2,60.92,2023-12-31T00:00:00Z,Books
cart_003489,user_09884,prod_0088,2,236.49,2023-12-30T00:00:00Z,Toys & Games
cart_003490,user_09886,prod_0039,3,227.05,2023-12-03T00:00:00Z,Home & Kitchen
cart_003490,user_09886,prod_0060,2,176.75,2023-12-07T00:00:00Z,Books
cart_003490,user_09886,prod_0031,1,92.74,2023-12-09T00:00:00Z,Home & Kitchen
cart_003491,user_09888,prod_0079,3,167.19,2023-12-15T00:00:00Z,Beauty
cart_003491,user_09888,prod_0077,1,129.53,2023-12-13T00:00:00Z,Beauty
cart_003492,user_09893,prod_0084,1,169.61,2023-12-20T00:00:00Z,Toys & Games
cart_003492,user_09893,prod_0052,1,258.24,2023-12-18T00:00:00Z,Books
cart_003492,user_09893,prod_0086,3,12.29,2023-12-09T00:00:00Z,Toys & Games
cart_003492,user_09893,prod_0010,2,91.19,2023-12-10T00:00:00Z,Electronics
cart_003493,user_09897,prod_0068,1,298.55,2023-12-09T00:00:00Z,Sports & Fitness
cart_003493,user_09897,prod_0053,3,163.93,2023-12-20T00:00:00Z,Books
cart_003493,user_09897,prod_0006,2,51.94,2023-12-15T00:00:00Z,Electronics
cart_003493,user_09897,prod_0090,3,246.24,2023-12-14T00:00:00Z,Toys & Games
cart_003494,user_09900,prod_0099,3,25.57,2023-12-15T00:00:00Z,Automotive
cart_003494,user_09900,prod_0100,1,200.04,2023-12-26T00:00:00Z,Automotive
cart_003494,user_09900,prod_0009,2,219.54,2023-12-19T00:00:00Z,Electronics
cart_003494,user_09900,prod_0037,3,42.75,2023-12-26T00:00:00Z,Home & Kitchen
cart_003494,user_09900,prod_0086,1,12.29,2023-12-07T00:00:00Z,Toys & Games
cart_003494,user_09900,prod_0044,1,25.83,2023-12-13T00:00:00Z,Home & Kitchen
cart_003495,user_09901,prod_0014,1,66.6,2023-12-19T00:00:00Z,Electronics
cart_003495,user_09901,prod_0056,1,294.68,2023-12-11T00:00:00Z,Books
cart_003496,user_09907,prod_0065,2,81.67,2023-12-10T00:00:00Z,Sports & Fitness
cart_003496,user_09907,prod_0096,3,294.37,2023-12-12T00:00:00Z,Automotive
cart_003496,user_09907,prod_0045,1,43.9,2023-12-13T00:00:00Z,Home & Kitchen
cart_003496,user_09907,prod_0032,3,229.18,2023-12-24T00:00:00Z,Home & Kitchen
cart_003497,user_09909,prod_0040,1,202.48,2023-12-06T00:00:00Z,Home & Kitchen
cart_003497,user_09909,prod_0074,2,50.7,2023-12-08T00:00:00Z,Beauty
cart_003497,user_09909,prod_0092,1,87.06,2023-12-10T00:00:00Z,Automotive
cart_003497,user_09909,prod_0031,2,92.74,2023-12-28T00:00:00Z,Home & Kitchen
cart_003498,user_09911,prod_0064,2,128.25,2023-12-27T00:00:00Z,Sports & Fitness
cart_003498,user_09911,prod_0067,1,278.13,2023-12-13T00:00:00Z,Sports & Fitness
cart_003499,user_09912,prod_0069,1,153.73,2023-12-13T00:00:00Z,Sports & Fitness
cart_003499,user_09912,prod_0098,2,163.3,2023-12-20T00:00:00Z,Automotive
cart_003499,user_09912,prod_0094,1,290.3,2023-12-18T00:00:00Z,Automotive
cart_003499,user_09912,prod_0074,3,50.7,2023-12-30T00:00:00Z,Beauty
cart_003499,user_09912,prod_0100,2,200.04,2023-12-12T00:00:00Z,Automotive
cart_003500,user_09914,prod_0028,1,230.97,2023-12-28T00:00:00Z,Fashion
cart_003501,user_09921,prod_0054,1,254.52,2023-12-26T00:00:00Z,Books
cart_003502,user_09931,prod_0099,3,25.57,2023-12-14T00:00:00Z,Automotive
cart_003503,user_09934,prod_0063,1,266.74,2023-12-16T00:00:00Z,Sports & Fitness
cart_003503,user_09934,prod_0089,1,70.4,2023-12-20T00:00:00Z,Toys & Games
cart_003504,user_09935,prod_0005,1,137.07,2023-12-03T00:00:00Z,Electronics
cart_003504,user_09935,prod_0049,1,219.09,2023-12-25T00:00:00Z,Books
cart_003504,user_09935,prod_0009,3,219.54,2023-12-28T00:00:00Z,Electronics
cart_003504,user_09935,prod_0004,2,181.99,2023-12-16T00:00:00Z,Electronics
cart_003505,user_09936,prod_0021,3,46.05,2023-12-13T00:00:00Z,Fashion
cart_003505,user_09936,prod_0033,3,181.09,2023-12-06T00:00:00Z,Home & Kitchen
cart_003505,user_09936,prod_0051,3,141.01,2023-12-23T00:00:00Z,Books
cart_003506,user_09940,prod_0081,3,250.37,2023-12-24T00:00:00Z,Toys & Games
cart_003506,user_09940,prod_0089,1,70.4,2023-12-26T00:00:00Z,Toys & Games
cart_003507,user_09944,prod_0079,3,167.19,2023-12-04T00:00:00Z,Beauty
cart_003507,user_09944,prod_0092,3,87.06,2023-12-28T00:00:00Z,Automotive
cart_003507,user_09944,prod_0072,3,245.23,2023-12-28T00:00:00Z,Beauty
cart_003508,user_09953,prod_0035,3,75.82,2023-12-08T00:00:00Z,Home & Kitchen
cart_003508,user_09953,prod_0051,1,141.01,2023-12-07T00:00:00Z,Books
cart_003509,user_09954,prod_0087,1,126.04,2023-12-13T00:00:00Z,Toys & Games
cart_003509,user_09954,prod_0039,3,227.05,2023-12-29T00:00:00Z,Home & Kitchen
cart_003510,user_09955,prod_0070,3,263.51,2023-12-27T00:00:00Z,Sports & Fitness
cart_003510,user_09955,prod_0054,2,254.52,2023-12-09T00:00:00Z,Books
cart_003511,user_09956,prod_0027,1,8.38,2023-12-09T00:00:00Z,Fashion
cart_003511,user_09956,prod_0015,2,55.31,2023-12-06T00:00:00Z,Electronics
cart_003511,user_09956,prod_0014,3,66.6,2023-12-12T00:00:00Z,Electronics
cart_003512,user_09961,prod_0091,1,61.78,2023-12-27T00:00:00Z,Automotive
cart_003512,user_09961,prod_0033,3,181.09,2023-12-26T00:00:00Z,Home & Kitchen
cart_003512,user_09961,prod_0060,1,176.75,2023-12-12T00:00:00Z,Books
cart_003513,user_09963,prod_0061,1,287.47,2023-12-11T00:00:00Z,Sports & Fitness
cart_003513,user_09963,prod_0001,2,192.99,2023-12-06T00:00:00Z,Electronics
cart_003514,user_09965,prod_0054,1,254.52,2023-12-21T00:00:00Z,Books
cart_003515,user_09966,prod_0074,3,50.7,2023-12-15T00:00:00Z,Beauty
cart_003515,user_09966,prod_0007,3,286.42,2023-12-04T00:00:00Z,Electronics
cart_003515,user_09966,prod_0004,1,181.99,2023-12-18T00:00:00Z,Electronics
cart_003515,user_09966,prod_0008,1,110.54,2023-12-21T00:00:00Z,Electronics
cart_003516,user_09968,prod_0062,1,24.98,2023-12-28T00:00:00Z,Sports & Fitness
cart_003516,user_09968,prod_0042,1,72.65,2023-12-09T00:00:00Z,Home & Kitchen
cart_003516,user_09968,prod_0036,3,147.88,2023-12-29T00:00:00Z,Home & Kitchen
cart_003516,user_09968,prod_0093,1,253.04,2023-12-27T00:00:00Z,Automotive
cart_003516,user_09968,prod_0019,3,273.46,2023-12-04T00:00:00Z,Fashion
cart_003516,user_09968,prod_0076,3,78.83,2023-12-03T00:00:00Z,Beauty
cart_003517,user_09969,prod_0030,2,229.02,2023-12-28T00:00:00Z,Fashion
cart_003517,user_09969,prod_0056,2,294.68,2023-12-28T00:00:00Z,Books
cart_003517,user_09969,prod_0010,2,91.19,2023-12-15T00:00:00Z,Electronics
cart_003517,user_09969,prod_0049,3,219.09,2023-12-30T00:00:00Z,Books
cart_003517,user_09969,prod_0008,1,110.54,2023-12-13T00:00:00Z,Electronics
cart_003517,user_09969,prod_0003,2,129.05,2023-12-28T00:00:00Z,Electronics
cart_003518,user_09974,prod_0026,2,142.61,2023-12-20T00:00:00Z,Fashion
cart_003518,user_09974,prod_0032,2,229.18,2023-12-17T00:00:00Z,Home & Kitchen
cart_003518,user_09974,prod_0046,1,76.44,2023-12-27T00:00:00Z,Books
cart_003518,user_09974,prod_0008,3,110.54,2023-12-11T00:00:00Z,Electronics
cart_003518,user_09974,prod_0092,1,87.06,2023-12-02T00:00:00Z,Automotive
cart_003518,user_09974,prod_0037,3,42.75,2023-12-03T00:00:00Z,Home & Kitchen
cart_003519,user_09976,prod_0053,3,163.93,2023-12-26T00:00:00Z,Books
cart_003519,user_09976,prod_0035,3,75.82,2023-12-26T00:00:00Z,Home & Kitchen
cart_003519,user_09976,prod_0050,2,60.92,2023-12-27T00:00:00Z,Books
cart_003520,user_09979,prod_0017,2,100.34,2023-12-21T00:00:00Z,Fashion
cart_003520,user_09979,prod_0046,3,76.44,2023-12-29T00:00:00Z,Books
cart_003520,user_09979,prod_0052,1,258.24,2023-12-05T00:00:00Z,Books
cart_003520,user_09979,prod_0047,3,33.5,2023-12-11T00:00:00Z,Books
cart_003520,user_09979,prod_0003,1,129.05,2023-12-22T00:00:00Z,Electronics
cart_003520,user_09979,prod_0054,1,254.52,2023-12-10T00:00:00Z,Books
cart_003521,user_09980,prod_0036,1,147.88,2023-12-06T00:00:00Z,Home & Kitchen
cart_003522,user_09984,prod_0085,2,74.6,2023-12-22T00:00:00Z,Toys & Games
cart_003522,user_09984,prod_0086,1,12.29,2023-12-31T00:00:00Z,Toys & Games
cart_003522,user_09984,prod_0074,2,50.7,2023-12-11T00:00:00Z,Beauty
cart_003523,user_09985,prod_0071,2,164.71,2023-12-25T00:00:00Z,Beauty
cart_003523,user_09985,prod_0026,1,142.61,2023-12-23T00:00:00Z,Fashion
cart_003523,user_09985,prod_0075,3,64.86,2023-12-19T00:00:00Z,Beauty
cart_003523,user_09985,prod_0015,3,55.31,2023-12-05T00:00:00Z,Electronics
cart_003523,user_09985,prod_0038,2,160.14,2023-12-06T00:00:00Z,Home & Kitchen
cart_003524,user_09986,prod_0013,1,138.3,2023-12-30T00:00:00Z,Electronics
cart_003525,user_09989,prod_0067,1,278.13,2023-12-26T00:00:00Z,Sports & Fitness
cart_003525,user_09989,prod_0062,3,24.98,2023-12-05T00:00:00Z,Sports & Fitness
cart_003525,user_09989,prod_0069,2,153.73,2023-12-14T00:00:00Z,Sports & Fitness
cart_003525,user_09989,prod_0068,1,298.55,2023-12-26T00:00:00Z,Sports & Fitness
cart_003526,user_09994,prod_0086,2,12.29,2023-12-31T00:00:00Z,Toys & Games
cart_003526,user_09994,prod_0048,1,258.97,2023-12-02T00:00:00Z,Books
cart_003526,user_09994,prod_0038,3,160.14,2023-12-08T00:00:00Z,Home & Kitchen
cart_003526,user_09994,prod_0050,2,60.92,2023-12-27T00:00:00Z,Books
cart_003527,user_09999,prod_0008,3,110.54,2024-01-01T00:00:00Z,Electronics
cart_003527,user_09999,prod_0058,1,148.08,2023-12-27T00:00:00Z,Books
