userId,productId,interaction,timestamp
205,487,review,2025-09-30 09:18:44.826765
155,328,wishlist,2025-09-30 09:40:32.826765
149,461,view,2025-09-30 10:27:05.826765
169,359,view,2025-09-30 11:02:20.826765
221,425,view,2025-09-30 12:14:21.826765
144,294,view,2025-09-30 16:37:06.826765
63,463,cart,2025-09-30 18:26:15.826765
252,220,cart,2025-09-30 19:08:45.826765
128,111,view,2025-09-30 20:59:32.826765
233,25,view,2025-09-30 23:03:46.826765
163,343,cart,2025-09-30 23:26:08.826765
265,199,view,2025-09-30 23:43:18.826765
7,90,review,2025-10-01 01:45:55.826765
269,339,view,2025-10-01 03:36:45.826765
53,331,view,2025-10-01 03:54:05.826765
245,12,view,2025-10-01 05:14:17.826765
13,286,cart,2025-10-01 05:42:15.826765
179,81,view,2025-10-01 07:13:57.826765
239,438,view,2025-10-01 07:30:53.826765
166,396,cart,2025-10-01 07:41:15.826765
274,394,view,2025-10-01 08:04:40.826765
62,402,review,2025-10-01 08:29:09.826765
70,467,cart,2025-10-01 08:47:33.826765
16,23,view,2025-10-01 09:11:48.826765
161,218,review,2025-10-01 10:13:17.826765
55,327,wishlist,2025-10-01 11:43:57.826765
136,482,view,2025-10-01 15:22:49.826765
101,157,view,2025-10-01 15:27:10.826765
16,196,view,2025-10-01 17:45:28.826765
162,120,view,2025-10-01 18:21:16.826765
84,436,purchase,2025-10-01 20:04:18.826765
47,287,cart,2025-10-01 20:10:13.826765
273,456,cart,2025-10-01 20:53:00.826765
72,236,view,2025-10-01 23:45:21.826765
8,446,wishlist,2025-10-01 23:51:46.826765
183,40,cart,2025-10-02 01:18:24.826765
26,362,cart,2025-10-02 02:57:26.826765
90,357,view,2025-10-02 03:28:18.826765
125,360,view,2025-10-02 03:59:58.826765
47,451,view,2025-10-02 04:09:28.826765
144,240,cart,2025-10-02 04:43:57.826765
3,459,view,2025-10-02 04:53:08.826765
284,168,wishlist,2025-10-02 05:53:24.826765
288,336,view,2025-10-02 05:53:30.826765
25,326,wishlist,2025-10-02 06:59:02.826765
142,232,view,2025-10-02 07:40:26.826765
77,59,cart,2025-10-02 09:08:29.826765
45,83,cart,2025-10-02 09:09:23.826765
281,146,view,2025-10-02 10:22:37.826765
285,38,view,2025-10-02 11:16:22.826765
130,330,view,2025-10-02 12:26:17.826765
106,146,wishlist,2025-10-02 12:35:09.826765
201,132,purchase,2025-10-02 12:45:42.826765
203,82,view,2025-10-02 13:53:12.826765
114,393,view,2025-10-02 15:16:41.826765
96,373,wishlist,2025-10-02 17:19:27.826765
237,207,view,2025-10-02 17:32:43.826765
282,408,cart,2025-10-02 18:30:14.826765
297,70,view,2025-10-02 19:48:40.826765
99,334,view,2025-10-02 23:09:21.826765
23,411,view,2025-10-03 00:31:11.826765
53,392,view,2025-10-03 01:32:01.826765
201,204,review,2025-10-03 01:55:10.826765
86,333,cart,2025-10-03 02:29:31.826765
85,1,view,2025-10-03 05:27:10.826765
41,214,view,2025-10-03 07:06:42.826765
59,185,wishlist,2025-10-03 11:20:46.826765
231,279,cart,2025-10-03 12:14:37.826765
68,62,wishlist,2025-10-03 13:50:37.826765
90,126,view,2025-10-03 14:05:47.826765
272,253,view,2025-10-03 15:06:02.826765
180,308,view,2025-10-03 15:47:41.826765
102,329,view,2025-10-03 16:26:52.826765
203,204,view,2025-10-03 16:31:16.826765
264,231,view,2025-10-03 17:45:06.826765
131,376,review,2025-10-03 17:59:56.826765
103,175,view,2025-10-03 18:28:36.826765
193,498,cart,2025-10-03 18:40:23.826765
11,401,wishlist,2025-10-03 19:12:42.826765
50,377,view,2025-10-03 21:20:46.826765
69,403,view,2025-10-04 00:08:30.826765
217,312,cart,2025-10-04 00:26:06.826765
294,177,view,2025-10-04 02:49:07.826765
102,469,cart,2025-10-04 03:52:48.826765
177,493,view,2025-10-04 03:57:21.826765
141,153,view,2025-10-04 03:59:35.826765
177,190,view,2025-10-04 04:06:08.826765
58,270,view,2025-10-04 04:57:17.826765
10,298,review,2025-10-04 07:31:58.826765
164,385,cart,2025-10-04 09:03:39.826765
15,266,view,2025-10-04 09:05:19.826765
30,357,view,2025-10-04 10:11:48.826765
154,260,review,2025-10-04 12:35:06.826765
124,138,view,2025-10-04 12:59:46.826765
294,74,wishlist,2025-10-04 13:13:38.826765
281,167,wishlist,2025-10-04 13:22:17.826765
127,494,view,2025-10-04 14:05:26.826765
78,82,purchase,2025-10-04 15:11:31.826765
161,382,cart,2025-10-04 16:23:25.826765
89,442,review,2025-10-04 16:25:50.826765
198,416,view,2025-10-04 17:09:52.826765
149,108,cart,2025-10-04 18:09:57.826765
143,439,wishlist,2025-10-04 19:10:05.826765
242,396,view,2025-10-04 21:28:26.826765
156,198,review,2025-10-04 21:50:58.826765
182,37,wishlist,2025-10-04 21:54:39.826765
294,273,view,2025-10-04 22:02:59.826765
25,273,wishlist,2025-10-04 22:15:34.826765
20,461,view,2025-10-05 01:35:13.826765
239,480,view,2025-10-05 02:00:16.826765
207,430,cart,2025-10-05 02:34:40.826765
48,213,cart,2025-10-05 02:58:07.826765
262,333,review,2025-10-05 03:18:49.826765
206,405,wishlist,2025-10-05 04:07:24.826765
92,146,cart,2025-10-05 04:29:15.826765
49,469,view,2025-10-05 06:13:59.826765
210,2,view,2025-10-05 07:51:24.826765
72,458,view,2025-10-05 09:10:19.826765
46,230,cart,2025-10-05 09:51:48.826765
256,233,view,2025-10-05 11:11:43.826765
62,158,wishlist,2025-10-05 14:13:33.826765
107,211,view,2025-10-05 14:43:19.826765
104,363,wishlist,2025-10-05 17:18:24.826765
175,288,cart,2025-10-05 17:43:11.826765
59,243,wishlist,2025-10-05 18:53:43.826765
193,240,review,2025-10-05 19:27:42.826765
149,162,view,2025-10-05 21:08:57.826765
210,26,cart,2025-10-05 22:36:07.826765
285,129,view,2025-10-05 23:03:50.826765
224,143,cart,2025-10-05 23:15:50.826765
300,45,cart,2025-10-06 01:12:51.826765
124,424,view,2025-10-06 04:00:55.826765
247,297,cart,2025-10-06 04:27:04.826765
19,155,view,2025-10-06 05:11:00.826765
79,87,cart,2025-10-06 05:52:34.826765
129,237,wishlist,2025-10-06 07:28:12.826765
278,113,wishlist,2025-10-06 08:20:46.826765
83,7,wishlist,2025-10-06 08:48:48.826765
49,392,view,2025-10-06 08:56:13.826765
75,325,view,2025-10-06 10:58:40.826765
12,431,view,2025-10-06 12:06:39.826765
239,130,purchase,2025-10-06 12:10:23.826765
151,71,cart,2025-10-06 15:37:18.826765
254,289,view,2025-10-06 15:52:46.826765
87,38,view,2025-10-06 16:22:58.826765
70,22,wishlist,2025-10-06 16:27:57.826765
271,271,review,2025-10-06 18:51:41.826765
223,161,view,2025-10-06 19:56:46.826765
151,191,view,2025-10-06 20:27:28.826765
73,114,view,2025-10-06 23:28:15.826765
92,476,view,2025-10-06 23:57:14.826765
253,440,view,2025-10-07 01:24:29.826765
270,14,view,2025-10-07 01:34:04.826765
243,82,wishlist,2025-10-07 01:39:18.826765
5,362,wishlist,2025-10-07 02:25:16.826765
10,127,view,2025-10-07 02:25:30.826765
210,292,wishlist,2025-10-07 03:39:59.826765
51,1,view,2025-10-07 04:04:06.826765
100,135,view,2025-10-07 05:16:56.826765
20,378,view,2025-10-07 05:40:25.826765
199,225,view,2025-10-07 06:26:11.826765
59,177,view,2025-10-07 06:34:51.826765
150,407,view,2025-10-07 07:23:58.826765
68,293,review,2025-10-07 07:36:33.826765
20,273,cart,2025-10-07 08:42:37.826765
144,181,cart,2025-10-07 10:07:40.826765
197,90,view,2025-10-07 10:31:21.826765
25,395,view,2025-10-07 11:47:58.826765
76,366,view,2025-10-07 11:48:19.826765
185,471,view,2025-10-07 12:09:11.826765
122,438,view,2025-10-07 12:15:33.826765
227,280,review,2025-10-07 12:28:28.826765
51,3,wishlist,2025-10-07 14:02:47.826765
212,320,view,2025-10-07 14:02:59.826765
162,122,review,2025-10-07 15:14:33.826765
236,278,cart,2025-10-07 15:25:00.826765
136,422,view,2025-10-07 16:52:38.826765
18,389,view,2025-10-07 17:47:22.826765
242,118,view,2025-10-07 18:15:21.826765
5,42,view,2025-10-07 19:04:35.826765
246,106,view,2025-10-07 19:24:49.826765
117,332,cart,2025-10-07 20:27:04.826765
2,191,view,2025-10-07 21:11:46.826765
158,431,cart,2025-10-07 23:34:17.826765
101,9,view,2025-10-08 00:57:42.826765
81,205,cart,2025-10-08 02:30:30.826765
219,313,cart,2025-10-08 02:58:51.826765
101,94,review,2025-10-08 05:03:10.826765
108,237,view,2025-10-08 07:12:25.826765
187,246,wishlist,2025-10-08 10:13:36.826765
84,461,view,2025-10-08 11:09:57.826765
93,147,review,2025-10-08 11:30:10.826765
145,330,wishlist,2025-10-08 11:33:15.826765
166,460,view,2025-10-08 12:15:08.826765
92,32,view,2025-10-08 13:26:38.826765
129,369,cart,2025-10-08 14:33:30.826765
213,455,view,2025-10-08 15:17:15.826765
242,203,cart,2025-10-08 15:28:38.826765
53,120,view,2025-10-08 16:12:19.826765
223,312,view,2025-10-08 17:16:33.826765
179,366,review,2025-10-08 18:43:58.826765
90,94,purchase,2025-10-08 18:49:31.826765
160,208,view,2025-10-08 19:12:20.826765
262,9,review,2025-10-08 19:18:02.826765
2,220,view,2025-10-08 20:20:00.826765
154,271,view,2025-10-08 21:54:26.826765
240,247,view,2025-10-08 22:20:19.826765
105,480,view,2025-10-08 23:43:27.826765
139,344,cart,2025-10-09 00:31:07.826765
161,166,review,2025-10-09 01:13:20.826765
169,404,cart,2025-10-09 03:07:44.826765
70,234,view,2025-10-09 03:08:33.826765
204,12,view,2025-10-09 05:33:09.826765
13,247,view,2025-10-09 05:38:16.826765
250,200,wishlist,2025-10-09 05:41:40.826765
202,218,view,2025-10-09 05:53:44.826765
25,469,cart,2025-10-09 07:12:25.826765
11,98,cart,2025-10-09 09:11:07.826765
78,435,view,2025-10-09 10:55:09.826765
273,81,view,2025-10-09 12:08:03.826765
48,16,view,2025-10-09 12:14:19.826765
272,408,cart,2025-10-09 13:26:40.826765
101,154,view,2025-10-09 13:50:14.826765
6,237,view,2025-10-09 14:00:11.826765
287,400,view,2025-10-09 14:08:27.826765
233,349,view,2025-10-09 15:52:42.826765
101,23,cart,2025-10-09 19:17:34.826765
74,409,wishlist,2025-10-09 22:30:30.826765
154,247,cart,2025-10-09 22:50:27.826765
128,206,view,2025-10-09 23:03:54.826765
268,499,view,2025-10-09 23:15:30.826765
159,201,review,2025-10-10 02:35:50.826765
67,10,view,2025-10-10 04:58:38.826765
214,3,wishlist,2025-10-10 05:07:57.826765
288,323,cart,2025-10-10 05:49:47.826765
293,355,review,2025-10-10 06:04:31.826765
162,70,view,2025-10-10 08:12:11.826765
19,55,wishlist,2025-10-10 08:24:03.826765
2,129,view,2025-10-10 09:01:52.826765
279,381,review,2025-10-10 09:58:40.826765
275,217,cart,2025-10-10 10:29:51.826765
161,351,cart,2025-10-10 11:02:58.826765
188,452,review,2025-10-10 11:24:38.826765
139,97,view,2025-10-10 14:26:39.826765
220,355,wishlist,2025-10-10 15:59:49.826765
192,299,wishlist,2025-10-10 16:22:35.826765
12,182,view,2025-10-10 16:40:36.826765
43,335,review,2025-10-10 16:48:54.826765
41,282,view,2025-10-10 17:12:48.826765
133,453,cart,2025-10-10 17:47:40.826765
81,307,view,2025-10-10 17:51:19.826765
143,431,cart,2025-10-10 17:52:05.826765
60,318,cart,2025-10-10 19:50:35.826765
2,45,view,2025-10-10 20:04:17.826765
39,373,wishlist,2025-10-10 20:05:45.826765
158,97,view,2025-10-10 20:20:18.826765
267,283,view,2025-10-10 20:28:26.826765
142,154,view,2025-10-10 20:31:58.826765
144,182,view,2025-10-10 21:29:21.826765
247,413,view,2025-10-10 21:41:03.826765
29,333,cart,2025-10-10 22:09:29.826765
164,217,view,2025-10-11 00:15:45.826765
225,182,view,2025-10-11 00:43:49.826765
296,411,wishlist,2025-10-11 01:13:20.826765
230,286,review,2025-10-11 01:59:02.826765
283,42,wishlist,2025-10-11 03:19:06.826765
263,438,view,2025-10-11 03:32:17.826765
131,298,view,2025-10-11 03:52:54.826765
120,278,view,2025-10-11 04:48:18.826765
147,56,view,2025-10-11 05:41:01.826765
4,152,purchase,2025-10-11 05:58:58.826765
99,330,purchase,2025-10-11 06:58:55.826765
81,480,wishlist,2025-10-11 07:23:56.826765
37,394,cart,2025-10-11 08:27:36.826765
98,289,cart,2025-10-11 09:02:35.826765
285,151,view,2025-10-11 10:12:10.826765
124,328,wishlist,2025-10-11 11:29:27.826765
160,279,view,2025-10-11 11:33:17.826765
117,234,view,2025-10-11 12:28:24.826765
138,444,view,2025-10-11 12:38:59.826765
202,386,cart,2025-10-11 13:30:13.826765
146,28,view,2025-10-11 13:30:15.826765
4,477,cart,2025-10-11 14:43:30.826765
262,111,view,2025-10-11 14:49:29.826765
32,282,view,2025-10-11 16:06:37.826765
4,188,view,2025-10-11 16:52:36.826765
244,22,view,2025-10-11 17:08:44.826765
188,77,view,2025-10-11 17:45:45.826765
89,429,view,2025-10-11 18:08:56.826765
28,220,wishlist,2025-10-11 18:26:03.826765
259,34,view,2025-10-11 20:25:57.826765
296,376,view,2025-10-11 23:25:58.826765
243,482,review,2025-10-11 23:48:25.826765
102,205,view,2025-10-12 00:03:05.826765
299,132,purchase,2025-10-12 00:58:50.826765
230,453,purchase,2025-10-12 02:01:28.826765
118,54,view,2025-10-12 03:32:27.826765
223,21,view,2025-10-12 04:08:17.826765
296,58,review,2025-10-12 05:07:43.826765
62,242,view,2025-10-12 06:26:29.826765
167,433,cart,2025-10-12 06:29:07.826765
8,103,wishlist,2025-10-12 07:54:13.826765
87,120,view,2025-10-12 08:12:09.826765
36,73,view,2025-10-12 10:41:17.826765
152,125,view,2025-10-12 11:49:06.826765
178,138,wishlist,2025-10-12 12:28:55.826765
90,145,purchase,2025-10-12 12:47:03.826765
255,222,purchase,2025-10-12 12:48:45.826765
126,395,cart,2025-10-12 13:03:49.826765
241,341,cart,2025-10-12 15:34:40.826765
116,474,cart,2025-10-12 15:45:37.826765
124,168,cart,2025-10-12 18:19:12.826765
184,8,cart,2025-10-12 19:24:05.826765
49,289,cart,2025-10-12 20:02:16.826765
160,416,cart,2025-10-12 20:59:26.826765
37,214,cart,2025-10-12 21:23:16.826765
252,211,view,2025-10-12 22:53:58.826765
277,31,cart,2025-10-12 23:21:12.826765
44,321,purchase,2025-10-12 23:26:57.826765
18,487,view,2025-10-13 02:09:00.826765
294,48,wishlist,2025-10-13 03:18:17.826765
272,63,wishlist,2025-10-13 04:10:57.826765
238,191,wishlist,2025-10-13 04:59:25.826765
96,319,wishlist,2025-10-13 06:07:02.826765
70,39,wishlist,2025-10-13 06:28:19.826765
66,471,view,2025-10-13 09:16:19.826765
173,359,wishlist,2025-10-13 09:48:28.826765
247,230,wishlist,2025-10-13 10:54:32.826765
98,11,wishlist,2025-10-13 11:19:55.826765
98,90,view,2025-10-13 11:59:00.826765
147,495,view,2025-10-13 12:12:30.826765
103,18,cart,2025-10-13 12:24:16.826765
232,27,view,2025-10-13 12:32:05.826765
25,233,view,2025-10-13 12:53:17.826765
4,132,wishlist,2025-10-13 14:30:45.826765
215,73,view,2025-10-13 15:19:42.826765
28,139,review,2025-10-13 16:13:22.826765
270,203,view,2025-10-13 16:57:51.826765
193,109,view,2025-10-13 17:13:01.826765
50,414,view,2025-10-13 17:33:43.826765
223,46,cart,2025-10-13 18:46:32.826765
25,16,cart,2025-10-13 19:19:13.826765
161,163,view,2025-10-13 20:36:29.826765
146,139,view,2025-10-13 20:58:01.826765
137,150,view,2025-10-13 21:00:11.826765
139,395,view,2025-10-13 21:21:22.826765
58,448,view,2025-10-13 21:35:23.826765
5,226,review,2025-10-13 21:55:12.826765
287,65,view,2025-10-13 23:16:57.826765
129,239,view,2025-10-14 00:43:02.826765
103,79,view,2025-10-14 03:40:13.826765
300,113,cart,2025-10-14 04:24:45.826765
267,53,cart,2025-10-14 04:49:52.826765
75,258,cart,2025-10-14 04:59:42.826765
154,458,view,2025-10-14 05:36:36.826765
17,47,view,2025-10-14 05:36:40.826765
266,363,view,2025-10-14 06:05:36.826765
289,199,view,2025-10-14 07:37:01.826765
134,99,view,2025-10-14 07:49:04.826765
141,277,view,2025-10-14 08:11:33.826765
283,296,view,2025-10-14 08:11:59.826765
40,374,view,2025-10-14 08:19:36.826765
86,473,view,2025-10-14 08:38:22.826765
118,318,view,2025-10-14 09:07:40.826765
249,169,view,2025-10-14 11:34:48.826765
61,167,view,2025-10-14 11:54:13.826765
262,337,view,2025-10-14 15:13:46.826765
50,224,wishlist,2025-10-14 17:11:14.826765
101,39,view,2025-10-14 17:19:03.826765
48,340,cart,2025-10-14 17:37:04.826765
164,19,purchase,2025-10-14 17:44:24.826765
278,402,cart,2025-10-14 21:01:22.826765
268,415,view,2025-10-14 21:59:38.826765
273,34,wishlist,2025-10-14 23:05:52.826765
266,315,review,2025-10-15 02:01:17.826765
113,179,view,2025-10-15 03:20:15.826765
125,232,review,2025-10-15 03:35:20.826765
147,398,wishlist,2025-10-15 03:49:11.826765
114,69,cart,2025-10-15 05:11:35.826765
120,354,view,2025-10-15 05:19:26.826765
172,146,view,2025-10-15 05:56:07.826765
234,208,view,2025-10-15 06:59:24.826765
171,121,wishlist,2025-10-15 07:18:35.826765
150,287,cart,2025-10-15 07:50:39.826765
38,194,view,2025-10-15 09:52:22.826765
101,446,cart,2025-10-15 11:01:27.826765
62,78,view,2025-10-15 13:09:08.826765
223,356,review,2025-10-15 13:52:31.826765
8,468,view,2025-10-15 14:21:01.826765
194,47,review,2025-10-15 16:41:34.826765
14,353,wishlist,2025-10-15 16:56:28.826765
241,425,wishlist,2025-10-15 17:11:00.826765
147,281,wishlist,2025-10-15 18:15:00.826765
143,420,view,2025-10-15 18:56:42.826765
161,394,view,2025-10-15 19:03:52.826765
270,338,purchase,2025-10-15 20:26:17.826765
168,396,view,2025-10-15 22:17:27.826765
44,338,wishlist,2025-10-15 22:25:40.826765
246,78,view,2025-10-15 22:47:07.826765
216,188,view,2025-10-15 23:09:59.826765
66,12,wishlist,2025-10-15 23:30:25.826765
278,231,view,2025-10-16 00:19:03.826765
179,241,cart,2025-10-16 01:15:03.826765
26,209,view,2025-10-16 02:17:14.826765
60,44,cart,2025-10-16 03:55:27.826765
233,397,view,2025-10-16 05:07:03.826765
102,351,cart,2025-10-16 05:36:13.826765
118,330,review,2025-10-16 07:13:13.826765
181,294,wishlist,2025-10-16 07:20:33.826765
74,291,view,2025-10-16 07:37:56.826765
90,31,cart,2025-10-16 10:30:45.826765
60,463,review,2025-10-16 13:14:39.826765
234,57,purchase,2025-10-16 16:13:33.826765
100,93,view,2025-10-16 16:31:20.826765
106,119,wishlist,2025-10-16 16:31:46.826765
169,350,view,2025-10-16 18:22:23.826765
164,428,view,2025-10-16 18:25:18.826765
75,29,cart,2025-10-16 18:25:36.826765
295,115,cart,2025-10-16 18:28:22.826765
130,453,cart,2025-10-16 18:36:00.826765
226,443,wishlist,2025-10-16 19:49:50.826765
85,145,view,2025-10-16 20:08:27.826765
269,357,view,2025-10-16 20:10:32.826765
179,286,view,2025-10-16 20:51:06.826765
269,164,view,2025-10-16 22:05:25.826765
191,444,view,2025-10-16 22:25:18.826765
288,301,view,2025-10-16 23:57:10.826765
207,364,review,2025-10-17 02:09:16.826765
249,192,view,2025-10-17 02:11:15.826765
12,434,view,2025-10-17 04:18:21.826765
119,495,purchase,2025-10-17 04:52:22.826765
251,220,view,2025-10-17 06:10:09.826765
95,132,review,2025-10-17 06:15:44.826765
126,6,view,2025-10-17 06:21:14.826765
106,273,view,2025-10-17 07:58:56.826765
247,240,wishlist,2025-10-17 09:17:00.826765
108,312,cart,2025-10-17 09:21:00.826765
52,278,view,2025-10-17 09:59:30.826765
53,131,wishlist,2025-10-17 10:26:30.826765
160,140,view,2025-10-17 12:00:59.826765
192,482,view,2025-10-17 12:10:10.826765
82,119,review,2025-10-17 12:31:17.826765
282,366,cart,2025-10-17 14:00:48.826765
264,467,wishlist,2025-10-17 15:29:21.826765
8,24,view,2025-10-17 15:53:35.826765
295,160,review,2025-10-17 17:24:41.826765
264,287,review,2025-10-17 17:26:25.826765
203,94,view,2025-10-17 17:44:31.826765
80,179,view,2025-10-17 18:54:21.826765
218,464,wishlist,2025-10-17 19:47:38.826765
38,150,wishlist,2025-10-17 20:52:12.826765
49,211,cart,2025-10-17 21:24:06.826765
123,291,wishlist,2025-10-18 00:24:23.826765
229,474,view,2025-10-18 01:55:15.826765
289,293,view,2025-10-18 02:02:08.826765
156,171,view,2025-10-18 02:10:00.826765
201,341,view,2025-10-18 03:14:22.826765
285,129,cart,2025-10-18 03:16:10.826765
198,288,view,2025-10-18 04:00:04.826765
84,239,view,2025-10-18 04:09:47.826765
293,179,wishlist,2025-10-18 04:14:35.826765
103,259,view,2025-10-18 04:30:48.826765
51,372,view,2025-10-18 05:01:34.826765
268,155,cart,2025-10-18 06:30:45.826765
117,372,cart,2025-10-18 08:34:39.826765
113,10,review,2025-10-18 10:03:52.826765
56,378,view,2025-10-18 10:29:49.826765
39,206,view,2025-10-18 11:01:09.826765
190,137,view,2025-10-18 11:01:45.826765
113,56,review,2025-10-18 11:47:22.826765
264,381,view,2025-10-18 11:50:05.826765
286,39,wishlist,2025-10-18 12:19:01.826765
134,250,view,2025-10-18 15:41:55.826765
69,103,cart,2025-10-18 17:20:48.826765
2,186,view,2025-10-18 17:24:54.826765
122,85,cart,2025-10-18 18:32:31.826765
47,372,purchase,2025-10-18 18:56:37.826765
165,332,view,2025-10-18 20:08:58.826765
248,200,view,2025-10-18 20:25:15.826765
114,7,view,2025-10-18 22:51:39.826765
212,18,view,2025-10-18 23:18:17.826765
191,146,purchase,2025-10-19 01:25:45.826765
222,276,wishlist,2025-10-19 01:59:46.826765
82,84,cart,2025-10-19 02:02:27.826765
65,107,view,2025-10-19 04:37:30.826765
85,88,view,2025-10-19 04:46:09.826765
239,255,wishlist,2025-10-19 05:39:00.826765
83,91,review,2025-10-19 05:46:54.826765
152,67,review,2025-10-19 05:51:24.826765
265,55,view,2025-10-19 07:01:33.826765
231,226,wishlist,2025-10-19 07:49:32.826765
38,416,cart,2025-10-19 08:27:18.826765
191,315,view,2025-10-19 09:31:57.826765
87,410,purchase,2025-10-19 11:35:35.826765
295,312,cart,2025-10-19 13:05:31.826765
207,48,wishlist,2025-10-19 13:58:22.826765
76,308,wishlist,2025-10-19 14:32:50.826765
114,71,view,2025-10-19 16:13:42.826765
188,288,view,2025-10-19 17:30:47.826765
13,245,cart,2025-10-19 19:15:03.826765
113,113,cart,2025-10-19 20:14:46.826765
104,256,view,2025-10-19 20:40:11.826765
166,417,purchase,2025-10-19 21:14:55.826765
150,140,view,2025-10-19 21:59:46.826765
72,182,review,2025-10-19 22:17:37.826765
167,399,wishlist,2025-10-20 02:44:54.826765
136,68,view,2025-10-20 02:54:44.826765
290,113,wishlist,2025-10-20 04:21:25.826765
130,103,cart,2025-10-20 04:45:55.826765
5,442,view,2025-10-20 05:02:19.826765
9,488,view,2025-10-20 05:23:19.826765
215,179,cart,2025-10-20 05:39:25.826765
288,292,view,2025-10-20 06:23:53.826765
192,221,view,2025-10-20 06:24:20.826765
132,179,view,2025-10-20 08:19:10.826765
113,115,view,2025-10-20 08:34:11.826765
48,152,view,2025-10-20 09:04:45.826765
95,354,cart,2025-10-20 12:12:24.826765
188,397,wishlist,2025-10-20 14:44:46.826765
52,56,review,2025-10-20 15:36:49.826765
296,192,view,2025-10-20 22:29:53.826765
292,485,wishlist,2025-10-20 22:43:20.826765
105,304,view,2025-10-20 23:13:20.826765
261,250,purchase,2025-10-20 23:15:26.826765
187,468,view,2025-10-21 00:06:41.826765
53,413,review,2025-10-21 00:13:16.826765
160,158,view,2025-10-21 00:18:53.826765
140,1,view,2025-10-21 00:42:00.826765
192,64,view,2025-10-21 01:33:47.826765
29,107,view,2025-10-21 01:34:58.826765
22,139,wishlist,2025-10-21 01:48:12.826765
268,460,view,2025-10-21 01:53:22.826765
275,19,view,2025-10-21 01:58:17.826765
192,120,view,2025-10-21 02:36:01.826765
141,483,view,2025-10-21 02:45:00.826765
149,92,cart,2025-10-21 02:47:07.826765
180,500,view,2025-10-21 03:10:40.826765
195,222,cart,2025-10-21 03:58:52.826765
271,196,view,2025-10-21 04:56:50.826765
231,413,view,2025-10-21 06:03:53.826765
285,416,view,2025-10-21 06:50:27.826765
260,270,view,2025-10-21 07:01:19.826765
65,328,cart,2025-10-21 07:02:20.826765
260,194,view,2025-10-21 08:28:51.826765
149,28,view,2025-10-21 10:11:38.826765
119,350,view,2025-10-21 12:14:32.826765
45,474,purchase,2025-10-21 12:37:55.826765
298,254,purchase,2025-10-21 12:49:48.826765
133,237,view,2025-10-21 13:27:55.826765
299,357,view,2025-10-21 13:43:29.826765
77,344,view,2025-10-21 13:50:38.826765
41,217,view,2025-10-21 16:44:02.826765
280,244,cart,2025-10-21 17:38:08.826765
125,367,cart,2025-10-21 17:53:00.826765
37,256,cart,2025-10-21 17:53:03.826765
66,56,review,2025-10-21 18:32:00.826765
73,310,view,2025-10-21 19:09:41.826765
99,64,view,2025-10-21 19:10:49.826765
254,449,view,2025-10-21 20:07:10.826765
109,303,view,2025-10-21 20:47:39.826765
280,305,review,2025-10-21 21:09:55.826765
38,409,view,2025-10-21 21:21:54.826765
52,174,cart,2025-10-21 22:23:11.826765
228,204,review,2025-10-22 00:00:11.826765
174,244,wishlist,2025-10-22 02:10:24.826765
216,388,wishlist,2025-10-22 02:32:32.826765
267,180,cart,2025-10-22 03:02:50.826765
23,24,view,2025-10-22 03:13:05.826765
254,440,view,2025-10-22 03:55:10.826765
207,38,review,2025-10-22 04:27:03.826765
26,42,view,2025-10-22 05:26:00.826765
41,88,cart,2025-10-22 07:22:16.826765
47,247,purchase,2025-10-22 07:59:48.826765
143,246,cart,2025-10-22 08:10:09.826765
47,75,cart,2025-10-22 08:14:59.826765
258,404,view,2025-10-22 09:35:41.826765
59,209,view,2025-10-22 11:14:30.826765
102,225,cart,2025-10-22 11:30:53.826765
203,357,view,2025-10-22 11:46:01.826765
39,49,view,2025-10-22 12:34:38.826765
294,99,wishlist,2025-10-22 12:56:42.826765
116,173,cart,2025-10-22 13:33:34.826765
118,53,view,2025-10-22 14:27:47.826765
137,54,view,2025-10-22 14:52:40.826765
107,488,view,2025-10-22 17:46:35.826765
211,476,view,2025-10-22 17:54:13.826765
128,371,cart,2025-10-22 19:02:03.826765
146,253,cart,2025-10-22 20:24:04.826765
289,496,cart,2025-10-22 20:58:57.826765
260,414,wishlist,2025-10-22 23:14:26.826765
259,407,purchase,2025-10-23 00:44:53.826765
89,261,cart,2025-10-23 00:50:02.826765
100,237,view,2025-10-23 01:41:03.826765
271,472,view,2025-10-23 02:27:27.826765
264,85,view,2025-10-23 04:59:07.826765
43,6,view,2025-10-23 06:03:52.826765
21,373,review,2025-10-23 06:20:50.826765
200,48,wishlist,2025-10-23 07:35:42.826765
220,310,view,2025-10-23 07:41:00.826765
183,271,view,2025-10-23 08:07:01.826765
201,302,wishlist,2025-10-23 08:34:39.826765
73,218,view,2025-10-23 08:35:51.826765
91,135,review,2025-10-23 09:25:40.826765
5,141,view,2025-10-23 10:26:47.826765
213,443,view,2025-10-23 10:33:48.826765
246,189,view,2025-10-23 10:55:08.826765
136,446,view,2025-10-23 12:18:48.826765
116,275,cart,2025-10-23 13:00:16.826765
31,144,view,2025-10-23 14:08:21.826765
214,453,view,2025-10-23 14:20:03.826765
113,402,wishlist,2025-10-23 16:15:56.826765
145,101,view,2025-10-23 16:46:15.826765
127,26,view,2025-10-23 16:55:55.826765
188,17,view,2025-10-23 16:56:02.826765
280,363,view,2025-10-23 17:23:57.826765
8,323,view,2025-10-23 17:25:15.826765
49,156,purchase,2025-10-23 17:53:07.826765
163,329,review,2025-10-23 19:33:39.826765
293,145,cart,2025-10-23 20:43:50.826765
281,153,view,2025-10-23 20:55:09.826765
60,380,view,2025-10-23 21:09:08.826765
253,310,view,2025-10-23 22:09:00.826765
142,358,review,2025-10-23 22:24:53.826765
253,95,view,2025-10-23 22:40:50.826765
246,101,cart,2025-10-23 23:09:56.826765
75,372,view,2025-10-23 23:12:50.826765
142,243,view,2025-10-23 23:17:40.826765
37,228,wishlist,2025-10-23 23:17:54.826765
173,383,view,2025-10-23 23:22:12.826765
8,362,view,2025-10-23 23:22:21.826765
295,274,view,2025-10-24 01:53:50.826765
195,153,view,2025-10-24 03:04:35.826765
128,427,wishlist,2025-10-24 03:08:46.826765
90,107,view,2025-10-24 03:25:48.826765
198,204,view,2025-10-24 03:28:38.826765
229,18,view,2025-10-24 04:09:44.826765
251,383,view,2025-10-24 04:20:59.826765
126,29,wishlist,2025-10-24 04:51:29.826765
12,296,view,2025-10-24 06:34:53.826765
232,29,view,2025-10-24 06:50:47.826765
89,198,cart,2025-10-24 07:14:23.826765
293,273,cart,2025-10-24 07:22:20.826765
277,179,cart,2025-10-24 08:13:03.826765
5,402,cart,2025-10-24 08:22:08.826765
275,344,view,2025-10-24 08:40:51.826765
157,322,review,2025-10-24 10:13:19.826765
248,300,cart,2025-10-24 10:31:07.826765
214,428,wishlist,2025-10-24 10:39:18.826765
164,183,wishlist,2025-10-24 10:41:25.826765
259,450,view,2025-10-24 11:10:14.826765
237,228,view,2025-10-24 11:38:02.826765
13,110,view,2025-10-24 12:22:37.826765
156,91,view,2025-10-24 12:32:00.826765
96,315,view,2025-10-24 13:21:18.826765
46,407,wishlist,2025-10-24 14:56:33.826765
166,292,view,2025-10-24 15:18:28.826765
239,442,view,2025-10-24 20:13:39.826765
236,378,purchase,2025-10-24 21:55:05.826765
131,485,wishlist,2025-10-24 23:11:22.826765
218,405,review,2025-10-25 00:26:11.826765
65,426,cart,2025-10-25 00:36:27.826765
73,260,cart,2025-10-25 01:03:28.826765
219,439,cart,2025-10-25 01:26:07.826765
173,40,cart,2025-10-25 01:27:26.826765
134,93,view,2025-10-25 01:40:13.826765
101,412,view,2025-10-25 01:45:56.826765
177,282,cart,2025-10-25 03:49:19.826765
166,382,view,2025-10-25 03:56:25.826765
88,234,view,2025-10-25 04:04:39.826765
118,112,cart,2025-10-25 04:11:30.826765
13,374,view,2025-10-25 04:18:20.826765
42,477,view,2025-10-25 05:09:46.826765
96,321,view,2025-10-25 06:31:11.826765
176,39,cart,2025-10-25 06:38:53.826765
248,102,view,2025-10-25 08:50:17.826765
286,420,view,2025-10-25 10:41:23.826765
218,464,view,2025-10-25 11:30:55.826765
114,450,view,2025-10-25 12:41:38.826765
177,410,view,2025-10-25 13:51:11.826765
220,216,wishlist,2025-10-25 13:56:44.826765
201,432,wishlist,2025-10-25 14:11:02.826765
78,462,view,2025-10-25 14:41:09.826765
204,492,cart,2025-10-25 14:47:42.826765
93,247,wishlist,2025-10-25 15:54:56.826765
137,363,wishlist,2025-10-25 16:20:41.826765
127,357,view,2025-10-25 16:38:24.826765
126,243,view,2025-10-25 16:39:22.826765
239,121,purchase,2025-10-25 17:28:52.826765
84,478,view,2025-10-25 18:09:53.826765
294,231,cart,2025-10-25 18:40:35.826765
247,26,cart,2025-10-25 20:20:00.826765
122,147,wishlist,2025-10-25 20:30:01.826765
249,131,wishlist,2025-10-25 20:41:48.826765
266,68,view,2025-10-25 23:53:45.826765
195,363,wishlist,2025-10-25 23:59:36.826765
107,47,view,2025-10-26 00:20:22.826765
22,438,cart,2025-10-26 01:56:30.826765
208,157,view,2025-10-26 02:37:43.826765
76,489,view,2025-10-26 05:53:50.826765
249,260,review,2025-10-26 09:17:40.826765
17,315,view,2025-10-26 11:32:58.826765
162,413,view,2025-10-26 11:45:47.826765
67,19,view,2025-10-26 13:56:15.826765
233,432,view,2025-10-26 14:55:17.826765
41,85,view,2025-10-26 14:55:48.826765
94,49,view,2025-10-26 14:59:27.826765
147,412,view,2025-10-26 16:19:58.826765
208,34,wishlist,2025-10-26 16:46:50.826765
195,263,view,2025-10-26 19:36:15.826765
159,472,view,2025-10-26 20:15:24.826765
125,369,view,2025-10-26 21:21:08.826765
124,162,view,2025-10-26 22:48:45.826765
263,492,view,2025-10-26 22:57:11.826765
160,129,cart,2025-10-27 02:54:48.826765
84,100,wishlist,2025-10-27 03:48:06.826765
242,321,review,2025-10-27 05:19:37.826765
5,480,view,2025-10-27 05:44:36.826765
63,377,view,2025-10-27 08:38:51.826765
112,283,review,2025-10-27 08:53:40.826765
155,181,cart,2025-10-27 09:27:03.826765
273,25,view,2025-10-27 09:32:33.826765
223,493,cart,2025-10-27 09:46:05.826765
53,340,purchase,2025-10-27 10:02:31.826765
7,343,view,2025-10-27 12:10:48.826765
20,273,view,2025-10-27 13:00:18.826765
246,353,view,2025-10-27 13:12:45.826765
137,327,wishlist,2025-10-27 13:17:48.826765
146,70,view,2025-10-27 13:25:45.826765
91,89,review,2025-10-27 13:38:14.826765
243,18,view,2025-10-27 13:46:51.826765
23,462,cart,2025-10-27 14:29:00.826765
66,219,view,2025-10-27 14:30:22.826765
284,11,wishlist,2025-10-27 14:49:55.826765
258,21,view,2025-10-27 14:49:57.826765
155,456,review,2025-10-27 14:50:49.826765
286,368,wishlist,2025-10-27 17:21:40.826765
161,182,view,2025-10-27 17:42:24.826765
275,221,review,2025-10-27 19:24:02.826765
266,59,view,2025-10-27 22:48:52.826765
74,412,review,2025-10-27 23:56:18.826765
223,407,wishlist,2025-10-28 00:19:37.826765
141,324,purchase,2025-10-28 00:55:31.826765
214,38,cart,2025-10-28 01:18:18.826765
74,443,view,2025-10-28 02:31:11.826765
175,295,review,2025-10-28 03:26:25.826765
194,297,wishlist,2025-10-28 05:39:03.826765
68,99,view,2025-10-28 06:34:06.826765
73,222,view,2025-10-28 07:48:29.826765
170,130,view,2025-10-28 08:05:58.826765
231,91,view,2025-10-28 09:25:35.826765
233,334,wishlist,2025-10-28 09:47:12.826765
23,266,view,2025-10-28 10:01:15.826765
161,31,view,2025-10-28 10:50:01.826765
40,71,view,2025-10-28 11:05:47.826765
99,487,review,2025-10-28 11:35:15.826765
54,291,view,2025-10-28 12:21:09.826765
22,125,view,2025-10-28 12:42:12.826765
225,71,wishlist,2025-10-28 14:14:18.826765
208,330,wishlist,2025-10-28 14:24:46.826765
58,185,view,2025-10-28 14:35:39.826765
280,277,purchase,2025-10-28 15:23:35.826765
235,134,view,2025-10-28 17:26:21.826765
19,195,cart,2025-10-28 17:37:32.826765
223,106,wishlist,2025-10-28 19:09:38.826765
154,493,view,2025-10-28 19:20:15.826765
114,323,review,2025-10-28 20:17:26.826765
148,234,wishlist,2025-10-28 20:53:16.826765
283,460,purchase,2025-10-28 21:38:37.826765
268,8,view,2025-10-28 22:03:49.826765
28,189,cart,2025-10-28 23:49:20.826765
75,96,view,2025-10-29 03:02:46.826765
205,181,view,2025-10-29 03:46:14.826765
7,196,cart,2025-10-29 04:00:35.826765
227,397,review,2025-10-29 05:33:33.826765
237,149,cart,2025-10-29 05:38:11.826765
142,200,view,2025-10-29 05:41:59.826765
44,166,view,2025-10-29 05:45:08.826765
123,274,view,2025-10-29 05:58:29.826765
83,261,review,2025-10-29 06:49:57.826765
119,367,view,2025-10-29 08:02:11.826765
57,29,view,2025-10-29 09:24:12.826765
1,65,view,2025-10-29 09:40:13.826765
13,86,review,2025-10-29 10:20:46.826765
36,423,view,2025-10-29 10:45:37.826765
36,105,cart,2025-10-29 11:13:37.826765
184,50,cart,2025-10-29 12:23:12.826765
88,432,view,2025-10-29 12:27:52.826765
36,369,view,2025-10-29 12:43:01.826765
144,338,view,2025-10-29 12:44:42.826765
133,116,cart,2025-10-29 13:56:13.826765
270,412,view,2025-10-29 14:00:22.826765
118,126,view,2025-10-29 14:48:38.826765
75,356,view,2025-10-29 14:53:44.826765
268,314,view,2025-10-29 15:27:03.826765
285,353,view,2025-10-29 15:30:45.826765
251,155,view,2025-10-29 16:19:35.826765
208,177,view,2025-10-29 18:21:30.826765
245,255,wishlist,2025-10-29 18:24:00.826765
53,101,view,2025-10-29 18:36:05.826765
164,277,view,2025-10-29 18:39:09.826765
256,477,view,2025-10-29 20:03:53.826765
229,188,wishlist,2025-10-29 20:15:13.826765
78,199,review,2025-10-29 20:58:57.826765
191,496,review,2025-10-29 21:26:44.826765
276,362,review,2025-10-29 21:30:56.826765
195,168,cart,2025-10-29 22:52:21.826765
21,98,view,2025-10-29 23:26:23.826765
255,389,wishlist,2025-10-30 01:53:58.826765
153,132,wishlist,2025-10-30 02:22:46.826765
130,71,review,2025-10-30 04:10:00.826765
228,386,view,2025-10-30 05:22:38.826765
164,151,view,2025-10-30 06:24:29.826765
284,253,cart,2025-10-30 07:19:58.826765
48,145,cart,2025-10-30 08:28:43.826765
3,481,wishlist,2025-10-30 09:43:16.826765
36,300,view,2025-10-30 09:55:00.826765
235,362,review,2025-10-30 11:59:35.826765
143,372,cart,2025-10-30 12:08:24.826765
268,434,view,2025-10-30 12:14:27.826765
291,476,cart,2025-10-30 13:31:57.826765
96,366,view,2025-10-30 14:04:04.826765
93,498,view,2025-10-30 15:33:07.826765
95,209,view,2025-10-30 15:51:35.826765
49,257,view,2025-10-30 16:23:48.826765
95,418,view,2025-10-30 16:56:37.826765
296,346,wishlist,2025-10-30 17:01:16.826765
176,221,cart,2025-10-30 17:28:29.826765
283,334,cart,2025-10-30 17:52:26.826765
112,158,view,2025-10-30 18:22:44.826765
166,394,view,2025-10-30 18:56:28.826765
152,252,view,2025-10-30 19:08:27.826765
241,353,review,2025-10-30 19:43:04.826765
112,139,view,2025-10-30 22:18:15.826765
188,39,view,2025-10-30 22:44:39.826765
103,80,view,2025-10-30 22:48:56.826765
197,99,cart,2025-10-30 23:09:10.826765
90,324,view,2025-10-31 00:13:26.826765
4,469,view,2025-10-31 02:17:06.826765
190,80,wishlist,2025-10-31 04:21:37.826765
268,9,view,2025-10-31 05:10:00.826765
154,16,view,2025-10-31 05:27:10.826765
8,397,view,2025-10-31 06:45:05.826765
7,384,view,2025-10-31 09:17:00.826765
296,368,wishlist,2025-10-31 09:45:19.826765
141,492,view,2025-10-31 09:53:56.826765
184,176,view,2025-10-31 09:57:38.826765
253,127,review,2025-10-31 10:24:09.826765
109,167,view,2025-10-31 10:35:09.826765
63,206,cart,2025-10-31 10:35:11.826765
226,208,cart,2025-10-31 16:09:55.826765
162,18,view,2025-10-31 17:54:44.826765
217,449,view,2025-10-31 18:04:15.826765
188,340,cart,2025-10-31 20:15:32.826765
18,399,cart,2025-10-31 21:34:36.826765
188,210,view,2025-10-31 22:37:48.826765
164,281,view,2025-11-01 01:15:01.826765
114,88,cart,2025-11-01 01:28:02.826765
66,85,cart,2025-11-01 01:41:39.826765
276,82,cart,2025-11-01 01:48:39.826765
186,223,cart,2025-11-01 01:54:46.826765
278,215,wishlist,2025-11-01 03:42:41.826765
243,8,view,2025-11-01 04:46:59.826765
62,466,view,2025-11-01 05:30:02.826765
227,148,view,2025-11-01 05:43:39.826765
26,177,cart,2025-11-01 06:18:49.826765
39,265,view,2025-11-01 08:17:32.826765
101,346,review,2025-11-01 08:39:09.826765
154,415,view,2025-11-01 10:49:10.826765
254,355,wishlist,2025-11-01 11:12:59.826765
99,85,view,2025-11-01 13:31:21.826765
162,44,cart,2025-11-01 13:37:39.826765
22,455,view,2025-11-01 13:46:02.826765
132,113,wishlist,2025-11-01 14:01:52.826765
65,17,cart,2025-11-01 15:19:05.826765
191,422,cart,2025-11-01 16:57:21.826765
265,305,view,2025-11-01 17:23:26.826765
30,382,view,2025-11-01 18:18:02.826765
109,365,view,2025-11-01 18:38:00.826765
207,340,view,2025-11-01 18:51:39.826765
212,67,view,2025-11-01 19:33:32.826765
115,442,view,2025-11-01 20:23:26.826765
293,423,wishlist,2025-11-01 22:11:19.826765
73,477,view,2025-11-02 00:10:29.826765
274,220,view,2025-11-02 00:48:37.826765
230,392,view,2025-11-02 00:54:01.826765
122,190,review,2025-11-02 02:05:23.826765
99,223,view,2025-11-02 02:29:52.826765
10,112,view,2025-11-02 04:00:48.826765
5,249,view,2025-11-02 07:30:13.826765
220,235,cart,2025-11-02 09:22:15.826765
12,377,wishlist,2025-11-02 09:23:20.826765
196,135,view,2025-11-02 09:28:50.826765
204,166,view,2025-11-02 09:54:13.826765
161,464,view,2025-11-02 10:58:59.826765
3,194,view,2025-11-02 12:01:35.826765
162,63,cart,2025-11-02 12:07:46.826765
176,217,cart,2025-11-02 14:42:26.826765
19,20,cart,2025-11-02 15:09:26.826765
44,490,view,2025-11-02 15:21:07.826765
73,193,cart,2025-11-02 16:03:42.826765
38,189,purchase,2025-11-02 16:14:01.826765
173,415,view,2025-11-02 16:22:33.826765
159,168,view,2025-11-02 21:05:15.826765
247,487,cart,2025-11-02 21:33:18.826765
187,292,view,2025-11-02 21:55:13.826765
300,56,view,2025-11-02 22:41:27.826765
146,242,cart,2025-11-02 22:55:56.826765
190,176,wishlist,2025-11-03 00:33:05.826765
201,271,view,2025-11-03 00:35:57.826765
182,109,view,2025-11-03 02:06:08.826765
219,317,cart,2025-11-03 02:11:16.826765
1,79,view,2025-11-03 04:31:00.826765
108,184,wishlist,2025-11-03 05:13:15.826765
143,1,view,2025-11-03 05:38:20.826765
147,179,view,2025-11-03 05:48:56.826765
158,150,cart,2025-11-03 06:27:47.826765
289,98,review,2025-11-03 06:30:46.826765
120,284,view,2025-11-03 07:07:42.826765
251,437,view,2025-11-03 07:12:49.826765
242,388,wishlist,2025-11-03 07:16:06.826765
39,249,view,2025-11-03 08:02:40.826765
138,465,view,2025-11-03 09:16:13.826765
118,97,cart,2025-11-03 10:27:44.826765
141,335,view,2025-11-03 11:08:43.826765
2,209,view,2025-11-03 11:32:39.826765
49,252,view,2025-11-03 12:29:15.826765
28,409,view,2025-11-03 12:53:36.826765
191,178,review,2025-11-03 13:17:26.826765
175,103,review,2025-11-03 15:57:08.826765
146,39,review,2025-11-03 18:06:53.826765
240,367,wishlist,2025-11-03 18:28:37.826765
12,97,wishlist,2025-11-03 19:23:30.826765
293,13,view,2025-11-03 19:47:11.826765
200,128,wishlist,2025-11-03 20:13:27.826765
45,422,view,2025-11-03 20:37:01.826765
275,207,cart,2025-11-03 21:22:06.826765
192,125,review,2025-11-03 22:59:23.826765
69,498,wishlist,2025-11-03 22:59:53.826765
203,58,review,2025-11-03 23:05:01.826765
40,279,wishlist,2025-11-03 23:09:33.826765
213,98,view,2025-11-03 23:50:01.826765
155,200,view,2025-11-04 00:30:22.826765
288,371,cart,2025-11-04 01:45:54.826765
109,59,view,2025-11-04 01:46:02.826765
68,356,view,2025-11-04 02:15:29.826765
248,248,wishlist,2025-11-04 02:21:28.826765
273,499,cart,2025-11-04 02:54:00.826765
55,84,wishlist,2025-11-04 03:00:35.826765
257,488,view,2025-11-04 03:08:13.826765
29,416,view,2025-11-04 03:56:12.826765
237,442,wishlist,2025-11-04 06:08:11.826765
214,445,view,2025-11-04 07:48:33.826765
147,387,cart,2025-11-04 08:12:18.826765
298,382,wishlist,2025-11-04 08:12:25.826765
269,328,view,2025-11-04 08:38:33.826765
116,213,cart,2025-11-04 11:42:12.826765
216,359,view,2025-11-04 12:02:40.826765
72,180,view,2025-11-04 12:34:47.826765
245,121,review,2025-11-04 12:49:29.826765
275,435,view,2025-11-04 13:11:01.826765
10,105,view,2025-11-04 13:19:32.826765
264,21,view,2025-11-04 14:20:22.826765
203,77,purchase,2025-11-04 14:48:40.826765
56,337,review,2025-11-04 17:26:31.826765
53,41,wishlist,2025-11-04 17:28:02.826765
202,416,view,2025-11-04 17:49:38.826765
10,80,wishlist,2025-11-04 17:52:10.826765
218,219,view,2025-11-04 17:57:01.826765
248,246,view,2025-11-04 20:05:54.826765
153,152,view,2025-11-04 21:02:32.826765
241,247,cart,2025-11-04 22:46:57.826765
176,189,review,2025-11-04 23:52:32.826765
194,390,view,2025-11-05 00:27:39.826765
229,189,cart,2025-11-05 00:56:18.826765
46,451,view,2025-11-05 03:11:39.826765
52,479,view,2025-11-05 03:13:33.826765
148,287,view,2025-11-05 03:42:50.826765
208,189,review,2025-11-05 04:44:49.826765
88,254,review,2025-11-05 04:54:28.826765
71,104,view,2025-11-05 05:06:31.826765
184,325,view,2025-11-05 05:46:33.826765
283,149,view,2025-11-05 05:59:35.826765
216,345,view,2025-11-05 06:13:35.826765
79,378,view,2025-11-05 07:48:40.826765
268,460,cart,2025-11-05 07:54:25.826765
40,161,view,2025-11-05 09:19:03.826765
33,348,view,2025-11-05 12:25:31.826765
90,344,view,2025-11-05 12:44:13.826765
264,411,view,2025-11-05 13:20:05.826765
172,346,view,2025-11-05 16:05:43.826765
271,402,cart,2025-11-05 16:24:47.826765
177,224,view,2025-11-05 17:18:06.826765
96,266,view,2025-11-05 18:19:44.826765
162,150,wishlist,2025-11-05 18:29:31.826765
118,161,review,2025-11-05 19:02:10.826765
6,84,view,2025-11-05 19:09:41.826765
193,306,cart,2025-11-05 20:13:43.826765
164,335,view,2025-11-05 20:54:19.826765
64,445,wishlist,2025-11-05 22:26:22.826765
11,495,wishlist,2025-11-05 23:52:42.826765
22,330,view,2025-11-06 01:42:22.826765
46,433,view,2025-11-06 01:43:35.826765
16,28,view,2025-11-06 03:15:47.826765
188,359,wishlist,2025-11-06 03:49:34.826765
230,332,view,2025-11-06 04:00:50.826765
19,104,view,2025-11-06 04:31:54.826765
260,373,view,2025-11-06 05:21:00.826765
6,422,view,2025-11-06 05:28:01.826765
266,325,view,2025-11-06 06:03:41.826765
109,287,review,2025-11-06 06:18:56.826765
41,202,view,2025-11-06 07:18:36.826765
156,60,view,2025-11-06 09:12:36.826765
21,236,view,2025-11-06 09:26:18.826765
99,158,wishlist,2025-11-06 09:44:14.826765
272,11,view,2025-11-06 10:51:10.826765
239,35,view,2025-11-06 10:53:01.826765
139,412,view,2025-11-06 10:53:18.826765
131,72,view,2025-11-06 11:06:23.826765
288,251,view,2025-11-06 11:09:05.826765
180,93,view,2025-11-06 11:14:22.826765
190,311,cart,2025-11-06 13:13:38.826765
257,187,review,2025-11-06 13:51:28.826765
178,146,view,2025-11-06 14:16:51.826765
1,255,cart,2025-11-06 14:56:57.826765
173,302,view,2025-11-06 16:43:06.826765
116,439,cart,2025-11-06 17:35:59.826765
86,355,purchase,2025-11-06 17:39:58.826765
251,184,view,2025-11-06 17:44:20.826765
38,296,cart,2025-11-06 18:10:03.826765
6,160,view,2025-11-06 18:56:49.826765
240,343,view,2025-11-06 19:19:20.826765
145,221,review,2025-11-06 20:29:14.826765
222,67,view,2025-11-06 21:42:17.826765
160,144,view,2025-11-06 22:48:50.826765
293,168,cart,2025-11-07 00:46:33.826765
180,94,view,2025-11-07 01:24:02.826765
128,382,wishlist,2025-11-07 01:31:29.826765
5,53,review,2025-11-07 02:06:19.826765
6,486,view,2025-11-07 04:09:39.826765
153,359,view,2025-11-07 05:28:37.826765
269,185,view,2025-11-07 06:30:47.826765
153,282,review,2025-11-07 06:31:52.826765
239,110,wishlist,2025-11-07 08:30:15.826765
34,216,cart,2025-11-07 08:44:26.826765
55,62,view,2025-11-07 09:04:48.826765
174,145,view,2025-11-07 09:10:51.826765
49,12,view,2025-11-07 10:39:18.826765
65,22,view,2025-11-07 12:05:26.826765
184,373,view,2025-11-07 12:07:40.826765
292,163,cart,2025-11-07 13:30:02.826765
152,313,view,2025-11-07 13:50:57.826765
190,191,cart,2025-11-07 14:16:48.826765
50,394,view,2025-11-07 15:21:49.826765
240,2,view,2025-11-07 15:39:11.826765
113,39,view,2025-11-07 15:41:25.826765
91,342,view,2025-11-07 15:50:07.826765
214,39,review,2025-11-07 17:37:17.826765
151,109,review,2025-11-07 19:03:33.826765
214,366,cart,2025-11-07 19:46:50.826765
211,20,cart,2025-11-07 20:41:19.826765
68,379,view,2025-11-07 20:44:51.826765
289,126,cart,2025-11-07 20:59:07.826765
255,482,view,2025-11-07 21:17:31.826765
287,248,cart,2025-11-07 21:24:28.826765
283,464,wishlist,2025-11-07 22:10:01.826765
267,405,cart,2025-11-08 00:51:33.826765
227,83,cart,2025-11-08 01:06:22.826765
208,471,view,2025-11-08 02:04:08.826765
8,175,view,2025-11-08 02:07:15.826765
224,6,purchase,2025-11-08 02:52:56.826765
101,302,cart,2025-11-08 03:40:55.826765
57,475,view,2025-11-08 04:07:55.826765
297,56,cart,2025-11-08 05:04:46.826765
128,293,cart,2025-11-08 05:46:01.826765
136,127,wishlist,2025-11-08 05:56:29.826765
93,68,view,2025-11-08 06:53:38.826765
57,92,purchase,2025-11-08 06:55:16.826765
245,123,view,2025-11-08 08:37:05.826765
69,305,cart,2025-11-08 08:50:49.826765
175,44,cart,2025-11-08 10:41:14.826765
173,479,view,2025-11-08 10:49:57.826765
186,439,view,2025-11-08 11:34:20.826765
15,207,view,2025-11-08 11:39:27.826765
83,85,wishlist,2025-11-08 11:55:03.826765
108,444,cart,2025-11-08 11:58:20.826765
188,480,view,2025-11-08 13:08:05.826765
226,31,cart,2025-11-08 13:53:14.826765
130,403,view,2025-11-08 14:45:19.826765
34,41,view,2025-11-08 15:04:52.826765
225,334,view,2025-11-08 15:45:43.826765
257,20,review,2025-11-08 15:59:28.826765
161,364,review,2025-11-08 16:41:14.826765
99,375,view,2025-11-08 17:28:02.826765
58,35,review,2025-11-08 17:31:59.826765
125,345,view,2025-11-08 18:24:42.826765
271,447,cart,2025-11-08 19:52:15.826765
235,444,wishlist,2025-11-08 19:55:15.826765
21,72,view,2025-11-08 22:22:12.826765
231,77,cart,2025-11-08 22:27:42.826765
111,309,cart,2025-11-08 23:02:01.826765
205,27,wishlist,2025-11-08 23:57:12.826765
18,485,view,2025-11-09 00:15:13.826765
204,236,wishlist,2025-11-09 00:42:13.826765
165,380,review,2025-11-09 01:03:34.826765
98,278,review,2025-11-09 01:24:47.826765
277,441,view,2025-11-09 02:54:17.826765
201,242,view,2025-11-09 03:10:32.826765
41,186,view,2025-11-09 04:22:33.826765
254,16,review,2025-11-09 04:22:38.826765
147,209,cart,2025-11-09 05:26:21.826765
76,441,review,2025-11-09 08:24:28.826765
59,308,wishlist,2025-11-09 10:25:04.826765
177,385,view,2025-11-09 11:32:14.826765
196,484,view,2025-11-09 12:00:35.826765
178,17,view,2025-11-09 12:29:37.826765
178,315,wishlist,2025-11-09 12:37:26.826765
100,74,view,2025-11-09 17:34:52.826765
130,266,view,2025-11-09 18:08:11.826765
202,463,view,2025-11-09 18:48:39.826765
141,347,view,2025-11-09 18:49:29.826765
89,111,view,2025-11-09 19:29:02.826765
101,404,view,2025-11-09 19:55:27.826765
175,445,view,2025-11-09 20:53:56.826765
90,489,cart,2025-11-09 22:02:10.826765
216,339,view,2025-11-09 23:36:31.826765
142,2,purchase,2025-11-09 23:39:47.826765
148,448,view,2025-11-09 23:59:29.826765
192,186,view,2025-11-10 00:14:05.826765
133,152,wishlist,2025-11-10 00:45:14.826765
123,269,view,2025-11-10 00:48:06.826765
122,324,cart,2025-11-10 00:51:12.826765
292,352,wishlist,2025-11-10 00:54:53.826765
136,29,view,2025-11-10 01:22:03.826765
48,211,view,2025-11-10 02:24:38.826765
146,128,review,2025-11-10 02:40:22.826765
98,274,view,2025-11-10 02:59:21.826765
140,330,view,2025-11-10 03:02:58.826765
156,75,wishlist,2025-11-10 03:17:45.826765
153,356,cart,2025-11-10 04:17:12.826765
95,260,purchase,2025-11-10 07:20:34.826765
70,446,wishlist,2025-11-10 08:04:36.826765
162,434,view,2025-11-10 11:21:20.826765
248,158,view,2025-11-10 13:20:46.826765
127,1,view,2025-11-10 13:45:11.826765
168,231,view,2025-11-10 14:06:46.826765
147,214,view,2025-11-10 15:17:39.826765
16,67,view,2025-11-10 15:32:49.826765
94,498,view,2025-11-10 17:30:35.826765
277,145,view,2025-11-10 18:11:05.826765
171,61,review,2025-11-10 18:46:48.826765
9,369,view,2025-11-10 19:12:07.826765
283,236,wishlist,2025-11-10 19:17:00.826765
5,374,cart,2025-11-10 20:51:21.826765
116,229,view,2025-11-10 23:00:53.826765
175,115,view,2025-11-11 00:49:33.826765
42,129,wishlist,2025-11-11 01:16:44.826765
63,457,purchase,2025-11-11 01:33:23.826765
163,477,view,2025-11-11 01:34:12.826765
264,351,view,2025-11-11 01:40:42.826765
267,138,view,2025-11-11 01:51:21.826765
102,356,view,2025-11-11 02:55:18.826765
156,167,view,2025-11-11 04:20:18.826765
41,349,view,2025-11-11 04:29:10.826765
128,17,view,2025-11-11 05:41:00.826765
106,161,view,2025-11-11 07:29:19.826765
160,384,review,2025-11-11 08:22:04.826765
135,284,cart,2025-11-11 10:08:03.826765
157,246,view,2025-11-11 10:44:00.826765
218,169,view,2025-11-11 12:57:51.826765
4,278,wishlist,2025-11-11 14:44:42.826765
266,463,cart,2025-11-11 16:33:45.826765
84,112,view,2025-11-11 18:15:03.826765
24,166,wishlist,2025-11-11 18:54:01.826765
109,474,view,2025-11-11 20:02:52.826765
124,262,cart,2025-11-11 20:47:40.826765
49,55,view,2025-11-11 22:14:06.826765
167,19,view,2025-11-11 22:23:14.826765
116,427,wishlist,2025-11-11 22:38:45.826765
118,447,wishlist,2025-11-11 23:32:06.826765
232,76,view,2025-11-11 23:55:19.826765
147,245,view,2025-11-12 00:13:45.826765
146,307,review,2025-11-12 00:39:07.826765
300,310,review,2025-11-12 00:40:26.826765
115,428,wishlist,2025-11-12 00:46:59.826765
173,168,view,2025-11-12 00:52:17.826765
178,67,cart,2025-11-12 01:00:36.826765
110,190,view,2025-11-12 01:44:32.826765
108,331,review,2025-11-12 01:51:54.826765
8,99,cart,2025-11-12 02:40:31.826765
18,293,review,2025-11-12 04:38:38.826765
10,430,cart,2025-11-12 06:57:35.826765
287,275,review,2025-11-12 07:13:59.826765
131,109,wishlist,2025-11-12 07:22:18.826765
256,265,view,2025-11-12 08:00:39.826765
293,32,review,2025-11-12 08:24:16.826765
232,117,cart,2025-11-12 09:01:26.826765
274,341,view,2025-11-12 11:02:11.826765
169,244,review,2025-11-12 11:26:30.826765
13,196,view,2025-11-12 11:37:44.826765
69,434,view,2025-11-12 13:19:56.826765
221,275,view,2025-11-12 13:54:11.826765
289,315,purchase,2025-11-12 15:13:19.826765
105,83,wishlist,2025-11-12 16:50:05.826765
73,181,wishlist,2025-11-12 19:07:29.826765
143,225,cart,2025-11-12 20:48:51.826765
54,238,wishlist,2025-11-12 21:03:07.826765
222,423,view,2025-11-12 21:34:51.826765
173,350,view,2025-11-12 22:42:36.826765
1,71,view,2025-11-13 01:29:55.826765
6,128,view,2025-11-13 03:11:20.826765
233,372,review,2025-11-13 03:22:14.826765
152,193,view,2025-11-13 04:56:16.826765
164,486,wishlist,2025-11-13 05:44:33.826765
183,336,view,2025-11-13 05:49:47.826765
43,443,wishlist,2025-11-13 08:05:01.826765
20,66,cart,2025-11-13 08:47:27.826765
6,115,review,2025-11-13 08:50:09.826765
7,79,view,2025-11-13 10:17:03.826765
7,480,view,2025-11-13 11:41:02.826765
53,320,cart,2025-11-13 12:56:03.826765
19,206,view,2025-11-13 13:11:48.826765
268,126,purchase,2025-11-13 13:31:20.826765
90,119,cart,2025-11-13 14:26:10.826765
156,100,view,2025-11-13 15:15:34.826765
283,3,review,2025-11-13 15:51:58.826765
205,387,cart,2025-11-13 16:38:36.826765
196,286,view,2025-11-13 18:21:35.826765
32,327,wishlist,2025-11-13 18:52:32.826765
30,171,cart,2025-11-13 19:12:37.826765
132,199,cart,2025-11-13 21:03:48.826765
238,436,view,2025-11-13 21:44:05.826765
256,204,review,2025-11-13 22:00:34.826765
41,490,view,2025-11-13 22:33:42.826765
149,268,wishlist,2025-11-13 22:37:28.826765
42,170,view,2025-11-13 23:40:16.826765
293,269,view,2025-11-14 00:03:46.826765
49,410,view,2025-11-14 01:45:52.826765
230,220,wishlist,2025-11-14 01:58:42.826765
40,455,purchase,2025-11-14 02:42:15.826765
30,89,view,2025-11-14 03:10:44.826765
107,26,view,2025-11-14 04:56:32.826765
233,73,review,2025-11-14 04:56:43.826765
234,312,view,2025-11-14 05:03:06.826765
219,146,view,2025-11-14 05:18:32.826765
291,481,cart,2025-11-14 06:23:37.826765
59,49,view,2025-11-14 07:04:37.826765
241,337,view,2025-11-14 07:05:32.826765
116,500,cart,2025-11-14 07:52:57.826765
67,216,cart,2025-11-14 08:21:06.826765
272,177,wishlist,2025-11-14 09:18:48.826765
61,78,review,2025-11-14 10:10:16.826765
103,488,view,2025-11-14 10:42:58.826765
163,166,view,2025-11-14 11:33:33.826765
9,57,wishlist,2025-11-14 12:44:39.826765
207,477,view,2025-11-14 14:36:08.826765
285,490,purchase,2025-11-14 15:28:55.826765
102,193,wishlist,2025-11-14 16:58:26.826765
93,201,view,2025-11-14 18:19:29.826765
237,476,cart,2025-11-14 20:03:47.826765
173,353,view,2025-11-14 20:15:32.826765
148,232,view,2025-11-14 20:17:53.826765
131,440,review,2025-11-14 20:56:33.826765
265,12,view,2025-11-14 22:46:45.826765
110,10,wishlist,2025-11-14 22:57:01.826765
152,90,cart,2025-11-14 23:20:51.826765
68,319,view,2025-11-15 00:50:30.826765
24,465,cart,2025-11-15 01:21:57.826765
214,272,review,2025-11-15 01:25:35.826765
145,255,wishlist,2025-11-15 02:11:56.826765
218,360,cart,2025-11-15 03:50:39.826765
181,377,cart,2025-11-15 04:24:32.826765
283,333,view,2025-11-15 05:10:46.826765
49,482,view,2025-11-15 05:28:06.826765
42,210,cart,2025-11-15 05:54:45.826765
169,37,cart,2025-11-15 05:59:12.826765
215,380,cart,2025-11-15 06:21:34.826765
208,331,view,2025-11-15 06:33:07.826765
236,68,wishlist,2025-11-15 07:42:39.826765
175,336,review,2025-11-15 08:20:57.826765
140,357,view,2025-11-15 09:31:31.826765
275,278,review,2025-11-15 09:32:19.826765
150,116,view,2025-11-15 10:09:13.826765
179,416,view,2025-11-15 13:07:41.826765
89,15,purchase,2025-11-15 18:09:09.826765
221,22,cart,2025-11-15 21:04:05.826765
84,204,view,2025-11-15 21:46:00.826765
14,43,view,2025-11-15 23:10:29.826765
140,204,view,2025-11-15 23:57:19.826765
264,344,wishlist,2025-11-16 01:23:31.826765
223,48,view,2025-11-16 02:35:57.826765
70,389,view,2025-11-16 03:27:28.826765
113,286,view,2025-11-16 03:39:30.826765
288,208,view,2025-11-16 04:42:29.826765
162,24,review,2025-11-16 04:52:18.826765
225,25,cart,2025-11-16 05:39:08.826765
141,70,view,2025-11-16 06:09:33.826765
70,468,view,2025-11-16 07:02:09.826765
289,181,wishlist,2025-11-16 07:06:20.826765
210,128,view,2025-11-16 07:32:18.826765
95,57,view,2025-11-16 07:35:38.826765
107,79,view,2025-11-16 09:21:39.826765
28,251,view,2025-11-16 09:31:46.826765
23,186,review,2025-11-16 09:41:20.826765
206,430,wishlist,2025-11-16 09:48:06.826765
177,189,view,2025-11-16 10:43:07.826765
25,326,view,2025-11-16 11:57:54.826765
241,133,cart,2025-11-16 12:34:18.826765
162,304,cart,2025-11-16 12:53:01.826765
54,84,wishlist,2025-11-16 13:58:03.826765
180,90,view,2025-11-16 15:10:32.826765
44,341,wishlist,2025-11-16 15:38:03.826765
8,323,review,2025-11-16 16:05:19.826765
26,52,view,2025-11-16 16:19:03.826765
295,382,view,2025-11-16 19:23:14.826765
264,482,wishlist,2025-11-16 20:18:05.826765
72,191,view,2025-11-16 21:38:49.826765
187,93,purchase,2025-11-16 22:20:04.826765
228,82,cart,2025-11-16 22:21:23.826765
116,384,view,2025-11-16 22:57:18.826765
127,186,view,2025-11-17 00:32:22.826765
213,360,purchase,2025-11-17 00:51:20.826765
211,398,review,2025-11-17 01:04:41.826765
294,244,view,2025-11-17 02:34:01.826765
222,378,cart,2025-11-17 02:54:51.826765
239,386,wishlist,2025-11-17 03:00:27.826765
47,447,wishlist,2025-11-17 03:48:09.826765
17,130,wishlist,2025-11-17 04:26:00.826765
100,151,cart,2025-11-17 04:38:26.826765
87,449,wishlist,2025-11-17 05:51:01.826765
188,273,cart,2025-11-17 09:02:49.826765
240,117,view,2025-11-17 09:30:01.826765
117,356,review,2025-11-17 09:32:15.826765
227,140,view,2025-11-17 10:43:28.826765
143,378,view,2025-11-17 11:08:23.826765
288,73,purchase,2025-11-17 11:58:57.826765
281,354,view,2025-11-17 13:17:44.826765
118,258,wishlist,2025-11-17 13:56:35.826765
22,271,cart,2025-11-17 14:15:33.826765
18,192,view,2025-11-17 19:15:54.826765
104,328,review,2025-11-17 20:33:16.826765
268,159,view,2025-11-17 21:09:06.826765
69,467,review,2025-11-17 21:13:52.826765
293,478,view,2025-11-17 23:06:40.826765
284,18,view,2025-11-17 23:44:58.826765
54,27,view,2025-11-17 23:50:20.826765
86,44,view,2025-11-18 00:55:49.826765
14,140,view,2025-11-18 01:31:07.826765
260,246,view,2025-11-18 02:46:10.826765
182,318,view,2025-11-18 03:43:25.826765
62,188,purchase,2025-11-18 04:22:25.826765
61,156,view,2025-11-18 05:04:13.826765
166,51,view,2025-11-18 05:28:51.826765
173,111,review,2025-11-18 06:40:14.826765
260,87,wishlist,2025-11-18 07:27:14.826765
245,103,review,2025-11-18 08:54:20.826765
229,331,view,2025-11-18 09:41:23.826765
125,337,view,2025-11-18 10:04:18.826765
94,263,review,2025-11-18 10:05:14.826765
18,315,wishlist,2025-11-18 12:07:25.826765
46,326,wishlist,2025-11-18 12:26:36.826765
16,161,wishlist,2025-11-18 12:57:02.826765
292,296,cart,2025-11-18 13:07:34.826765
149,88,view,2025-11-18 13:26:32.826765
35,99,review,2025-11-18 16:43:34.826765
41,188,view,2025-11-18 17:05:11.826765
171,464,view,2025-11-18 17:49:24.826765
147,353,view,2025-11-18 17:57:11.826765
219,342,view,2025-11-18 20:30:37.826765
189,31,cart,2025-11-18 20:52:54.826765
286,328,review,2025-11-19 00:09:21.826765
69,143,view,2025-11-19 01:24:19.826765
276,105,view,2025-11-19 02:42:19.826765
159,103,wishlist,2025-11-19 03:04:11.826765
160,490,review,2025-11-19 03:46:44.826765
104,29,view,2025-11-19 04:00:22.826765
86,489,view,2025-11-19 05:26:41.826765
207,215,review,2025-11-19 07:22:27.826765
117,472,cart,2025-11-19 07:24:48.826765
264,166,view,2025-11-19 09:40:08.826765
273,216,view,2025-11-19 11:55:15.826765
287,311,wishlist,2025-11-19 14:09:29.826765
94,70,cart,2025-11-19 15:09:53.826765
178,447,review,2025-11-19 15:40:34.826765
218,438,view,2025-11-19 15:53:35.826765
163,293,review,2025-11-19 18:22:45.826765
187,85,view,2025-11-19 19:49:35.826765
171,277,view,2025-11-19 21:10:38.826765
133,35,cart,2025-11-19 22:51:15.826765
251,497,view,2025-11-20 01:12:59.826765
198,189,cart,2025-11-20 01:30:25.826765
202,392,view,2025-11-20 01:31:05.826765
83,286,cart,2025-11-20 01:37:35.826765
166,413,view,2025-11-20 04:16:17.826765
15,158,view,2025-11-20 05:16:46.826765
264,330,wishlist,2025-11-20 05:51:02.826765
276,2,view,2025-11-20 05:59:12.826765
237,378,view,2025-11-20 08:05:34.826765
266,40,cart,2025-11-20 08:22:03.826765
152,171,view,2025-11-20 08:30:34.826765
50,214,wishlist,2025-11-20 10:56:46.826765
140,404,wishlist,2025-11-20 12:13:10.826765
200,402,cart,2025-11-20 12:22:45.826765
82,444,view,2025-11-20 13:18:47.826765
63,486,review,2025-11-20 13:35:56.826765
268,489,view,2025-11-20 13:39:35.826765
296,188,review,2025-11-20 14:32:21.826765
192,149,review,2025-11-20 14:39:00.826765
282,424,wishlist,2025-11-20 15:16:42.826765
192,230,wishlist,2025-11-20 15:37:13.826765
215,15,view,2025-11-20 15:51:30.826765
275,164,review,2025-11-20 16:29:00.826765
128,255,cart,2025-11-20 18:34:06.826765
293,286,view,2025-11-20 19:18:22.826765
190,141,purchase,2025-11-20 19:32:10.826765
77,393,wishlist,2025-11-20 19:34:57.826765
109,181,cart,2025-11-20 21:19:27.826765
163,49,review,2025-11-20 21:52:46.826765
226,406,purchase,2025-11-21 00:50:07.826765
75,348,view,2025-11-21 01:36:25.826765
239,24,cart,2025-11-21 02:40:28.826765
77,62,cart,2025-11-21 03:41:54.826765
117,356,review,2025-11-21 03:52:45.826765
227,199,view,2025-11-21 04:27:25.826765
261,48,review,2025-11-21 05:41:58.826765
66,459,purchase,2025-11-21 06:24:37.826765
94,293,cart,2025-11-21 06:30:35.826765
23,385,cart,2025-11-21 06:51:47.826765
76,208,view,2025-11-21 07:26:31.826765
258,135,view,2025-11-21 07:41:04.826765
60,340,view,2025-11-21 07:43:25.826765
30,74,view,2025-11-21 08:45:52.826765
19,235,review,2025-11-21 10:10:44.826765
221,497,cart,2025-11-21 11:15:21.826765
211,8,view,2025-11-21 14:03:27.826765
187,456,view,2025-11-21 15:47:08.826765
98,4,cart,2025-11-21 16:22:57.826765
19,361,view,2025-11-21 18:34:16.826765
282,461,wishlist,2025-11-21 18:58:56.826765
94,464,cart,2025-11-21 19:49:20.826765
220,302,cart,2025-11-21 20:17:13.826765
41,73,wishlist,2025-11-21 20:20:58.826765
93,337,wishlist,2025-11-21 20:22:30.826765
285,267,cart,2025-11-21 20:52:21.826765
160,188,view,2025-11-21 22:00:53.826765
290,398,cart,2025-11-21 23:53:35.826765
186,148,view,2025-11-22 00:08:42.826765
49,464,view,2025-11-22 03:41:55.826765
75,347,cart,2025-11-22 03:48:20.826765
266,255,view,2025-11-22 03:49:16.826765
279,147,wishlist,2025-11-22 04:08:16.826765
281,254,view,2025-11-22 04:33:05.826765
157,410,view,2025-11-22 04:36:03.826765
18,335,view,2025-11-22 04:40:11.826765
68,2,wishlist,2025-11-22 04:44:33.826765
284,358,cart,2025-11-22 06:41:47.826765
100,238,review,2025-11-22 07:47:49.826765
90,168,view,2025-11-22 09:06:28.826765
208,240,review,2025-11-22 11:47:44.826765
281,364,view,2025-11-22 13:35:20.826765
121,82,purchase,2025-11-22 14:46:49.826765
75,497,view,2025-11-22 14:55:30.826765
81,273,purchase,2025-11-22 16:27:33.826765
196,188,cart,2025-11-22 17:56:00.826765
14,185,cart,2025-11-22 18:34:06.826765
280,66,view,2025-11-22 19:07:55.826765
14,396,view,2025-11-22 20:31:51.826765
26,309,wishlist,2025-11-22 20:58:15.826765
283,193,wishlist,2025-11-22 21:29:36.826765
49,85,wishlist,2025-11-23 00:29:59.826765
94,221,cart,2025-11-23 00:40:26.826765
186,77,purchase,2025-11-23 00:48:42.826765
237,127,view,2025-11-23 05:53:00.826765
277,241,cart,2025-11-23 06:11:51.826765
269,83,wishlist,2025-11-23 06:15:13.826765
189,128,view,2025-11-23 07:04:25.826765
187,141,wishlist,2025-11-23 07:37:20.826765
192,431,view,2025-11-23 09:15:33.826765
245,441,wishlist,2025-11-23 09:38:45.826765
61,35,wishlist,2025-11-23 10:10:57.826765
266,61,wishlist,2025-11-23 10:37:13.826765
62,290,review,2025-11-23 13:50:40.826765
25,488,cart,2025-11-23 14:28:53.826765
296,135,wishlist,2025-11-23 15:09:42.826765
27,426,view,2025-11-23 15:35:12.826765
25,172,review,2025-11-23 15:39:43.826765
285,10,cart,2025-11-23 15:45:59.826765
229,52,view,2025-11-23 16:54:25.826765
19,268,purchase,2025-11-23 18:29:00.826765
67,313,review,2025-11-23 19:18:37.826765
214,64,view,2025-11-23 20:18:48.826765
128,58,cart,2025-11-23 20:55:53.826765
228,398,wishlist,2025-11-23 21:17:24.826765
250,491,view,2025-11-23 21:46:00.826765
150,271,view,2025-11-23 23:40:21.826765
35,102,view,2025-11-24 00:17:34.826765
89,266,wishlist,2025-11-24 01:05:32.826765
158,373,cart,2025-11-24 01:24:11.826765
45,40,wishlist,2025-11-24 03:34:16.826765
237,428,view,2025-11-24 04:28:51.826765
101,16,review,2025-11-24 04:28:59.826765
76,25,wishlist,2025-11-24 05:29:02.826765
83,2,view,2025-11-24 06:05:39.826765
236,326,view,2025-11-24 06:09:10.826765
285,405,review,2025-11-24 07:07:32.826765
48,111,wishlist,2025-11-24 08:39:14.826765
191,265,cart,2025-11-24 08:42:42.826765
13,145,review,2025-11-24 10:54:11.826765
214,439,view,2025-11-24 12:00:15.826765
140,196,cart,2025-11-24 13:40:47.826765
137,335,wishlist,2025-11-24 14:17:30.826765
167,457,cart,2025-11-24 15:30:49.826765
287,175,view,2025-11-24 15:49:19.826765
215,274,view,2025-11-24 17:19:08.826765
5,269,cart,2025-11-24 17:19:52.826765
237,253,wishlist,2025-11-24 19:09:02.826765
209,282,view,2025-11-24 21:17:48.826765
289,327,wishlist,2025-11-24 22:32:41.826765
192,171,view,2025-11-25 00:19:38.826765
111,264,wishlist,2025-11-25 00:59:28.826765
290,426,cart,2025-11-25 01:01:17.826765
267,291,view,2025-11-25 01:29:18.826765
58,124,wishlist,2025-11-25 02:18:08.826765
50,51,view,2025-11-25 03:15:40.826765
119,129,review,2025-11-25 03:45:42.826765
164,58,cart,2025-11-25 05:44:10.826765
186,387,view,2025-11-25 05:54:13.826765
206,120,view,2025-11-25 06:17:16.826765
209,366,view,2025-11-25 06:40:15.826765
254,46,wishlist,2025-11-25 08:55:40.826765
63,102,view,2025-11-25 09:06:35.826765
222,482,view,2025-11-25 09:34:05.826765
190,53,view,2025-11-25 13:53:04.826765
54,347,view,2025-11-25 15:15:06.826765
38,455,view,2025-11-25 15:42:29.826765
89,192,cart,2025-11-25 16:49:34.826765
214,114,view,2025-11-25 17:13:10.826765
178,170,cart,2025-11-25 18:25:22.826765
119,392,cart,2025-11-25 18:58:01.826765
81,412,view,2025-11-25 20:39:17.826765
172,314,review,2025-11-25 20:58:28.826765
3,107,wishlist,2025-11-25 21:47:00.826765
45,391,review,2025-11-25 22:20:59.826765
33,479,wishlist,2025-11-25 23:34:18.826765
163,4,view,2025-11-25 23:54:19.826765
163,366,review,2025-11-26 01:04:42.826765
269,236,view,2025-11-26 01:44:58.826765
99,63,view,2025-11-26 05:48:30.826765
147,69,view,2025-11-26 05:50:37.826765
62,6,cart,2025-11-26 07:18:29.826765
205,172,view,2025-11-26 08:01:35.826765
38,237,view,2025-11-26 08:10:48.826765
247,95,review,2025-11-26 08:25:42.826765
193,357,cart,2025-11-26 08:58:06.826765
44,23,review,2025-11-26 09:36:10.826765
297,171,cart,2025-11-26 09:52:27.826765
207,333,review,2025-11-26 11:10:45.826765
67,197,view,2025-11-26 12:47:17.826765
1,467,view,2025-11-26 12:58:44.826765
51,20,purchase,2025-11-26 13:37:30.826765
184,473,review,2025-11-26 13:51:23.826765
107,358,view,2025-11-26 15:36:45.826765
95,352,view,2025-11-26 16:05:53.826765
104,211,cart,2025-11-26 18:02:14.826765
193,81,view,2025-11-26 19:47:51.826765
216,439,cart,2025-11-26 20:01:43.826765
110,415,view,2025-11-26 20:30:56.826765
58,475,view,2025-11-26 20:33:52.826765
98,410,view,2025-11-26 21:09:54.826765
47,362,view,2025-11-26 21:23:07.826765
229,224,view,2025-11-26 23:19:02.826765
111,265,wishlist,2025-11-27 00:28:17.826765
146,132,view,2025-11-27 03:45:37.826765
279,267,wishlist,2025-11-27 03:52:27.826765
59,351,cart,2025-11-27 04:53:27.826765
187,402,wishlist,2025-11-27 05:00:55.826765
68,409,view,2025-11-27 06:55:30.826765
236,451,cart,2025-11-27 08:04:29.826765
189,257,review,2025-11-27 08:24:32.826765
229,241,view,2025-11-27 08:31:08.826765
72,357,wishlist,2025-11-27 11:39:17.826765
79,39,purchase,2025-11-27 11:59:47.826765
295,276,view,2025-11-27 12:06:31.826765
46,75,view,2025-11-27 12:08:19.826765
62,248,wishlist,2025-11-27 12:51:28.826765
281,344,view,2025-11-27 13:14:31.826765
151,45,cart,2025-11-27 13:44:27.826765
173,196,view,2025-11-27 16:13:50.826765
104,187,review,2025-11-27 16:57:52.826765
110,216,view,2025-11-27 18:15:54.826765
123,370,review,2025-11-27 21:48:09.826765
259,372,purchase,2025-11-27 22:37:05.826765
74,386,view,2025-11-27 22:47:42.826765
127,275,view,2025-11-27 23:41:15.826765
3,427,view,2025-11-27 23:54:52.826765
157,468,view,2025-11-28 01:06:29.826765
160,297,view,2025-11-28 03:22:25.826765
76,153,view,2025-11-28 05:47:25.826765
179,327,view,2025-11-28 06:16:21.826765
59,87,wishlist,2025-11-28 08:36:54.826765
74,480,wishlist,2025-11-28 09:06:39.826765
238,154,view,2025-11-28 09:31:33.826765
239,436,purchase,2025-11-28 10:45:33.826765
181,126,wishlist,2025-11-28 11:03:29.826765
27,390,review,2025-11-28 11:19:21.826765
22,104,view,2025-11-28 11:28:14.826765
135,172,cart,2025-11-28 12:31:31.826765
8,115,view,2025-11-28 16:07:06.826765
20,118,view,2025-11-28 16:59:46.826765
181,368,view,2025-11-28 17:15:19.826765
124,282,wishlist,2025-11-28 18:10:39.826765
262,454,view,2025-11-28 19:25:27.826765
142,90,view,2025-11-28 22:47:38.826765
115,293,view,2025-11-28 23:14:38.826765
54,10,view,2025-11-28 23:48:14.826765
112,24,review,2025-11-29 00:18:39.826765
255,450,wishlist,2025-11-29 02:49:37.826765
248,334,view,2025-11-29 03:46:18.826765
272,92,cart,2025-11-29 04:12:18.826765
283,385,view,2025-11-29 04:17:26.826765
224,401,view,2025-11-29 04:30:00.826765
145,308,review,2025-11-29 04:33:54.826765
116,216,cart,2025-11-29 06:33:39.826765
216,404,review,2025-11-29 12:29:26.826765
265,263,review,2025-11-29 12:35:27.826765
190,171,view,2025-11-29 14:54:11.826765
195,408,view,2025-11-29 16:28:23.826765
117,486,cart,2025-11-29 17:39:39.826765
82,286,view,2025-11-29 18:39:24.826765
36,109,view,2025-11-29 18:44:27.826765
38,266,view,2025-11-29 19:28:03.826765
291,452,view,2025-11-29 19:48:45.826765
223,268,view,2025-11-29 19:50:05.826765
23,387,view,2025-11-29 22:43:59.826765
29,74,view,2025-11-29 22:54:28.826765
113,153,view,2025-11-29 23:37:30.826765
115,484,view,2025-11-30 00:07:59.826765
47,258,view,2025-11-30 00:33:58.826765
52,226,view,2025-11-30 00:52:28.826765
9,387,cart,2025-11-30 01:06:47.826765
197,292,view,2025-11-30 01:59:39.826765
134,421,view,2025-11-30 03:27:00.826765
273,206,cart,2025-11-30 04:25:10.826765
13,300,review,2025-11-30 05:04:02.826765
43,65,view,2025-11-30 06:01:23.826765
190,19,wishlist,2025-11-30 06:25:15.826765
2,120,view,2025-11-30 06:41:12.826765
220,284,cart,2025-11-30 07:49:40.826765
186,334,cart,2025-11-30 10:54:54.826765
42,37,review,2025-11-30 10:57:22.826765
176,358,purchase,2025-11-30 11:52:23.826765
112,2,wishlist,2025-11-30 12:58:57.826765
128,434,view,2025-11-30 14:04:31.826765
220,35,view,2025-11-30 14:36:51.826765
39,364,cart,2025-11-30 16:21:04.826765
289,82,view,2025-11-30 16:40:52.826765
185,212,view,2025-11-30 17:40:32.826765
54,249,cart,2025-11-30 18:31:07.826765
56,431,view,2025-11-30 18:33:07.826765
217,496,wishlist,2025-11-30 19:57:59.826765
69,308,view,2025-11-30 20:06:55.826765
3,145,review,2025-11-30 22:24:32.826765
64,278,view,2025-11-30 23:22:19.826765
244,78,wishlist,2025-12-01 00:08:00.826765
148,49,cart,2025-12-01 00:42:52.826765
206,202,view,2025-12-01 02:39:37.826765
256,326,view,2025-12-01 03:13:52.826765
276,428,wishlist,2025-12-01 04:29:43.826765
16,143,review,2025-12-01 05:21:05.826765
235,117,cart,2025-12-01 06:35:03.826765
79,171,view,2025-12-01 07:27:12.826765
287,80,review,2025-12-01 08:25:40.826765
84,402,cart,2025-12-01 08:46:20.826765
223,491,wishlist,2025-12-01 09:53:01.826765
12,10,view,2025-12-01 10:27:31.826765
125,333,wishlist,2025-12-01 11:59:13.826765
23,45,cart,2025-12-01 12:00:12.826765
278,407,view,2025-12-01 12:33:29.826765
61,256,view,2025-12-01 13:25:58.826765
18,313,view,2025-12-01 14:13:15.826765
107,258,review,2025-12-01 16:58:29.826765
277,313,view,2025-12-01 17:04:16.826765
175,307,view,2025-12-01 18:07:55.826765
244,345,review,2025-12-01 20:33:30.826765
105,250,cart,2025-12-01 20:42:47.826765
237,318,view,2025-12-01 23:38:00.826765
208,145,view,2025-12-02 01:44:20.826765
10,21,view,2025-12-02 01:46:03.826765
29,491,wishlist,2025-12-02 02:04:06.826765
276,41,wishlist,2025-12-02 02:05:37.826765
162,135,cart,2025-12-02 03:01:37.826765
121,108,cart,2025-12-02 03:38:05.826765
244,326,view,2025-12-02 04:25:08.826765
150,15,view,2025-12-02 04:47:53.826765
220,242,cart,2025-12-02 05:56:56.826765
99,212,wishlist,2025-12-02 06:51:13.826765
209,11,wishlist,2025-12-02 07:27:29.826765
68,439,view,2025-12-02 08:24:53.826765
292,257,view,2025-12-02 08:28:10.826765
215,187,view,2025-12-02 09:05:48.826765
95,342,view,2025-12-02 10:03:07.826765
141,117,cart,2025-12-02 10:04:05.826765
108,334,view,2025-12-02 11:35:33.826765
251,105,view,2025-12-02 12:40:45.826765
161,10,cart,2025-12-02 12:58:42.826765
11,402,view,2025-12-02 13:58:38.826765
199,9,cart,2025-12-02 14:10:21.826765
295,74,view,2025-12-02 14:39:45.826765
45,465,wishlist,2025-12-02 15:49:25.826765
127,344,view,2025-12-02 16:06:23.826765
58,455,cart,2025-12-02 17:23:25.826765
61,393,purchase,2025-12-02 17:40:13.826765
56,360,cart,2025-12-02 17:52:16.826765
66,436,wishlist,2025-12-02 19:11:40.826765
165,429,view,2025-12-02 19:18:28.826765
73,143,view,2025-12-02 19:41:14.826765
271,302,purchase,2025-12-02 22:18:22.826765
259,444,view,2025-12-03 00:00:12.826765
45,119,cart,2025-12-03 01:37:08.826765
47,43,view,2025-12-03 02:59:01.826765
217,121,view,2025-12-03 03:38:54.826765
90,29,view,2025-12-03 03:53:35.826765
79,366,view,2025-12-03 05:02:39.826765
137,246,view,2025-12-03 06:32:27.826765
47,375,review,2025-12-03 07:22:13.826765
31,87,cart,2025-12-03 07:48:47.826765
253,283,view,2025-12-03 08:45:49.826765
14,188,view,2025-12-03 08:47:26.826765
169,17,review,2025-12-03 09:17:33.826765
100,140,cart,2025-12-03 10:17:08.826765
246,219,view,2025-12-03 10:25:25.826765
149,87,purchase,2025-12-03 12:25:24.826765
133,236,view,2025-12-03 15:12:04.826765
158,125,view,2025-12-03 15:55:23.826765
98,203,view,2025-12-03 15:59:42.826765
66,152,cart,2025-12-03 16:47:34.826765
12,388,purchase,2025-12-03 17:14:30.826765
37,280,view,2025-12-03 17:49:34.826765
234,210,cart,2025-12-03 19:34:22.826765
193,359,cart,2025-12-03 20:00:46.826765
290,93,view,2025-12-03 20:38:50.826765
222,9,cart,2025-12-03 21:01:09.826765
270,427,cart,2025-12-03 21:47:23.826765
92,441,view,2025-12-04 00:58:07.826765
205,284,wishlist,2025-12-04 01:04:55.826765
99,95,view,2025-12-04 02:14:29.826765
182,225,wishlist,2025-12-04 02:39:51.826765
171,141,cart,2025-12-04 03:13:04.826765
249,389,wishlist,2025-12-04 04:58:20.826765
150,249,view,2025-12-04 05:10:02.826765
282,481,view,2025-12-04 07:36:08.826765
237,127,view,2025-12-04 08:49:45.826765
288,41,view,2025-12-04 08:50:53.826765
115,192,cart,2025-12-04 08:57:28.826765
63,327,view,2025-12-04 09:11:24.826765
84,100,view,2025-12-04 09:21:54.826765
33,294,review,2025-12-04 10:27:50.826765
138,323,view,2025-12-04 10:38:06.826765
100,26,view,2025-12-04 11:19:04.826765
46,72,view,2025-12-04 12:09:43.826765
247,281,view,2025-12-04 14:44:42.826765
209,396,cart,2025-12-04 15:19:45.826765
194,87,cart,2025-12-04 19:23:11.826765
208,152,view,2025-12-04 19:48:11.826765
135,42,view,2025-12-04 21:57:20.826765
36,332,view,2025-12-04 22:56:40.826765
282,59,review,2025-12-05 01:34:49.826765
169,130,cart,2025-12-05 02:11:53.826765
251,227,cart,2025-12-05 02:23:29.826765
280,410,view,2025-12-05 02:38:17.826765
71,387,cart,2025-12-05 06:10:04.826765
89,193,view,2025-12-05 07:05:18.826765
239,323,review,2025-12-05 08:40:19.826765
207,206,cart,2025-12-05 11:05:03.826765
252,387,wishlist,2025-12-05 11:18:27.826765
276,227,review,2025-12-05 11:34:41.826765
295,138,wishlist,2025-12-05 12:08:20.826765
246,499,cart,2025-12-05 12:36:31.826765
148,26,view,2025-12-05 12:43:09.826765
269,275,review,2025-12-05 14:31:03.826765
238,314,view,2025-12-05 14:46:37.826765
59,380,view,2025-12-05 15:09:51.826765
291,18,view,2025-12-05 15:10:42.826765
179,185,view,2025-12-05 15:39:43.826765
231,308,view,2025-12-05 16:55:51.826765
296,327,cart,2025-12-05 17:06:17.826765
15,101,wishlist,2025-12-05 17:38:05.826765
176,340,wishlist,2025-12-05 17:50:59.826765
226,95,view,2025-12-05 20:19:01.826765
181,351,view,2025-12-05 20:29:23.826765
147,39,view,2025-12-05 21:14:21.826765
144,132,cart,2025-12-05 21:50:51.826765
184,333,wishlist,2025-12-05 21:59:25.826765
148,483,cart,2025-12-05 22:04:51.826765
292,465,view,2025-12-05 22:18:26.826765
177,46,view,2025-12-05 22:48:48.826765
227,232,review,2025-12-06 00:05:15.826765
36,228,cart,2025-12-06 01:05:46.826765
160,2,view,2025-12-06 04:22:01.826765
232,490,view,2025-12-06 04:35:51.826765
84,306,view,2025-12-06 04:59:36.826765
4,474,wishlist,2025-12-06 05:12:06.826765
98,10,cart,2025-12-06 07:40:33.826765
96,70,view,2025-12-06 07:42:45.826765
61,322,view,2025-12-06 08:38:52.826765
161,410,view,2025-12-06 10:14:27.826765
59,68,view,2025-12-06 10:25:48.826765
250,165,review,2025-12-06 10:34:43.826765
218,455,view,2025-12-06 10:45:21.826765
241,231,view,2025-12-06 11:56:44.826765
129,439,cart,2025-12-06 14:43:51.826765
118,22,cart,2025-12-06 14:57:16.826765
118,403,view,2025-12-06 15:19:34.826765
267,461,view,2025-12-06 16:22:35.826765
226,196,wishlist,2025-12-06 16:42:10.826765
261,4,view,2025-12-06 17:05:07.826765
136,193,wishlist,2025-12-06 17:25:18.826765
169,399,wishlist,2025-12-06 21:32:21.826765
73,404,view,2025-12-06 22:09:56.826765
205,371,view,2025-12-06 22:12:47.826765
288,108,wishlist,2025-12-06 22:47:39.826765
259,18,view,2025-12-07 01:24:51.826765
196,320,view,2025-12-07 01:45:06.826765
6,359,view,2025-12-07 02:51:33.826765
148,319,view,2025-12-07 03:14:57.826765
220,165,cart,2025-12-07 03:53:42.826765
35,136,view,2025-12-07 04:03:36.826765
263,213,purchase,2025-12-07 04:34:02.826765
59,103,cart,2025-12-07 05:54:55.826765
271,215,review,2025-12-07 06:07:55.826765
61,146,view,2025-12-07 07:21:08.826765
99,296,view,2025-12-07 07:36:20.826765
72,301,view,2025-12-07 07:39:45.826765
238,26,cart,2025-12-07 09:35:27.826765
264,87,wishlist,2025-12-07 11:51:21.826765
285,197,cart,2025-12-07 12:25:34.826765
57,157,cart,2025-12-07 14:01:36.826765
225,467,wishlist,2025-12-07 14:21:08.826765
282,417,cart,2025-12-07 14:22:04.826765
178,30,view,2025-12-07 14:27:47.826765
54,338,view,2025-12-07 14:38:39.826765
147,112,cart,2025-12-07 15:30:10.826765
208,51,view,2025-12-07 19:19:56.826765
119,442,view,2025-12-07 19:48:42.826765
222,381,view,2025-12-07 20:34:58.826765
99,183,view,2025-12-07 20:50:57.826765
149,119,purchase,2025-12-07 22:24:29.826765
7,329,cart,2025-12-07 22:34:49.826765
121,161,review,2025-12-07 23:08:08.826765
296,149,review,2025-12-08 01:13:02.826765
183,279,cart,2025-12-08 02:48:07.826765
129,215,review,2025-12-08 03:34:38.826765
228,94,wishlist,2025-12-08 04:06:32.826765
93,414,view,2025-12-08 05:01:16.826765
261,167,view,2025-12-08 05:23:29.826765
94,376,wishlist,2025-12-08 06:28:56.826765
257,126,wishlist,2025-12-08 06:53:22.826765
274,480,view,2025-12-08 06:53:50.826765
102,419,view,2025-12-08 07:42:21.826765
129,466,view,2025-12-08 08:04:27.826765
65,339,view,2025-12-08 08:11:05.826765
186,325,wishlist,2025-12-08 08:34:17.826765
260,255,cart,2025-12-08 10:46:50.826765
152,153,wishlist,2025-12-08 11:17:50.826765
22,139,view,2025-12-08 12:34:12.826765
175,69,wishlist,2025-12-08 13:22:48.826765
40,205,review,2025-12-08 13:48:55.826765
280,165,purchase,2025-12-08 14:17:04.826765
222,209,view,2025-12-08 14:50:20.826765
60,118,review,2025-12-08 15:23:41.826765
72,66,view,2025-12-08 15:52:05.826765
207,195,wishlist,2025-12-08 16:12:37.826765
40,32,view,2025-12-08 16:41:48.826765
151,385,wishlist,2025-12-08 17:21:12.826765
201,458,cart,2025-12-08 19:06:23.826765
285,154,view,2025-12-08 20:00:42.826765
83,162,wishlist,2025-12-08 20:05:52.826765
167,331,wishlist,2025-12-08 22:02:49.826765
69,2,view,2025-12-08 22:53:29.826765
101,58,review,2025-12-09 00:42:58.826765
137,82,view,2025-12-09 00:58:52.826765
35,53,cart,2025-12-09 01:02:46.826765
133,434,view,2025-12-09 03:04:10.826765
229,249,cart,2025-12-09 03:55:15.826765
111,491,review,2025-12-09 04:49:11.826765
39,161,view,2025-12-09 05:18:37.826765
279,105,cart,2025-12-09 05:21:18.826765
235,362,view,2025-12-09 07:08:54.826765
188,214,wishlist,2025-12-09 07:31:24.826765
143,391,view,2025-12-09 08:17:21.826765
199,114,cart,2025-12-09 10:27:11.826765
114,111,view,2025-12-09 10:30:18.826765
54,273,view,2025-12-09 10:46:48.826765
197,284,purchase,2025-12-09 10:49:51.826765
55,224,view,2025-12-09 12:55:36.826765
190,331,view,2025-12-09 13:16:46.826765
293,25,wishlist,2025-12-09 13:24:19.826765
122,437,cart,2025-12-09 13:59:25.826765
22,446,cart,2025-12-09 14:06:57.826765
31,14,view,2025-12-09 15:42:37.826765
230,326,cart,2025-12-09 16:20:28.826765
113,374,cart,2025-12-09 16:28:17.826765
76,181,view,2025-12-09 17:02:03.826765
223,296,view,2025-12-09 18:21:22.826765
141,109,view,2025-12-09 19:02:14.826765
108,400,view,2025-12-09 19:19:34.826765
278,67,view,2025-12-09 22:15:33.826765
167,238,cart,2025-12-09 23:19:08.826765
129,418,view,2025-12-09 23:20:02.826765
274,100,cart,2025-12-09 23:23:27.826765
82,208,purchase,2025-12-10 00:10:47.826765
206,173,view,2025-12-10 00:23:38.826765
220,473,wishlist,2025-12-10 00:50:55.826765
26,137,view,2025-12-10 00:51:47.826765
12,236,view,2025-12-10 02:43:03.826765
273,248,view,2025-12-10 04:21:13.826765
54,97,cart,2025-12-10 08:07:49.826765
121,185,view,2025-12-10 08:19:04.826765
294,421,view,2025-12-10 09:05:04.826765
112,28,view,2025-12-10 11:22:32.826765
138,207,wishlist,2025-12-10 11:53:30.826765
162,448,view,2025-12-10 13:56:43.826765
31,466,review,2025-12-10 14:07:26.826765
268,79,view,2025-12-10 16:32:56.826765
156,261,view,2025-12-10 17:03:40.826765
21,456,view,2025-12-10 18:01:29.826765
109,475,review,2025-12-10 18:52:06.826765
99,379,view,2025-12-10 21:37:58.826765
292,456,wishlist,2025-12-10 21:52:33.826765
85,462,view,2025-12-10 22:17:07.826765
17,374,wishlist,2025-12-10 23:20:03.826765
178,75,review,2025-12-11 00:34:31.826765
116,68,view,2025-12-11 01:15:30.826765
250,134,cart,2025-12-11 01:15:40.826765
28,368,view,2025-12-11 01:41:30.826765
168,313,view,2025-12-11 01:46:33.826765
231,485,view,2025-12-11 02:31:17.826765
238,498,view,2025-12-11 02:44:50.826765
257,96,wishlist,2025-12-11 02:47:30.826765
217,14,wishlist,2025-12-11 04:03:51.826765
183,144,view,2025-12-11 05:10:02.826765
44,421,cart,2025-12-11 05:34:06.826765
146,322,wishlist,2025-12-11 05:45:01.826765
96,287,purchase,2025-12-11 06:33:12.826765
102,336,cart,2025-12-11 06:34:44.826765
25,155,view,2025-12-11 07:32:22.826765
77,356,wishlist,2025-12-11 08:21:54.826765
138,485,purchase,2025-12-11 08:49:46.826765
152,27,view,2025-12-11 09:49:28.826765
108,231,wishlist,2025-12-11 09:50:50.826765
111,322,cart,2025-12-11 09:59:00.826765
109,481,cart,2025-12-11 11:43:09.826765
104,379,review,2025-12-11 11:54:06.826765
30,422,purchase,2025-12-11 13:17:22.826765
255,290,cart,2025-12-11 15:06:07.826765
251,82,view,2025-12-11 15:25:31.826765
19,349,view,2025-12-11 16:09:18.826765
206,470,purchase,2025-12-11 16:37:47.826765
18,471,review,2025-12-11 18:01:09.826765
111,459,wishlist,2025-12-11 18:01:22.826765
112,259,view,2025-12-11 18:25:53.826765
154,106,review,2025-12-11 18:38:56.826765
14,291,wishlist,2025-12-11 19:42:54.826765
28,29,view,2025-12-11 20:30:59.826765
218,123,cart,2025-12-11 22:25:44.826765
157,477,view,2025-12-11 22:42:27.826765
38,421,view,2025-12-11 22:45:05.826765
104,185,wishlist,2025-12-11 22:57:12.826765
286,135,view,2025-12-12 00:47:00.826765
299,381,view,2025-12-12 01:11:34.826765
166,62,view,2025-12-12 01:26:52.826765
239,14,view,2025-12-12 02:51:59.826765
109,381,view,2025-12-12 05:12:17.826765
110,404,view,2025-12-12 05:42:06.826765
65,103,view,2025-12-12 07:24:14.826765
54,286,view,2025-12-12 08:24:38.826765
260,289,wishlist,2025-12-12 08:27:27.826765
236,70,view,2025-12-12 09:28:19.826765
20,480,view,2025-12-12 10:34:15.826765
61,265,review,2025-12-12 11:31:30.826765
189,23,view,2025-12-12 11:38:58.826765
269,299,view,2025-12-12 11:43:31.826765
94,158,view,2025-12-12 13:25:08.826765
129,197,wishlist,2025-12-12 13:57:21.826765
269,397,view,2025-12-12 14:05:31.826765
276,396,view,2025-12-12 14:48:41.826765
184,37,view,2025-12-12 15:29:04.826765
88,165,review,2025-12-12 15:50:45.826765
51,230,wishlist,2025-12-12 17:13:35.826765
128,415,view,2025-12-12 18:55:14.826765
52,60,view,2025-12-12 19:08:29.826765
165,192,view,2025-12-12 23:25:41.826765
260,189,view,2025-12-13 00:13:36.826765
198,190,cart,2025-12-13 00:14:57.826765
126,15,view,2025-12-13 00:47:57.826765
42,197,view,2025-12-13 00:50:13.826765
35,490,review,2025-12-13 01:11:20.826765
41,151,wishlist,2025-12-13 01:38:42.826765
281,384,view,2025-12-13 01:55:51.826765
38,118,purchase,2025-12-13 02:29:51.826765
188,126,view,2025-12-13 02:43:55.826765
213,463,view,2025-12-13 04:20:59.826765
244,223,purchase,2025-12-13 04:23:18.826765
51,389,view,2025-12-13 06:36:04.826765
3,417,view,2025-12-13 07:39:23.826765
149,415,wishlist,2025-12-13 07:44:01.826765
25,309,review,2025-12-13 08:22:11.826765
232,324,view,2025-12-13 10:02:18.826765
247,334,cart,2025-12-13 10:22:46.826765
255,82,view,2025-12-13 11:18:02.826765
246,485,view,2025-12-13 11:21:57.826765
131,450,view,2025-12-13 11:45:11.826765
109,393,cart,2025-12-13 11:49:52.826765
90,189,view,2025-12-13 13:02:29.826765
217,93,view,2025-12-13 13:26:44.826765
155,446,purchase,2025-12-13 17:22:25.826765
70,170,view,2025-12-13 21:57:47.826765
113,413,wishlist,2025-12-13 22:50:04.826765
127,456,wishlist,2025-12-13 23:02:48.826765
122,42,view,2025-12-13 23:54:51.826765
251,125,view,2025-12-14 00:28:34.826765
109,466,wishlist,2025-12-14 00:51:06.826765
113,33,cart,2025-12-14 01:18:14.826765
17,497,cart,2025-12-14 01:53:43.826765
241,21,view,2025-12-14 01:59:23.826765
226,379,purchase,2025-12-14 04:07:50.826765
36,49,view,2025-12-14 05:22:32.826765
279,281,wishlist,2025-12-14 05:42:02.826765
32,40,view,2025-12-14 06:35:03.826765
98,352,review,2025-12-14 08:13:09.826765
117,251,view,2025-12-14 08:26:00.826765
107,386,cart,2025-12-14 08:29:32.826765
105,47,view,2025-12-14 09:34:44.826765
119,348,purchase,2025-12-14 12:24:06.826765
157,110,view,2025-12-14 12:31:49.826765
270,289,view,2025-12-14 14:41:13.826765
211,27,view,2025-12-14 16:11:15.826765
234,284,cart,2025-12-14 16:46:27.826765
67,31,review,2025-12-14 16:48:05.826765
90,261,view,2025-12-14 17:07:49.826765
204,72,view,2025-12-14 17:49:15.826765
256,42,view,2025-12-14 19:22:40.826765
266,334,wishlist,2025-12-14 20:32:34.826765
118,484,cart,2025-12-14 20:44:36.826765
112,432,wishlist,2025-12-14 21:10:49.826765
286,21,view,2025-12-14 21:53:57.826765
181,328,wishlist,2025-12-14 23:03:39.826765
133,333,cart,2025-12-15 00:00:49.826765
173,169,view,2025-12-15 00:06:52.826765
256,231,review,2025-12-15 00:21:16.826765
129,348,wishlist,2025-12-15 00:40:38.826765
190,155,wishlist,2025-12-15 01:11:20.826765
28,291,review,2025-12-15 01:22:02.826765
204,123,view,2025-12-15 02:32:24.826765
173,368,view,2025-12-15 03:00:43.826765
22,11,view,2025-12-15 06:49:32.826765
112,270,cart,2025-12-15 07:10:17.826765
101,327,view,2025-12-15 07:36:24.826765
190,369,review,2025-12-15 07:44:10.826765
68,492,cart,2025-12-15 08:22:27.826765
251,37,wishlist,2025-12-15 08:34:10.826765
171,198,view,2025-12-15 10:28:29.826765
5,161,view,2025-12-15 11:09:46.826765
274,244,wishlist,2025-12-15 11:46:59.826765
218,29,cart,2025-12-15 12:11:39.826765
198,338,view,2025-12-15 12:37:10.826765
261,307,cart,2025-12-15 14:34:57.826765
2,287,review,2025-12-15 14:45:45.826765
211,324,review,2025-12-15 15:42:21.826765
175,422,view,2025-12-15 16:05:00.826765
190,239,cart,2025-12-15 16:30:28.826765
45,160,view,2025-12-15 16:55:36.826765
39,442,wishlist,2025-12-15 17:02:06.826765
264,82,cart,2025-12-15 17:29:48.826765
298,172,view,2025-12-15 17:59:08.826765
74,426,wishlist,2025-12-15 18:51:57.826765
15,200,wishlist,2025-12-15 19:22:13.826765
61,75,view,2025-12-15 19:26:12.826765
111,424,purchase,2025-12-15 20:36:05.826765
142,324,view,2025-12-15 22:04:35.826765
192,19,cart,2025-12-15 22:33:16.826765
7,114,cart,2025-12-15 23:02:43.826765
156,379,view,2025-12-15 23:03:04.826765
163,18,cart,2025-12-16 00:36:35.826765
236,314,purchase,2025-12-16 00:58:52.826765
173,472,wishlist,2025-12-16 01:21:39.826765
126,323,cart,2025-12-16 01:29:42.826765
188,106,wishlist,2025-12-16 01:42:19.826765
200,275,cart,2025-12-16 02:08:18.826765
211,321,view,2025-12-16 02:28:42.826765
264,496,view,2025-12-16 03:18:42.826765
101,10,review,2025-12-16 04:47:35.826765
204,232,view,2025-12-16 05:25:01.826765
62,236,wishlist,2025-12-16 05:31:36.826765
73,43,view,2025-12-16 05:36:40.826765
118,61,wishlist,2025-12-16 05:43:45.826765
229,80,view,2025-12-16 06:13:04.826765
149,131,cart,2025-12-16 06:27:53.826765
13,96,view,2025-12-16 08:10:11.826765
41,25,review,2025-12-16 08:26:19.826765
217,192,cart,2025-12-16 09:05:13.826765
35,57,cart,2025-12-16 09:05:40.826765
21,261,view,2025-12-16 09:13:56.826765
105,79,view,2025-12-16 09:21:47.826765
226,228,cart,2025-12-16 09:24:22.826765
270,212,wishlist,2025-12-16 09:53:42.826765
230,453,wishlist,2025-12-16 11:41:08.826765
221,231,cart,2025-12-16 12:02:19.826765
12,137,view,2025-12-16 16:43:02.826765
181,112,view,2025-12-16 16:53:59.826765
44,313,cart,2025-12-16 17:26:52.826765
131,258,view,2025-12-16 17:39:35.826765
286,9,view,2025-12-16 18:50:55.826765
192,232,cart,2025-12-16 19:17:39.826765
126,198,view,2025-12-16 20:10:09.826765
206,349,wishlist,2025-12-16 20:16:09.826765
215,421,view,2025-12-16 21:30:46.826765
151,425,view,2025-12-16 23:13:06.826765
4,85,view,2025-12-16 23:37:58.826765
44,29,view,2025-12-17 00:14:23.826765
163,365,view,2025-12-17 00:58:38.826765
48,310,view,2025-12-17 01:31:29.826765
50,340,view,2025-12-17 01:43:15.826765
84,463,cart,2025-12-17 02:07:41.826765
295,476,wishlist,2025-12-17 02:11:18.826765
268,377,cart,2025-12-17 02:25:53.826765
138,338,view,2025-12-17 02:47:02.826765
271,262,view,2025-12-17 03:13:17.826765
79,11,view,2025-12-17 03:21:21.826765
83,281,wishlist,2025-12-17 04:14:41.826765
88,210,wishlist,2025-12-17 05:22:19.826765
217,159,view,2025-12-17 05:32:14.826765
20,268,view,2025-12-17 06:03:17.826765
287,265,review,2025-12-17 07:31:13.826765
237,63,view,2025-12-17 12:37:57.826765
105,229,wishlist,2025-12-17 13:00:56.826765
72,128,view,2025-12-17 13:24:42.826765
137,200,wishlist,2025-12-17 14:55:44.826765
268,487,wishlist,2025-12-17 15:06:02.826765
120,436,cart,2025-12-17 16:29:45.826765
156,90,wishlist,2025-12-17 17:22:22.826765
33,122,view,2025-12-17 17:33:58.826765
130,253,view,2025-12-17 18:22:16.826765
73,495,cart,2025-12-17 19:10:09.826765
138,210,view,2025-12-17 19:34:15.826765
32,121,cart,2025-12-17 19:46:51.826765
6,448,view,2025-12-17 20:16:13.826765
83,338,view,2025-12-17 20:17:55.826765
17,494,wishlist,2025-12-17 23:19:09.826765
54,428,view,2025-12-17 23:40:35.826765
71,73,review,2025-12-18 01:04:15.826765
55,35,review,2025-12-18 01:05:00.826765
156,488,wishlist,2025-12-18 01:14:03.826765
260,311,cart,2025-12-18 02:34:41.826765
139,183,view,2025-12-18 03:02:27.826765
25,405,view,2025-12-18 03:56:24.826765
62,397,view,2025-12-18 05:33:04.826765
101,4,wishlist,2025-12-18 06:01:18.826765
143,76,cart,2025-12-18 07:45:31.826765
78,151,cart,2025-12-18 11:43:30.826765
48,491,wishlist,2025-12-18 12:47:01.826765
78,116,view,2025-12-18 13:32:32.826765
159,294,cart,2025-12-18 15:24:40.826765
16,104,view,2025-12-18 17:11:55.826765
116,78,view,2025-12-18 20:45:52.826765
59,53,view,2025-12-18 20:45:57.826765
74,136,wishlist,2025-12-18 20:56:52.826765
138,354,cart,2025-12-18 21:12:33.826765
231,329,wishlist,2025-12-18 21:29:17.826765
224,473,wishlist,2025-12-18 22:02:55.826765
215,320,cart,2025-12-18 23:20:40.826765
257,195,view,2025-12-18 23:22:29.826765
283,419,cart,2025-12-18 23:43:01.826765
111,240,wishlist,2025-12-19 01:00:43.826765
212,73,view,2025-12-19 01:05:44.826765
149,260,view,2025-12-19 01:44:51.826765
285,463,view,2025-12-19 03:36:45.826765
126,183,view,2025-12-19 04:54:12.826765
171,434,wishlist,2025-12-19 05:26:48.826765
237,345,view,2025-12-19 05:48:43.826765
18,270,view,2025-12-19 06:49:16.826765
150,162,review,2025-12-19 07:10:05.826765
82,388,wishlist,2025-12-19 07:10:34.826765
215,403,cart,2025-12-19 08:06:28.826765
157,50,view,2025-12-19 08:18:38.826765
188,402,view,2025-12-19 08:48:25.826765
173,435,view,2025-12-19 09:27:46.826765
160,444,view,2025-12-19 10:55:45.826765
130,410,view,2025-12-19 11:29:21.826765
126,256,cart,2025-12-19 13:08:21.826765
277,179,cart,2025-12-19 13:10:12.826765
253,272,cart,2025-12-19 13:12:03.826765
152,318,wishlist,2025-12-19 15:09:12.826765
117,13,view,2025-12-19 15:24:52.826765
227,401,wishlist,2025-12-19 15:45:34.826765
181,92,view,2025-12-19 16:07:57.826765
21,116,cart,2025-12-19 17:48:39.826765
217,214,cart,2025-12-19 18:02:15.826765
130,68,review,2025-12-19 18:20:32.826765
201,26,view,2025-12-19 20:23:06.826765
101,20,wishlist,2025-12-19 21:43:11.826765
110,225,wishlist,2025-12-19 23:28:18.826765
180,127,view,2025-12-19 23:38:55.826765
249,62,purchase,2025-12-19 23:51:50.826765
93,385,view,2025-12-20 00:26:32.826765
277,127,review,2025-12-20 00:44:12.826765
54,297,cart,2025-12-20 02:33:55.826765
96,323,wishlist,2025-12-20 02:44:05.826765
112,404,review,2025-12-20 04:47:09.826765
138,464,cart,2025-12-20 04:59:29.826765
260,114,view,2025-12-20 05:00:12.826765
106,42,view,2025-12-20 06:13:39.826765
179,336,view,2025-12-20 06:34:59.826765
192,468,view,2025-12-20 06:45:05.826765
253,420,view,2025-12-20 11:11:37.826765
264,341,review,2025-12-20 11:17:37.826765
160,212,wishlist,2025-12-20 11:19:01.826765
214,273,cart,2025-12-20 12:27:20.826765
241,372,view,2025-12-20 14:08:46.826765
116,155,view,2025-12-20 14:31:47.826765
216,480,view,2025-12-20 14:45:52.826765
27,242,view,2025-12-20 16:14:37.826765
149,203,cart,2025-12-20 17:38:58.826765
167,66,cart,2025-12-20 18:18:07.826765
192,379,cart,2025-12-20 18:21:19.826765
17,130,wishlist,2025-12-20 18:43:00.826765
130,128,cart,2025-12-20 18:43:27.826765
50,104,view,2025-12-20 19:27:33.826765
181,368,view,2025-12-20 21:25:21.826765
263,17,cart,2025-12-20 21:54:39.826765
251,394,view,2025-12-20 21:58:50.826765
210,467,view,2025-12-20 22:36:03.826765
117,245,view,2025-12-20 22:45:23.826765
69,413,view,2025-12-20 22:47:06.826765
155,435,cart,2025-12-21 00:57:41.826765
20,330,view,2025-12-21 01:17:10.826765
292,313,cart,2025-12-21 01:19:56.826765
161,348,purchase,2025-12-21 02:19:01.826765
76,368,view,2025-12-21 02:32:15.826765
184,86,view,2025-12-21 04:43:04.826765
227,150,view,2025-12-21 05:10:37.826765
293,382,review,2025-12-21 05:45:57.826765
231,100,wishlist,2025-12-21 06:48:31.826765
43,182,wishlist,2025-12-21 09:04:16.826765
204,352,view,2025-12-21 09:33:15.826765
11,149,view,2025-12-21 10:52:12.826765
191,197,review,2025-12-21 11:00:59.826765
65,52,cart,2025-12-21 11:09:15.826765
41,75,wishlist,2025-12-21 12:36:22.826765
194,75,view,2025-12-21 12:39:23.826765
109,387,cart,2025-12-21 13:02:59.826765
132,315,purchase,2025-12-21 13:04:07.826765
86,307,purchase,2025-12-21 13:48:57.826765
248,133,cart,2025-12-21 14:26:48.826765
179,417,wishlist,2025-12-21 14:37:22.826765
14,461,cart,2025-12-21 15:43:00.826765
59,419,cart,2025-12-21 16:36:41.826765
154,447,view,2025-12-21 17:03:25.826765
86,224,view,2025-12-21 17:37:07.826765
143,61,review,2025-12-21 17:51:40.826765
215,166,cart,2025-12-21 18:14:20.826765
224,179,cart,2025-12-21 18:39:26.826765
228,336,view,2025-12-21 19:10:24.826765
153,49,wishlist,2025-12-21 19:14:22.826765
82,292,view,2025-12-21 19:30:09.826765
106,178,view,2025-12-21 20:21:39.826765
78,216,view,2025-12-21 21:23:30.826765
130,391,view,2025-12-21 22:59:18.826765
52,194,view,2025-12-21 23:28:37.826765
49,186,cart,2025-12-21 23:46:06.826765
148,327,view,2025-12-22 04:10:56.826765
97,363,view,2025-12-22 05:41:36.826765
271,117,view,2025-12-22 06:34:47.826765
4,339,wishlist,2025-12-22 06:48:37.826765
253,94,view,2025-12-22 06:59:43.826765
12,496,view,2025-12-22 06:59:58.826765
101,50,review,2025-12-22 09:23:47.826765
122,84,wishlist,2025-12-22 09:55:36.826765
188,203,purchase,2025-12-22 10:12:32.826765
10,176,view,2025-12-22 10:53:28.826765
5,380,view,2025-12-22 12:00:21.826765
203,370,view,2025-12-22 13:12:59.826765
182,137,view,2025-12-22 13:14:46.826765
239,25,view,2025-12-22 14:14:54.826765
38,465,view,2025-12-22 15:06:20.826765
260,46,cart,2025-12-22 15:27:17.826765
294,115,view,2025-12-22 17:08:28.826765
226,108,cart,2025-12-22 18:54:15.826765
146,356,wishlist,2025-12-22 19:06:28.826765
87,154,view,2025-12-22 19:36:43.826765
147,355,view,2025-12-22 21:08:09.826765
214,245,purchase,2025-12-22 22:42:58.826765
258,165,view,2025-12-22 23:04:26.826765
27,444,wishlist,2025-12-22 23:29:56.826765
187,385,wishlist,2025-12-23 00:39:30.826765
72,427,wishlist,2025-12-23 01:21:02.826765
290,395,cart,2025-12-23 01:21:05.826765
13,478,view,2025-12-23 02:11:03.826765
142,299,view,2025-12-23 02:32:53.826765
212,34,review,2025-12-23 03:39:05.826765
138,69,wishlist,2025-12-23 05:03:29.826765
258,75,wishlist,2025-12-23 05:05:48.826765
70,1,cart,2025-12-23 05:30:48.826765
232,365,view,2025-12-23 05:52:51.826765
117,349,purchase,2025-12-23 06:02:11.826765
30,415,wishlist,2025-12-23 07:03:37.826765
80,338,view,2025-12-23 07:10:09.826765
283,26,cart,2025-12-23 09:25:33.826765
215,327,cart,2025-12-23 09:47:35.826765
163,126,view,2025-12-23 09:51:10.826765
154,373,view,2025-12-23 10:13:38.826765
25,467,cart,2025-12-23 10:26:40.826765
96,408,view,2025-12-23 11:25:40.826765
156,269,cart,2025-12-23 11:46:08.826765
162,253,view,2025-12-23 12:02:28.826765
8,215,view,2025-12-23 12:30:07.826765
89,492,view,2025-12-23 12:50:19.826765
92,1,view,2025-12-23 14:13:13.826765
277,220,cart,2025-12-23 16:19:54.826765
169,27,wishlist,2025-12-23 16:27:28.826765
58,216,view,2025-12-23 17:13:22.826765
217,133,view,2025-12-23 17:23:10.826765
233,252,view,2025-12-23 17:29:52.826765
76,154,wishlist,2025-12-23 18:58:31.826765
191,302,cart,2025-12-23 21:59:03.826765
77,289,view,2025-12-23 22:49:24.826765
213,410,cart,2025-12-24 00:52:33.826765
65,253,cart,2025-12-24 02:02:51.826765
51,228,purchase,2025-12-24 04:02:14.826765
228,26,cart,2025-12-24 04:16:35.826765
179,32,view,2025-12-24 05:27:00.826765
30,413,view,2025-12-24 06:07:21.826765
178,388,view,2025-12-24 07:12:28.826765
144,166,cart,2025-12-24 08:54:04.826765
279,395,view,2025-12-24 13:28:46.826765
214,156,view,2025-12-24 18:41:25.826765
153,149,review,2025-12-24 19:12:31.826765
171,432,wishlist,2025-12-24 19:52:25.826765
173,313,review,2025-12-24 20:29:17.826765
109,301,wishlist,2025-12-24 21:34:42.826765
242,389,cart,2025-12-24 23:50:14.826765
166,191,view,2025-12-25 00:13:33.826765
232,7,cart,2025-12-25 00:28:45.826765
159,414,cart,2025-12-25 00:31:34.826765
117,412,view,2025-12-25 01:06:33.826765
44,154,review,2025-12-25 02:05:47.826765
84,13,view,2025-12-25 02:41:09.826765
19,458,view,2025-12-25 07:49:23.826765
15,327,view,2025-12-25 09:36:50.826765
290,352,wishlist,2025-12-25 09:53:34.826765
232,444,view,2025-12-25 10:24:24.826765
57,246,purchase,2025-12-25 10:53:20.826765
22,443,view,2025-12-25 12:34:09.826765
170,345,cart,2025-12-25 12:49:35.826765
181,64,view,2025-12-25 12:56:14.826765
228,450,cart,2025-12-25 15:01:46.826765
46,250,wishlist,2025-12-25 15:23:55.826765
75,108,view,2025-12-25 18:54:52.826765
226,205,view,2025-12-25 19:35:22.826765
229,196,cart,2025-12-25 19:50:05.826765
42,439,cart,2025-12-25 21:37:42.826765
166,402,wishlist,2025-12-26 00:31:35.826765
259,493,view,2025-12-26 00:38:14.826765
111,273,review,2025-12-26 01:21:34.826765
111,231,view,2025-12-26 01:33:15.826765
247,472,view,2025-12-26 02:17:30.826765
184,359,view,2025-12-26 02:56:00.826765
81,450,view,2025-12-26 03:19:07.826765
219,214,cart,2025-12-26 04:31:47.826765
26,385,view,2025-12-26 04:32:42.826765
271,76,cart,2025-12-26 04:46:30.826765
64,211,wishlist,2025-12-26 04:53:38.826765
28,174,view,2025-12-26 07:32:24.826765
298,247,view,2025-12-26 07:36:30.826765
189,23,view,2025-12-26 08:15:05.826765
224,406,cart,2025-12-26 08:47:17.826765
107,354,view,2025-12-26 10:36:38.826765
23,175,purchase,2025-12-26 11:55:15.826765
9,266,view,2025-12-26 12:54:34.826765
21,260,view,2025-12-26 13:06:29.826765
277,383,review,2025-12-26 14:34:44.826765
82,428,view,2025-12-26 14:47:01.826765
120,96,wishlist,2025-12-26 15:02:29.826765
188,422,review,2025-12-26 15:07:04.826765
116,409,view,2025-12-26 15:18:33.826765
165,163,view,2025-12-26 15:30:22.826765
165,288,review,2025-12-26 15:39:48.826765
187,370,cart,2025-12-26 16:15:38.826765
278,86,cart,2025-12-26 16:25:47.826765
123,19,cart,2025-12-26 16:30:59.826765
63,217,view,2025-12-26 16:51:09.826765
202,489,cart,2025-12-26 16:56:38.826765
128,3,cart,2025-12-26 17:09:25.826765
277,417,wishlist,2025-12-26 18:57:54.826765
39,215,view,2025-12-26 19:17:18.826765
8,188,purchase,2025-12-26 19:33:30.826765
44,66,view,2025-12-26 21:46:41.826765
298,33,view,2025-12-26 21:46:55.826765
92,442,wishlist,2025-12-26 22:04:37.826765
175,410,view,2025-12-26 22:10:15.826765
214,81,cart,2025-12-26 22:42:15.826765
289,302,view,2025-12-26 23:16:03.826765
154,400,view,2025-12-27 00:45:33.826765
93,355,purchase,2025-12-27 01:25:34.826765
191,26,wishlist,2025-12-27 01:43:28.826765
113,70,wishlist,2025-12-27 02:41:41.826765
42,229,wishlist,2025-12-27 04:31:41.826765
188,49,view,2025-12-27 04:44:14.826765
130,117,view,2025-12-27 06:56:09.826765
64,388,cart,2025-12-27 08:26:23.826765
127,442,view,2025-12-27 09:08:08.826765
222,58,cart,2025-12-27 09:34:12.826765
32,424,cart,2025-12-27 10:49:33.826765
40,114,view,2025-12-27 13:31:14.826765
251,233,view,2025-12-27 14:10:51.826765
150,494,wishlist,2025-12-27 14:14:04.826765
249,14,view,2025-12-27 14:29:45.826765
30,4,wishlist,2025-12-27 14:48:05.826765
127,153,view,2025-12-27 16:33:25.826765
278,462,wishlist,2025-12-27 18:54:55.826765
191,252,purchase,2025-12-27 20:28:52.826765
20,273,wishlist,2025-12-27 20:57:06.826765
98,79,cart,2025-12-27 21:38:25.826765
177,428,cart,2025-12-27 21:51:33.826765
183,32,cart,2025-12-27 23:10:58.826765
172,478,view,2025-12-27 23:48:29.826765
64,31,wishlist,2025-12-28 00:08:40.826765
168,9,cart,2025-12-28 00:20:24.826765
36,284,wishlist,2025-12-28 00:30:02.826765
141,154,cart,2025-12-28 00:57:16.826765
51,411,wishlist,2025-12-28 01:19:11.826765
29,474,view,2025-12-28 03:44:25.826765
42,468,view,2025-12-28 03:53:24.826765
49,11,view,2025-12-28 06:49:44.826765
136,445,view,2025-12-28 08:00:07.826765
275,405,wishlist,2025-12-28 11:18:28.826765
45,149,wishlist,2025-12-28 13:10:02.826765
210,450,cart,2025-12-28 15:47:00.826765
47,48,view,2025-12-28 16:36:18.826765
108,323,cart,2025-12-28 16:50:12.826765
247,264,view,2025-12-28 16:54:05.826765
52,214,view,2025-12-28 18:11:33.826765
83,317,view,2025-12-28 19:44:29.826765
113,444,cart,2025-12-28 19:57:34.826765
38,425,review,2025-12-28 20:08:35.826765
80,416,view,2025-12-28 20:12:13.826765
109,432,wishlist,2025-12-28 20:37:58.826765
101,146,view,2025-12-28 21:37:52.826765
233,393,review,2025-12-29 00:39:38.826765
8,343,view,2025-12-29 01:07:39.826765
219,4,wishlist,2025-12-29 01:33:34.826765
132,402,view,2025-12-29 04:13:40.826765
233,321,review,2025-12-29 04:43:41.826765
202,364,wishlist,2025-12-29 04:50:59.826765
233,426,view,2025-12-29 05:06:03.826765
16,134,cart,2025-12-29 05:15:17.826765
244,77,wishlist,2025-12-29 06:06:34.826765
284,300,cart,2025-12-29 06:17:40.826765
48,423,view,2025-12-29 06:51:18.826765
19,300,wishlist,2025-12-29 06:53:47.826765
1,241,wishlist,2025-12-29 07:51:57.826765
95,24,purchase,2025-12-29 11:15:31.826765
13,105,view,2025-12-29 12:37:12.826765
32,267,cart,2025-12-29 14:41:37.826765
271,246,review,2025-12-29 15:00:38.826765
182,485,view,2025-12-29 17:36:24.826765
64,443,view,2025-12-29 18:34:51.826765
183,93,cart,2025-12-29 18:34:56.826765
58,401,review,2025-12-29 19:43:12.826765
55,314,purchase,2025-12-29 20:19:20.826765
135,383,view,2025-12-29 20:41:03.826765
45,204,view,2025-12-29 21:24:37.826765
30,419,view,2025-12-29 22:33:05.826765
201,146,view,2025-12-29 23:14:05.826765
14,172,purchase,2025-12-30 00:10:17.826765
187,440,review,2025-12-30 00:16:12.826765
44,137,view,2025-12-30 01:22:06.826765
181,409,cart,2025-12-30 01:31:05.826765
213,431,cart,2025-12-30 03:19:10.826765
152,362,wishlist,2025-12-30 03:39:12.826765
63,279,view,2025-12-30 04:43:40.826765
87,13,cart,2025-12-30 05:01:35.826765
9,51,wishlist,2025-12-30 05:13:58.826765
21,458,cart,2025-12-30 05:19:12.826765
221,52,view,2025-12-30 06:55:31.826765
86,409,wishlist,2025-12-30 07:36:43.826765
98,25,view,2025-12-30 08:16:12.826765
257,219,view,2025-12-30 10:35:18.826765
8,461,wishlist,2025-12-30 11:03:09.826765
82,172,view,2025-12-30 11:44:30.826765
151,237,cart,2025-12-30 12:50:31.826765
201,150,wishlist,2025-12-30 13:30:58.826765
229,423,view,2025-12-30 13:45:12.826765
140,462,cart,2025-12-30 14:31:39.826765
247,438,review,2025-12-30 14:47:38.826765
254,297,wishlist,2025-12-30 15:42:30.826765
154,312,view,2025-12-30 16:24:28.826765
140,216,view,2025-12-30 16:29:48.826765
230,57,view,2025-12-30 16:58:33.826765
46,349,review,2025-12-30 17:30:39.826765
299,308,view,2025-12-30 19:37:02.826765
42,5,view,2025-12-30 23:16:29.826765
199,16,wishlist,2025-12-31 00:47:05.826765
121,215,purchase,2025-12-31 03:09:20.826765
28,413,cart,2025-12-31 08:18:58.826765
69,254,cart,2025-12-31 08:59:13.826765
253,230,review,2025-12-31 10:11:15.826765
23,386,view,2025-12-31 10:44:40.826765
196,194,cart,2025-12-31 10:51:59.826765
151,387,view,2025-12-31 12:27:55.826765
157,105,wishlist,2025-12-31 13:44:16.826765
115,276,view,2025-12-31 15:22:52.826765
44,51,view,2025-12-31 16:05:50.826765
178,100,view,2025-12-31 17:27:05.826765
87,433,view,2025-12-31 17:33:32.826765
290,419,view,2025-12-31 17:57:52.826765
58,320,purchase,2025-12-31 19:20:37.826765
202,114,view,2025-12-31 20:22:13.826765
96,43,review,2025-12-31 22:47:14.826765
141,376,review,2025-12-31 23:13:46.826765
106,278,view,2026-01-01 00:07:19.826765
6,271,cart,2026-01-01 00:30:25.826765
133,110,view,2026-01-01 01:23:20.826765
199,381,view,2026-01-01 02:02:41.826765
52,150,view,2026-01-01 02:09:01.826765
175,14,view,2026-01-01 03:31:08.826765
240,151,cart,2026-01-01 04:23:46.826765
217,108,view,2026-01-01 04:59:25.826765
81,15,view,2026-01-01 05:01:09.826765
24,323,view,2026-01-01 05:09:53.826765
286,110,view,2026-01-01 05:14:59.826765
194,198,wishlist,2026-01-01 06:13:01.826765
242,474,purchase,2026-01-01 07:09:31.826765
167,144,wishlist,2026-01-01 07:31:02.826765
164,236,cart,2026-01-01 07:45:55.826765
254,428,view,2026-01-01 10:18:02.826765
155,216,cart,2026-01-01 11:29:19.826765
274,426,view,2026-01-01 14:46:12.826765
19,439,wishlist,2026-01-01 15:13:45.826765
163,210,view,2026-01-01 16:53:03.826765
292,291,view,2026-01-01 17:29:46.826765
237,464,wishlist,2026-01-01 19:13:36.826765
35,478,view,2026-01-01 20:43:00.826765
201,325,view,2026-01-01 21:01:50.826765
104,319,view,2026-01-01 22:25:23.826765
200,378,review,2026-01-01 22:47:30.826765
48,430,purchase,2026-01-01 23:25:59.826765
158,281,view,2026-01-01 23:51:21.826765
158,310,review,2026-01-02 00:33:04.826765
292,233,view,2026-01-02 01:22:50.826765
149,401,view,2026-01-02 01:41:12.826765
291,438,view,2026-01-02 03:07:53.826765
242,305,wishlist,2026-01-02 04:44:25.826765
192,215,review,2026-01-02 06:14:41.826765
254,232,wishlist,2026-01-02 06:18:24.826765
100,176,view,2026-01-02 07:07:33.826765
49,464,review,2026-01-02 08:32:00.826765
109,185,wishlist,2026-01-02 13:01:51.826765
96,429,cart,2026-01-02 14:57:25.826765
288,361,review,2026-01-02 15:02:31.826765
108,416,view,2026-01-02 15:52:28.826765
300,213,cart,2026-01-02 16:09:15.826765
245,68,cart,2026-01-02 17:22:06.826765
184,429,cart,2026-01-02 19:13:26.826765
62,184,cart,2026-01-02 19:18:00.826765
71,232,cart,2026-01-02 19:44:36.826765
76,46,view,2026-01-02 20:04:05.826765
198,97,cart,2026-01-02 20:11:39.826765
195,469,view,2026-01-02 20:14:28.826765
89,25,cart,2026-01-02 21:46:59.826765
120,61,wishlist,2026-01-02 22:23:33.826765
153,12,view,2026-01-02 22:38:41.826765
194,317,view,2026-01-03 00:45:25.826765
268,191,view,2026-01-03 02:04:44.826765
262,203,view,2026-01-03 03:30:47.826765
282,168,wishlist,2026-01-03 03:35:52.826765
132,336,view,2026-01-03 03:45:15.826765
196,99,cart,2026-01-03 05:12:14.826765
11,477,view,2026-01-03 05:36:59.826765
144,238,purchase,2026-01-03 06:03:23.826765
156,149,review,2026-01-03 06:16:13.826765
106,69,purchase,2026-01-03 06:23:27.826765
120,461,review,2026-01-03 07:13:33.826765
196,73,view,2026-01-03 09:15:14.826765
260,382,view,2026-01-03 09:21:38.826765
283,328,wishlist,2026-01-03 10:12:34.826765
22,326,purchase,2026-01-03 10:53:40.826765
227,459,wishlist,2026-01-03 12:43:08.826765
186,79,purchase,2026-01-03 12:57:39.826765
172,405,review,2026-01-03 13:11:43.826765
202,81,view,2026-01-03 13:35:07.826765
269,457,view,2026-01-03 13:48:51.826765
185,220,view,2026-01-03 13:59:41.826765
227,85,purchase,2026-01-03 14:24:19.826765
154,58,review,2026-01-03 18:04:59.826765
186,227,view,2026-01-03 18:20:05.826765
197,317,view,2026-01-03 19:53:21.826765
163,99,cart,2026-01-03 19:57:00.826765
229,247,view,2026-01-03 21:11:37.826765
92,454,view,2026-01-03 22:46:25.826765
229,178,view,2026-01-03 23:05:19.826765
92,285,cart,2026-01-03 23:15:04.826765
209,440,cart,2026-01-03 23:37:51.826765
244,29,review,2026-01-03 23:51:39.826765
124,407,view,2026-01-03 23:57:29.826765
242,54,view,2026-01-04 00:31:43.826765
218,9,review,2026-01-04 00:47:55.826765
148,337,cart,2026-01-04 01:10:29.826765
113,282,purchase,2026-01-04 01:18:05.826765
266,279,view,2026-01-04 03:30:30.826765
115,84,view,2026-01-04 03:34:24.826765
41,318,view,2026-01-04 10:19:39.826765
40,391,view,2026-01-04 11:32:27.826765
59,154,cart,2026-01-04 11:46:11.826765
296,122,review,2026-01-04 12:04:06.826765
221,213,review,2026-01-04 12:32:27.826765
279,379,review,2026-01-04 13:15:08.826765
124,439,wishlist,2026-01-04 14:35:30.826765
129,446,view,2026-01-04 14:42:23.826765
166,65,review,2026-01-04 16:52:55.826765
127,39,view,2026-01-04 16:57:48.826765
250,255,view,2026-01-04 19:03:12.826765
273,396,review,2026-01-05 00:57:39.826765
233,173,view,2026-01-05 01:25:35.826765
188,198,view,2026-01-05 02:09:02.826765
288,343,cart,2026-01-05 03:46:06.826765
43,351,cart,2026-01-05 04:52:53.826765
249,151,cart,2026-01-05 04:53:07.826765
11,298,cart,2026-01-05 04:58:16.826765
280,433,view,2026-01-05 05:21:08.826765
13,375,view,2026-01-05 05:36:55.826765
90,389,cart,2026-01-05 06:04:28.826765
22,347,view,2026-01-05 07:39:31.826765
172,243,cart,2026-01-05 08:40:45.826765
138,58,cart,2026-01-05 08:44:47.826765
137,235,view,2026-01-05 09:18:26.826765
161,439,cart,2026-01-05 10:15:28.826765
188,446,review,2026-01-05 10:26:47.826765
26,321,purchase,2026-01-05 10:49:07.826765
28,346,wishlist,2026-01-05 11:42:19.826765
39,394,wishlist,2026-01-05 12:58:33.826765
295,381,view,2026-01-05 13:20:52.826765
59,346,wishlist,2026-01-05 14:08:21.826765
235,35,wishlist,2026-01-05 17:12:35.826765
35,398,review,2026-01-05 18:40:35.826765
21,383,cart,2026-01-05 18:58:07.826765
145,225,wishlist,2026-01-05 18:58:44.826765
93,182,view,2026-01-05 19:23:13.826765
76,280,view,2026-01-05 20:14:25.826765
39,466,wishlist,2026-01-05 20:20:30.826765
192,383,view,2026-01-05 20:22:38.826765
106,259,review,2026-01-05 20:45:59.826765
262,121,wishlist,2026-01-05 20:46:07.826765
81,231,view,2026-01-05 21:54:15.826765
146,337,cart,2026-01-05 21:55:22.826765
139,389,view,2026-01-05 22:17:51.826765
213,47,view,2026-01-05 22:57:30.826765
213,53,wishlist,2026-01-05 23:03:00.826765
34,71,view,2026-01-05 23:12:45.826765
265,42,view,2026-01-05 23:14:01.826765
13,213,cart,2026-01-06 00:17:19.826765
110,468,view,2026-01-06 00:22:56.826765
217,99,review,2026-01-06 01:15:02.826765
245,416,wishlist,2026-01-06 03:21:48.826765
170,205,view,2026-01-06 03:48:24.826765
15,343,view,2026-01-06 05:35:36.826765
192,29,cart,2026-01-06 06:00:06.826765
146,179,wishlist,2026-01-06 07:24:39.826765
104,499,wishlist,2026-01-06 07:55:08.826765
84,172,view,2026-01-06 07:55:39.826765
243,324,view,2026-01-06 09:17:50.826765
281,88,wishlist,2026-01-06 10:39:20.826765
248,48,view,2026-01-06 11:15:11.826765
84,357,review,2026-01-06 13:39:42.826765
96,373,cart,2026-01-06 13:50:40.826765
112,38,view,2026-01-06 14:15:37.826765
175,63,view,2026-01-06 15:44:45.826765
25,221,cart,2026-01-06 15:48:08.826765
299,121,wishlist,2026-01-06 17:15:52.826765
252,285,wishlist,2026-01-06 18:11:24.826765
174,272,view,2026-01-06 19:10:26.826765
191,218,view,2026-01-06 20:06:29.826765
114,55,review,2026-01-06 21:11:31.826765
9,380,view,2026-01-06 21:38:49.826765
73,280,review,2026-01-06 21:47:03.826765
161,142,cart,2026-01-06 21:57:56.826765
68,354,cart,2026-01-06 22:09:31.826765
298,332,view,2026-01-06 22:25:20.826765
217,271,wishlist,2026-01-06 22:44:32.826765
178,438,cart,2026-01-07 00:15:01.826765
103,170,review,2026-01-07 00:15:34.826765
100,242,review,2026-01-07 00:58:32.826765
42,20,view,2026-01-07 01:41:41.826765
241,105,view,2026-01-07 02:23:58.826765
104,205,view,2026-01-07 03:12:26.826765
181,77,cart,2026-01-07 03:28:38.826765
290,106,view,2026-01-07 05:17:40.826765
12,409,review,2026-01-07 08:35:14.826765
293,487,view,2026-01-07 09:00:36.826765
147,226,view,2026-01-07 11:08:29.826765
147,403,view,2026-01-07 11:55:54.826765
206,305,cart,2026-01-07 13:09:19.826765
243,446,cart,2026-01-07 13:26:08.826765
278,461,review,2026-01-07 15:17:57.826765
114,288,cart,2026-01-07 15:40:13.826765
252,409,cart,2026-01-07 15:45:39.826765
267,220,view,2026-01-07 17:26:17.826765
59,148,view,2026-01-07 18:43:34.826765
127,108,wishlist,2026-01-07 20:57:34.826765
53,297,review,2026-01-07 21:05:10.826765
149,62,view,2026-01-07 21:45:57.826765
14,434,view,2026-01-07 22:37:25.826765
298,129,view,2026-01-07 23:29:55.826765
180,28,review,2026-01-08 00:06:14.826765
233,483,cart,2026-01-08 01:56:54.826765
233,190,view,2026-01-08 02:35:44.826765
136,235,view,2026-01-08 03:52:28.826765
288,106,wishlist,2026-01-08 05:06:16.826765
147,226,view,2026-01-08 05:17:52.826765
63,101,cart,2026-01-08 06:06:49.826765
206,159,review,2026-01-08 07:06:18.826765
195,398,view,2026-01-08 10:29:45.826765
47,379,wishlist,2026-01-08 14:14:13.826765
88,403,view,2026-01-08 14:33:51.826765
288,201,cart,2026-01-08 15:21:30.826765
108,393,view,2026-01-08 15:31:25.826765
136,488,view,2026-01-08 16:58:42.826765
142,262,purchase,2026-01-08 20:43:35.826765
117,76,purchase,2026-01-08 22:08:16.826765
281,94,view,2026-01-08 22:26:56.826765
182,333,view,2026-01-09 02:17:51.826765
170,267,view,2026-01-09 04:06:09.826765
110,330,wishlist,2026-01-09 04:24:18.826765
31,322,purchase,2026-01-09 04:26:26.826765
213,344,view,2026-01-09 05:30:34.826765
200,72,cart,2026-01-09 05:39:56.826765
71,394,cart,2026-01-09 05:46:12.826765
12,309,view,2026-01-09 06:13:12.826765
196,390,view,2026-01-09 06:23:53.826765
282,466,view,2026-01-09 07:06:44.826765
264,181,view,2026-01-09 07:17:38.826765
225,407,view,2026-01-09 07:36:41.826765
171,278,view,2026-01-09 08:45:58.826765
111,299,view,2026-01-09 08:51:18.826765
279,311,review,2026-01-09 10:16:37.826765
242,477,cart,2026-01-09 11:38:57.826765
205,18,view,2026-01-09 11:43:30.826765
72,484,review,2026-01-09 12:35:54.826765
70,156,cart,2026-01-09 12:53:14.826765
224,56,review,2026-01-09 13:05:46.826765
224,482,wishlist,2026-01-09 13:36:47.826765
273,300,review,2026-01-09 14:14:04.826765
189,226,cart,2026-01-09 16:04:08.826765
133,207,cart,2026-01-09 16:46:44.826765
271,8,view,2026-01-09 17:33:42.826765
273,216,view,2026-01-09 17:41:55.826765
148,83,view,2026-01-09 17:56:47.826765
96,1,review,2026-01-09 18:26:55.826765
145,283,purchase,2026-01-09 18:50:29.826765
184,361,view,2026-01-09 18:53:33.826765
221,29,view,2026-01-09 19:56:11.826765
7,6,view,2026-01-09 20:17:40.826765
93,112,view,2026-01-09 20:56:37.826765
221,311,cart,2026-01-09 23:26:03.826765
210,237,view,2026-01-10 00:47:50.826765
198,216,view,2026-01-10 02:53:03.826765
119,44,view,2026-01-10 03:17:35.826765
290,354,review,2026-01-10 03:55:32.826765
286,36,view,2026-01-10 04:37:09.826765
288,133,view,2026-01-10 04:56:51.826765
134,70,review,2026-01-10 06:40:07.826765
239,423,view,2026-01-10 07:37:32.826765
189,93,view,2026-01-10 07:58:57.826765
25,258,view,2026-01-10 10:51:27.826765
121,453,view,2026-01-10 10:58:58.826765
291,369,view,2026-01-10 11:21:27.826765
261,130,view,2026-01-10 12:19:15.826765
292,94,cart,2026-01-10 13:36:32.826765
73,92,view,2026-01-10 17:04:20.826765
54,179,view,2026-01-10 18:35:46.826765
227,403,view,2026-01-10 20:47:58.826765
231,5,view,2026-01-10 20:55:16.826765
201,127,wishlist,2026-01-10 21:48:47.826765
252,42,wishlist,2026-01-10 22:01:40.826765
163,237,review,2026-01-10 22:24:03.826765
238,336,wishlist,2026-01-10 23:59:37.826765
292,357,view,2026-01-11 00:22:05.826765
295,122,cart,2026-01-11 00:49:48.826765
113,130,view,2026-01-11 00:51:30.826765
82,156,view,2026-01-11 01:28:12.826765
177,359,review,2026-01-11 02:11:13.826765
163,134,cart,2026-01-11 02:32:47.826765
96,8,cart,2026-01-11 02:45:07.826765
12,26,cart,2026-01-11 03:03:19.826765
5,204,view,2026-01-11 03:07:07.826765
134,99,review,2026-01-11 03:13:24.826765
10,286,view,2026-01-11 03:55:29.826765
282,88,review,2026-01-11 04:18:13.826765
194,253,review,2026-01-11 04:22:15.826765
22,62,purchase,2026-01-11 05:00:15.826765
155,12,view,2026-01-11 07:12:06.826765
142,426,view,2026-01-11 09:36:26.826765
46,334,review,2026-01-11 11:22:56.826765
136,323,cart,2026-01-11 11:26:44.826765
1,276,cart,2026-01-11 12:11:44.826765
59,412,purchase,2026-01-11 12:44:35.826765
146,353,review,2026-01-11 13:09:04.826765
113,111,view,2026-01-11 13:12:46.826765
149,116,review,2026-01-11 13:19:03.826765
222,318,view,2026-01-11 14:05:08.826765
99,393,view,2026-01-11 17:24:14.826765
229,151,view,2026-01-11 22:04:32.826765
201,376,wishlist,2026-01-11 22:10:17.826765
32,304,view,2026-01-11 22:39:23.826765
299,337,wishlist,2026-01-11 22:44:25.826765
154,241,review,2026-01-11 22:59:04.826765
68,382,review,2026-01-11 23:51:39.826765
251,376,purchase,2026-01-12 00:28:06.826765
284,29,cart,2026-01-12 00:36:50.826765
202,209,view,2026-01-12 02:29:21.826765
209,238,view,2026-01-12 03:01:52.826765
292,444,view,2026-01-12 03:35:02.826765
3,105,view,2026-01-12 03:37:15.826765
165,390,view,2026-01-12 05:46:47.826765
285,9,wishlist,2026-01-12 06:11:11.826765
129,65,view,2026-01-12 06:15:54.826765
210,458,view,2026-01-12 06:19:50.826765
225,310,view,2026-01-12 06:40:11.826765
120,221,view,2026-01-12 07:46:36.826765
12,479,view,2026-01-12 09:43:06.826765
286,178,view,2026-01-12 11:13:52.826765
148,433,view,2026-01-12 12:14:30.826765
14,161,wishlist,2026-01-12 12:36:31.826765
279,123,wishlist,2026-01-12 12:44:32.826765
29,398,cart,2026-01-12 12:51:54.826765
259,227,view,2026-01-12 14:09:42.826765
219,197,cart,2026-01-12 14:16:51.826765
216,271,view,2026-01-12 15:24:03.826765
36,208,view,2026-01-12 15:46:50.826765
94,275,wishlist,2026-01-12 18:06:25.826765
30,85,view,2026-01-12 18:14:04.826765
43,292,review,2026-01-12 19:01:59.826765
269,180,wishlist,2026-01-12 19:25:41.826765
215,77,view,2026-01-12 20:53:42.826765
122,82,view,2026-01-12 20:59:00.826765
39,439,cart,2026-01-12 21:10:03.826765
63,479,cart,2026-01-12 22:02:16.826765
237,270,cart,2026-01-12 22:04:49.826765
240,130,view,2026-01-12 22:56:48.826765
275,461,view,2026-01-12 22:58:33.826765
106,42,purchase,2026-01-13 01:05:08.826765
225,134,cart,2026-01-13 02:31:46.826765
247,274,view,2026-01-13 02:38:11.826765
125,470,view,2026-01-13 03:01:37.826765
144,480,view,2026-01-13 03:32:09.826765
76,493,cart,2026-01-13 05:34:45.826765
233,427,review,2026-01-13 07:26:44.826765
208,354,view,2026-01-13 07:54:52.826765
136,409,review,2026-01-13 08:41:16.826765
222,200,wishlist,2026-01-13 09:16:46.826765
208,151,cart,2026-01-13 09:45:01.826765
175,198,view,2026-01-13 10:30:15.826765
236,342,view,2026-01-13 10:30:45.826765
211,297,view,2026-01-13 10:48:59.826765
275,367,view,2026-01-13 10:49:17.826765
210,402,cart,2026-01-13 12:00:29.826765
104,380,view,2026-01-13 12:24:18.826765
163,106,cart,2026-01-13 13:15:43.826765
104,188,view,2026-01-13 14:56:23.826765
59,229,wishlist,2026-01-13 15:41:34.826765
195,141,cart,2026-01-13 16:07:41.826765
176,263,cart,2026-01-13 16:16:17.826765
278,15,review,2026-01-13 16:57:03.826765
29,163,cart,2026-01-13 17:33:32.826765
152,275,wishlist,2026-01-13 17:53:00.826765
250,410,view,2026-01-13 18:34:00.826765
189,57,purchase,2026-01-13 20:37:29.826765
299,124,cart,2026-01-13 21:38:14.826765
126,148,view,2026-01-13 21:43:19.826765
121,97,wishlist,2026-01-13 22:24:36.826765
61,293,wishlist,2026-01-13 22:47:55.826765
285,375,view,2026-01-13 23:45:01.826765
224,187,view,2026-01-13 23:45:18.826765
94,205,view,2026-01-13 23:49:16.826765
210,262,view,2026-01-14 00:00:45.826765
243,369,view,2026-01-14 01:51:06.826765
29,340,cart,2026-01-14 02:53:15.826765
215,46,purchase,2026-01-14 03:07:07.826765
5,53,view,2026-01-14 03:50:42.826765
292,496,view,2026-01-14 03:56:59.826765
137,203,review,2026-01-14 04:44:00.826765
12,471,view,2026-01-14 04:53:52.826765
251,13,review,2026-01-14 05:05:01.826765
202,65,wishlist,2026-01-14 06:43:26.826765
118,299,view,2026-01-14 07:16:43.826765
255,182,view,2026-01-14 08:21:56.826765
176,320,view,2026-01-14 09:05:16.826765
77,253,cart,2026-01-14 10:27:29.826765
153,343,cart,2026-01-14 11:06:54.826765
69,482,view,2026-01-14 11:38:43.826765
118,40,view,2026-01-14 11:58:26.826765
17,294,review,2026-01-14 13:14:12.826765
183,396,cart,2026-01-14 14:17:46.826765
16,428,wishlist,2026-01-14 14:27:53.826765
218,241,view,2026-01-14 14:46:37.826765
107,310,view,2026-01-14 14:57:59.826765
236,116,wishlist,2026-01-14 15:12:56.826765
259,165,cart,2026-01-14 15:14:34.826765
254,383,review,2026-01-14 15:20:16.826765
86,86,cart,2026-01-14 15:22:43.826765
91,438,cart,2026-01-14 17:35:57.826765
147,167,wishlist,2026-01-14 19:35:44.826765
216,351,cart,2026-01-14 20:13:53.826765
8,416,review,2026-01-14 20:52:16.826765
213,72,view,2026-01-14 21:13:21.826765
249,460,cart,2026-01-14 22:13:55.826765
29,139,cart,2026-01-14 22:17:07.826765
267,63,view,2026-01-14 22:30:27.826765
44,139,view,2026-01-14 23:29:43.826765
251,176,view,2026-01-15 00:57:32.826765
114,78,view,2026-01-15 01:00:29.826765
231,326,review,2026-01-15 01:01:30.826765
18,46,review,2026-01-15 01:36:50.826765
295,139,view,2026-01-15 02:10:44.826765
58,467,view,2026-01-15 02:24:55.826765
46,337,view,2026-01-15 02:28:44.826765
135,362,view,2026-01-15 02:53:45.826765
105,12,view,2026-01-15 04:50:42.826765
268,417,cart,2026-01-15 06:06:00.826765
117,325,view,2026-01-15 06:21:23.826765
203,382,wishlist,2026-01-15 06:52:28.826765
183,478,view,2026-01-15 06:55:24.826765
253,343,wishlist,2026-01-15 07:46:37.826765
106,445,view,2026-01-15 08:36:17.826765
277,219,view,2026-01-15 09:00:52.826765
276,81,view,2026-01-15 10:37:09.826765
182,166,cart,2026-01-15 12:31:28.826765
31,89,review,2026-01-15 12:40:04.826765
273,380,view,2026-01-15 12:56:41.826765
137,118,view,2026-01-15 14:21:41.826765
200,179,review,2026-01-15 14:44:54.826765
165,177,wishlist,2026-01-15 15:04:52.826765
287,246,wishlist,2026-01-15 15:24:54.826765
146,266,view,2026-01-15 16:05:03.826765
92,461,wishlist,2026-01-15 16:06:36.826765
150,236,cart,2026-01-15 16:52:26.826765
78,105,view,2026-01-15 17:09:21.826765
120,152,review,2026-01-15 18:01:58.826765
85,18,view,2026-01-15 20:03:51.826765
88,133,view,2026-01-15 20:11:31.826765
229,323,cart,2026-01-15 20:54:39.826765
214,93,view,2026-01-15 21:41:50.826765
127,66,view,2026-01-15 22:19:59.826765
163,3,cart,2026-01-15 22:24:12.826765
150,449,cart,2026-01-16 01:21:53.826765
22,130,cart,2026-01-16 03:02:16.826765
256,206,review,2026-01-16 04:20:43.826765
53,70,view,2026-01-16 06:13:56.826765
223,12,review,2026-01-16 06:33:47.826765
40,265,wishlist,2026-01-16 07:01:15.826765
141,374,view,2026-01-16 07:49:55.826765
87,397,cart,2026-01-16 08:28:18.826765
126,467,view,2026-01-16 09:38:32.826765
103,172,wishlist,2026-01-16 10:00:18.826765
55,294,view,2026-01-16 11:43:18.826765
246,461,view,2026-01-16 12:07:58.826765
53,487,cart,2026-01-16 13:01:36.826765
284,494,cart,2026-01-16 15:31:43.826765
260,62,view,2026-01-16 16:30:47.826765
108,8,view,2026-01-16 16:47:07.826765
40,69,wishlist,2026-01-16 21:23:31.826765
86,497,view,2026-01-16 22:08:49.826765
130,208,review,2026-01-16 22:15:18.826765
231,486,view,2026-01-16 22:33:18.826765
293,343,view,2026-01-16 23:29:40.826765
285,33,view,2026-01-16 23:51:01.826765
76,42,view,2026-01-16 23:53:08.826765
50,96,review,2026-01-16 23:55:42.826765
162,124,review,2026-01-17 02:08:13.826765
264,291,view,2026-01-17 04:11:08.826765
133,381,view,2026-01-17 04:12:54.826765
87,334,view,2026-01-17 05:03:37.826765
118,244,view,2026-01-17 05:24:25.826765
186,454,cart,2026-01-17 05:31:48.826765
187,7,cart,2026-01-17 05:50:03.826765
295,290,view,2026-01-17 06:51:35.826765
238,338,wishlist,2026-01-17 07:32:23.826765
87,162,view,2026-01-17 12:02:18.826765
72,152,purchase,2026-01-17 12:13:55.826765
160,176,view,2026-01-17 13:04:04.826765
144,142,view,2026-01-17 13:47:19.826765
77,10,review,2026-01-17 14:53:28.826765
229,432,purchase,2026-01-17 15:43:17.826765
51,273,cart,2026-01-17 16:12:51.826765
293,28,view,2026-01-17 16:33:40.826765
279,100,cart,2026-01-17 17:12:12.826765
75,358,view,2026-01-17 19:00:36.826765
208,165,view,2026-01-17 19:36:22.826765
101,380,view,2026-01-17 20:13:17.826765
274,130,cart,2026-01-17 20:13:36.826765
271,474,view,2026-01-17 20:17:55.826765
221,298,view,2026-01-17 21:07:49.826765
64,444,review,2026-01-17 22:18:21.826765
291,371,cart,2026-01-17 23:07:02.826765
149,169,wishlist,2026-01-17 23:35:19.826765
262,304,cart,2026-01-18 03:36:31.826765
104,135,wishlist,2026-01-18 04:47:43.826765
215,197,view,2026-01-18 06:05:37.826765
1,153,view,2026-01-18 07:00:55.826765
247,401,view,2026-01-18 08:11:05.826765
75,49,view,2026-01-18 08:34:16.826765
291,49,view,2026-01-18 08:42:48.826765
28,390,cart,2026-01-18 12:21:49.826765
216,272,view,2026-01-18 12:27:32.826765
84,459,cart,2026-01-18 12:42:19.826765
60,374,view,2026-01-18 13:29:17.826765
154,338,view,2026-01-18 13:43:28.826765
173,472,view,2026-01-18 15:14:41.826765
262,402,view,2026-01-18 15:36:38.826765
195,74,review,2026-01-18 16:47:57.826765
57,127,cart,2026-01-18 19:23:55.826765
235,209,view,2026-01-18 20:35:00.826765
277,267,purchase,2026-01-18 20:37:23.826765
94,418,view,2026-01-18 22:02:05.826765
189,163,cart,2026-01-18 22:42:56.826765
95,493,review,2026-01-18 23:13:46.826765
207,237,view,2026-01-18 23:15:02.826765
235,450,cart,2026-01-18 23:39:43.826765
25,188,cart,2026-01-19 00:41:55.826765
7,113,review,2026-01-19 01:17:19.826765
49,22,view,2026-01-19 03:51:18.826765
104,51,view,2026-01-19 06:09:05.826765
131,119,purchase,2026-01-19 06:46:57.826765
87,7,view,2026-01-19 07:04:30.826765
97,368,review,2026-01-19 08:38:46.826765
176,333,view,2026-01-19 08:54:34.826765
109,132,view,2026-01-19 09:16:47.826765
63,75,view,2026-01-19 11:43:51.826765
67,140,view,2026-01-19 12:03:25.826765
35,166,cart,2026-01-19 12:25:56.826765
167,403,view,2026-01-19 13:04:15.826765
251,422,view,2026-01-19 13:04:20.826765
84,450,wishlist,2026-01-19 13:35:41.826765
272,108,wishlist,2026-01-19 13:36:25.826765
164,371,cart,2026-01-19 13:47:29.826765
242,416,review,2026-01-19 14:34:04.826765
299,198,view,2026-01-19 14:51:17.826765
237,186,view,2026-01-19 16:11:37.826765
194,175,view,2026-01-19 17:18:00.826765
276,478,view,2026-01-19 18:55:17.826765
273,226,cart,2026-01-19 21:22:56.826765
289,98,wishlist,2026-01-19 21:26:02.826765
7,22,review,2026-01-19 23:33:14.826765
294,93,review,2026-01-19 23:47:06.826765
214,6,cart,2026-01-20 00:12:47.826765
128,125,view,2026-01-20 01:22:01.826765
281,371,view,2026-01-20 04:18:14.826765
290,480,view,2026-01-20 04:41:42.826765
89,206,cart,2026-01-20 05:27:35.826765
178,499,review,2026-01-20 06:17:17.826765
254,345,cart,2026-01-20 06:25:09.826765
79,205,view,2026-01-20 07:48:38.826765
168,195,view,2026-01-20 07:57:35.826765
214,426,view,2026-01-20 08:19:42.826765
245,32,cart,2026-01-20 09:14:16.826765
154,417,view,2026-01-20 10:03:46.826765
93,165,view,2026-01-20 10:28:55.826765
43,347,wishlist,2026-01-20 10:31:18.826765
291,203,cart,2026-01-20 10:47:08.826765
152,39,cart,2026-01-20 11:22:29.826765
215,236,cart,2026-01-20 11:46:36.826765
122,134,view,2026-01-20 12:28:42.826765
29,101,view,2026-01-20 13:07:53.826765
19,161,wishlist,2026-01-20 14:52:39.826765
13,262,wishlist,2026-01-20 15:52:25.826765
4,337,wishlist,2026-01-20 17:17:55.826765
62,281,view,2026-01-20 17:43:07.826765
7,373,review,2026-01-20 20:16:09.826765
227,330,view,2026-01-20 21:15:10.826765
82,365,view,2026-01-21 00:07:37.826765
153,455,cart,2026-01-21 00:50:48.826765
276,228,cart,2026-01-21 01:19:16.826765
237,487,cart,2026-01-21 01:29:30.826765
254,198,cart,2026-01-21 01:39:26.826765
51,158,cart,2026-01-21 01:46:49.826765
54,271,view,2026-01-21 02:40:18.826765
220,74,review,2026-01-21 04:44:24.826765
268,182,cart,2026-01-21 09:11:20.826765
177,306,view,2026-01-21 10:41:41.826765
202,216,cart,2026-01-21 10:43:37.826765
165,270,wishlist,2026-01-21 11:38:50.826765
228,84,review,2026-01-21 11:44:20.826765
65,130,view,2026-01-21 11:55:47.826765
11,74,wishlist,2026-01-21 12:02:39.826765
25,323,review,2026-01-21 13:32:13.826765
290,255,view,2026-01-21 13:46:02.826765
82,78,review,2026-01-21 14:54:18.826765
158,134,wishlist,2026-01-21 16:37:43.826765
286,311,view,2026-01-21 17:03:36.826765
249,79,view,2026-01-21 17:26:40.826765
174,375,view,2026-01-21 18:58:31.826765
286,485,view,2026-01-21 19:40:27.826765
233,488,view,2026-01-21 20:03:25.826765
98,157,cart,2026-01-21 21:25:46.826765
76,57,view,2026-01-21 21:49:42.826765
208,177,view,2026-01-21 21:57:08.826765
166,384,cart,2026-01-21 22:59:30.826765
31,59,cart,2026-01-21 23:55:40.826765
12,271,view,2026-01-22 03:16:01.826765
97,182,wishlist,2026-01-22 03:16:14.826765
44,425,purchase,2026-01-22 04:53:05.826765
267,203,wishlist,2026-01-22 04:56:02.826765
243,349,cart,2026-01-22 05:42:41.826765
178,341,view,2026-01-22 06:25:40.826765
282,114,view,2026-01-22 07:04:44.826765
145,46,view,2026-01-22 07:39:27.826765
270,334,wishlist,2026-01-22 07:50:09.826765
260,229,view,2026-01-22 08:19:13.826765
178,381,view,2026-01-22 09:28:33.826765
37,357,view,2026-01-22 10:52:25.826765
95,181,view,2026-01-22 12:01:45.826765
49,182,cart,2026-01-22 12:03:09.826765
134,154,wishlist,2026-01-22 13:57:06.826765
117,354,view,2026-01-22 14:15:34.826765
299,50,cart,2026-01-22 14:38:34.826765
189,249,view,2026-01-22 14:38:42.826765
255,68,view,2026-01-22 15:08:32.826765
118,269,view,2026-01-22 15:18:49.826765
132,241,view,2026-01-22 15:58:19.826765
21,265,wishlist,2026-01-22 17:35:55.826765
104,257,view,2026-01-22 19:41:47.826765
212,16,cart,2026-01-22 21:51:37.826765
28,46,view,2026-01-22 21:54:33.826765
47,253,cart,2026-01-22 22:01:46.826765
129,354,wishlist,2026-01-22 22:18:39.826765
59,17,cart,2026-01-22 22:35:32.826765
298,444,view,2026-01-22 22:58:40.826765
245,487,view,2026-01-23 00:43:50.826765
226,373,view,2026-01-23 04:04:41.826765
141,468,wishlist,2026-01-23 04:35:24.826765
297,218,wishlist,2026-01-23 05:07:38.826765
35,52,review,2026-01-23 05:24:02.826765
258,422,view,2026-01-23 06:18:09.826765
102,28,cart,2026-01-23 06:30:58.826765
206,34,review,2026-01-23 06:36:45.826765
21,282,view,2026-01-23 06:37:05.826765
258,80,view,2026-01-23 06:55:51.826765
1,181,view,2026-01-23 07:15:07.826765
148,245,view,2026-01-23 08:17:27.826765
164,491,view,2026-01-23 09:45:18.826765
217,196,purchase,2026-01-23 10:22:10.826765
110,121,purchase,2026-01-23 11:35:51.826765
133,123,cart,2026-01-23 12:34:45.826765
66,223,view,2026-01-23 12:59:58.826765
101,230,wishlist,2026-01-23 13:42:14.826765
197,97,cart,2026-01-23 15:08:03.826765
248,279,cart,2026-01-23 18:45:22.826765
292,278,wishlist,2026-01-23 18:47:17.826765
264,141,purchase,2026-01-23 19:36:47.826765
196,238,cart,2026-01-23 20:04:23.826765
171,353,view,2026-01-23 20:18:02.826765
48,213,view,2026-01-23 20:40:40.826765
174,212,cart,2026-01-23 20:48:09.826765
35,466,review,2026-01-23 21:01:57.826765
141,197,view,2026-01-23 21:08:52.826765
106,336,view,2026-01-23 21:34:33.826765
164,441,view,2026-01-23 22:21:30.826765
228,489,review,2026-01-24 01:08:27.826765
43,459,cart,2026-01-24 01:11:54.826765
40,90,view,2026-01-24 01:28:59.826765
14,127,purchase,2026-01-24 01:48:30.826765
249,92,view,2026-01-24 01:48:59.826765
106,435,view,2026-01-24 02:42:37.826765
38,415,view,2026-01-24 02:52:51.826765
133,54,view,2026-01-24 03:32:19.826765
244,353,cart,2026-01-24 04:11:25.826765
42,79,view,2026-01-24 04:52:03.826765
216,198,view,2026-01-24 05:05:22.826765
284,130,cart,2026-01-24 06:28:05.826765
157,366,view,2026-01-24 07:24:00.826765
201,90,review,2026-01-24 07:47:36.826765
203,218,view,2026-01-24 08:52:21.826765
246,45,wishlist,2026-01-24 08:55:09.826765
150,30,view,2026-01-24 09:08:17.826765
265,397,cart,2026-01-24 10:32:19.826765
88,74,cart,2026-01-24 10:41:19.826765
145,467,view,2026-01-24 12:03:15.826765
4,398,view,2026-01-24 12:07:53.826765
195,472,cart,2026-01-24 12:11:08.826765
176,304,view,2026-01-24 13:39:07.826765
21,479,review,2026-01-24 19:37:33.826765
197,196,view,2026-01-24 19:50:52.826765
168,411,view,2026-01-24 20:56:05.826765
206,277,view,2026-01-24 21:11:23.826765
252,99,cart,2026-01-24 22:16:04.826765
34,335,wishlist,2026-01-24 22:21:22.826765
199,242,wishlist,2026-01-24 22:26:09.826765
47,34,view,2026-01-24 23:46:52.826765
21,350,cart,2026-01-25 01:13:48.826765
111,145,view,2026-01-25 02:04:56.826765
282,260,view,2026-01-25 02:37:01.826765
70,34,cart,2026-01-25 03:26:42.826765
138,237,view,2026-01-25 03:47:28.826765
173,473,view,2026-01-25 04:55:08.826765
81,443,view,2026-01-25 05:22:45.826765
39,107,review,2026-01-25 06:34:01.826765
264,200,view,2026-01-25 06:42:27.826765
91,283,cart,2026-01-25 06:51:16.826765
241,414,view,2026-01-25 07:08:27.826765
290,16,wishlist,2026-01-25 07:20:20.826765
206,290,review,2026-01-25 07:43:32.826765
167,134,view,2026-01-25 07:59:33.826765
199,412,wishlist,2026-01-25 08:11:51.826765
221,290,review,2026-01-25 10:09:29.826765
215,44,wishlist,2026-01-25 10:11:40.826765
90,327,view,2026-01-25 11:08:05.826765
286,446,view,2026-01-25 11:56:21.826765
159,442,review,2026-01-25 11:58:10.826765
228,126,view,2026-01-25 13:13:49.826765
20,23,view,2026-01-25 13:33:31.826765
30,268,view,2026-01-25 14:03:45.826765
274,294,view,2026-01-25 14:58:23.826765
278,369,wishlist,2026-01-25 15:55:01.826765
139,208,cart,2026-01-25 17:49:59.826765
43,99,cart,2026-01-25 19:55:09.826765
75,30,review,2026-01-25 20:20:26.826765
98,166,view,2026-01-25 21:47:49.826765
214,447,review,2026-01-25 22:57:34.826765
30,106,cart,2026-01-25 23:35:49.826765
74,65,review,2026-01-26 02:19:08.826765
270,498,view,2026-01-26 02:47:49.826765
30,19,view,2026-01-26 02:57:58.826765
15,162,wishlist,2026-01-26 03:38:26.826765
108,129,purchase,2026-01-26 04:15:31.826765
170,379,view,2026-01-26 04:22:17.826765
224,236,view,2026-01-26 04:23:01.826765
72,220,view,2026-01-26 05:25:08.826765
299,159,view,2026-01-26 06:40:32.826765
154,255,cart,2026-01-26 07:57:42.826765
83,472,view,2026-01-26 08:47:47.826765
85,43,wishlist,2026-01-26 08:49:18.826765
157,463,view,2026-01-26 10:00:12.826765
174,428,cart,2026-01-26 10:40:35.826765
289,237,view,2026-01-26 10:41:30.826765
190,358,view,2026-01-26 13:07:29.826765
254,442,cart,2026-01-26 13:08:10.826765
65,464,cart,2026-01-26 13:46:52.826765
269,225,view,2026-01-26 13:53:42.826765
269,322,view,2026-01-26 15:27:52.826765
64,273,wishlist,2026-01-26 16:16:34.826765
28,144,view,2026-01-26 17:01:21.826765
165,151,review,2026-01-26 17:17:22.826765
87,223,view,2026-01-26 17:39:05.826765
262,471,wishlist,2026-01-26 18:29:48.826765
176,487,wishlist,2026-01-26 19:00:44.826765
51,380,cart,2026-01-26 19:51:01.826765
40,11,view,2026-01-26 20:04:05.826765
154,21,review,2026-01-26 23:26:28.826765
240,273,view,2026-01-26 23:55:10.826765
5,298,wishlist,2026-01-27 01:18:06.826765
171,332,cart,2026-01-27 03:14:20.826765
35,313,view,2026-01-27 04:59:11.826765
261,143,purchase,2026-01-27 06:16:40.826765
37,71,cart,2026-01-27 07:50:52.826765
267,214,cart,2026-01-27 08:04:24.826765
64,66,view,2026-01-27 08:19:11.826765
141,487,view,2026-01-27 10:31:40.826765
28,41,cart,2026-01-27 11:36:17.826765
267,341,view,2026-01-27 13:18:32.826765
47,62,view,2026-01-27 13:37:24.826765
106,311,cart,2026-01-27 13:39:03.826765
108,264,view,2026-01-27 14:29:03.826765
290,153,view,2026-01-27 18:10:39.826765
173,455,view,2026-01-27 18:52:20.826765
286,231,view,2026-01-27 19:07:35.826765
217,393,view,2026-01-27 19:19:13.826765
112,443,review,2026-01-27 19:50:55.826765
145,272,view,2026-01-27 20:01:06.826765
220,65,cart,2026-01-28 00:55:58.826765
257,177,view,2026-01-28 01:32:39.826765
230,398,review,2026-01-28 01:58:48.826765
75,362,view,2026-01-28 04:16:39.826765
184,114,cart,2026-01-28 04:31:48.826765
158,155,view,2026-01-28 04:55:58.826765
61,493,view,2026-01-28 07:23:24.826765
63,55,cart,2026-01-28 07:37:13.826765
108,317,cart,2026-01-28 08:41:13.826765
70,105,view,2026-01-28 09:40:34.826765
249,253,view,2026-01-28 09:45:33.826765
63,438,wishlist,2026-01-28 10:25:59.826765
71,279,cart,2026-01-28 10:41:06.826765
24,396,view,2026-01-28 10:48:08.826765
175,311,view,2026-01-28 11:30:20.826765
237,108,review,2026-01-28 13:10:40.826765
71,171,view,2026-01-28 13:30:22.826765
110,391,view,2026-01-28 13:54:04.826765
107,279,view,2026-01-28 15:27:36.826765
148,341,view,2026-01-28 15:54:43.826765
116,220,review,2026-01-28 16:56:47.826765
44,305,view,2026-01-28 17:43:19.826765
247,92,view,2026-01-28 18:19:21.826765
178,337,view,2026-01-28 18:29:50.826765
206,246,wishlist,2026-01-28 19:27:08.826765
129,125,view,2026-01-28 21:22:01.826765
283,99,cart,2026-01-28 21:31:00.826765
145,48,wishlist,2026-01-28 23:53:00.826765
185,234,review,2026-01-29 01:22:44.826765
192,109,view,2026-01-29 02:16:39.826765
285,314,cart,2026-01-29 02:23:06.826765
133,200,cart,2026-01-29 02:39:19.826765
50,232,view,2026-01-29 04:12:50.826765
123,180,view,2026-01-29 04:25:06.826765
113,388,view,2026-01-29 06:42:08.826765
92,393,view,2026-01-29 07:10:11.826765
37,380,view,2026-01-29 07:48:35.826765
218,484,cart,2026-01-29 08:39:22.826765
216,315,cart,2026-01-29 10:08:33.826765
122,196,view,2026-01-29 10:12:43.826765
217,283,wishlist,2026-01-29 10:53:28.826765
133,240,view,2026-01-29 12:24:08.826765
152,201,view,2026-01-29 13:03:12.826765
273,385,wishlist,2026-01-29 13:06:20.826765
129,393,view,2026-01-29 13:39:55.826765
203,222,view,2026-01-29 13:54:41.826765
280,91,view,2026-01-29 14:25:23.826765
89,361,review,2026-01-29 14:32:22.826765
12,12,cart,2026-01-29 17:37:17.826765
144,109,cart,2026-01-29 18:04:15.826765
137,242,cart,2026-01-29 18:24:35.826765
26,184,view,2026-01-29 18:30:56.826765
76,351,view,2026-01-29 18:37:23.826765
46,331,cart,2026-01-29 18:43:05.826765
45,362,view,2026-01-29 19:24:01.826765
78,279,wishlist,2026-01-29 19:43:44.826765
144,36,cart,2026-01-29 22:43:41.826765
112,205,view,2026-01-29 23:00:56.826765
195,127,view,2026-01-30 00:23:54.826765
246,432,view,2026-01-30 01:14:04.826765
11,43,cart,2026-01-30 03:08:54.826765
188,11,wishlist,2026-01-30 04:48:57.826765
294,249,cart,2026-01-30 05:17:08.826765
104,313,view,2026-01-30 05:19:08.826765
19,376,cart,2026-01-30 06:12:56.826765
180,234,view,2026-01-30 06:48:31.826765
116,491,view,2026-01-30 07:06:13.826765
296,180,view,2026-01-30 07:13:49.826765
231,429,cart,2026-01-30 08:52:22.826765
150,92,review,2026-01-30 09:03:45.826765
215,123,view,2026-01-30 10:18:26.826765
288,198,cart,2026-01-30 11:04:05.826765
108,215,view,2026-01-30 11:25:36.826765
106,407,view,2026-01-30 11:41:08.826765
198,363,wishlist,2026-01-30 13:42:32.826765
16,49,view,2026-01-30 15:03:22.826765
158,498,view,2026-01-30 16:31:10.826765
96,334,cart,2026-01-30 16:38:20.826765
99,285,view,2026-01-30 17:18:48.826765
183,215,view,2026-01-30 19:45:23.826765
253,435,cart,2026-01-30 19:47:06.826765
61,22,cart,2026-01-30 19:56:48.826765
20,259,view,2026-01-30 20:17:13.826765
47,276,wishlist,2026-01-30 20:37:48.826765
187,118,review,2026-01-30 21:31:33.826765
118,5,wishlist,2026-01-30 22:48:15.826765
266,323,view,2026-01-31 01:38:28.826765
132,259,view,2026-01-31 01:41:59.826765
233,441,view,2026-01-31 03:09:22.826765
128,494,view,2026-01-31 03:59:16.826765
236,137,purchase,2026-01-31 04:32:12.826765
160,322,view,2026-01-31 04:40:24.826765
42,433,view,2026-01-31 05:53:39.826765
211,130,review,2026-01-31 05:58:10.826765
225,474,view,2026-01-31 06:02:48.826765
158,389,wishlist,2026-01-31 06:04:02.826765
146,108,view,2026-01-31 08:32:00.826765
273,330,review,2026-01-31 09:54:01.826765
29,146,cart,2026-01-31 09:58:35.826765
20,56,view,2026-01-31 11:10:20.826765
188,44,cart,2026-01-31 11:45:47.826765
259,379,review,2026-01-31 12:43:52.826765
99,270,view,2026-01-31 13:04:52.826765
235,464,view,2026-01-31 13:35:35.826765
193,285,view,2026-01-31 14:30:19.826765
119,281,cart,2026-01-31 15:08:35.826765
7,353,view,2026-01-31 15:21:18.826765
283,495,cart,2026-01-31 16:37:49.826765
125,172,view,2026-01-31 17:42:19.826765
138,145,cart,2026-01-31 18:47:55.826765
215,377,view,2026-01-31 18:54:54.826765
2,53,wishlist,2026-01-31 21:26:11.826765
257,143,wishlist,2026-01-31 21:31:45.826765
136,193,view,2026-01-31 21:54:41.826765
184,8,view,2026-01-31 22:21:46.826765
104,437,view,2026-01-31 22:21:48.826765
118,422,cart,2026-01-31 22:23:18.826765
294,384,view,2026-01-31 22:43:42.826765
120,394,cart,2026-02-01 00:32:57.826765
289,34,view,2026-02-01 01:46:24.826765
46,51,view,2026-02-01 02:36:37.826765
61,280,cart,2026-02-01 02:37:12.826765
210,386,view,2026-02-01 03:21:21.826765
118,414,review,2026-02-01 03:54:45.826765
53,115,cart,2026-02-01 04:29:48.826765
196,375,view,2026-02-01 05:33:45.826765
173,315,view,2026-02-01 05:42:45.826765
120,241,view,2026-02-01 08:05:45.826765
116,290,view,2026-02-01 08:27:49.826765
203,439,review,2026-02-01 09:34:22.826765
264,498,purchase,2026-02-01 09:54:17.826765
134,191,wishlist,2026-02-01 09:56:59.826765
134,374,view,2026-02-01 10:26:40.826765
93,201,purchase,2026-02-01 11:56:16.826765
283,103,review,2026-02-01 15:25:52.826765
216,471,view,2026-02-01 15:50:19.826765
54,25,view,2026-02-01 16:50:13.826765
90,218,wishlist,2026-02-01 17:17:08.826765
256,462,view,2026-02-01 17:19:10.826765
266,176,view,2026-02-01 18:14:06.826765
275,337,view,2026-02-01 19:52:21.826765
172,204,cart,2026-02-01 20:53:38.826765
43,275,cart,2026-02-01 21:22:26.826765
161,214,cart,2026-02-01 23:14:28.826765
219,54,view,2026-02-01 23:50:53.826765
31,99,cart,2026-02-02 00:46:37.826765
65,162,view,2026-02-02 01:07:13.826765
278,168,review,2026-02-02 02:00:52.826765
1,7,view,2026-02-02 02:24:04.826765
149,143,cart,2026-02-02 03:06:19.826765
235,78,cart,2026-02-02 03:39:11.826765
220,439,view,2026-02-02 04:01:59.826765
227,164,review,2026-02-02 05:13:50.826765
133,304,view,2026-02-02 05:49:40.826765
8,454,review,2026-02-02 06:35:16.826765
243,171,cart,2026-02-02 06:57:03.826765
275,326,view,2026-02-02 08:48:08.826765
260,10,view,2026-02-02 08:55:26.826765
201,392,wishlist,2026-02-02 09:33:25.826765
267,106,cart,2026-02-02 09:41:42.826765
104,306,cart,2026-02-02 11:01:43.826765
170,186,review,2026-02-02 12:10:12.826765
47,481,review,2026-02-02 12:41:26.826765
289,27,view,2026-02-02 12:47:45.826765
224,146,review,2026-02-02 14:01:27.826765
145,75,view,2026-02-02 14:56:15.826765
27,44,view,2026-02-02 15:32:56.826765
75,26,view,2026-02-02 15:41:06.826765
72,119,review,2026-02-02 16:09:15.826765
120,218,view,2026-02-02 16:43:42.826765
252,76,view,2026-02-02 17:59:27.826765
192,477,view,2026-02-03 00:31:43.826765
243,280,review,2026-02-03 00:35:23.826765
8,89,view,2026-02-03 00:59:51.826765
266,178,cart,2026-02-03 02:06:01.826765
282,286,view,2026-02-03 02:15:23.826765
107,83,review,2026-02-03 03:13:37.826765
223,66,view,2026-02-03 04:16:15.826765
198,298,wishlist,2026-02-03 05:20:36.826765
272,486,view,2026-02-03 05:41:54.826765
96,186,view,2026-02-03 05:48:54.826765
191,7,wishlist,2026-02-03 06:28:35.826765
235,50,review,2026-02-03 07:15:47.826765
4,415,cart,2026-02-03 08:19:26.826765
204,403,view,2026-02-03 08:39:12.826765
280,32,view,2026-02-03 09:48:18.826765
3,303,view,2026-02-03 10:19:59.826765
278,184,review,2026-02-03 11:16:38.826765
279,262,view,2026-02-03 13:03:40.826765
260,484,wishlist,2026-02-03 13:44:02.826765
167,338,cart,2026-02-03 13:57:41.826765
125,53,review,2026-02-03 14:52:12.826765
158,58,view,2026-02-03 15:57:47.826765
112,483,view,2026-02-03 17:30:32.826765
300,170,review,2026-02-03 18:37:30.826765
12,202,view,2026-02-03 19:54:13.826765
180,361,view,2026-02-03 20:40:53.826765
288,287,view,2026-02-03 21:11:49.826765
227,148,view,2026-02-03 22:38:11.826765
220,216,review,2026-02-03 22:45:32.826765
152,420,view,2026-02-03 22:53:51.826765
128,405,view,2026-02-03 23:23:56.826765
119,368,review,2026-02-03 23:44:39.826765
137,494,view,2026-02-04 01:44:24.826765
155,441,cart,2026-02-04 01:48:55.826765
54,276,cart,2026-02-04 03:21:59.826765
141,422,wishlist,2026-02-04 04:02:44.826765
39,210,review,2026-02-04 05:12:39.826765
46,98,view,2026-02-04 05:45:56.826765
144,371,view,2026-02-04 07:31:11.826765
176,371,view,2026-02-04 08:19:53.826765
152,212,view,2026-02-04 09:41:30.826765
208,329,view,2026-02-04 09:49:19.826765
270,55,cart,2026-02-04 09:55:17.826765
240,272,view,2026-02-04 12:08:02.826765
73,483,view,2026-02-04 12:27:47.826765
210,270,view,2026-02-04 14:19:39.826765
104,366,view,2026-02-04 15:16:04.826765
213,349,view,2026-02-04 16:04:50.826765
91,313,view,2026-02-04 16:07:03.826765
182,114,cart,2026-02-04 16:24:35.826765
176,52,review,2026-02-04 16:36:05.826765
1,455,view,2026-02-04 17:15:07.826765
182,47,cart,2026-02-04 17:28:04.826765
124,37,view,2026-02-04 17:30:01.826765
55,311,cart,2026-02-04 18:59:18.826765
212,230,view,2026-02-04 19:04:44.826765
117,7,cart,2026-02-04 19:28:27.826765
24,420,purchase,2026-02-04 19:36:38.826765
111,496,wishlist,2026-02-04 20:04:54.826765
264,22,review,2026-02-04 22:22:12.826765
218,442,view,2026-02-04 23:15:09.826765
32,125,cart,2026-02-05 01:07:31.826765
84,240,view,2026-02-05 01:48:53.826765
141,259,view,2026-02-05 02:46:46.826765
85,90,view,2026-02-05 03:41:54.826765
190,219,cart,2026-02-05 04:38:10.826765
269,325,view,2026-02-05 05:29:15.826765
239,112,view,2026-02-05 06:04:48.826765
221,382,review,2026-02-05 06:30:37.826765
265,136,review,2026-02-05 07:07:55.826765
91,384,view,2026-02-05 07:37:06.826765
25,326,cart,2026-02-05 07:59:01.826765
100,214,cart,2026-02-05 08:04:47.826765
20,39,review,2026-02-05 08:38:11.826765
258,392,view,2026-02-05 10:45:56.826765
246,89,review,2026-02-05 10:51:56.826765
197,46,view,2026-02-05 13:14:25.826765
108,26,view,2026-02-05 13:54:27.826765
288,182,view,2026-02-05 14:20:26.826765
57,86,view,2026-02-05 14:27:28.826765
139,35,view,2026-02-05 15:21:09.826765
181,68,view,2026-02-05 16:15:20.826765
49,198,purchase,2026-02-05 16:53:13.826765
239,14,review,2026-02-05 16:54:51.826765
37,463,view,2026-02-05 18:39:04.826765
137,371,cart,2026-02-05 18:53:32.826765
250,349,review,2026-02-05 19:33:41.826765
76,194,view,2026-02-05 21:12:37.826765
154,258,view,2026-02-05 21:26:25.826765
51,100,review,2026-02-05 22:27:48.826765
150,186,wishlist,2026-02-05 23:58:24.826765
28,114,view,2026-02-06 00:14:47.826765
228,341,cart,2026-02-06 00:31:29.826765
94,225,view,2026-02-06 01:31:22.826765
200,105,purchase,2026-02-06 02:50:04.826765
241,465,view,2026-02-06 03:25:53.826765
134,321,review,2026-02-06 04:03:08.826765
129,496,view,2026-02-06 04:35:58.826765
118,13,wishlist,2026-02-06 05:11:26.826765
75,67,view,2026-02-06 06:16:51.826765
156,402,view,2026-02-06 06:20:09.826765
99,358,cart,2026-02-06 07:09:54.826765
258,268,wishlist,2026-02-06 10:04:19.826765
163,156,view,2026-02-06 11:15:51.826765
202,309,view,2026-02-06 11:38:47.826765
81,6,view,2026-02-06 12:43:20.826765
109,157,cart,2026-02-06 12:43:27.826765
169,127,cart,2026-02-06 12:52:08.826765
84,43,view,2026-02-06 13:42:32.826765
60,71,view,2026-02-06 15:05:00.826765
95,192,view,2026-02-06 16:50:49.826765
198,432,view,2026-02-06 18:30:13.826765
203,210,view,2026-02-06 18:34:31.826765
57,180,view,2026-02-06 19:46:40.826765
291,199,view,2026-02-06 20:26:13.826765
235,136,review,2026-02-06 20:54:34.826765
261,106,view,2026-02-06 21:45:14.826765
3,183,view,2026-02-06 22:38:54.826765
114,69,cart,2026-02-06 22:51:11.826765
29,404,wishlist,2026-02-06 22:52:02.826765
258,498,view,2026-02-06 23:32:05.826765
8,204,wishlist,2026-02-07 00:04:40.826765
2,164,wishlist,2026-02-07 00:07:56.826765
69,45,view,2026-02-07 01:29:43.826765
59,424,view,2026-02-07 01:53:17.826765
144,226,view,2026-02-07 01:56:03.826765
287,145,view,2026-02-07 02:07:54.826765
136,440,view,2026-02-07 04:30:01.826765
128,398,view,2026-02-07 04:52:21.826765
177,340,view,2026-02-07 05:01:26.826765
88,259,view,2026-02-07 06:46:00.826765
78,485,cart,2026-02-07 06:53:27.826765
193,365,cart,2026-02-07 08:37:32.826765
107,293,wishlist,2026-02-07 11:34:49.826765
100,440,view,2026-02-07 12:35:44.826765
149,232,view,2026-02-07 13:49:05.826765
84,248,view,2026-02-07 15:54:28.826765
77,156,cart,2026-02-07 16:14:46.826765
222,56,cart,2026-02-07 17:00:44.826765
134,30,view,2026-02-07 18:48:11.826765
53,93,cart,2026-02-07 19:00:07.826765
188,319,review,2026-02-07 19:05:25.826765
118,122,view,2026-02-07 22:01:18.826765
39,9,view,2026-02-07 22:59:29.826765
294,297,view,2026-02-07 23:25:55.826765
170,206,view,2026-02-07 23:33:51.826765
179,229,cart,2026-02-08 00:17:23.826765
225,365,view,2026-02-08 01:04:13.826765
46,151,view,2026-02-08 02:04:34.826765
296,480,view,2026-02-08 02:48:59.826765
145,333,wishlist,2026-02-08 03:44:12.826765
215,481,view,2026-02-08 04:13:47.826765
84,335,review,2026-02-08 07:20:15.826765
168,323,wishlist,2026-02-08 07:54:11.826765
166,120,view,2026-02-08 10:37:49.826765
91,327,view,2026-02-08 11:50:46.826765
62,107,cart,2026-02-08 12:34:31.826765
229,161,view,2026-02-08 12:59:31.826765
218,405,view,2026-02-08 13:04:25.826765
34,186,view,2026-02-08 13:11:36.826765
12,433,view,2026-02-08 13:56:14.826765
141,271,view,2026-02-08 13:57:31.826765
183,125,view,2026-02-08 14:02:04.826765
285,178,review,2026-02-08 14:38:09.826765
67,71,cart,2026-02-08 14:40:22.826765
278,179,review,2026-02-08 15:54:16.826765
222,113,cart,2026-02-08 17:30:48.826765
300,82,view,2026-02-08 18:13:49.826765
222,349,purchase,2026-02-08 23:12:30.826765
284,135,wishlist,2026-02-08 23:58:23.826765
252,61,view,2026-02-09 00:10:56.826765
175,449,wishlist,2026-02-09 01:20:58.826765
55,42,cart,2026-02-09 01:50:39.826765
205,163,view,2026-02-09 01:55:56.826765
17,10,view,2026-02-09 05:47:05.826765
189,211,purchase,2026-02-09 06:22:01.826765
121,409,view,2026-02-09 06:27:45.826765
233,343,view,2026-02-09 07:53:33.826765
109,176,view,2026-02-09 08:16:34.826765
209,92,wishlist,2026-02-09 10:31:12.826765
125,381,review,2026-02-09 11:22:53.826765
114,363,view,2026-02-09 11:41:47.826765
111,492,view,2026-02-09 13:23:14.826765
50,355,purchase,2026-02-09 13:40:48.826765
225,433,wishlist,2026-02-09 13:45:58.826765
16,30,view,2026-02-09 15:48:15.826765
103,400,view,2026-02-09 16:23:49.826765
170,301,wishlist,2026-02-09 17:16:58.826765
147,315,wishlist,2026-02-09 18:00:28.826765
288,308,purchase,2026-02-09 18:17:13.826765
122,171,view,2026-02-09 19:15:40.826765
139,415,review,2026-02-09 20:14:39.826765
106,325,view,2026-02-09 22:00:02.826765
46,259,view,2026-02-09 23:37:27.826765
255,316,cart,2026-02-10 01:17:10.826765
17,174,view,2026-02-10 01:29:11.826765
198,128,view,2026-02-10 03:53:37.826765
171,246,view,2026-02-10 04:17:23.826765
132,60,view,2026-02-10 04:25:52.826765
30,188,view,2026-02-10 07:10:28.826765
242,227,wishlist,2026-02-10 07:48:33.826765
7,106,cart,2026-02-10 08:34:07.826765
156,159,view,2026-02-10 09:06:35.826765
154,4,view,2026-02-10 12:49:41.826765
197,267,review,2026-02-10 13:03:55.826765
195,188,view,2026-02-10 13:08:17.826765
42,290,view,2026-02-10 15:44:37.826765
158,475,cart,2026-02-10 16:09:12.826765
252,359,cart,2026-02-10 18:15:55.826765
33,431,review,2026-02-10 18:50:09.826765
142,307,review,2026-02-10 21:15:10.826765
38,84,view,2026-02-11 00:56:05.826765
191,299,cart,2026-02-11 01:14:33.826765
44,235,view,2026-02-11 01:14:50.826765
11,178,view,2026-02-11 01:31:44.826765
170,134,review,2026-02-11 02:29:30.826765
22,126,wishlist,2026-02-11 04:27:08.826765
231,208,purchase,2026-02-11 04:32:15.826765
73,144,review,2026-02-11 05:58:49.826765
252,156,cart,2026-02-11 07:03:36.826765
73,422,view,2026-02-11 07:51:11.826765
214,310,view,2026-02-11 08:19:11.826765
286,138,wishlist,2026-02-11 08:49:30.826765
138,230,view,2026-02-11 08:50:15.826765
261,278,view,2026-02-11 10:13:20.826765
43,321,wishlist,2026-02-11 11:54:19.826765
85,395,view,2026-02-11 12:37:52.826765
282,415,purchase,2026-02-11 12:59:09.826765
268,223,view,2026-02-11 13:18:56.826765
234,278,cart,2026-02-11 15:03:34.826765
156,371,cart,2026-02-11 16:51:23.826765
59,238,view,2026-02-11 18:00:57.826765
72,289,view,2026-02-11 18:02:17.826765
126,227,view,2026-02-11 19:51:18.826765
196,132,view,2026-02-11 20:27:10.826765
293,224,view,2026-02-11 21:03:36.826765
180,150,purchase,2026-02-11 21:58:38.826765
159,310,cart,2026-02-11 22:34:04.826765
108,45,view,2026-02-12 00:15:19.826765
164,285,view,2026-02-12 01:29:03.826765
235,269,view,2026-02-12 02:57:47.826765
145,83,view,2026-02-12 03:52:50.826765
126,137,view,2026-02-12 05:47:18.826765
280,497,review,2026-02-12 07:33:58.826765
199,55,cart,2026-02-12 07:45:00.826765
118,313,cart,2026-02-12 08:08:31.826765
28,147,wishlist,2026-02-12 08:52:07.826765
280,148,cart,2026-02-12 09:07:58.826765
167,342,cart,2026-02-12 09:17:14.826765
288,239,wishlist,2026-02-12 09:32:25.826765
207,55,view,2026-02-12 10:02:20.826765
234,63,review,2026-02-12 10:03:10.826765
150,364,cart,2026-02-12 10:20:29.826765
245,34,cart,2026-02-12 12:19:54.826765
193,109,review,2026-02-12 13:08:47.826765
216,89,view,2026-02-12 14:29:32.826765
180,92,view,2026-02-12 14:34:48.826765
188,413,cart,2026-02-12 18:00:06.826765
60,13,view,2026-02-12 19:42:39.826765
187,261,wishlist,2026-02-12 19:57:00.826765
130,276,view,2026-02-12 21:51:42.826765
223,224,view,2026-02-12 22:12:29.826765
5,359,cart,2026-02-12 23:51:01.826765
117,302,view,2026-02-13 00:15:29.826765
271,489,wishlist,2026-02-13 00:36:37.826765
236,383,view,2026-02-13 03:07:04.826765
161,104,view,2026-02-13 08:07:02.826765
63,427,view,2026-02-13 09:03:46.826765
214,328,view,2026-02-13 09:09:03.826765
186,470,purchase,2026-02-13 09:14:26.826765
79,72,view,2026-02-13 09:39:13.826765
103,38,view,2026-02-13 09:49:47.826765
187,417,view,2026-02-13 10:12:21.826765
83,258,cart,2026-02-13 10:53:01.826765
141,169,view,2026-02-13 12:03:10.826765
196,146,wishlist,2026-02-13 13:27:24.826765
7,25,wishlist,2026-02-13 14:53:26.826765
198,11,view,2026-02-13 16:06:30.826765
142,283,view,2026-02-13 16:51:11.826765
133,113,purchase,2026-02-13 17:13:34.826765
97,462,view,2026-02-13 17:21:19.826765
22,377,view,2026-02-13 17:27:16.826765
92,144,view,2026-02-13 17:45:40.826765
205,467,view,2026-02-13 18:38:08.826765
29,204,view,2026-02-13 19:49:39.826765
248,427,view,2026-02-13 20:28:04.826765
207,262,view,2026-02-13 21:13:45.826765
86,499,view,2026-02-14 00:26:41.826765
181,200,wishlist,2026-02-14 01:12:24.826765
81,466,wishlist,2026-02-14 03:10:25.826765
227,318,wishlist,2026-02-14 04:54:48.826765
153,120,purchase,2026-02-14 04:55:58.826765
132,331,view,2026-02-14 05:20:57.826765
232,350,cart,2026-02-14 06:56:34.826765
246,489,wishlist,2026-02-14 07:13:06.826765
261,199,view,2026-02-14 07:32:08.826765
190,484,view,2026-02-14 09:00:20.826765
250,320,view,2026-02-14 09:12:07.826765
39,73,wishlist,2026-02-14 09:58:29.826765
192,446,view,2026-02-14 13:20:52.826765
226,19,view,2026-02-14 14:18:14.826765
19,488,cart,2026-02-14 14:58:42.826765
242,143,view,2026-02-14 15:35:20.826765
119,144,review,2026-02-14 15:39:18.826765
257,492,review,2026-02-14 15:59:59.826765
272,227,view,2026-02-14 16:33:43.826765
160,280,view,2026-02-14 16:36:31.826765
289,33,review,2026-02-14 19:21:29.826765
104,196,review,2026-02-14 21:01:35.826765
13,224,view,2026-02-14 21:02:56.826765
17,459,view,2026-02-14 21:54:57.826765
30,432,purchase,2026-02-15 00:41:40.826765
147,42,view,2026-02-15 02:28:56.826765
188,146,wishlist,2026-02-15 03:58:16.826765
38,425,view,2026-02-15 04:15:41.826765
160,437,view,2026-02-15 04:25:24.826765
170,425,view,2026-02-15 04:43:55.826765
139,242,view,2026-02-15 05:46:45.826765
201,382,view,2026-02-15 10:09:18.826765
90,307,wishlist,2026-02-15 10:21:46.826765
5,293,view,2026-02-15 10:23:12.826765
237,181,view,2026-02-15 11:02:30.826765
152,315,review,2026-02-15 11:04:02.826765
20,287,view,2026-02-15 11:46:54.826765
8,298,view,2026-02-15 14:46:04.826765
208,306,view,2026-02-15 14:58:13.826765
246,445,view,2026-02-15 14:58:17.826765
247,433,cart,2026-02-15 18:30:21.826765
207,80,view,2026-02-15 19:08:43.826765
20,170,view,2026-02-15 19:25:11.826765
103,251,wishlist,2026-02-15 20:06:01.826765
54,187,view,2026-02-15 22:10:06.826765
111,412,cart,2026-02-15 23:55:15.826765
252,382,view,2026-02-16 01:40:05.826765
51,177,view,2026-02-16 01:48:42.826765
137,278,cart,2026-02-16 02:41:30.826765
163,276,purchase,2026-02-16 02:49:35.826765
170,79,cart,2026-02-16 03:19:37.826765
181,362,view,2026-02-16 05:24:57.826765
3,62,view,2026-02-16 05:47:29.826765
267,460,wishlist,2026-02-16 05:51:02.826765
63,469,wishlist,2026-02-16 05:57:06.826765
288,426,wishlist,2026-02-16 06:25:13.826765
72,86,wishlist,2026-02-16 08:12:56.826765
271,236,wishlist,2026-02-16 08:16:25.826765
190,423,view,2026-02-16 09:29:29.826765
20,201,view,2026-02-16 09:33:32.826765
252,26,view,2026-02-16 10:09:35.826765
100,16,view,2026-02-16 10:11:11.826765
40,87,view,2026-02-16 13:50:53.826765
262,108,review,2026-02-16 15:23:56.826765
208,316,view,2026-02-16 16:38:12.826765
151,341,cart,2026-02-16 17:01:59.826765
68,492,review,2026-02-16 17:26:46.826765
121,185,wishlist,2026-02-16 17:46:22.826765
227,302,wishlist,2026-02-16 19:35:16.826765
255,197,cart,2026-02-16 19:51:44.826765
69,256,view,2026-02-16 22:12:18.826765
232,35,view,2026-02-16 22:57:26.826765
161,361,view,2026-02-17 03:19:09.826765
52,304,view,2026-02-17 03:56:16.826765
124,248,view,2026-02-17 04:24:03.826765
262,28,view,2026-02-17 04:29:49.826765
86,57,view,2026-02-17 05:21:53.826765
183,297,view,2026-02-17 05:36:25.826765
248,322,purchase,2026-02-17 06:49:00.826765
95,47,view,2026-02-17 08:19:31.826765
143,64,review,2026-02-17 08:51:15.826765
35,282,view,2026-02-17 08:51:46.826765
136,325,view,2026-02-17 10:11:02.826765
39,100,cart,2026-02-17 10:46:56.826765
102,241,review,2026-02-17 11:12:42.826765
50,314,view,2026-02-17 11:30:40.826765
86,426,review,2026-02-17 11:56:50.826765
39,324,view,2026-02-17 13:37:05.826765
214,45,view,2026-02-17 14:51:36.826765
180,89,view,2026-02-17 15:15:19.826765
158,57,view,2026-02-17 17:56:41.826765
129,407,cart,2026-02-17 18:02:59.826765
219,253,wishlist,2026-02-17 18:25:05.826765
22,330,view,2026-02-17 18:58:25.826765
7,174,review,2026-02-17 20:40:06.826765
43,109,view,2026-02-17 20:53:30.826765
66,21,cart,2026-02-17 21:53:07.826765
10,26,cart,2026-02-17 22:27:07.826765
282,76,view,2026-02-17 23:22:55.826765
59,371,view,2026-02-18 01:03:33.826765
48,101,cart,2026-02-18 02:26:04.826765
79,310,view,2026-02-18 02:43:22.826765
25,480,view,2026-02-18 03:15:08.826765
287,105,view,2026-02-18 03:26:45.826765
218,176,wishlist,2026-02-18 03:48:51.826765
42,164,view,2026-02-18 03:51:10.826765
202,162,view,2026-02-18 07:01:00.826765
163,393,view,2026-02-18 08:40:53.826765
41,123,view,2026-02-18 09:15:57.826765
144,492,review,2026-02-18 10:16:48.826765
226,13,review,2026-02-18 10:48:24.826765
223,194,purchase,2026-02-18 11:04:06.826765
284,186,wishlist,2026-02-18 11:38:04.826765
210,16,wishlist,2026-02-18 12:34:59.826765
76,331,review,2026-02-18 12:48:37.826765
277,46,purchase,2026-02-18 13:28:56.826765
112,14,cart,2026-02-18 14:14:23.826765
227,226,review,2026-02-18 14:27:35.826765
97,66,view,2026-02-18 14:30:27.826765
235,242,view,2026-02-18 14:51:20.826765
187,128,cart,2026-02-18 16:40:36.826765
268,24,view,2026-02-18 18:20:12.826765
147,167,cart,2026-02-18 19:26:05.826765
87,464,view,2026-02-18 20:13:00.826765
285,292,wishlist,2026-02-18 20:33:27.826765
23,322,view,2026-02-18 21:34:56.826765
9,246,purchase,2026-02-18 22:31:00.826765
209,376,cart,2026-02-19 01:14:01.826765
56,249,cart,2026-02-19 02:42:35.826765
132,258,purchase,2026-02-19 03:27:46.826765
65,168,purchase,2026-02-19 04:10:41.826765
47,191,cart,2026-02-19 04:38:01.826765
68,373,view,2026-02-19 05:03:27.826765
156,59,review,2026-02-19 05:08:53.826765
170,461,view,2026-02-19 06:43:47.826765
237,199,review,2026-02-19 08:08:32.826765
4,10,view,2026-02-19 09:13:03.826765
27,235,view,2026-02-19 09:18:01.826765
34,342,view,2026-02-19 09:48:14.826765
219,83,wishlist,2026-02-19 10:19:35.826765
283,132,review,2026-02-19 10:33:39.826765
230,455,view,2026-02-19 10:59:13.826765
39,487,view,2026-02-19 11:01:54.826765
273,308,wishlist,2026-02-19 15:26:34.826765
149,344,view,2026-02-19 16:24:28.826765
64,348,cart,2026-02-19 17:25:38.826765
258,444,view,2026-02-19 17:35:52.826765
280,466,view,2026-02-19 17:55:15.826765
57,69,view,2026-02-19 18:13:52.826765
279,174,view,2026-02-19 18:28:07.826765
56,331,cart,2026-02-19 19:52:53.826765
108,19,view,2026-02-19 22:09:33.826765
66,3,view,2026-02-19 22:09:55.826765
84,16,view,2026-02-19 22:57:10.826765
181,297,view,2026-02-19 23:57:52.826765
56,163,view,2026-02-20 01:40:23.826765
56,442,wishlist,2026-02-20 02:27:40.826765
222,85,cart,2026-02-20 02:53:35.826765
188,164,cart,2026-02-20 03:30:19.826765
270,392,purchase,2026-02-20 04:08:40.826765
89,16,review,2026-02-20 04:15:09.826765
43,256,cart,2026-02-20 04:21:32.826765
104,152,wishlist,2026-02-20 05:37:31.826765
28,169,view,2026-02-20 05:59:02.826765
57,453,cart,2026-02-20 07:09:48.826765
298,35,view,2026-02-20 09:12:00.826765
39,1,view,2026-02-20 09:37:49.826765
75,91,cart,2026-02-20 10:06:39.826765
51,335,view,2026-02-20 11:29:00.826765
268,470,cart,2026-02-20 11:56:54.826765
58,423,view,2026-02-20 12:02:14.826765
29,442,view,2026-02-20 12:42:50.826765
129,107,wishlist,2026-02-20 15:56:06.826765
54,302,view,2026-02-20 16:03:39.826765
61,345,wishlist,2026-02-20 16:18:05.826765
214,97,wishlist,2026-02-20 16:22:45.826765
96,194,review,2026-02-20 17:00:25.826765
55,210,view,2026-02-20 17:41:09.826765
16,398,view,2026-02-20 19:34:41.826765
273,408,view,2026-02-20 20:40:57.826765
231,325,view,2026-02-20 20:51:00.826765
194,354,review,2026-02-20 22:17:42.826765
196,31,view,2026-02-20 22:33:45.826765
265,144,view,2026-02-20 23:00:25.826765
204,421,purchase,2026-02-21 00:22:18.826765
52,190,cart,2026-02-21 00:45:45.826765
87,50,review,2026-02-21 02:30:49.826765
212,333,view,2026-02-21 03:44:32.826765
270,453,view,2026-02-21 04:28:17.826765
126,64,view,2026-02-21 05:31:20.826765
127,168,view,2026-02-21 06:31:40.826765
211,378,view,2026-02-21 07:10:56.826765
58,481,wishlist,2026-02-21 07:24:45.826765
228,363,wishlist,2026-02-21 07:29:03.826765
183,226,view,2026-02-21 08:03:31.826765
240,387,view,2026-02-21 08:20:15.826765
12,176,wishlist,2026-02-21 08:25:01.826765
263,415,wishlist,2026-02-21 09:09:23.826765
262,429,view,2026-02-21 09:50:05.826765
153,424,view,2026-02-21 10:20:52.826765
278,74,purchase,2026-02-21 12:31:30.826765
190,267,purchase,2026-02-21 14:10:15.826765
138,289,view,2026-02-21 14:18:45.826765
129,434,view,2026-02-21 14:36:08.826765
101,439,wishlist,2026-02-21 15:14:19.826765
119,222,view,2026-02-21 15:24:13.826765
122,222,view,2026-02-21 16:19:09.826765
239,484,review,2026-02-21 16:47:02.826765
92,149,cart,2026-02-21 16:54:15.826765
225,64,view,2026-02-21 17:36:12.826765
224,366,view,2026-02-21 19:54:37.826765
27,98,wishlist,2026-02-22 00:41:06.826765
11,92,cart,2026-02-22 00:43:29.826765
155,369,wishlist,2026-02-22 00:56:40.826765
21,69,view,2026-02-22 02:31:07.826765
147,56,cart,2026-02-22 02:52:54.826765
169,317,view,2026-02-22 02:55:16.826765
254,211,cart,2026-02-22 03:08:22.826765
2,481,review,2026-02-22 03:52:55.826765
76,305,cart,2026-02-22 05:56:45.826765
188,311,cart,2026-02-22 06:42:20.826765
245,271,view,2026-02-22 07:42:12.826765
243,36,view,2026-02-22 08:03:47.826765
111,485,wishlist,2026-02-22 08:19:58.826765
213,451,review,2026-02-22 09:54:07.826765
88,391,review,2026-02-22 10:01:37.826765
292,337,view,2026-02-22 10:35:08.826765
161,378,view,2026-02-22 11:06:56.826765
187,379,review,2026-02-22 11:20:10.826765
62,175,review,2026-02-22 11:42:55.826765
164,88,view,2026-02-22 13:07:14.826765
226,148,view,2026-02-22 13:33:23.826765
154,229,view,2026-02-22 13:38:47.826765
207,47,cart,2026-02-22 13:39:08.826765
110,226,review,2026-02-22 13:50:00.826765
218,279,view,2026-02-22 15:52:51.826765
90,334,view,2026-02-22 16:45:52.826765
249,138,cart,2026-02-22 17:08:52.826765
101,137,view,2026-02-22 17:48:44.826765
260,433,review,2026-02-22 20:18:18.826765
284,372,purchase,2026-02-22 21:18:25.826765
26,251,cart,2026-02-22 22:07:07.826765
289,455,view,2026-02-22 23:01:00.826765
298,105,wishlist,2026-02-22 23:06:38.826765
164,124,review,2026-02-23 00:10:16.826765
258,24,wishlist,2026-02-23 02:26:35.826765
5,225,cart,2026-02-23 04:11:00.826765
97,466,view,2026-02-23 05:22:06.826765
246,122,review,2026-02-23 07:04:10.826765
173,254,view,2026-02-23 07:08:36.826765
270,255,view,2026-02-23 07:16:32.826765
186,12,view,2026-02-23 07:36:55.826765
104,388,wishlist,2026-02-23 09:01:58.826765
256,295,review,2026-02-23 09:02:16.826765
241,296,wishlist,2026-02-23 09:15:51.826765
242,387,view,2026-02-23 10:38:36.826765
242,280,view,2026-02-23 10:43:38.826765
182,180,cart,2026-02-23 13:51:40.826765
239,381,view,2026-02-23 14:12:11.826765
278,387,view,2026-02-23 14:24:34.826765
195,215,view,2026-02-23 14:28:51.826765
175,84,cart,2026-02-23 15:25:20.826765
230,337,view,2026-02-23 15:45:45.826765
140,44,purchase,2026-02-23 17:18:10.826765
292,159,cart,2026-02-23 17:25:39.826765
58,271,view,2026-02-23 17:45:42.826765
164,426,cart,2026-02-23 19:12:01.826765
161,284,view,2026-02-23 19:23:30.826765
260,116,view,2026-02-23 20:55:05.826765
53,246,view,2026-02-23 21:55:02.826765
202,62,review,2026-02-23 22:16:46.826765
1,155,cart,2026-02-23 22:47:29.826765
296,326,cart,2026-02-23 23:03:30.826765
4,195,view,2026-02-23 23:24:15.826765
47,171,cart,2026-02-23 23:34:21.826765
152,140,cart,2026-02-24 00:00:53.826765
287,216,view,2026-02-24 00:00:55.826765
269,494,view,2026-02-24 00:02:52.826765
63,15,view,2026-02-24 01:57:13.826765
137,306,view,2026-02-24 02:33:56.826765
217,381,view,2026-02-24 03:39:53.826765
238,229,purchase,2026-02-24 03:49:15.826765
10,7,wishlist,2026-02-24 05:18:58.826765
143,331,view,2026-02-24 06:05:54.826765
161,333,wishlist,2026-02-24 06:24:53.826765
109,305,cart,2026-02-24 06:28:04.826765
125,87,cart,2026-02-24 06:34:17.826765
206,187,view,2026-02-24 06:54:01.826765
113,17,wishlist,2026-02-24 07:01:10.826765
119,166,view,2026-02-24 07:25:53.826765
295,422,view,2026-02-24 08:34:50.826765
128,137,cart,2026-02-24 09:29:12.826765
253,359,view,2026-02-24 10:18:46.826765
209,498,view,2026-02-24 11:31:59.826765
197,203,review,2026-02-24 11:50:31.826765
1,123,cart,2026-02-24 12:33:09.826765
233,78,cart,2026-02-24 13:29:10.826765
43,116,cart,2026-02-24 13:36:10.826765
128,80,view,2026-02-24 15:46:07.826765
51,93,view,2026-02-24 15:50:56.826765
161,463,view,2026-02-24 15:55:38.826765
288,131,view,2026-02-24 17:07:57.826765
117,97,view,2026-02-24 18:29:01.826765
165,237,cart,2026-02-24 19:37:13.826765
113,223,cart,2026-02-24 20:27:32.826765
148,496,review,2026-02-24 20:55:32.826765
47,442,view,2026-02-24 21:23:08.826765
187,293,review,2026-02-24 21:52:51.826765
56,214,view,2026-02-24 22:12:32.826765
125,117,wishlist,2026-02-24 22:41:50.826765
140,229,wishlist,2026-02-25 00:28:40.826765
171,266,view,2026-02-25 02:03:26.826765
216,429,view,2026-02-25 03:13:28.826765
212,165,view,2026-02-25 03:19:20.826765
163,164,review,2026-02-25 04:58:23.826765
17,411,view,2026-02-25 05:25:10.826765
233,371,wishlist,2026-02-25 06:37:03.826765
73,117,view,2026-02-25 07:41:44.826765
291,427,purchase,2026-02-25 07:52:23.826765
282,256,cart,2026-02-25 08:30:32.826765
89,482,view,2026-02-25 09:46:58.826765
256,323,cart,2026-02-25 10:19:47.826765
112,187,view,2026-02-25 10:58:42.826765
10,455,view,2026-02-25 12:17:49.826765
149,221,view,2026-02-25 12:19:40.826765
3,220,review,2026-02-25 15:00:14.826765
232,56,view,2026-02-25 16:56:44.826765
279,197,view,2026-02-25 20:42:58.826765
148,45,view,2026-02-25 20:57:16.826765
209,141,view,2026-02-25 21:19:43.826765
206,394,view,2026-02-25 21:30:44.826765
32,104,review,2026-02-25 21:39:01.826765
273,227,wishlist,2026-02-25 21:57:43.826765
250,178,cart,2026-02-25 22:07:56.826765
94,411,cart,2026-02-26 02:09:07.826765
31,332,review,2026-02-26 02:20:31.826765
164,500,view,2026-02-26 02:40:31.826765
228,472,wishlist,2026-02-26 04:33:29.826765
89,472,view,2026-02-26 05:01:48.826765
153,24,review,2026-02-26 05:55:30.826765
116,25,wishlist,2026-02-26 06:27:43.826765
113,232,view,2026-02-26 06:29:37.826765
68,299,view,2026-02-26 06:32:30.826765
17,409,view,2026-02-26 06:56:09.826765
158,69,purchase,2026-02-26 07:26:43.826765
234,324,review,2026-02-26 12:34:23.826765
11,106,review,2026-02-26 13:12:15.826765
291,380,view,2026-02-26 15:51:31.826765
267,329,view,2026-02-26 17:19:21.826765
290,452,cart,2026-02-26 17:40:54.826765
79,232,view,2026-02-26 17:56:42.826765
48,101,view,2026-02-26 18:04:57.826765
150,395,view,2026-02-26 18:07:58.826765
55,444,view,2026-02-26 19:33:14.826765
138,453,cart,2026-02-26 19:54:47.826765
224,114,wishlist,2026-02-26 21:31:18.826765
250,17,wishlist,2026-02-26 21:41:47.826765
294,270,view,2026-02-26 22:43:14.826765
165,364,view,2026-02-26 23:05:22.826765
61,313,wishlist,2026-02-27 02:29:05.826765
176,53,view,2026-02-27 02:38:44.826765
75,133,review,2026-02-27 03:00:35.826765
223,376,view,2026-02-27 04:00:53.826765
283,401,view,2026-02-27 04:44:31.826765
56,445,wishlist,2026-02-27 04:48:47.826765
262,478,review,2026-02-27 05:56:02.826765
206,277,cart,2026-02-27 06:11:16.826765
171,36,view,2026-02-27 08:24:47.826765
9,13,view,2026-02-27 09:36:12.826765
284,103,view,2026-02-27 09:39:27.826765
273,75,wishlist,2026-02-27 09:50:37.826765
263,32,view,2026-02-27 10:29:09.826765
103,353,view,2026-02-27 10:53:03.826765
14,457,cart,2026-02-27 12:31:35.826765
173,201,view,2026-02-27 12:32:38.826765
256,204,wishlist,2026-02-27 14:00:19.826765
202,343,view,2026-02-27 14:05:52.826765
281,13,cart,2026-02-27 15:28:23.826765
25,320,review,2026-02-27 16:03:01.826765
247,228,wishlist,2026-02-27 16:07:50.826765
220,204,view,2026-02-27 17:07:53.826765
26,299,view,2026-02-27 17:27:30.826765
93,16,cart,2026-02-27 19:26:34.826765
105,191,cart,2026-02-27 19:44:23.826765
34,98,view,2026-02-27 20:38:10.826765
209,218,view,2026-02-27 21:11:46.826765
273,298,view,2026-02-28 00:27:40.826765
72,486,cart,2026-02-28 03:12:19.826765
35,226,review,2026-02-28 03:13:16.826765
271,358,view,2026-02-28 03:52:26.826765
90,308,cart,2026-02-28 03:56:58.826765
42,15,cart,2026-02-28 05:00:56.826765
79,139,view,2026-02-28 05:11:42.826765
273,473,view,2026-02-28 05:17:41.826765
124,146,cart,2026-02-28 06:03:45.826765
291,405,view,2026-02-28 07:56:31.826765
80,325,wishlist,2026-02-28 09:52:30.826765
119,16,view,2026-02-28 10:29:26.826765
291,251,view,2026-02-28 10:53:35.826765
131,45,cart,2026-02-28 11:00:21.826765
45,197,cart,2026-02-28 11:10:36.826765
28,109,view,2026-02-28 11:21:16.826765
58,392,wishlist,2026-02-28 11:56:26.826765
237,298,wishlist,2026-02-28 12:42:35.826765
255,118,wishlist,2026-02-28 14:16:18.826765
215,117,view,2026-02-28 14:43:07.826765
224,354,cart,2026-02-28 15:13:28.826765
24,186,view,2026-02-28 16:12:00.826765
250,278,view,2026-02-28 19:10:42.826765
211,457,view,2026-02-28 21:06:43.826765
147,196,cart,2026-02-28 22:36:11.826765
266,394,wishlist,2026-02-28 23:54:03.826765
130,219,cart,2026-03-01 00:29:15.826765
178,206,view,2026-03-01 02:05:14.826765
112,345,view,2026-03-01 04:09:02.826765
41,166,cart,2026-03-01 05:59:19.826765
2,412,wishlist,2026-03-01 07:45:58.826765
170,34,wishlist,2026-03-01 08:57:04.826765
264,330,cart,2026-03-01 09:26:29.826765
93,189,wishlist,2026-03-01 09:37:32.826765
258,238,wishlist,2026-03-01 10:04:13.826765
280,378,cart,2026-03-01 11:09:39.826765
60,369,purchase,2026-03-01 11:26:00.826765
112,216,cart,2026-03-01 11:56:28.826765
272,116,cart,2026-03-01 13:06:08.826765
92,38,review,2026-03-01 15:24:06.826765
287,42,cart,2026-03-01 16:49:20.826765
273,188,cart,2026-03-01 17:21:42.826765
125,498,view,2026-03-01 18:10:37.826765
264,69,view,2026-03-01 19:09:06.826765
173,375,view,2026-03-01 22:33:50.826765
174,226,wishlist,2026-03-01 23:17:29.826765
5,202,wishlist,2026-03-01 23:47:13.826765
120,30,view,2026-03-02 01:28:13.826765
83,141,view,2026-03-02 01:42:07.826765
252,455,purchase,2026-03-02 01:53:21.826765
237,128,view,2026-03-02 03:18:35.826765
77,131,cart,2026-03-02 03:53:39.826765
50,327,view,2026-03-02 03:55:50.826765
14,22,view,2026-03-02 04:09:54.826765
294,147,view,2026-03-02 04:21:54.826765
181,179,cart,2026-03-02 05:34:20.826765
209,310,view,2026-03-02 07:01:22.826765
48,342,view,2026-03-02 07:11:24.826765
131,309,view,2026-03-02 07:18:01.826765
13,117,view,2026-03-02 07:21:50.826765
87,424,cart,2026-03-02 08:05:00.826765
148,433,review,2026-03-02 08:40:08.826765
202,415,view,2026-03-02 08:42:38.826765
289,455,view,2026-03-02 08:45:15.826765
3,205,view,2026-03-02 09:09:22.826765
258,181,view,2026-03-02 10:16:09.826765
221,183,cart,2026-03-02 10:17:57.826765
52,103,view,2026-03-02 11:58:55.826765
106,456,wishlist,2026-03-02 12:48:26.826765
230,275,cart,2026-03-02 17:58:57.826765
50,434,view,2026-03-02 18:19:12.826765
145,307,cart,2026-03-02 20:13:26.826765
135,67,wishlist,2026-03-02 20:39:00.826765
25,89,view,2026-03-02 20:39:36.826765
158,169,review,2026-03-02 21:52:52.826765
130,121,view,2026-03-02 22:01:09.826765
132,141,view,2026-03-02 23:33:38.826765
33,139,view,2026-03-03 00:58:39.826765
284,21,view,2026-03-03 02:04:27.826765
8,420,view,2026-03-03 02:20:10.826765
37,69,view,2026-03-03 03:26:11.826765
122,90,view,2026-03-03 04:38:40.826765
237,104,wishlist,2026-03-03 05:02:15.826765
39,409,wishlist,2026-03-03 06:41:49.826765
72,399,cart,2026-03-03 06:58:11.826765
168,49,view,2026-03-03 09:05:17.826765
90,149,cart,2026-03-03 09:15:51.826765
33,8,cart,2026-03-03 10:17:16.826765
246,28,view,2026-03-03 12:38:23.826765
226,282,view,2026-03-03 12:45:17.826765
103,383,view,2026-03-03 13:09:22.826765
122,403,purchase,2026-03-03 13:34:40.826765
95,470,view,2026-03-03 14:24:49.826765
78,105,wishlist,2026-03-03 14:26:04.826765
200,177,review,2026-03-03 16:19:35.826765
124,301,view,2026-03-03 16:31:00.826765
221,36,view,2026-03-03 16:48:52.826765
271,450,view,2026-03-03 16:52:39.826765
146,493,view,2026-03-03 17:57:49.826765
32,445,cart,2026-03-03 19:42:50.826765
213,99,wishlist,2026-03-03 20:26:02.826765
288,35,cart,2026-03-03 20:45:07.826765
155,309,view,2026-03-03 20:50:13.826765
165,344,view,2026-03-03 21:08:25.826765
214,324,review,2026-03-03 22:44:02.826765
288,79,view,2026-03-04 00:21:44.826765
58,498,wishlist,2026-03-04 01:54:54.826765
14,65,review,2026-03-04 02:09:54.826765
102,436,view,2026-03-04 03:23:04.826765
119,90,view,2026-03-04 03:28:23.826765
107,415,cart,2026-03-04 03:30:00.826765
213,169,cart,2026-03-04 04:28:58.826765
239,477,review,2026-03-04 04:47:24.826765
90,229,wishlist,2026-03-04 07:11:53.826765
225,214,view,2026-03-04 08:46:01.826765
40,91,cart,2026-03-04 10:06:55.826765
280,45,view,2026-03-04 10:51:05.826765
111,103,view,2026-03-04 11:25:42.826765
194,470,view,2026-03-04 11:49:57.826765
164,42,cart,2026-03-04 11:59:51.826765
86,30,view,2026-03-04 13:41:00.826765
57,340,cart,2026-03-04 13:50:31.826765
261,294,view,2026-03-04 16:05:24.826765
106,72,view,2026-03-04 16:07:14.826765
224,277,view,2026-03-04 19:58:10.826765
283,458,cart,2026-03-04 20:33:57.826765
173,455,view,2026-03-04 21:40:32.826765
267,18,view,2026-03-04 22:27:04.826765
227,343,view,2026-03-05 00:15:14.826765
97,314,view,2026-03-05 00:48:05.826765
156,484,view,2026-03-05 02:11:52.826765
171,82,cart,2026-03-05 02:46:04.826765
1,464,cart,2026-03-05 02:56:00.826765
154,448,view,2026-03-05 03:23:57.826765
135,483,cart,2026-03-05 03:28:06.826765
126,433,view,2026-03-05 06:57:26.826765
111,320,cart,2026-03-05 08:47:56.826765
152,301,view,2026-03-05 09:53:50.826765
41,271,review,2026-03-05 10:27:39.826765
88,288,view,2026-03-05 10:57:59.826765
217,376,view,2026-03-05 12:27:39.826765
96,164,view,2026-03-05 14:11:42.826765
225,470,view,2026-03-05 14:37:40.826765
169,466,cart,2026-03-05 14:40:11.826765
96,118,view,2026-03-05 15:02:06.826765
82,288,view,2026-03-05 15:03:45.826765
181,279,view,2026-03-05 16:53:26.826765
106,299,view,2026-03-05 18:27:04.826765
13,51,review,2026-03-05 19:09:23.826765
137,335,view,2026-03-05 23:08:36.826765
156,392,view,2026-03-06 01:24:49.826765
82,302,cart,2026-03-06 02:01:07.826765
293,118,cart,2026-03-06 02:28:35.826765
95,48,view,2026-03-06 02:36:43.826765
273,170,view,2026-03-06 03:13:35.826765
232,55,view,2026-03-06 05:39:38.826765
139,80,view,2026-03-06 06:30:36.826765
185,394,wishlist,2026-03-06 07:02:41.826765
17,256,wishlist,2026-03-06 07:18:37.826765
245,307,view,2026-03-06 07:53:11.826765
172,367,review,2026-03-06 08:30:52.826765
294,25,cart,2026-03-06 08:39:30.826765
246,52,wishlist,2026-03-06 09:05:21.826765
158,294,view,2026-03-06 09:25:03.826765
56,392,view,2026-03-06 10:25:36.826765
176,123,wishlist,2026-03-06 10:44:35.826765
159,396,wishlist,2026-03-06 13:55:02.826765
11,84,review,2026-03-06 14:24:25.826765
177,400,view,2026-03-06 14:53:10.826765
124,362,purchase,2026-03-06 15:01:07.826765
283,280,view,2026-03-06 15:37:59.826765
123,264,wishlist,2026-03-06 16:52:43.826765
118,38,view,2026-03-06 18:03:23.826765
25,286,purchase,2026-03-06 19:16:48.826765
212,320,cart,2026-03-06 19:48:45.826765
47,65,view,2026-03-06 19:58:38.826765
184,331,view,2026-03-06 21:41:30.826765
280,123,view,2026-03-06 21:47:45.826765
76,101,cart,2026-03-06 23:56:39.826765
187,152,view,2026-03-07 00:04:18.826765
113,35,wishlist,2026-03-07 00:38:20.826765
255,34,view,2026-03-07 00:41:01.826765
3,94,wishlist,2026-03-07 00:56:54.826765
204,289,view,2026-03-07 01:20:47.826765
197,325,cart,2026-03-07 02:41:10.826765
224,69,view,2026-03-07 03:56:07.826765
146,176,view,2026-03-07 04:16:17.826765
100,402,view,2026-03-07 04:26:32.826765
227,144,view,2026-03-07 05:18:20.826765
147,214,cart,2026-03-07 05:34:06.826765
271,243,view,2026-03-07 05:53:23.826765
236,301,review,2026-03-07 06:12:50.826765
251,90,cart,2026-03-07 06:20:07.826765
90,297,review,2026-03-07 07:36:44.826765
111,100,cart,2026-03-07 08:14:52.826765
175,191,wishlist,2026-03-07 08:16:16.826765
185,155,purchase,2026-03-07 10:30:56.826765
84,164,cart,2026-03-07 11:02:27.826765
212,482,review,2026-03-07 11:20:21.826765
47,56,purchase,2026-03-07 13:37:09.826765
242,300,cart,2026-03-07 15:07:46.826765
179,20,view,2026-03-07 16:52:16.826765
28,79,purchase,2026-03-07 17:32:31.826765
278,111,view,2026-03-07 19:22:45.826765
20,300,review,2026-03-07 20:19:55.826765
37,427,view,2026-03-07 21:03:06.826765
197,90,cart,2026-03-07 21:04:13.826765
175,98,cart,2026-03-07 22:00:53.826765
62,352,view,2026-03-07 22:01:28.826765
149,9,wishlist,2026-03-07 22:06:13.826765
170,276,view,2026-03-07 22:15:06.826765
207,5,view,2026-03-07 22:40:45.826765
282,154,cart,2026-03-07 22:41:25.826765
173,146,view,2026-03-07 22:43:03.826765
145,390,review,2026-03-08 00:27:50.826765
280,316,view,2026-03-08 01:16:03.826765
293,79,view,2026-03-08 01:35:58.826765
4,498,cart,2026-03-08 04:09:46.826765
166,317,wishlist,2026-03-08 05:17:17.826765
119,297,wishlist,2026-03-08 07:00:30.826765
34,158,wishlist,2026-03-08 07:18:10.826765
79,184,view,2026-03-08 07:18:41.826765
213,202,view,2026-03-08 07:44:09.826765
213,372,view,2026-03-08 08:03:36.826765
134,229,wishlist,2026-03-08 08:06:46.826765
102,106,view,2026-03-08 09:50:31.826765
282,286,view,2026-03-08 12:11:46.826765
184,21,purchase,2026-03-08 13:59:39.826765
6,174,view,2026-03-08 14:09:25.826765
117,94,wishlist,2026-03-08 17:43:31.826765
64,416,wishlist,2026-03-08 18:29:56.826765
154,310,view,2026-03-08 18:37:00.826765
32,85,view,2026-03-08 19:25:39.826765
230,16,wishlist,2026-03-08 20:16:38.826765
296,363,cart,2026-03-08 20:36:56.826765
81,92,purchase,2026-03-08 21:43:53.826765
86,259,view,2026-03-08 23:18:28.826765
218,114,cart,2026-03-09 05:13:24.826765
172,6,view,2026-03-09 05:20:45.826765
294,8,view,2026-03-09 07:21:20.826765
140,452,view,2026-03-09 07:32:21.826765
127,85,view,2026-03-09 07:53:51.826765
277,153,cart,2026-03-09 09:40:27.826765
66,287,view,2026-03-09 11:01:41.826765
95,331,cart,2026-03-09 12:23:08.826765
177,390,cart,2026-03-09 12:37:20.826765
44,378,view,2026-03-09 13:44:56.826765
141,51,view,2026-03-09 14:21:33.826765
237,251,view,2026-03-09 14:40:22.826765
89,334,review,2026-03-09 15:31:11.826765
267,383,wishlist,2026-03-09 16:25:30.826765
55,175,view,2026-03-09 17:07:42.826765
239,249,view,2026-03-09 17:10:30.826765
247,347,view,2026-03-09 17:33:31.826765
22,167,wishlist,2026-03-09 17:34:12.826765
198,394,view,2026-03-09 17:54:26.826765
163,396,cart,2026-03-09 19:42:50.826765
75,101,wishlist,2026-03-09 19:52:24.826765
60,285,view,2026-03-09 20:21:29.826765
60,106,view,2026-03-10 00:24:07.826765
124,1,view,2026-03-10 01:34:51.826765
283,106,wishlist,2026-03-10 01:37:07.826765
291,192,cart,2026-03-10 01:45:09.826765
145,115,wishlist,2026-03-10 02:36:49.826765
59,34,cart,2026-03-10 02:53:58.826765
132,340,view,2026-03-10 03:38:35.826765
9,129,cart,2026-03-10 04:27:26.826765
168,130,view,2026-03-10 04:42:42.826765
72,298,cart,2026-03-10 08:22:50.826765
214,449,view,2026-03-10 09:59:01.826765
186,154,review,2026-03-10 10:23:02.826765
151,496,view,2026-03-10 10:47:59.826765
152,352,view,2026-03-10 12:21:15.826765
162,393,wishlist,2026-03-10 13:08:47.826765
224,391,review,2026-03-10 15:29:04.826765
246,76,view,2026-03-10 16:45:40.826765
211,281,view,2026-03-10 20:05:34.826765
273,319,view,2026-03-10 20:23:46.826765
74,233,view,2026-03-10 21:54:14.826765
95,204,view,2026-03-11 00:34:08.826765
86,367,view,2026-03-11 00:47:40.826765
241,341,review,2026-03-11 00:59:30.826765
129,466,view,2026-03-11 02:04:31.826765
82,188,view,2026-03-11 03:30:46.826765
104,134,cart,2026-03-11 04:06:23.826765
242,439,cart,2026-03-11 07:00:59.826765
159,190,review,2026-03-11 07:08:46.826765
55,264,view,2026-03-11 07:59:55.826765
251,204,review,2026-03-11 08:24:26.826765
254,238,view,2026-03-11 08:24:46.826765
54,442,view,2026-03-11 08:51:17.826765
204,82,cart,2026-03-11 09:02:26.826765
226,97,review,2026-03-11 09:57:51.826765
228,57,review,2026-03-11 10:57:36.826765
265,226,purchase,2026-03-11 12:14:15.826765
253,189,view,2026-03-11 12:30:26.826765
222,322,purchase,2026-03-11 14:05:37.826765
199,104,purchase,2026-03-11 14:40:28.826765
53,251,view,2026-03-11 15:04:44.826765
143,485,view,2026-03-11 16:15:33.826765
253,56,wishlist,2026-03-11 18:21:50.826765
143,291,cart,2026-03-11 18:47:58.826765
277,482,cart,2026-03-11 18:48:20.826765
97,91,cart,2026-03-11 19:28:43.826765
181,192,cart,2026-03-11 21:48:32.826765
69,359,review,2026-03-11 22:03:44.826765
150,239,view,2026-03-11 22:56:02.826765
54,80,view,2026-03-12 00:15:51.826765
148,461,review,2026-03-12 00:16:11.826765
251,259,view,2026-03-12 00:28:56.826765
126,419,cart,2026-03-12 00:31:31.826765
13,46,cart,2026-03-12 00:39:19.826765
238,336,view,2026-03-12 01:35:11.826765
111,401,wishlist,2026-03-12 01:37:48.826765
36,382,view,2026-03-12 02:03:09.826765
151,182,view,2026-03-12 04:24:48.826765
215,74,view,2026-03-12 04:54:12.826765
162,216,view,2026-03-12 06:05:43.826765
199,249,view,2026-03-12 07:51:55.826765
277,235,cart,2026-03-12 08:25:39.826765
295,495,review,2026-03-12 08:52:46.826765
289,74,view,2026-03-12 09:11:31.826765
182,133,review,2026-03-12 11:03:29.826765
265,276,view,2026-03-12 11:38:42.826765
103,117,view,2026-03-12 12:54:05.826765
126,290,cart,2026-03-12 13:16:56.826765
153,7,purchase,2026-03-12 14:56:19.826765
65,463,view,2026-03-12 16:10:23.826765
192,396,wishlist,2026-03-12 18:09:39.826765
192,295,wishlist,2026-03-12 18:42:46.826765
296,427,cart,2026-03-12 18:47:58.826765
99,490,review,2026-03-12 18:49:00.826765
39,347,review,2026-03-12 18:56:40.826765
269,134,view,2026-03-12 19:35:24.826765
243,473,wishlist,2026-03-12 20:41:09.826765
37,454,view,2026-03-12 21:07:55.826765
261,409,view,2026-03-12 21:43:49.826765
182,77,view,2026-03-12 22:03:33.826765
98,447,view,2026-03-12 22:22:22.826765
231,433,cart,2026-03-12 23:12:21.826765
259,254,view,2026-03-12 23:36:41.826765
1,295,wishlist,2026-03-13 00:03:20.826765
99,200,wishlist,2026-03-13 00:17:48.826765
11,304,wishlist,2026-03-13 01:21:26.826765
260,249,view,2026-03-13 02:10:08.826765
183,14,wishlist,2026-03-13 02:35:11.826765
277,13,review,2026-03-13 02:43:13.826765
125,106,wishlist,2026-03-13 02:50:50.826765
289,111,view,2026-03-13 03:19:53.826765
221,367,review,2026-03-13 04:16:57.826765
206,167,view,2026-03-13 05:07:33.826765
173,209,cart,2026-03-13 05:26:20.826765
24,408,cart,2026-03-13 07:17:41.826765
25,16,view,2026-03-13 07:31:26.826765
156,496,view,2026-03-13 08:46:47.826765
61,386,cart,2026-03-13 09:58:55.826765
199,263,wishlist,2026-03-13 10:15:00.826765
200,154,view,2026-03-13 10:23:08.826765
209,130,review,2026-03-13 11:32:53.826765
245,57,cart,2026-03-13 13:48:10.826765
98,476,view,2026-03-13 14:33:41.826765
42,117,wishlist,2026-03-13 14:59:16.826765
269,177,view,2026-03-13 15:32:16.826765
239,19,view,2026-03-13 15:57:11.826765
250,243,view,2026-03-13 17:15:51.826765
55,92,cart,2026-03-13 18:28:27.826765
10,24,view,2026-03-13 18:52:27.826765
99,471,review,2026-03-13 19:09:00.826765
143,437,cart,2026-03-13 19:47:06.826765
118,34,view,2026-03-13 20:34:21.826765
86,158,review,2026-03-13 20:48:27.826765
138,147,wishlist,2026-03-13 22:38:01.826765
278,121,view,2026-03-13 22:43:31.826765
165,432,review,2026-03-13 22:59:47.826765
17,369,view,2026-03-13 23:38:26.826765
174,262,cart,2026-03-13 23:59:20.826765
44,429,cart,2026-03-14 01:33:15.826765
12,422,wishlist,2026-03-14 02:42:36.826765
153,180,view,2026-03-14 03:23:41.826765
141,497,review,2026-03-14 03:59:32.826765
227,271,view,2026-03-14 07:11:32.826765
73,476,wishlist,2026-03-14 07:21:41.826765
1,370,view,2026-03-14 07:58:42.826765
155,352,review,2026-03-14 08:07:52.826765
146,169,view,2026-03-14 08:55:21.826765
151,500,wishlist,2026-03-14 10:11:43.826765
193,140,cart,2026-03-14 11:00:07.826765
84,166,wishlist,2026-03-14 11:28:25.826765
204,447,wishlist,2026-03-14 11:43:36.826765
130,426,cart,2026-03-14 11:54:28.826765
256,418,cart,2026-03-14 12:05:56.826765
284,306,view,2026-03-14 12:25:52.826765
168,479,cart,2026-03-14 13:47:26.826765
273,106,view,2026-03-14 14:13:31.826765
144,151,view,2026-03-14 14:16:21.826765
191,100,cart,2026-03-14 14:27:14.826765
12,336,cart,2026-03-14 14:29:38.826765
63,384,wishlist,2026-03-14 15:07:50.826765
261,219,purchase,2026-03-14 15:09:14.826765
111,134,view,2026-03-14 17:02:38.826765
243,87,view,2026-03-14 18:12:53.826765
7,407,review,2026-03-14 19:36:32.826765
269,102,view,2026-03-14 20:12:40.826765
67,62,view,2026-03-14 21:01:56.826765
220,42,view,2026-03-14 21:16:18.826765
16,37,wishlist,2026-03-14 21:28:24.826765
236,246,wishlist,2026-03-14 21:29:36.826765
291,82,view,2026-03-14 22:11:08.826765
164,408,view,2026-03-14 23:14:46.826765
177,164,wishlist,2026-03-14 23:48:30.826765
194,272,review,2026-03-15 00:02:08.826765
168,93,view,2026-03-15 00:09:10.826765
271,289,view,2026-03-15 01:17:37.826765
152,244,review,2026-03-15 02:43:05.826765
171,375,view,2026-03-15 05:11:34.826765
115,9,wishlist,2026-03-15 05:27:28.826765
63,186,view,2026-03-15 07:07:49.826765
143,93,view,2026-03-15 09:10:06.826765
65,295,purchase,2026-03-15 11:25:49.826765
17,144,review,2026-03-15 11:40:14.826765
41,331,cart,2026-03-15 11:46:20.826765
283,466,view,2026-03-15 13:23:24.826765
110,115,view,2026-03-15 13:25:11.826765
26,226,view,2026-03-15 13:35:04.826765
16,326,wishlist,2026-03-15 15:19:19.826765
27,145,review,2026-03-15 16:31:24.826765
21,109,review,2026-03-15 17:03:40.826765
39,439,cart,2026-03-15 18:40:53.826765
76,230,view,2026-03-15 18:46:21.826765
263,103,view,2026-03-15 18:59:41.826765
277,251,wishlist,2026-03-15 19:50:19.826765
62,325,review,2026-03-15 20:23:59.826765
267,377,view,2026-03-15 21:03:20.826765
288,460,view,2026-03-15 21:55:41.826765
154,471,view,2026-03-15 22:27:48.826765
123,48,cart,2026-03-15 23:34:32.826765
81,24,view,2026-03-15 23:42:49.826765
195,154,wishlist,2026-03-16 00:56:45.826765
113,312,purchase,2026-03-16 04:27:07.826765
128,377,view,2026-03-16 04:31:48.826765
226,215,wishlist,2026-03-16 05:38:58.826765
24,182,review,2026-03-16 06:29:21.826765
263,463,wishlist,2026-03-16 08:15:52.826765
134,417,wishlist,2026-03-16 08:51:30.826765
281,103,wishlist,2026-03-16 09:02:59.826765
260,45,cart,2026-03-16 09:34:00.826765
69,193,view,2026-03-16 11:35:29.826765
267,455,view,2026-03-16 11:40:55.826765
14,367,view,2026-03-16 12:05:57.826765
126,271,cart,2026-03-16 12:27:11.826765
65,101,cart,2026-03-16 13:28:04.826765
10,69,cart,2026-03-16 13:53:36.826765
272,382,view,2026-03-16 14:27:35.826765
210,368,view,2026-03-16 14:56:32.826765
274,90,view,2026-03-16 18:11:05.826765
127,313,view,2026-03-16 19:27:21.826765
86,314,view,2026-03-16 20:17:20.826765
172,489,cart,2026-03-16 20:34:50.826765
78,185,wishlist,2026-03-16 20:55:59.826765
59,347,cart,2026-03-16 21:33:19.826765
39,178,cart,2026-03-16 22:37:46.826765
123,100,view,2026-03-16 23:02:30.826765
97,42,view,2026-03-16 23:07:07.826765
300,358,view,2026-03-17 00:07:00.826765
116,358,cart,2026-03-17 01:27:29.826765
158,398,cart,2026-03-17 02:10:03.826765
146,122,wishlist,2026-03-17 02:13:10.826765
174,122,view,2026-03-17 02:31:39.826765
17,372,cart,2026-03-17 02:44:22.826765
234,355,cart,2026-03-17 03:49:02.826765
47,319,view,2026-03-17 05:54:34.826765
116,386,view,2026-03-17 07:30:27.826765
93,156,view,2026-03-17 08:22:12.826765
95,352,view,2026-03-17 08:30:35.826765
14,122,cart,2026-03-17 08:32:49.826765
70,461,wishlist,2026-03-17 08:34:02.826765
127,257,view,2026-03-17 09:03:33.826765
92,180,cart,2026-03-17 10:02:45.826765
92,210,view,2026-03-17 17:54:18.826765
121,136,purchase,2026-03-17 19:28:13.826765
208,452,view,2026-03-17 19:49:50.826765
182,478,cart,2026-03-17 20:13:30.826765
26,39,view,2026-03-17 22:04:30.826765
30,171,view,2026-03-17 22:32:52.826765
180,251,cart,2026-03-17 23:26:24.826765
160,200,cart,2026-03-18 00:32:31.826765
172,451,view,2026-03-18 02:09:09.826765
185,101,view,2026-03-18 02:10:05.826765
68,201,view,2026-03-18 02:24:14.826765
102,192,review,2026-03-18 02:41:06.826765
51,307,wishlist,2026-03-18 03:26:45.826765
222,402,view,2026-03-18 03:32:35.826765
107,347,cart,2026-03-18 03:50:00.826765
98,350,wishlist,2026-03-18 04:12:44.826765
21,386,view,2026-03-18 04:28:15.826765
149,386,cart,2026-03-18 05:00:38.826765
113,220,review,2026-03-18 06:05:56.826765
259,448,view,2026-03-18 06:42:47.826765
45,130,view,2026-03-18 06:45:43.826765
157,212,review,2026-03-18 06:47:30.826765
17,429,view,2026-03-18 07:35:04.826765
214,319,view,2026-03-18 08:01:40.826765
161,164,cart,2026-03-18 09:58:12.826765
101,141,view,2026-03-18 10:50:19.826765
166,419,view,2026-03-18 11:05:11.826765
92,199,cart,2026-03-18 11:41:27.826765
177,37,review,2026-03-18 11:48:14.826765
51,28,view,2026-03-18 13:23:07.826765
157,499,view,2026-03-18 13:59:50.826765
195,488,wishlist,2026-03-18 16:34:14.826765
250,455,view,2026-03-18 17:14:04.826765
5,47,view,2026-03-18 17:53:54.826765
290,298,purchase,2026-03-18 18:00:36.826765
148,255,cart,2026-03-18 18:29:47.826765
290,477,cart,2026-03-18 19:05:52.826765
111,155,view,2026-03-18 20:29:01.826765
157,451,view,2026-03-18 21:06:33.826765
188,187,purchase,2026-03-18 21:50:24.826765
125,498,review,2026-03-18 21:57:47.826765
185,329,purchase,2026-03-18 22:20:24.826765
54,168,cart,2026-03-18 22:28:24.826765
223,254,cart,2026-03-18 22:41:09.826765
160,140,cart,2026-03-19 00:06:43.826765
247,283,review,2026-03-19 00:17:09.826765
293,187,view,2026-03-19 01:42:03.826765
183,195,view,2026-03-19 01:51:42.826765
14,189,view,2026-03-19 02:15:54.826765
165,43,wishlist,2026-03-19 02:34:01.826765
268,23,wishlist,2026-03-19 02:58:33.826765
36,482,view,2026-03-19 03:46:21.826765
72,220,review,2026-03-19 03:46:43.826765
174,130,cart,2026-03-19 03:47:30.826765
139,180,view,2026-03-19 04:01:41.826765
105,10,view,2026-03-19 04:30:25.826765
151,285,wishlist,2026-03-19 05:32:44.826765
202,88,wishlist,2026-03-19 06:10:18.826765
22,187,view,2026-03-19 08:12:03.826765
148,87,cart,2026-03-19 08:24:42.826765
208,318,wishlist,2026-03-19 09:13:19.826765
144,453,cart,2026-03-19 12:20:50.826765
160,193,view,2026-03-19 12:35:26.826765
198,144,view,2026-03-19 16:26:14.826765
213,369,view,2026-03-19 16:46:38.826765
29,123,view,2026-03-19 16:48:00.826765
159,281,view,2026-03-19 17:47:04.826765
294,132,view,2026-03-19 18:07:41.826765
282,244,cart,2026-03-19 19:19:20.826765
75,228,wishlist,2026-03-19 20:04:38.826765
299,289,view,2026-03-19 20:23:15.826765
195,191,view,2026-03-19 21:29:50.826765
2,329,view,2026-03-19 21:46:24.826765
153,429,wishlist,2026-03-19 21:53:25.826765
97,236,view,2026-03-19 22:39:08.826765
300,448,view,2026-03-20 00:14:48.826765
108,239,view,2026-03-20 02:25:46.826765
194,6,purchase,2026-03-20 03:53:39.826765
151,303,cart,2026-03-20 04:11:09.826765
287,388,cart,2026-03-20 04:15:52.826765
98,118,wishlist,2026-03-20 05:02:25.826765
79,211,cart,2026-03-20 06:17:27.826765
298,457,view,2026-03-20 07:33:08.826765
27,170,view,2026-03-20 08:28:27.826765
93,375,view,2026-03-20 10:36:51.826765
70,274,review,2026-03-20 12:05:18.826765
1,1,view,2026-03-20 13:00:46.826765
86,69,view,2026-03-20 13:17:54.826765
237,292,wishlist,2026-03-20 16:13:58.826765
275,440,cart,2026-03-20 21:44:34.826765
188,77,purchase,2026-03-20 21:54:01.826765
122,314,view,2026-03-20 22:21:07.826765
100,70,wishlist,2026-03-20 22:38:47.826765
60,134,view,2026-03-20 23:34:07.826765
62,347,view,2026-03-20 23:54:22.826765
123,247,cart,2026-03-21 00:15:49.826765
39,156,view,2026-03-21 01:03:23.826765
59,68,cart,2026-03-21 02:40:10.826765
228,374,review,2026-03-21 02:50:16.826765
262,79,cart,2026-03-21 04:30:57.826765
162,333,review,2026-03-21 04:47:03.826765
35,326,view,2026-03-21 05:30:09.826765
60,287,wishlist,2026-03-21 06:37:44.826765
190,336,view,2026-03-21 07:46:04.826765
239,169,view,2026-03-21 08:03:33.826765
225,496,view,2026-03-21 08:21:00.826765
5,496,view,2026-03-21 08:30:33.826765
35,293,cart,2026-03-21 08:42:47.826765
181,56,view,2026-03-21 08:47:03.826765
35,137,view,2026-03-21 10:09:39.826765
77,169,purchase,2026-03-21 10:37:13.826765
166,170,review,2026-03-21 11:14:14.826765
246,396,wishlist,2026-03-21 12:40:38.826765
250,438,view,2026-03-21 12:45:20.826765
27,42,cart,2026-03-21 13:02:50.826765
132,77,purchase,2026-03-21 13:20:29.826765
12,495,wishlist,2026-03-21 13:40:42.826765
190,138,view,2026-03-21 13:56:39.826765
47,47,cart,2026-03-21 15:09:58.826765
226,116,purchase,2026-03-21 18:23:35.826765
74,122,cart,2026-03-21 18:39:38.826765
216,396,wishlist,2026-03-21 19:40:39.826765
181,407,review,2026-03-21 20:09:00.826765
17,257,view,2026-03-21 20:31:23.826765
284,210,wishlist,2026-03-21 21:17:58.826765
138,457,review,2026-03-21 22:06:01.826765
52,356,cart,2026-03-21 23:09:08.826765
175,173,view,2026-03-22 01:32:58.826765
227,157,view,2026-03-22 01:58:53.826765
174,276,view,2026-03-22 02:16:52.826765
139,31,view,2026-03-22 02:42:30.826765
2,369,view,2026-03-22 02:44:54.826765
239,79,cart,2026-03-22 02:50:22.826765
67,473,wishlist,2026-03-22 03:25:57.826765
162,218,view,2026-03-22 04:17:12.826765
7,472,cart,2026-03-22 04:40:14.826765
141,367,cart,2026-03-22 06:16:58.826765
297,385,view,2026-03-22 06:17:09.826765
19,330,cart,2026-03-22 06:48:05.826765
29,2,purchase,2026-03-22 06:52:27.826765
29,464,view,2026-03-22 08:30:53.826765
47,184,review,2026-03-22 08:59:53.826765
13,327,cart,2026-03-22 11:56:34.826765
256,154,view,2026-03-22 12:16:53.826765
89,460,view,2026-03-22 12:18:54.826765
36,479,view,2026-03-22 14:02:57.826765
182,77,cart,2026-03-22 14:37:21.826765
116,8,cart,2026-03-22 15:00:29.826765
284,439,wishlist,2026-03-22 15:11:03.826765
194,454,view,2026-03-22 15:44:33.826765
136,211,view,2026-03-22 16:22:29.826765
63,194,view,2026-03-22 17:00:43.826765
82,277,review,2026-03-22 19:43:42.826765
248,95,review,2026-03-22 19:56:10.826765
127,123,view,2026-03-22 20:14:00.826765
80,420,view,2026-03-22 20:20:06.826765
224,262,wishlist,2026-03-22 20:42:21.826765
179,495,cart,2026-03-22 20:55:11.826765
189,295,review,2026-03-22 22:13:34.826765
272,400,view,2026-03-22 22:30:45.826765
15,22,view,2026-03-22 22:55:20.826765
93,309,view,2026-03-22 23:08:45.826765
3,98,view,2026-03-22 23:29:05.826765
86,92,view,2026-03-23 00:48:03.826765
288,1,view,2026-03-23 01:13:45.826765
13,483,view,2026-03-23 03:48:14.826765
247,340,view,2026-03-23 04:00:30.826765
246,463,cart,2026-03-23 04:14:55.826765
233,232,purchase,2026-03-23 04:31:45.826765
170,336,wishlist,2026-03-23 04:37:30.826765
189,487,view,2026-03-23 04:42:15.826765
283,109,review,2026-03-23 04:44:56.826765
6,105,view,2026-03-23 06:26:36.826765
198,316,wishlist,2026-03-23 06:36:59.826765
252,185,cart,2026-03-23 07:08:47.826765
14,397,wishlist,2026-03-23 08:23:42.826765
157,367,purchase,2026-03-23 13:01:07.826765
34,123,view,2026-03-23 13:49:40.826765
132,262,view,2026-03-23 13:56:33.826765
69,76,view,2026-03-23 15:08:18.826765
64,473,view,2026-03-23 15:46:18.826765
224,276,view,2026-03-23 17:36:59.826765
247,202,view,2026-03-23 17:49:02.826765
37,233,review,2026-03-23 17:55:59.826765
25,26,view,2026-03-23 17:58:14.826765
56,39,purchase,2026-03-23 20:12:41.826765
234,115,review,2026-03-23 20:29:02.826765
8,154,view,2026-03-23 21:19:22.826765
12,191,view,2026-03-23 22:01:11.826765
161,179,view,2026-03-23 22:41:20.826765
39,479,wishlist,2026-03-23 23:28:27.826765
53,295,cart,2026-03-24 00:13:06.826765
2,433,view,2026-03-24 01:03:08.826765
139,208,wishlist,2026-03-24 01:37:20.826765
9,292,cart,2026-03-24 03:41:04.826765
15,387,cart,2026-03-24 04:23:54.826765
169,405,view,2026-03-24 04:29:00.826765
59,85,view,2026-03-24 04:33:39.826765
295,156,view,2026-03-24 04:52:35.826765
155,396,view,2026-03-24 05:14:28.826765
73,110,review,2026-03-24 06:10:44.826765
39,271,purchase,2026-03-24 07:05:43.826765
91,303,view,2026-03-24 09:47:51.826765
78,219,view,2026-03-24 10:38:01.826765
257,462,view,2026-03-24 12:46:43.826765
121,479,view,2026-03-24 12:47:02.826765
209,411,view,2026-03-24 13:17:30.826765
61,148,cart,2026-03-24 13:36:18.826765
107,66,cart,2026-03-24 13:43:09.826765
281,159,view,2026-03-24 14:26:45.826765
250,289,review,2026-03-24 15:12:44.826765
238,343,view,2026-03-24 16:01:18.826765
265,104,cart,2026-03-24 16:12:50.826765
71,268,view,2026-03-24 16:34:28.826765
63,141,view,2026-03-24 17:10:11.826765
80,226,view,2026-03-24 19:03:22.826765
240,387,view,2026-03-24 19:18:40.826765
8,299,view,2026-03-24 19:47:08.826765
271,162,purchase,2026-03-24 19:48:35.826765
120,389,review,2026-03-24 19:49:11.826765
281,129,view,2026-03-24 21:08:18.826765
201,216,view,2026-03-24 21:19:27.826765
137,49,view,2026-03-24 21:25:11.826765
93,48,review,2026-03-24 21:39:38.826765
183,190,cart,2026-03-24 22:13:20.826765
235,220,view,2026-03-24 22:27:30.826765
277,98,view,2026-03-25 00:57:17.826765
134,360,view,2026-03-25 01:05:03.826765
15,423,cart,2026-03-25 02:06:56.826765
49,150,review,2026-03-25 02:08:09.826765
190,404,cart,2026-03-25 02:10:48.826765
218,58,review,2026-03-25 02:45:04.826765
3,162,purchase,2026-03-25 03:08:39.826765
38,258,review,2026-03-25 04:18:48.826765
115,359,cart,2026-03-25 04:29:12.826765
206,376,view,2026-03-25 05:49:06.826765
46,69,view,2026-03-25 05:49:12.826765
242,454,review,2026-03-25 06:26:21.826765
288,9,view,2026-03-25 06:33:45.826765
76,25,view,2026-03-25 06:42:30.826765
70,86,view,2026-03-25 06:44:17.826765
66,387,view,2026-03-25 07:47:47.826765
18,407,wishlist,2026-03-25 07:55:11.826765
259,175,cart,2026-03-25 07:56:23.826765
216,114,review,2026-03-25 09:09:16.826765
288,77,review,2026-03-25 11:13:58.826765
260,286,wishlist,2026-03-25 11:59:10.826765
187,273,view,2026-03-25 12:54:56.826765
227,238,view,2026-03-25 13:07:22.826765
271,368,cart,2026-03-25 13:39:03.826765
263,309,view,2026-03-25 14:16:29.826765
131,333,view,2026-03-25 16:10:18.826765
39,44,view,2026-03-25 17:05:50.826765
111,289,cart,2026-03-25 17:34:27.826765
6,312,view,2026-03-25 17:57:13.826765
271,237,review,2026-03-25 19:06:06.826765
196,261,review,2026-03-25 19:35:37.826765
223,89,view,2026-03-25 19:55:10.826765
256,214,view,2026-03-25 20:40:37.826765
183,128,review,2026-03-25 20:58:07.826765
73,182,view,2026-03-25 21:36:50.826765
120,258,view,2026-03-25 21:55:42.826765
139,146,view,2026-03-25 22:01:21.826765
124,194,wishlist,2026-03-26 01:04:49.826765
160,88,view,2026-03-26 02:10:55.826765
114,137,view,2026-03-26 02:12:02.826765
131,350,view,2026-03-26 02:15:37.826765
106,239,cart,2026-03-26 02:20:54.826765
210,487,view,2026-03-26 02:39:07.826765
31,211,cart,2026-03-26 02:45:31.826765
164,362,purchase,2026-03-26 03:04:10.826765
42,201,cart,2026-03-26 03:36:45.826765
247,161,view,2026-03-26 03:55:09.826765
249,113,view,2026-03-26 03:59:11.826765
66,181,view,2026-03-26 05:47:30.826765
201,425,view,2026-03-26 06:33:19.826765
96,283,view,2026-03-26 06:52:02.826765
98,7,cart,2026-03-26 07:21:26.826765
69,403,wishlist,2026-03-26 07:41:06.826765
3,296,cart,2026-03-26 09:11:50.826765
187,58,view,2026-03-26 09:31:03.826765
143,401,cart,2026-03-26 09:50:37.826765
71,302,cart,2026-03-26 10:13:04.826765
60,436,cart,2026-03-26 10:33:30.826765
34,419,cart,2026-03-26 11:18:58.826765
11,130,review,2026-03-26 12:53:58.826765
192,133,cart,2026-03-26 13:12:07.826765
209,176,view,2026-03-26 13:28:05.826765
263,199,review,2026-03-26 13:39:37.826765
32,426,wishlist,2026-03-26 13:43:00.826765
143,296,view,2026-03-26 14:24:41.826765
220,285,cart,2026-03-26 16:09:39.826765
58,107,purchase,2026-03-26 16:35:24.826765
179,15,view,2026-03-26 17:42:23.826765
220,258,wishlist,2026-03-26 17:53:10.826765
131,266,wishlist,2026-03-26 18:28:23.826765
264,214,view,2026-03-26 18:35:07.826765
191,169,view,2026-03-26 18:44:46.826765
217,427,view,2026-03-26 18:50:21.826765
256,435,view,2026-03-26 19:45:04.826765
167,234,view,2026-03-26 20:37:22.826765
220,152,wishlist,2026-03-26 23:19:11.826765
264,267,wishlist,2026-03-26 23:19:21.826765
276,343,cart,2026-03-26 23:39:09.826765
166,97,view,2026-03-27 02:57:44.826765
12,270,view,2026-03-27 04:15:06.826765
15,449,view,2026-03-27 06:07:01.826765
238,129,cart,2026-03-27 06:20:58.826765
98,149,cart,2026-03-27 06:21:52.826765
61,379,cart,2026-03-27 06:36:26.826765
246,426,view,2026-03-27 07:11:33.826765
177,379,review,2026-03-27 07:53:28.826765
63,177,review,2026-03-27 08:02:09.826765
126,284,cart,2026-03-27 08:20:28.826765
181,276,review,2026-03-27 08:27:43.826765
203,287,wishlist,2026-03-27 09:09:18.826765
190,246,cart,2026-03-27 09:33:33.826765
138,448,view,2026-03-27 12:22:08.826765
256,180,view,2026-03-27 12:24:57.826765
135,486,view,2026-03-27 12:25:26.826765
1,153,view,2026-03-27 13:19:31.826765
182,368,view,2026-03-27 14:14:05.826765
201,115,view,2026-03-27 15:33:24.826765
38,393,cart,2026-03-27 15:42:03.826765
143,7,view,2026-03-27 17:32:33.826765
262,12,cart,2026-03-27 18:20:58.826765
29,26,view,2026-03-27 18:44:14.826765
211,259,view,2026-03-27 19:19:14.826765
226,173,view,2026-03-27 19:36:45.826765
247,211,view,2026-03-27 19:49:42.826765
132,457,view,2026-03-27 21:21:25.826765
151,36,view,2026-03-27 21:25:05.826765
96,84,view,2026-03-27 22:19:00.826765
256,225,cart,2026-03-27 22:49:41.826765
242,338,view,2026-03-28 00:00:21.826765
146,498,view,2026-03-28 00:46:35.826765
184,71,cart,2026-03-28 01:56:57.826765
257,461,cart,2026-03-28 02:16:15.826765
173,217,wishlist,2026-03-28 02:29:45.826765
187,217,cart,2026-03-28 02:39:04.826765
58,301,review,2026-03-28 03:42:22.826765
102,67,purchase,2026-03-28 03:42:55.826765
295,381,view,2026-03-28 04:28:58.826765
203,167,view,2026-03-28 05:01:21.826765
137,141,cart,2026-03-28 05:04:58.826765
277,103,view,2026-03-28 05:49:26.826765
154,20,cart,2026-03-28 07:20:50.826765
218,420,view,2026-03-28 09:15:40.826765
40,23,review,2026-03-28 11:10:10.826765
260,204,view,2026-03-28 11:45:47.826765
120,76,cart,2026-03-28 12:47:01.826765
270,308,view,2026-03-28 12:50:57.826765
48,23,wishlist,2026-03-28 12:59:50.826765
154,306,cart,2026-03-28 13:00:49.826765
76,451,view,2026-03-28 13:40:45.826765
202,2,wishlist,2026-03-28 14:44:19.826765
122,134,view,2026-03-28 14:59:32.826765
102,110,wishlist,2026-03-28 15:05:16.826765
139,141,view,2026-03-28 16:29:11.826765
140,328,view,2026-03-28 17:26:51.826765
275,102,view,2026-03-28 18:26:10.826765
257,490,view,2026-03-28 18:54:24.826765
202,104,review,2026-03-28 19:35:49.826765
17,240,view,2026-03-28 20:51:24.826765
84,483,view,2026-03-28 20:52:29.826765
122,287,view,2026-03-28 23:30:10.826765
164,420,view,2026-03-28 23:33:17.826765
222,208,wishlist,2026-03-29 00:23:50.826765
144,279,view,2026-03-29 01:22:43.826765
131,210,view,2026-03-29 04:41:19.826765
63,399,view,2026-03-29 06:20:06.826765
258,403,view,2026-03-29 06:20:24.826765
127,135,wishlist,2026-03-29 07:31:18.826765
293,448,view,2026-03-29 08:03:57.826765
242,85,cart,2026-03-29 08:26:32.826765
208,35,view,2026-03-29 10:41:01.826765
285,151,cart,2026-03-29 11:07:33.826765
74,292,cart,2026-03-29 11:17:15.826765
55,472,review,2026-03-29 11:22:49.826765
102,159,view,2026-03-29 14:49:27.826765
39,112,wishlist,2026-03-29 16:17:38.826765
4,157,view,2026-03-29 16:23:41.826765
92,112,wishlist,2026-03-29 16:38:16.826765
20,424,view,2026-03-29 16:40:06.826765
198,404,wishlist,2026-03-29 19:18:15.826765
275,431,cart,2026-03-29 19:41:06.826765
160,44,view,2026-03-29 20:10:13.826765
252,423,cart,2026-03-29 21:39:08.826765
170,51,cart,2026-03-29 22:01:12.826765
58,321,purchase,2026-03-29 22:16:03.826765
148,495,view,2026-03-29 23:20:36.826765
291,58,cart,2026-03-29 23:36:24.826765
220,52,wishlist,2026-03-29 23:46:00.826765
151,147,view,2026-03-30 00:25:10.826765
279,181,cart,2026-03-30 01:12:36.826765
182,428,view,2026-03-30 01:55:40.826765
46,496,cart,2026-03-30 03:31:57.826765
17,466,view,2026-03-30 03:49:50.826765
244,486,cart,2026-03-30 06:48:49.826765
87,438,view,2026-03-30 06:54:46.826765
86,103,review,2026-03-30 07:54:34.826765
