product_id,name,category,subcategory,brand,price,avg_rating,review_count,in_stock,tags,description
prod_0001,Apple Wireless Earbuds Mini,Electronics,Wearables,Apple,378.66,4.2,125,True,"['4k', 'tech', 'hd', 'voice-assistant', 'rechargeable', 'waterproof', 'portable']","The Apple Apple Wireless Earbuds Mini is a top-rated wearables product designed for everyday use. It features 4k and 4k technology for superior performance. Trusted by thousands of customers, it delivers excellent value and durability."
prod_0002,Xiaomi Webcam Max,Electronics,Wearables,Xiaomi,682.08,4.3,923,True,"['fast-charge', 'waterproof', 'electronics', 'gadget', 'portable', 'usb-c', 'bluetooth', '4k']","Introducing the Xiaomi Webcam Max by Xiaomi — a premium electronics solution built for modern lifestyles. Engineered with waterproof materials and bluetooth design, it stands out in the wearables market. Whether you're a beginner or professional, this product meets your needs."
prod_0003,Samsung Gaming Mouse SE,Electronics,Networking,Samsung,200.37,3.9,112,True,"['tech', 'rechargeable', 'bluetooth', 'hd', 'noise-cancelling', 'usb-c', 'wireless', 'voice-assistant', 'electronics']","Introducing the Samsung Gaming Mouse SE by Samsung — a premium electronics solution built for modern lifestyles. Engineered with hd materials and rechargeable design, it stands out in the networking market. Whether you're a beginner or professional, this product meets your needs."
prod_0004,Sony Mechanical Keyboard Elite,Electronics,Audio,Sony,326.12,4.8,372,True,"['4k', 'hd', 'waterproof', 'tech', 'noise-cancelling', 'gadget', 'rechargeable', 'wireless']","The Sony Sony Mechanical Keyboard Elite is a top-rated audio product designed for professional use. It features wireless and rechargeable technology for superior performance. Trusted by thousands of customers, it delivers excellent value and durability."
prod_0005,Logitech Webcam Mini,Electronics,Networking,Logitech,113.29,3.8,284,True,"['voice-assistant', '4k', 'usb-c', 'wireless', 'hd', 'smart', 'portable', 'noise-cancelling', 'tech', 'gadget']","The Logitech Webcam Mini from Logitech combines gadget functionality with sleek aesthetics. As a leading networking product in the Electronics category, it offers portable performance. Backed by a manufacturer warranty and thousands of verified purchases."
prod_0006,Sony Wireless Charger X,Electronics,Laptops,Sony,150.0,3.8,84,True,"['waterproof', 'tech', 'gadget', 'hd', 'fast-charge', 'portable']","Introducing the Sony Wireless Charger X by Sony — a premium electronics solution built for modern lifestyles. Engineered with hd materials and fast-charge design, it stands out in the laptops market. Whether you're a beginner or professional, this product meets your needs."
prod_0007,Samsung Bluetooth Speaker,Electronics,Networking,Samsung,1328.91,4.1,14,True,"['bluetooth', 'fast-charge', 'hd', 'usb-c', 'tech', 'voice-assistant', 'portable', 'gadget', 'wireless', 'electronics', 'smart', 'waterproof']","The Samsung Samsung Bluetooth Speaker is a top-rated networking product designed for travel use. It features fast-charge and smart technology for superior performance. Trusted by thousands of customers, it delivers excellent value and durability."
prod_0008,Sony Wireless Charger SE,Electronics,Networking,Sony,1378.96,3.1,75,True,"['usb-c', 'smart', 'electronics', 'tech', 'voice-assistant', 'bluetooth', 'wireless', 'fast-charge', '4k', 'noise-cancelling']","The Sony Wireless Charger SE from Sony combines electronics functionality with sleek aesthetics. As a leading networking product in the Electronics category, it offers electronics performance. Backed by a manufacturer warranty and thousands of verified purchases."
prod_0009,Sony USB-C Hub SE,Electronics,Accessories,Sony,1310.56,3.5,216,True,"['wireless', 'rechargeable', 'fast-charge', '4k', 'voice-assistant', 'bluetooth', 'portable', 'usb-c', 'hd']","The Sony Sony USB-C Hub SE is a top-rated accessories product designed for travel use. It features usb-c and rechargeable technology for superior performance. Trusted by thousands of customers, it delivers excellent value and durability."
prod_0010,Lenovo Smart Watch Pro,Electronics,Laptops,Lenovo,120.42,3.5,27,True,"['electronics', 'wireless', 'tech', 'voice-assistant', 'usb-c', 'fast-charge', 'rechargeable', 'waterproof', 'gadget', 'hd', 'smart']","Introducing the Lenovo Smart Watch Pro by Lenovo — a premium electronics solution built for modern lifestyles. Engineered with hd materials and hd design, it stands out in the laptops market. Whether you're a beginner or professional, this product meets your needs."
prod_0011,Apple Bluetooth Speaker,Electronics,Laptops,Apple,655.11,4.7,113,True,"['portable', 'smart', '4k', 'electronics', 'hd', 'tech', 'fast-charge', 'voice-assistant', 'usb-c']","The Apple Apple Bluetooth Speaker is a top-rated laptops product designed for home use. It features smart and electronics technology for superior performance. Trusted by thousands of customers, it delivers excellent value and durability."
prod_0012,JBL Smart Watch Plus,Electronics,Audio,JBL,673.05,4.0,26,True,"['waterproof', 'rechargeable', 'tech', 'electronics', 'hd', 'voice-assistant', '4k', 'fast-charge', 'portable', 'smart', 'usb-c', 'wireless']","The JBL JBL Smart Watch Plus is a top-rated audio product designed for outdoor use. It features fast-charge and electronics technology for superior performance. Trusted by thousands of customers, it delivers excellent value and durability."
prod_0013,JBL USB-C Hub Ultra,Electronics,Audio,JBL,1049.44,3.7,169,True,"['fast-charge', 'rechargeable', 'hd', '4k', 'smart', 'gadget', 'wireless', 'bluetooth', 'tech', 'electronics', 'voice-assistant']","The JBL USB-C Hub Ultra from JBL combines electronics functionality with sleek aesthetics. As a leading audio product in the Electronics category, it offers bluetooth performance. Backed by a manufacturer warranty and thousands of verified purchases."
prod_0014,Sony Wireless Earbuds SE,Electronics,Accessories,Sony,133.97,3.4,232,True,"['tech', 'noise-cancelling', 'voice-assistant', 'hd', 'wireless', 'portable', 'fast-charge']","Introducing the Sony Wireless Earbuds SE by Sony — a premium electronics solution built for modern lifestyles. Engineered with wireless materials and tech design, it stands out in the accessories market. Whether you're a beginner or professional, this product meets your needs."
prod_0015,Xiaomi Mechanical Keyboard Mini,Electronics,Accessories,Xiaomi,318.32,3.7,104,True,"['usb-c', 'wireless', 'bluetooth', 'portable', 'gadget', 'fast-charge', 'smart', 'voice-assistant', '4k', 'electronics', 'rechargeable']","The Xiaomi Mechanical Keyboard Mini from Xiaomi combines 4k functionality with sleek aesthetics. As a leading accessories product in the Electronics category, it offers portable performance. Backed by a manufacturer warranty and thousands of verified purchases."
prod_0016,Apple Smart Watch Elite,Electronics,Audio,Apple,438.21,3.7,1370,True,"['waterproof', 'rechargeable', '4k', 'bluetooth', 'noise-cancelling', 'voice-assistant', 'electronics', 'fast-charge', 'usb-c']","Introducing the Apple Smart Watch Elite by Apple — a premium electronics solution built for modern lifestyles. Engineered with rechargeable materials and rechargeable design, it stands out in the audio market. Whether you're a beginner or professional, this product meets your needs."
prod_0017,Logitech Smart Watch,Electronics,Laptops,Logitech,956.84,4.0,41,False,"['rechargeable', 'smart', 'bluetooth', 'electronics', 'tech', 'portable', 'fast-charge', '4k']","The Logitech Smart Watch from Logitech combines 4k functionality with sleek aesthetics. As a leading laptops product in the Electronics category, it offers fast-charge performance. Backed by a manufacturer warranty and thousands of verified purchases."
prod_0018,Sony Wireless Charger Pro,Electronics,Smartphones,Sony,1254.37,4.4,34,True,"['rechargeable', 'gadget', 'portable', 'waterproof', 'electronics', 'bluetooth', 'usb-c', 'hd', '4k', 'tech']","The Sony Sony Wireless Charger Pro is a top-rated smartphones product designed for professional use. It features gadget and bluetooth technology for superior performance. Trusted by thousands of customers, it delivers excellent value and durability."
prod_0019,Sony Webcam Pro,Electronics,Networking,Sony,281.35,4.1,14,True,"['fast-charge', 'portable', 'voice-assistant', 'hd', 'wireless', 'bluetooth', 'gadget', 'tech']","Introducing the Sony Webcam Pro by Sony — a premium electronics solution built for modern lifestyles. Engineered with hd materials and hd design, it stands out in the networking market. Whether you're a beginner or professional, this product meets your needs."
prod_0020,LG Smart Watch Pro,Electronics,Networking,LG,995.15,3.3,187,True,"['usb-c', 'bluetooth', 'tech', 'waterproof', 'voice-assistant', 'rechargeable', 'portable', 'hd', 'electronics']","Introducing the LG Smart Watch Pro by LG — a premium electronics solution built for modern lifestyles. Engineered with voice-assistant materials and usb-c design, it stands out in the networking market. Whether you're a beginner or professional, this product meets your needs."
prod_0021,Anker Power Bank SE,Electronics,Audio,Anker,186.73,4.4,182,True,"['wireless', 'bluetooth', 'electronics', '4k', 'portable', 'fast-charge', 'rechargeable', 'voice-assistant', 'gadget', 'smart']","Introducing the Anker Power Bank SE by Anker — a premium electronics solution built for modern lifestyles. Engineered with fast-charge materials and bluetooth design, it stands out in the audio market. Whether you're a beginner or professional, this product meets your needs."
prod_0022,Anker USB-C Hub SE,Electronics,Audio,Anker,204.02,3.9,103,True,"['hd', 'portable', 'voice-assistant', '4k', 'gadget', 'noise-cancelling', 'bluetooth', 'waterproof', 'rechargeable']","Introducing the Anker USB-C Hub SE by Anker — a premium electronics solution built for modern lifestyles. Engineered with 4k materials and bluetooth design, it stands out in the audio market. Whether you're a beginner or professional, this product meets your needs."
prod_0023,Xiaomi Gaming Mouse Lite,Electronics,Laptops,Xiaomi,993.39,3.3,62,True,"['rechargeable', 'hd', 'waterproof', 'noise-cancelling', 'usb-c', 'tech', 'wireless', 'bluetooth']","The Xiaomi Gaming Mouse Lite from Xiaomi combines noise-cancelling functionality with sleek aesthetics. As a leading laptops product in the Electronics category, it offers bluetooth performance. Backed by a manufacturer warranty and thousands of verified purchases."
prod_0024,JBL Webcam,Electronics,Smartphones,JBL,869.87,3.8,527,True,"['4k', 'portable', 'smart', 'waterproof', 'wireless', 'gadget', 'electronics', 'tech', 'voice-assistant', 'hd', 'fast-charge']","Introducing the JBL Webcam by JBL — a premium electronics solution built for modern lifestyles. Engineered with 4k materials and voice-assistant design, it stands out in the smartphones market. Whether you're a beginner or professional, this product meets your needs."
prod_0025,Xiaomi Wireless Charger HD,Electronics,Cameras,Xiaomi,486.19,4.2,17,True,"['voice-assistant', 'smart', 'noise-cancelling', '4k', 'rechargeable', 'portable', 'hd', 'waterproof', 'tech', 'usb-c', 'wireless', 'bluetooth']","The Xiaomi Xiaomi Wireless Charger HD is a top-rated cameras product designed for home use. It features 4k and wireless technology for superior performance. Trusted by thousands of customers, it delivers excellent value and durability."
prod_0026,Bose Smart Watch Mini,Electronics,Smartphones,Bose,513.73,4.2,93,True,"['tech', 'gadget', 'waterproof', 'wireless', 'portable', 'fast-charge', '4k', 'voice-assistant', 'rechargeable', 'hd']","Introducing the Bose Smart Watch Mini by Bose — a premium electronics solution built for modern lifestyles. Engineered with 4k materials and tech design, it stands out in the smartphones market. Whether you're a beginner or professional, this product meets your needs."
prod_0027,Samsung Power Bank Ultra,Electronics,Accessories,Samsung,723.31,3.7,309,True,"['bluetooth', 'fast-charge', 'portable', 'waterproof', 'rechargeable', 'hd', 'wireless', 'smart']","The Samsung Power Bank Ultra from Samsung combines wireless functionality with sleek aesthetics. As a leading accessories product in the Electronics category, it offers hd performance. Backed by a manufacturer warranty and thousands of verified purchases."
prod_0028,Sony Gaming Mouse Lite,Electronics,Cameras,Sony,1471.37,4.5,453,True,"['electronics', 'portable', 'noise-cancelling', 'fast-charge', 'hd', 'voice-assistant', 'tech', 'waterproof', 'rechargeable', 'wireless']","Introducing the Sony Gaming Mouse Lite by Sony — a premium electronics solution built for modern lifestyles. Engineered with tech materials and voice-assistant design, it stands out in the cameras market. Whether you're a beginner or professional, this product meets your needs."
prod_0029,Bose Webcam Mini,Electronics,Cameras,Bose,1254.84,3.6,102,True,"['electronics', '4k', 'rechargeable', 'voice-assistant', 'usb-c', 'wireless', 'tech', 'waterproof', 'portable']","Introducing the Bose Webcam Mini by Bose — a premium electronics solution built for modern lifestyles. Engineered with electronics materials and rechargeable design, it stands out in the cameras market. Whether you're a beginner or professional, this product meets your needs."
prod_0030,LG Gaming Mouse Mini,Electronics,Accessories,LG,1153.84,4.2,478,True,"['noise-cancelling', 'voice-assistant', '4k', 'fast-charge', 'tech', 'gadget', 'bluetooth']","Introducing the LG Gaming Mouse Mini by LG — a premium electronics solution built for modern lifestyles. Engineered with 4k materials and tech design, it stands out in the accessories market. Whether you're a beginner or professional, this product meets your needs."
prod_0031,Apple Power Bank,Electronics,Laptops,Apple,375.63,3.8,118,True,"['fast-charge', 'bluetooth', 'hd', 'noise-cancelling', 'tech', '4k', 'electronics', 'usb-c', 'waterproof', 'wireless', 'gadget']","The Apple Apple Power Bank is a top-rated laptops product designed for everyday use. It features waterproof and gadget technology for superior performance. Trusted by thousands of customers, it delivers excellent value and durability."
prod_0032,JBL Laptop Stand Ultra,Electronics,Audio,JBL,276.56,3.4,35,True,"['hd', 'bluetooth', 'noise-cancelling', 'rechargeable', 'smart', 'voice-assistant', 'portable', 'waterproof', 'gadget', 'tech']","The JBL Laptop Stand Ultra from JBL combines tech functionality with sleek aesthetics. As a leading audio product in the Electronics category, it offers tech performance. Backed by a manufacturer warranty and thousands of verified purchases."
prod_0033,JBL Mechanical Keyboard Lite,Electronics,Smartphones,JBL,739.01,4.4,755,True,"['fast-charge', 'bluetooth', 'usb-c', 'waterproof', 'noise-cancelling', '4k', 'rechargeable', 'electronics']","The JBL Mechanical Keyboard Lite from JBL combines electronics functionality with sleek aesthetics. As a leading smartphones product in the Electronics category, it offers waterproof performance. Backed by a manufacturer warranty and thousands of verified purchases."
prod_0034,JBL Gaming Mouse Pro,Electronics,Wearables,JBL,153.18,4.0,494,True,"['portable', '4k', 'wireless', 'bluetooth', 'hd', 'noise-cancelling', 'usb-c']","Introducing the JBL Gaming Mouse Pro by JBL — a premium electronics solution built for modern lifestyles. Engineered with wireless materials and bluetooth design, it stands out in the wearables market. Whether you're a beginner or professional, this product meets your needs."
prod_0035,Bose USB-C Hub Mini,Electronics,Cameras,Bose,357.35,4.2,68,True,"['wireless', 'usb-c', 'tech', '4k', 'rechargeable', 'gadget', 'voice-assistant', 'hd', 'waterproof', 'smart', 'noise-cancelling']","The Bose Bose USB-C Hub Mini is a top-rated cameras product designed for travel use. It features waterproof and smart technology for superior performance. Trusted by thousands of customers, it delivers excellent value and durability."
prod_0036,Samsung Wireless Charger Lite,Electronics,Audio,Samsung,422.35,4.2,939,True,"['rechargeable', 'bluetooth', '4k', 'gadget', 'hd', 'smart']","Introducing the Samsung Wireless Charger Lite by Samsung — a premium electronics solution built for modern lifestyles. Engineered with 4k materials and gadget design, it stands out in the audio market. Whether you're a beginner or professional, this product meets your needs."
prod_0037,Bose Gaming Mouse Plus,Electronics,Smartphones,Bose,1235.84,4.0,970,True,"['smart', 'tech', 'noise-cancelling', 'hd', '4k', 'electronics', 'gadget', 'rechargeable', 'portable']","The Bose Gaming Mouse Plus from Bose combines portable functionality with sleek aesthetics. As a leading smartphones product in the Electronics category, it offers gadget performance. Backed by a manufacturer warranty and thousands of verified purchases."
prod_0038,LG Wireless Charger Ultra,Electronics,Accessories,LG,684.01,2.7,397,False,"['bluetooth', 'waterproof', 'noise-cancelling', 'portable', 'voice-assistant', 'fast-charge', 'electronics', 'tech', '4k']","The LG Wireless Charger Ultra from LG combines portable functionality with sleek aesthetics. As a leading accessories product in the Electronics category, it offers noise-cancelling performance. Backed by a manufacturer warranty and thousands of verified purchases."
prod_0039,Anker Gaming Mouse HD,Electronics,Smartphones,Anker,712.82,4.0,103,True,"['wireless', 'bluetooth', '4k', 'waterproof', 'smart', 'tech']","The Anker Anker Gaming Mouse HD is a top-rated smartphones product designed for professional use. It features 4k and tech technology for superior performance. Trusted by thousands of customers, it delivers excellent value and durability."
prod_0040,Sony USB-C Hub Lite,Electronics,Wearables,Sony,121.04,4.0,13,True,"['fast-charge', 'bluetooth', 'noise-cancelling', '4k', 'voice-assistant', 'waterproof', 'smart']","The Sony USB-C Hub Lite from Sony combines 4k functionality with sleek aesthetics. As a leading wearables product in the Electronics category, it offers noise-cancelling performance. Backed by a manufacturer warranty and thousands of verified purchases."
prod_0041,Apple Power Bank Pro,Electronics,Cameras,Apple,1335.79,3.9,227,True,"['usb-c', 'noise-cancelling', 'bluetooth', 'electronics', 'tech', 'wireless', '4k', 'fast-charge', 'smart', 'rechargeable', 'hd']","Introducing the Apple Power Bank Pro by Apple — a premium electronics solution built for modern lifestyles. Engineered with fast-charge materials and tech design, it stands out in the cameras market. Whether you're a beginner or professional, this product meets your needs."
prod_0042,Apple Gaming Mouse Elite,Electronics,Cameras,Apple,621.4,4.7,79,True,"['hd', 'tech', 'gadget', 'usb-c', 'portable', 'smart', 'bluetooth', 'voice-assistant']","The Apple Apple Gaming Mouse Elite is a top-rated cameras product designed for travel use. It features hd and voice-assistant technology for superior performance. Trusted by thousands of customers, it delivers excellent value and durability."
prod_0043,Xiaomi Wireless Earbuds,Electronics,Cameras,Xiaomi,1306.01,3.6,81,True,"['portable', 'electronics', 'wireless', 'rechargeable', 'usb-c', 'noise-cancelling', 'smart', '4k', 'voice-assistant']","The Xiaomi Wireless Earbuds from Xiaomi combines usb-c functionality with sleek aesthetics. As a leading cameras product in the Electronics category, it offers 4k performance. Backed by a manufacturer warranty and thousands of verified purchases."
prod_0044,Lenovo Smart Watch Lite,Electronics,Smartphones,Lenovo,476.46,4.5,220,True,"['rechargeable', 'portable', 'tech', 'wireless', 'fast-charge', 'smart']","The Lenovo Smart Watch Lite from Lenovo combines tech functionality with sleek aesthetics. As a leading smartphones product in the Electronics category, it offers fast-charge performance. Backed by a manufacturer warranty and thousands of verified purchases."
prod_0045,JBL Gaming Mouse Max,Electronics,Networking,JBL,693.33,3.7,274,True,"['portable', 'wireless', 'noise-cancelling', 'rechargeable', 'gadget', 'tech', 'bluetooth']","Introducing the JBL Gaming Mouse Max by JBL — a premium electronics solution built for modern lifestyles. Engineered with gadget materials and noise-cancelling design, it stands out in the networking market. Whether you're a beginner or professional, this product meets your needs."
prod_0046,Lenovo Power Bank,Electronics,Networking,Lenovo,742.12,4.0,474,True,"['smart', 'rechargeable', 'voice-assistant', 'usb-c', '4k', 'waterproof', 'noise-cancelling']","The Lenovo Power Bank from Lenovo combines waterproof functionality with sleek aesthetics. As a leading networking product in the Electronics category, it offers rechargeable performance. Backed by a manufacturer warranty and thousands of verified purchases."
prod_0047,Anker Wireless Earbuds Elite,Electronics,Networking,Anker,1120.89,3.6,100,True,"['voice-assistant', 'fast-charge', 'portable', 'waterproof', 'hd', 'gadget', 'smart', 'electronics', 'tech', 'bluetooth', 'usb-c']","The Anker Wireless Earbuds Elite from Anker combines electronics functionality with sleek aesthetics. As a leading networking product in the Electronics category, it offers voice-assistant performance. Backed by a manufacturer warranty and thousands of verified purchases."
prod_0048,Sony Bluetooth Speaker X,Electronics,Networking,Sony,1175.57,3.8,25,True,"['usb-c', 'noise-cancelling', '4k', 'portable', 'hd', 'tech', 'voice-assistant', 'fast-charge']","The Sony Bluetooth Speaker X from Sony combines hd functionality with sleek aesthetics. As a leading networking product in the Electronics category, it offers portable performance. Backed by a manufacturer warranty and thousands of verified purchases."
prod_0049,Apple Gaming Mouse Lite,Electronics,Smartphones,Apple,1045.59,4.1,203,True,"['electronics', 'usb-c', 'fast-charge', 'voice-assistant', 'bluetooth', 'waterproof']","The Apple Gaming Mouse Lite from Apple combines voice-assistant functionality with sleek aesthetics. As a leading smartphones product in the Electronics category, it offers bluetooth performance. Backed by a manufacturer warranty and thousands of verified purchases."
prod_0050,Sony Bluetooth Speaker HD,Electronics,Laptops,Sony,1308.2,4.0,111,True,"['hd', 'wireless', 'smart', 'noise-cancelling', 'gadget', 'waterproof', 'fast-charge', 'bluetooth', '4k', 'voice-assistant']","Introducing the Sony Bluetooth Speaker HD by Sony — a premium electronics solution built for modern lifestyles. Engineered with 4k materials and smart design, it stands out in the laptops market. Whether you're a beginner or professional, this product meets your needs."
prod_0051,Anker USB-C Hub X,Electronics,Audio,Anker,1270.28,3.3,89,True,"['portable', 'waterproof', 'smart', 'tech', 'wireless', 'voice-assistant', 'usb-c']","Introducing the Anker USB-C Hub X by Anker — a premium electronics solution built for modern lifestyles. Engineered with smart materials and portable design, it stands out in the audio market. Whether you're a beginner or professional, this product meets your needs."
prod_0052,Samsung Power Bank X,Electronics,Accessories,Samsung,1251.77,3.8,56,True,"['fast-charge', 'voice-assistant', 'wireless', 'noise-cancelling', 'usb-c', 'waterproof', '4k', 'bluetooth']","The Samsung Power Bank X from Samsung combines fast-charge functionality with sleek aesthetics. As a leading accessories product in the Electronics category, it offers waterproof performance. Backed by a manufacturer warranty and thousands of verified purchases."
prod_0053,Logitech Webcam Lite,Electronics,Audio,Logitech,313.18,3.9,241,True,"['rechargeable', 'usb-c', 'voice-assistant', 'fast-charge', 'bluetooth', 'gadget', 'hd', 'smart', 'portable', 'noise-cancelling', 'waterproof', 'electronics']","Introducing the Logitech Webcam Lite by Logitech — a premium electronics solution built for modern lifestyles. Engineered with fast-charge materials and waterproof design, it stands out in the audio market. Whether you're a beginner or professional, this product meets your needs."
prod_0054,Xiaomi Mechanical Keyboard Plus,Electronics,Networking,Xiaomi,1189.16,4.9,183,False,"['bluetooth', 'rechargeable', 'tech', 'smart', 'usb-c', 'voice-assistant']","Introducing the Xiaomi Mechanical Keyboard Plus by Xiaomi — a premium electronics solution built for modern lifestyles. Engineered with tech materials and bluetooth design, it stands out in the networking market. Whether you're a beginner or professional, this product meets your needs."
prod_0055,Logitech Power Bank Max,Electronics,Accessories,Logitech,976.76,4.1,135,True,"['waterproof', 'smart', '4k', 'bluetooth', 'hd', 'portable', 'tech', 'gadget', 'electronics', 'noise-cancelling', 'voice-assistant']","Introducing the Logitech Power Bank Max by Logitech — a premium electronics solution built for modern lifestyles. Engineered with bluetooth materials and electronics design, it stands out in the accessories market. Whether you're a beginner or professional, this product meets your needs."
prod_0056,Xiaomi Webcam HD,Electronics,Wearables,Xiaomi,1117.27,3.0,143,True,"['voice-assistant', 'portable', 'hd', 'tech', 'smart', 'noise-cancelling', 'waterproof']","The Xiaomi Xiaomi Webcam HD is a top-rated wearables product designed for home use. It features voice-assistant and noise-cancelling technology for superior performance. Trusted by thousands of customers, it delivers excellent value and durability."
prod_0057,Logitech Wireless Charger,Electronics,Smartphones,Logitech,547.63,4.0,2852,True,"['bluetooth', 'wireless', 'tech', 'smart', 'fast-charge', 'waterproof', 'electronics', 'rechargeable', 'portable']","The Logitech Wireless Charger from Logitech combines portable functionality with sleek aesthetics. As a leading smartphones product in the Electronics category, it offers smart performance. Backed by a manufacturer warranty and thousands of verified purchases."
prod_0058,LG Mechanical Keyboard Lite,Electronics,Networking,LG,1186.14,3.9,213,True,"['electronics', 'bluetooth', 'gadget', 'fast-charge', 'rechargeable', 'waterproof', '4k', 'tech', 'usb-c', 'voice-assistant']","The LG LG Mechanical Keyboard Lite is a top-rated networking product designed for professional use. It features electronics and waterproof technology for superior performance. Trusted by thousands of customers, it delivers excellent value and durability."
prod_0059,Anker Wireless Charger Plus,Electronics,Laptops,Anker,1122.31,4.0,36,True,"['smart', 'fast-charge', 'usb-c', 'rechargeable', 'noise-cancelling', 'tech', 'voice-assistant', 'wireless', 'bluetooth']","Introducing the Anker Wireless Charger Plus by Anker — a premium electronics solution built for modern lifestyles. Engineered with wireless materials and smart design, it stands out in the laptops market. Whether you're a beginner or professional, this product meets your needs."
prod_0060,JBL Gaming Mouse Plus,Electronics,Smartphones,JBL,1350.41,4.6,365,True,"['noise-cancelling', 'gadget', 'tech', 'waterproof', 'bluetooth', 'voice-assistant', 'rechargeable', 'usb-c']","Introducing the JBL Gaming Mouse Plus by JBL — a premium electronics solution built for modern lifestyles. Engineered with rechargeable materials and gadget design, it stands out in the smartphones market. Whether you're a beginner or professional, this product meets your needs."
prod_0061,Anker Mechanical Keyboard X,Electronics,Laptops,Anker,607.11,4.4,49,False,"['tech', 'usb-c', 'portable', 'waterproof', 'hd', 'bluetooth', '4k', 'gadget', 'rechargeable', 'wireless', 'electronics']","The Anker Mechanical Keyboard X from Anker combines bluetooth functionality with sleek aesthetics. As a leading laptops product in the Electronics category, it offers portable performance. Backed by a manufacturer warranty and thousands of verified purchases."
prod_0062,Xiaomi Mechanical Keyboard,Electronics,Accessories,Xiaomi,196.51,4.7,27,True,"['waterproof', 'hd', 'fast-charge', 'portable', 'electronics', 'bluetooth', 'noise-cancelling', 'usb-c']","The Xiaomi Mechanical Keyboard from Xiaomi combines hd functionality with sleek aesthetics. As a leading accessories product in the Electronics category, it offers bluetooth performance. Backed by a manufacturer warranty and thousands of verified purchases."
prod_0063,Bose Power Bank Max,Electronics,Networking,Bose,1213.72,4.3,2056,False,"['rechargeable', 'fast-charge', 'noise-cancelling', 'waterproof', 'hd', 'voice-assistant', 'electronics', 'bluetooth', '4k', 'tech', 'gadget', 'smart']","Introducing the Bose Power Bank Max by Bose — a premium electronics solution built for modern lifestyles. Engineered with noise-cancelling materials and noise-cancelling design, it stands out in the networking market. Whether you're a beginner or professional, this product meets your needs."
prod_0064,Samsung Bluetooth Speaker SE,Electronics,Wearables,Samsung,334.47,3.5,75,True,"['smart', 'usb-c', 'gadget', 'waterproof', 'bluetooth', '4k', 'tech', 'electronics', 'rechargeable']","The Samsung Bluetooth Speaker SE from Samsung combines tech functionality with sleek aesthetics. As a leading wearables product in the Electronics category, it offers electronics performance. Backed by a manufacturer warranty and thousands of verified purchases."
prod_0065,LG Wireless Charger Plus,Electronics,Audio,LG,527.58,4.0,81,True,"['bluetooth', 'hd', 'waterproof', 'noise-cancelling', 'smart', 'rechargeable']","The LG LG Wireless Charger Plus is a top-rated audio product designed for home use. It features bluetooth and hd technology for superior performance. Trusted by thousands of customers, it delivers excellent value and durability."
prod_0066,Sony USB-C Hub Mini,Electronics,Laptops,Sony,502.26,3.2,161,True,"['smart', '4k', 'portable', 'gadget', 'waterproof', 'fast-charge']","The Sony Sony USB-C Hub Mini is a top-rated laptops product designed for travel use. It features fast-charge and 4k technology for superior performance. Trusted by thousands of customers, it delivers excellent value and durability."
prod_0067,Samsung Webcam Pro,Electronics,Wearables,Samsung,697.74,3.5,261,True,"['waterproof', 'usb-c', 'noise-cancelling', 'portable', 'fast-charge', '4k']","The Samsung Webcam Pro from Samsung combines noise-cancelling functionality with sleek aesthetics. As a leading wearables product in the Electronics category, it offers usb-c performance. Backed by a manufacturer warranty and thousands of verified purchases."
prod_0068,Logitech Bluetooth Speaker Ultra,Electronics,Wearables,Logitech,1269.06,3.5,953,True,"['portable', 'noise-cancelling', 'voice-assistant', 'rechargeable', 'tech', 'fast-charge', 'bluetooth']","The Logitech Bluetooth Speaker Ultra from Logitech combines portable functionality with sleek aesthetics. As a leading wearables product in the Electronics category, it offers tech performance. Backed by a manufacturer warranty and thousands of verified purchases."
prod_0069,LG Mechanical Keyboard Elite,Electronics,Accessories,LG,1095.16,3.6,100,True,"['hd', 'waterproof', 'gadget', 'wireless', 'tech', 'fast-charge', 'bluetooth', '4k', 'voice-assistant', 'rechargeable', 'portable', 'electronics']","The LG Mechanical Keyboard Elite from LG combines rechargeable functionality with sleek aesthetics. As a leading accessories product in the Electronics category, it offers 4k performance. Backed by a manufacturer warranty and thousands of verified purchases."
prod_0070,Lenovo Mechanical Keyboard,Electronics,Accessories,Lenovo,484.47,4.4,33,False,"['tech', 'smart', 'waterproof', 'hd', 'bluetooth', '4k', 'electronics', 'usb-c', 'noise-cancelling']","Introducing the Lenovo Mechanical Keyboard by Lenovo — a premium electronics solution built for modern lifestyles. Engineered with usb-c materials and tech design, it stands out in the accessories market. Whether you're a beginner or professional, this product meets your needs."
prod_0071,Apple Power Bank HD,Electronics,Networking,Apple,768.0,4.1,712,True,"['noise-cancelling', 'rechargeable', 'fast-charge', '4k', 'electronics', 'smart', 'wireless', 'usb-c', 'bluetooth']","The Apple Power Bank HD from Apple combines rechargeable functionality with sleek aesthetics. As a leading networking product in the Electronics category, it offers smart performance. Backed by a manufacturer warranty and thousands of verified purchases."
prod_0072,Sony Wireless Earbuds Max,Electronics,Wearables,Sony,1065.82,3.2,185,True,"['rechargeable', 'voice-assistant', 'noise-cancelling', 'gadget', 'usb-c', 'hd', 'bluetooth', 'portable', 'wireless']","The Sony Wireless Earbuds Max from Sony combines voice-assistant functionality with sleek aesthetics. As a leading wearables product in the Electronics category, it offers wireless performance. Backed by a manufacturer warranty and thousands of verified purchases."
prod_0073,Lenovo Laptop Stand Elite,Electronics,Audio,Lenovo,136.03,4.1,379,True,"['gadget', 'usb-c', 'bluetooth', 'hd', '4k', 'portable', 'voice-assistant', 'tech', 'rechargeable', 'fast-charge', 'wireless']","The Lenovo Laptop Stand Elite from Lenovo combines usb-c functionality with sleek aesthetics. As a leading audio product in the Electronics category, it offers wireless performance. Backed by a manufacturer warranty and thousands of verified purchases."
prod_0074,Samsung Mechanical Keyboard Mini,Electronics,Audio,Samsung,282.69,3.4,30,True,"['usb-c', 'fast-charge', 'smart', 'wireless', '4k', 'gadget', 'noise-cancelling']","The Samsung Mechanical Keyboard Mini from Samsung combines 4k functionality with sleek aesthetics. As a leading audio product in the Electronics category, it offers noise-cancelling performance. Backed by a manufacturer warranty and thousands of verified purchases."
prod_0075,Samsung Mechanical Keyboard HD,Electronics,Accessories,Samsung,209.61,4.3,211,True,"['gadget', 'voice-assistant', 'waterproof', '4k', 'noise-cancelling', 'fast-charge', 'smart', 'electronics', 'wireless']","The Samsung Samsung Mechanical Keyboard HD is a top-rated accessories product designed for home use. It features 4k and electronics technology for superior performance. Trusted by thousands of customers, it delivers excellent value and durability."
prod_0076,JBL Smart Watch Elite,Electronics,Networking,JBL,1022.29,4.1,224,True,"['smart', 'voice-assistant', 'fast-charge', 'bluetooth', 'portable', 'rechargeable', 'noise-cancelling', 'hd', 'tech', 'waterproof']","The JBL JBL Smart Watch Elite is a top-rated networking product designed for travel use. It features fast-charge and portable technology for superior performance. Trusted by thousands of customers, it delivers excellent value and durability."
prod_0077,Apple USB-C Hub Plus,Electronics,Accessories,Apple,1148.23,3.7,196,True,"['smart', 'rechargeable', 'gadget', 'portable', 'tech', 'wireless', 'voice-assistant', 'usb-c']","The Apple Apple USB-C Hub Plus is a top-rated accessories product designed for everyday use. It features voice-assistant and smart technology for superior performance. Trusted by thousands of customers, it delivers excellent value and durability."
prod_0078,Logitech Bluetooth Speaker,Electronics,Smartphones,Logitech,512.91,4.1,62,True,"['gadget', 'electronics', 'bluetooth', 'smart', 'voice-assistant', '4k', 'noise-cancelling']","The Logitech Logitech Bluetooth Speaker is a top-rated smartphones product designed for travel use. It features gadget and gadget technology for superior performance. Trusted by thousands of customers, it delivers excellent value and durability."
prod_0079,Lenovo Wireless Charger Ultra,Electronics,Wearables,Lenovo,180.11,4.9,262,True,"['wireless', 'bluetooth', 'tech', 'electronics', 'voice-assistant', 'portable', 'smart', 'fast-charge']","The Lenovo Lenovo Wireless Charger Ultra is a top-rated wearables product designed for everyday use. It features fast-charge and wireless technology for superior performance. Trusted by thousands of customers, it delivers excellent value and durability."
prod_0080,Lenovo Webcam Lite,Electronics,Laptops,Lenovo,1001.59,3.4,326,True,"['rechargeable', 'usb-c', 'tech', 'voice-assistant', '4k', 'hd']","Introducing the Lenovo Webcam Lite by Lenovo — a premium electronics solution built for modern lifestyles. Engineered with voice-assistant materials and voice-assistant design, it stands out in the laptops market. Whether you're a beginner or professional, this product meets your needs."
prod_0081,Samsung Mechanical Keyboard Plus,Electronics,Audio,Samsung,527.03,3.5,381,True,"['hd', 'voice-assistant', 'tech', 'noise-cancelling', 'usb-c', 'gadget', 'electronics', 'waterproof', 'bluetooth', '4k', 'fast-charge']","The Samsung Samsung Mechanical Keyboard Plus is a top-rated audio product designed for outdoor use. It features waterproof and fast-charge technology for superior performance. Trusted by thousands of customers, it delivers excellent value and durability."
prod_0082,LG Wireless Earbuds Elite,Electronics,Smartphones,LG,1401.06,4.6,55,True,"['portable', 'waterproof', 'rechargeable', 'smart', 'bluetooth', 'electronics', 'wireless', 'hd', 'gadget', 'noise-cancelling']","Introducing the LG Wireless Earbuds Elite by LG — a premium electronics solution built for modern lifestyles. Engineered with electronics materials and wireless design, it stands out in the smartphones market. Whether you're a beginner or professional, this product meets your needs."
prod_0083,JBL Gaming Mouse Elite,Electronics,Laptops,JBL,1387.6,4.5,243,True,"['bluetooth', 'fast-charge', 'tech', '4k', 'portable', 'waterproof', 'hd', 'gadget', 'voice-assistant', 'smart']","The JBL Gaming Mouse Elite from JBL combines portable functionality with sleek aesthetics. As a leading laptops product in the Electronics category, it offers gadget performance. Backed by a manufacturer warranty and thousands of verified purchases."
prod_0084,JBL Mechanical Keyboard X,Electronics,Laptops,JBL,77.9,4.4,1445,True,"['voice-assistant', 'usb-c', 'noise-cancelling', 'portable', 'bluetooth', 'electronics', 'tech', '4k', 'gadget', 'hd', 'rechargeable', 'fast-charge']","The JBL JBL Mechanical Keyboard X is a top-rated laptops product designed for professional use. It features hd and rechargeable technology for superior performance. Trusted by thousands of customers, it delivers excellent value and durability."
prod_0085,Logitech Webcam HD,Electronics,Audio,Logitech,63.09,3.9,60,False,"['hd', 'smart', 'usb-c', 'fast-charge', 'waterproof', 'tech', 'gadget']","The Logitech Logitech Webcam HD is a top-rated audio product designed for travel use. It features usb-c and fast-charge technology for superior performance. Trusted by thousands of customers, it delivers excellent value and durability."
prod_0086,JBL Wireless Charger Ultra,Electronics,Laptops,JBL,1371.61,3.6,55,True,"['bluetooth', 'fast-charge', 'voice-assistant', '4k', 'smart', 'wireless']","The JBL JBL Wireless Charger Ultra is a top-rated laptops product designed for travel use. It features voice-assistant and wireless technology for superior performance. Trusted by thousands of customers, it delivers excellent value and durability."
prod_0087,JBL Bluetooth Speaker,Electronics,Wearables,JBL,1451.83,4.0,223,True,"['hd', 'usb-c', '4k', 'tech', 'rechargeable', 'voice-assistant', 'bluetooth', 'noise-cancelling']","The JBL JBL Bluetooth Speaker is a top-rated wearables product designed for professional use. It features 4k and voice-assistant technology for superior performance. Trusted by thousands of customers, it delivers excellent value and durability."
prod_0088,Logitech Wireless Charger HD,Electronics,Smartphones,Logitech,562.83,4.1,400,True,"['rechargeable', 'gadget', 'noise-cancelling', 'tech', '4k', 'bluetooth', 'portable', 'smart', 'fast-charge', 'wireless', 'usb-c', 'electronics']","The Logitech Wireless Charger HD from Logitech combines smart functionality with sleek aesthetics. As a leading smartphones product in the Electronics category, it offers usb-c performance. Backed by a manufacturer warranty and thousands of verified purchases."
prod_0089,Xiaomi Power Bank Lite,Electronics,Networking,Xiaomi,1155.16,4.0,849,True,"['portable', 'rechargeable', 'electronics', 'tech', 'waterproof', 'gadget', 'bluetooth']","Introducing the Xiaomi Power Bank Lite by Xiaomi — a premium electronics solution built for modern lifestyles. Engineered with gadget materials and rechargeable design, it stands out in the networking market. Whether you're a beginner or professional, this product meets your needs."
prod_0090,LG Wireless Charger Mini,Electronics,Audio,LG,200.88,3.9,3882,True,"['noise-cancelling', 'rechargeable', 'tech', 'waterproof', 'hd', 'gadget', 'voice-assistant', '4k']","The LG Wireless Charger Mini from LG combines noise-cancelling functionality with sleek aesthetics. As a leading audio product in the Electronics category, it offers hd performance. Backed by a manufacturer warranty and thousands of verified purchases."
prod_0091,Anker Power Bank,Electronics,Accessories,Anker,59.97,4.3,53,True,"['rechargeable', 'bluetooth', 'hd', 'waterproof', 'smart', 'wireless', 'portable', '4k', 'noise-cancelling', 'electronics', 'usb-c']","The Anker Power Bank from Anker combines waterproof functionality with sleek aesthetics. As a leading accessories product in the Electronics category, it offers wireless performance. Backed by a manufacturer warranty and thousands of verified purchases."
prod_0092,Logitech Mechanical Keyboard Ultra,Electronics,Networking,Logitech,209.19,3.5,264,True,"['rechargeable', 'voice-assistant', 'tech', 'usb-c', 'wireless', 'smart', 'fast-charge', 'bluetooth']","The Logitech Mechanical Keyboard Ultra from Logitech combines wireless functionality with sleek aesthetics. As a leading networking product in the Electronics category, it offers fast-charge performance. Backed by a manufacturer warranty and thousands of verified purchases."
prod_0093,Sony Mechanical Keyboard HD,Electronics,Networking,Sony,1085.88,3.9,349,True,"['fast-charge', 'gadget', 'smart', 'rechargeable', 'voice-assistant', 'hd', 'bluetooth']","The Sony Sony Mechanical Keyboard HD is a top-rated networking product designed for outdoor use. It features fast-charge and fast-charge technology for superior performance. Trusted by thousands of customers, it delivers excellent value and durability."
prod_0094,Samsung USB-C Hub X,Electronics,Smartphones,Samsung,902.32,4.2,135,True,"['hd', 'voice-assistant', 'smart', 'bluetooth', 'rechargeable', 'electronics', 'tech', 'portable', 'waterproof', 'gadget', 'usb-c', 'wireless']","Introducing the Samsung USB-C Hub X by Samsung — a premium electronics solution built for modern lifestyles. Engineered with hd materials and gadget design, it stands out in the smartphones market. Whether you're a beginner or professional, this product meets your needs."
prod_0095,Anker Wireless Charger X,Electronics,Smartphones,Anker,1150.14,3.6,24,False,"['waterproof', 'noise-cancelling', 'hd', 'voice-assistant', 'tech', 'gadget', 'fast-charge', 'portable']","The Anker Anker Wireless Charger X is a top-rated smartphones product designed for home use. It features gadget and gadget technology for superior performance. Trusted by thousands of customers, it delivers excellent value and durability."
prod_0096,Logitech Gaming Mouse SE,Electronics,Wearables,Logitech,693.63,3.8,414,True,"['voice-assistant', 'rechargeable', 'gadget', 'usb-c', 'noise-cancelling', '4k', 'fast-charge', 'portable', 'bluetooth', 'hd']","The Logitech Gaming Mouse SE from Logitech combines bluetooth functionality with sleek aesthetics. As a leading wearables product in the Electronics category, it offers portable performance. Backed by a manufacturer warranty and thousands of verified purchases."
prod_0097,Samsung Mechanical Keyboard Elite,Electronics,Cameras,Samsung,1015.6,4.1,33,True,"['noise-cancelling', 'bluetooth', 'fast-charge', '4k', 'hd', 'electronics', 'smart', 'waterproof', 'usb-c']","The Samsung Samsung Mechanical Keyboard Elite is a top-rated cameras product designed for travel use. It features 4k and noise-cancelling technology for superior performance. Trusted by thousands of customers, it delivers excellent value and durability."
prod_0098,Samsung Power Bank Plus,Electronics,Laptops,Samsung,298.31,4.1,235,True,"['usb-c', 'portable', 'gadget', 'waterproof', 'wireless', '4k', 'rechargeable', 'smart', 'noise-cancelling']","The Samsung Power Bank Plus from Samsung combines 4k functionality with sleek aesthetics. As a leading laptops product in the Electronics category, it offers smart performance. Backed by a manufacturer warranty and thousands of verified purchases."
prod_0099,JBL Wireless Charger Elite,Electronics,Laptops,JBL,826.22,3.6,178,True,"['fast-charge', 'waterproof', '4k', 'hd', 'voice-assistant', 'bluetooth', 'smart', 'wireless', 'tech', 'gadget', 'noise-cancelling']","Introducing the JBL Wireless Charger Elite by JBL — a premium electronics solution built for modern lifestyles. Engineered with voice-assistant materials and hd design, it stands out in the laptops market. Whether you're a beginner or professional, this product meets your needs."
prod_0100,Bose USB-C Hub Plus,Electronics,Networking,Bose,866.61,4.0,37,True,"['portable', 'voice-assistant', 'usb-c', 'gadget', 'bluetooth', 'electronics', 'hd', 'tech', '4k', 'wireless']","The Bose USB-C Hub Plus from Bose combines bluetooth functionality with sleek aesthetics. As a leading networking product in the Electronics category, it offers 4k performance. Backed by a manufacturer warranty and thousands of verified purchases."
prod_0101,Lenovo Power Bank Max,Electronics,Smartphones,Lenovo,375.05,4.2,290,True,"['voice-assistant', 'rechargeable', 'wireless', 'hd', 'fast-charge', 'electronics', 'tech', 'portable', 'gadget', 'usb-c', '4k']","The Lenovo Power Bank Max from Lenovo combines wireless functionality with sleek aesthetics. As a leading smartphones product in the Electronics category, it offers tech performance. Backed by a manufacturer warranty and thousands of verified purchases."
prod_0102,JBL Smart Watch Mini,Electronics,Cameras,JBL,491.93,4.5,525,True,"['electronics', 'fast-charge', 'tech', 'hd', 'noise-cancelling', 'wireless', 'rechargeable', 'voice-assistant', 'waterproof', '4k', 'portable']","Introducing the JBL Smart Watch Mini by JBL — a premium electronics solution built for modern lifestyles. Engineered with tech materials and noise-cancelling design, it stands out in the cameras market. Whether you're a beginner or professional, this product meets your needs."
prod_0103,Logitech USB-C Hub X,Electronics,Smartphones,Logitech,1483.81,3.3,48,True,"['rechargeable', 'smart', 'gadget', 'voice-assistant', 'waterproof', 'bluetooth', 'wireless', 'tech', 'fast-charge', 'hd']","The Logitech USB-C Hub X from Logitech combines waterproof functionality with sleek aesthetics. As a leading smartphones product in the Electronics category, it offers hd performance. Backed by a manufacturer warranty and thousands of verified purchases."
prod_0104,Lenovo Webcam Ultra,Electronics,Laptops,Lenovo,780.19,4.3,274,True,"['portable', 'hd', 'tech', 'gadget', '4k', 'smart']","Introducing the Lenovo Webcam Ultra by Lenovo — a premium electronics solution built for modern lifestyles. Engineered with tech materials and gadget design, it stands out in the laptops market. Whether you're a beginner or professional, this product meets your needs."
prod_0105,Lenovo Power Bank Pro,Electronics,Audio,Lenovo,403.41,4.3,5000,True,"['4k', 'wireless', 'electronics', 'hd', 'tech', 'smart', 'bluetooth', 'gadget']","The Lenovo Lenovo Power Bank Pro is a top-rated audio product designed for outdoor use. It features tech and wireless technology for superior performance. Trusted by thousands of customers, it delivers excellent value and durability."
prod_0106,Lenovo Mechanical Keyboard Ultra,Electronics,Cameras,Lenovo,1057.38,4.3,579,True,"['fast-charge', 'rechargeable', 'voice-assistant', 'hd', 'wireless', '4k', 'tech', 'smart', 'bluetooth']","The Lenovo Mechanical Keyboard Ultra from Lenovo combines bluetooth functionality with sleek aesthetics. As a leading cameras product in the Electronics category, it offers hd performance. Backed by a manufacturer warranty and thousands of verified purchases."
prod_0107,Logitech Wireless Charger X,Electronics,Laptops,Logitech,187.62,4.5,324,True,"['4k', 'noise-cancelling', 'smart', 'tech', 'rechargeable', 'fast-charge', 'electronics']","The Logitech Wireless Charger X from Logitech combines rechargeable functionality with sleek aesthetics. As a leading laptops product in the Electronics category, it offers 4k performance. Backed by a manufacturer warranty and thousands of verified purchases."
prod_0108,Bose Wireless Earbuds Ultra,Electronics,Networking,Bose,392.87,3.8,368,True,"['4k', 'wireless', 'noise-cancelling', 'tech', 'electronics', 'portable']","The Bose Bose Wireless Earbuds Ultra is a top-rated networking product designed for home use. It features portable and 4k technology for superior performance. Trusted by thousands of customers, it delivers excellent value and durability."
prod_0109,Sony Webcam Elite,Electronics,Laptops,Sony,1489.39,3.6,111,True,"['smart', 'waterproof', 'portable', 'fast-charge', 'tech', 'rechargeable', 'gadget', 'usb-c', 'electronics']","The Sony Sony Webcam Elite is a top-rated laptops product designed for professional use. It features electronics and gadget technology for superior performance. Trusted by thousands of customers, it delivers excellent value and durability."
prod_0110,Xiaomi Webcam SE,Electronics,Cameras,Xiaomi,578.23,3.8,163,True,"['wireless', 'smart', 'usb-c', 'gadget', 'bluetooth', 'voice-assistant', 'tech']","The Xiaomi Xiaomi Webcam SE is a top-rated cameras product designed for everyday use. It features tech and voice-assistant technology for superior performance. Trusted by thousands of customers, it delivers excellent value and durability."
prod_0111,Lenovo Wireless Earbuds X,Electronics,Smartphones,Lenovo,902.71,5.0,15,True,"['waterproof', 'electronics', 'wireless', '4k', 'voice-assistant', 'portable', 'smart', 'fast-charge', 'bluetooth', 'tech', 'hd']","The Lenovo Wireless Earbuds X from Lenovo combines portable functionality with sleek aesthetics. As a leading smartphones product in the Electronics category, it offers tech performance. Backed by a manufacturer warranty and thousands of verified purchases."
prod_0112,Logitech Smart Watch Mini,Electronics,Networking,Logitech,1316.24,4.3,21,True,"['rechargeable', 'wireless', 'portable', 'bluetooth', '4k', 'electronics', 'voice-assistant', 'gadget', 'usb-c', 'fast-charge', 'waterproof']","The Logitech Smart Watch Mini from Logitech combines waterproof functionality with sleek aesthetics. As a leading networking product in the Electronics category, it offers voice-assistant performance. Backed by a manufacturer warranty and thousands of verified purchases."
prod_0113,Anker Laptop Stand Mini,Electronics,Cameras,Anker,574.04,3.8,548,True,"['rechargeable', 'smart', 'wireless', 'fast-charge', 'bluetooth', 'gadget', 'waterproof', 'electronics', 'hd', '4k', 'usb-c', 'tech']","Introducing the Anker Laptop Stand Mini by Anker — a premium electronics solution built for modern lifestyles. Engineered with fast-charge materials and gadget design, it stands out in the cameras market. Whether you're a beginner or professional, this product meets your needs."
prod_0114,Xiaomi Smart Watch Pro,Electronics,Smartphones,Xiaomi,413.67,4.0,40,True,"['noise-cancelling', 'voice-assistant', 'electronics', 'tech', 'wireless', 'waterproof', 'rechargeable', 'hd', 'smart', '4k', 'gadget']","The Xiaomi Smart Watch Pro from Xiaomi combines hd functionality with sleek aesthetics. As a leading smartphones product in the Electronics category, it offers tech performance. Backed by a manufacturer warranty and thousands of verified purchases."
prod_0115,Anker Smart Watch SE,Electronics,Laptops,Anker,492.6,3.6,335,True,"['portable', 'smart', 'rechargeable', 'hd', 'usb-c', 'bluetooth', 'noise-cancelling', '4k']","Introducing the Anker Smart Watch SE by Anker — a premium electronics solution built for modern lifestyles. Engineered with smart materials and 4k design, it stands out in the laptops market. Whether you're a beginner or professional, this product meets your needs."
prod_0116,Lenovo Smart Watch Lite,Electronics,Smartphones,Lenovo,39.09,3.6,192,True,"['voice-assistant', 'noise-cancelling', 'waterproof', '4k', 'portable', 'bluetooth', 'gadget', 'wireless', 'rechargeable', 'tech']","Introducing the Lenovo Smart Watch Lite by Lenovo — a premium electronics solution built for modern lifestyles. Engineered with wireless materials and rechargeable design, it stands out in the smartphones market. Whether you're a beginner or professional, this product meets your needs."
prod_0117,JBL Gaming Mouse Lite,Electronics,Wearables,JBL,1103.17,4.0,67,True,"['gadget', 'voice-assistant', '4k', 'rechargeable', 'smart', 'waterproof', 'fast-charge', 'electronics']","The JBL Gaming Mouse Lite from JBL combines fast-charge functionality with sleek aesthetics. As a leading wearables product in the Electronics category, it offers 4k performance. Backed by a manufacturer warranty and thousands of verified purchases."
prod_0118,Sony Wireless Earbuds Max,Electronics,Wearables,Sony,766.01,5.0,317,True,"['electronics', 'noise-cancelling', 'hd', 'fast-charge', 'waterproof', 'smart', '4k', 'voice-assistant']","The Sony Wireless Earbuds Max from Sony combines waterproof functionality with sleek aesthetics. As a leading wearables product in the Electronics category, it offers electronics performance. Backed by a manufacturer warranty and thousands of verified purchases."
prod_0119,Anker Laptop Stand Plus,Electronics,Wearables,Anker,1378.3,3.0,185,True,"['gadget', 'wireless', 'waterproof', 'noise-cancelling', 'rechargeable', 'bluetooth', 'usb-c', '4k', 'portable', 'fast-charge']","Introducing the Anker Laptop Stand Plus by Anker — a premium electronics solution built for modern lifestyles. Engineered with 4k materials and fast-charge design, it stands out in the wearables market. Whether you're a beginner or professional, this product meets your needs."
prod_0120,Apple Wireless Earbuds Plus,Electronics,Networking,Apple,616.84,3.7,412,True,"['rechargeable', 'smart', 'electronics', 'hd', 'fast-charge', 'gadget', 'tech', 'waterproof', 'portable']","The Apple Wireless Earbuds Plus from Apple combines hd functionality with sleek aesthetics. As a leading networking product in the Electronics category, it offers hd performance. Backed by a manufacturer warranty and thousands of verified purchases."
prod_0121,Bose Wireless Earbuds Plus,Electronics,Cameras,Bose,1031.38,3.6,129,True,"['voice-assistant', 'rechargeable', 'noise-cancelling', 'hd', 'electronics', 'gadget', 'usb-c', '4k']","The Bose Wireless Earbuds Plus from Bose combines noise-cancelling functionality with sleek aesthetics. As a leading cameras product in the Electronics category, it offers hd performance. Backed by a manufacturer warranty and thousands of verified purchases."
prod_0122,Xiaomi Mechanical Keyboard Ultra,Electronics,Cameras,Xiaomi,1137.08,4.3,419,True,"['fast-charge', '4k', 'waterproof', 'tech', 'rechargeable', 'usb-c', 'electronics']","The Xiaomi Mechanical Keyboard Ultra from Xiaomi combines waterproof functionality with sleek aesthetics. As a leading cameras product in the Electronics category, it offers rechargeable performance. Backed by a manufacturer warranty and thousands of verified purchases."
prod_0123,Logitech Wireless Earbuds,Electronics,Cameras,Logitech,420.89,3.4,99,True,"['smart', 'wireless', 'usb-c', 'rechargeable', 'portable', 'hd', 'gadget', 'noise-cancelling', 'electronics']","Introducing the Logitech Wireless Earbuds by Logitech — a premium electronics solution built for modern lifestyles. Engineered with wireless materials and wireless design, it stands out in the cameras market. Whether you're a beginner or professional, this product meets your needs."
prod_0124,Sony Webcam Elite,Electronics,Wearables,Sony,550.64,3.8,67,True,"['electronics', 'bluetooth', 'smart', 'usb-c', 'waterproof', 'tech']","The Sony Webcam Elite from Sony combines waterproof functionality with sleek aesthetics. As a leading wearables product in the Electronics category, it offers waterproof performance. Backed by a manufacturer warranty and thousands of verified purchases."
prod_0125,Apple Mechanical Keyboard SE,Electronics,Smartphones,Apple,153.2,4.9,241,True,"['fast-charge', 'usb-c', 'portable', 'electronics', 'bluetooth', 'voice-assistant', 'noise-cancelling', 'tech', 'waterproof', 'hd']","Introducing the Apple Mechanical Keyboard SE by Apple — a premium electronics solution built for modern lifestyles. Engineered with portable materials and noise-cancelling design, it stands out in the smartphones market. Whether you're a beginner or professional, this product meets your needs."
prod_0126,Sony Bluetooth Speaker Lite,Electronics,Cameras,Sony,660.49,3.4,446,True,"['bluetooth', 'smart', 'fast-charge', 'tech', 'usb-c', 'voice-assistant', 'wireless', 'waterproof', 'noise-cancelling']","Introducing the Sony Bluetooth Speaker Lite by Sony — a premium electronics solution built for modern lifestyles. Engineered with smart materials and fast-charge design, it stands out in the cameras market. Whether you're a beginner or professional, this product meets your needs."
prod_0127,Anker Mechanical Keyboard X,Electronics,Accessories,Anker,512.08,5.0,512,True,"['waterproof', 'voice-assistant', 'hd', 'noise-cancelling', 'gadget', 'bluetooth', 'usb-c', 'wireless', 'smart', 'fast-charge', 'tech', 'portable']","The Anker Anker Mechanical Keyboard X is a top-rated accessories product designed for home use. It features gadget and portable technology for superior performance. Trusted by thousands of customers, it delivers excellent value and durability."
prod_0128,Anker Mechanical Keyboard Plus,Electronics,Audio,Anker,1399.12,3.2,83,True,"['noise-cancelling', 'rechargeable', 'gadget', 'hd', 'waterproof', 'electronics', 'smart']","Introducing the Anker Mechanical Keyboard Plus by Anker — a premium electronics solution built for modern lifestyles. Engineered with gadget materials and smart design, it stands out in the audio market. Whether you're a beginner or professional, this product meets your needs."
prod_0129,Bose Smart Watch Mini,Electronics,Laptops,Bose,993.11,4.6,63,True,"['portable', 'fast-charge', 'voice-assistant', 'tech', 'smart', 'noise-cancelling', 'hd', 'waterproof', 'bluetooth', 'rechargeable', 'wireless']","The Bose Bose Smart Watch Mini is a top-rated laptops product designed for travel use. It features portable and noise-cancelling technology for superior performance. Trusted by thousands of customers, it delivers excellent value and durability."
prod_0130,Logitech Laptop Stand,Electronics,Wearables,Logitech,924.83,4.2,375,True,"['hd', 'voice-assistant', 'waterproof', 'portable', 'usb-c', '4k', 'tech', 'electronics', 'smart', 'gadget']","Introducing the Logitech Laptop Stand by Logitech — a premium electronics solution built for modern lifestyles. Engineered with smart materials and gadget design, it stands out in the wearables market. Whether you're a beginner or professional, this product meets your needs."
prod_0131,Lenovo Wireless Charger Lite,Electronics,Cameras,Lenovo,527.28,3.5,138,True,"['smart', 'tech', 'bluetooth', 'portable', 'waterproof', 'hd']","Introducing the Lenovo Wireless Charger Lite by Lenovo — a premium electronics solution built for modern lifestyles. Engineered with bluetooth materials and portable design, it stands out in the cameras market. Whether you're a beginner or professional, this product meets your needs."
prod_0132,JBL Gaming Mouse Elite,Electronics,Smartphones,JBL,114.75,2.4,43,True,"['fast-charge', '4k', 'tech', 'electronics', 'usb-c', 'voice-assistant']","Introducing the JBL Gaming Mouse Elite by JBL — a premium electronics solution built for modern lifestyles. Engineered with usb-c materials and 4k design, it stands out in the smartphones market. Whether you're a beginner or professional, this product meets your needs."
prod_0133,LG Webcam,Electronics,Cameras,LG,288.91,3.9,33,True,"['hd', 'portable', 'waterproof', 'electronics', 'noise-cancelling', 'wireless', 'smart', 'fast-charge', 'voice-assistant', '4k', 'tech']","Introducing the LG Webcam by LG — a premium electronics solution built for modern lifestyles. Engineered with 4k materials and portable design, it stands out in the cameras market. Whether you're a beginner or professional, this product meets your needs."
prod_0134,Apple USB-C Hub,Electronics,Cameras,Apple,1296.02,4.8,26,True,"['hd', 'usb-c', 'noise-cancelling', 'portable', 'fast-charge', '4k', 'tech', 'waterproof', 'gadget', 'wireless']","Introducing the Apple USB-C Hub by Apple — a premium electronics solution built for modern lifestyles. Engineered with wireless materials and wireless design, it stands out in the cameras market. Whether you're a beginner or professional, this product meets your needs."
prod_0135,Apple Laptop Stand Elite,Electronics,Audio,Apple,1044.75,3.8,173,True,"['portable', 'voice-assistant', 'noise-cancelling', 'gadget', 'fast-charge', 'waterproof', 'hd', '4k', 'wireless', 'usb-c']","The Apple Apple Laptop Stand Elite is a top-rated audio product designed for travel use. It features noise-cancelling and wireless technology for superior performance. Trusted by thousands of customers, it delivers excellent value and durability."
prod_0136,Lenovo Wireless Earbuds Elite,Electronics,Cameras,Lenovo,1428.49,4.7,26,True,"['gadget', 'wireless', 'portable', 'rechargeable', '4k', 'smart', 'fast-charge', 'noise-cancelling', 'waterproof']","The Lenovo Lenovo Wireless Earbuds Elite is a top-rated cameras product designed for outdoor use. It features noise-cancelling and portable technology for superior performance. Trusted by thousands of customers, it delivers excellent value and durability."
prod_0137,Bose Laptop Stand X,Electronics,Accessories,Bose,854.99,4.6,150,True,"['fast-charge', 'smart', 'rechargeable', 'voice-assistant', 'tech', 'noise-cancelling', 'hd', 'bluetooth', 'portable', 'waterproof', 'gadget', 'electronics']","The Bose Bose Laptop Stand X is a top-rated accessories product designed for outdoor use. It features portable and voice-assistant technology for superior performance. Trusted by thousands of customers, it delivers excellent value and durability."
prod_0138,JBL USB-C Hub Elite,Electronics,Smartphones,JBL,1295.37,3.5,258,True,"['smart', 'waterproof', 'tech', 'wireless', '4k', 'noise-cancelling']","The JBL JBL USB-C Hub Elite is a top-rated smartphones product designed for home use. It features noise-cancelling and 4k technology for superior performance. Trusted by thousands of customers, it delivers excellent value and durability."
prod_0139,LG Wireless Earbuds HD,Electronics,Networking,LG,535.96,4.1,72,True,"['noise-cancelling', 'rechargeable', 'gadget', 'usb-c', 'bluetooth', 'hd', 'voice-assistant', 'tech']","The LG LG Wireless Earbuds HD is a top-rated networking product designed for professional use. It features voice-assistant and noise-cancelling technology for superior performance. Trusted by thousands of customers, it delivers excellent value and durability."
prod_0140,LG Webcam X,Electronics,Networking,LG,226.12,4.0,93,True,"['bluetooth', 'hd', 'portable', 'fast-charge', 'smart', 'tech', 'noise-cancelling', '4k', 'voice-assistant', 'usb-c', 'gadget']","The LG Webcam X from LG combines bluetooth functionality with sleek aesthetics. As a leading networking product in the Electronics category, it offers hd performance. Backed by a manufacturer warranty and thousands of verified purchases."
prod_0141,Logitech Bluetooth Speaker SE,Electronics,Wearables,Logitech,605.61,4.1,328,True,"['waterproof', 'wireless', 'smart', 'bluetooth', 'usb-c', '4k', 'hd', 'gadget', 'noise-cancelling']","The Logitech Logitech Bluetooth Speaker SE is a top-rated wearables product designed for outdoor use. It features 4k and waterproof technology for superior performance. Trusted by thousands of customers, it delivers excellent value and durability."
prod_0142,JBL Gaming Mouse Pro,Electronics,Laptops,JBL,1487.88,4.8,33,True,"['wireless', '4k', 'gadget', 'hd', 'bluetooth', 'fast-charge', 'waterproof', 'tech', 'usb-c']","The JBL Gaming Mouse Pro from JBL combines wireless functionality with sleek aesthetics. As a leading laptops product in the Electronics category, it offers waterproof performance. Backed by a manufacturer warranty and thousands of verified purchases."
prod_0143,LG Webcam,Electronics,Wearables,LG,150.43,5.0,14,True,"['electronics', 'wireless', 'smart', 'tech', 'gadget', 'noise-cancelling']","Introducing the LG Webcam by LG — a premium electronics solution built for modern lifestyles. Engineered with tech materials and electronics design, it stands out in the wearables market. Whether you're a beginner or professional, this product meets your needs."
prod_0144,Anker Laptop Stand X,Electronics,Networking,Anker,120.18,3.9,300,True,"['tech', '4k', 'fast-charge', 'voice-assistant', 'waterproof', 'usb-c', 'noise-cancelling', 'bluetooth', 'hd']","Introducing the Anker Laptop Stand X by Anker — a premium electronics solution built for modern lifestyles. Engineered with 4k materials and hd design, it stands out in the networking market. Whether you're a beginner or professional, this product meets your needs."
prod_0145,Sony Webcam HD,Electronics,Laptops,Sony,1034.55,4.1,70,True,"['wireless', 'tech', 'waterproof', 'gadget', 'fast-charge', 'noise-cancelling', 'portable', 'usb-c', 'voice-assistant', '4k', 'hd', 'bluetooth']","The Sony Webcam HD from Sony combines 4k functionality with sleek aesthetics. As a leading laptops product in the Electronics category, it offers 4k performance. Backed by a manufacturer warranty and thousands of verified purchases."
prod_0146,Samsung USB-C Hub Max,Electronics,Networking,Samsung,783.86,3.9,82,True,"['wireless', '4k', 'portable', 'bluetooth', 'hd', 'electronics', 'voice-assistant', 'smart', 'rechargeable', 'noise-cancelling']","Introducing the Samsung USB-C Hub Max by Samsung — a premium electronics solution built for modern lifestyles. Engineered with 4k materials and rechargeable design, it stands out in the networking market. Whether you're a beginner or professional, this product meets your needs."
prod_0147,Lenovo Webcam Elite,Electronics,Networking,Lenovo,826.34,3.7,411,True,"['fast-charge', 'smart', 'voice-assistant', 'tech', 'electronics', 'noise-cancelling', '4k']","The Lenovo Webcam Elite from Lenovo combines 4k functionality with sleek aesthetics. As a leading networking product in the Electronics category, it offers tech performance. Backed by a manufacturer warranty and thousands of verified purchases."
prod_0148,Xiaomi Webcam Ultra,Electronics,Wearables,Xiaomi,1057.19,4.2,64,True,"['hd', 'rechargeable', 'waterproof', 'noise-cancelling', 'gadget', 'bluetooth']","Introducing the Xiaomi Webcam Ultra by Xiaomi — a premium electronics solution built for modern lifestyles. Engineered with gadget materials and rechargeable design, it stands out in the wearables market. Whether you're a beginner or professional, this product meets your needs."
prod_0149,Apple USB-C Hub Ultra,Electronics,Wearables,Apple,1098.99,4.4,214,True,"['wireless', 'electronics', 'voice-assistant', 'tech', 'portable', '4k', 'smart', 'waterproof', 'gadget', 'usb-c', 'noise-cancelling', 'rechargeable']","Introducing the Apple USB-C Hub Ultra by Apple — a premium electronics solution built for modern lifestyles. Engineered with rechargeable materials and wireless design, it stands out in the wearables market. Whether you're a beginner or professional, this product meets your needs."
prod_0150,Bose Laptop Stand Elite,Electronics,Networking,Bose,203.49,4.4,315,True,"['waterproof', 'bluetooth', '4k', 'tech', 'electronics', 'usb-c', 'portable', 'voice-assistant', 'smart', 'hd', 'gadget', 'noise-cancelling']","The Bose Bose Laptop Stand Elite is a top-rated networking product designed for outdoor use. It features voice-assistant and smart technology for superior performance. Trusted by thousands of customers, it delivers excellent value and durability."
prod_0151,Apple Power Bank,Electronics,Audio,Apple,1088.33,3.6,75,True,"['4k', 'rechargeable', 'electronics', 'fast-charge', 'voice-assistant', 'wireless', 'hd']","The Apple Power Bank from Apple combines hd functionality with sleek aesthetics. As a leading audio product in the Electronics category, it offers 4k performance. Backed by a manufacturer warranty and thousands of verified purchases."
prod_0152,Anker Smart Watch Elite,Electronics,Wearables,Anker,383.67,4.4,308,True,"['usb-c', 'bluetooth', 'tech', 'noise-cancelling', 'voice-assistant', 'fast-charge', 'rechargeable', 'electronics', '4k', 'portable', 'waterproof']","The Anker Anker Smart Watch Elite is a top-rated wearables product designed for everyday use. It features rechargeable and bluetooth technology for superior performance. Trusted by thousands of customers, it delivers excellent value and durability."
prod_0153,Logitech Smart Watch Mini,Electronics,Smartphones,Logitech,852.25,4.0,170,True,"['4k', 'noise-cancelling', 'wireless', 'smart', 'usb-c', 'waterproof', 'voice-assistant', 'fast-charge']","The Logitech Smart Watch Mini from Logitech combines 4k functionality with sleek aesthetics. As a leading smartphones product in the Electronics category, it offers smart performance. Backed by a manufacturer warranty and thousands of verified purchases."
prod_0154,Samsung Mechanical Keyboard Pro,Electronics,Networking,Samsung,1142.01,4.6,72,True,"['waterproof', '4k', 'voice-assistant', 'bluetooth', 'tech', 'wireless', 'rechargeable', 'noise-cancelling', 'smart']","The Samsung Mechanical Keyboard Pro from Samsung combines waterproof functionality with sleek aesthetics. As a leading networking product in the Electronics category, it offers bluetooth performance. Backed by a manufacturer warranty and thousands of verified purchases."
prod_0155,JBL Bluetooth Speaker HD,Electronics,Audio,JBL,156.93,4.3,116,True,"['hd', 'waterproof', 'portable', 'tech', 'noise-cancelling', 'voice-assistant', 'electronics']","Introducing the JBL Bluetooth Speaker HD by JBL — a premium electronics solution built for modern lifestyles. Engineered with waterproof materials and portable design, it stands out in the audio market. Whether you're a beginner or professional, this product meets your needs."
prod_0156,Logitech Mechanical Keyboard X,Electronics,Cameras,Logitech,418.85,3.9,554,True,"['wireless', 'gadget', 'fast-charge', 'noise-cancelling', 'tech', 'waterproof']","The Logitech Mechanical Keyboard X from Logitech combines noise-cancelling functionality with sleek aesthetics. As a leading cameras product in the Electronics category, it offers wireless performance. Backed by a manufacturer warranty and thousands of verified purchases."
prod_0157,LG Gaming Mouse Mini,Electronics,Networking,LG,703.07,4.4,393,True,"['tech', 'voice-assistant', 'gadget', 'hd', 'bluetooth', 'noise-cancelling', 'electronics', 'wireless', 'portable', 'fast-charge', 'waterproof', 'rechargeable']","Introducing the LG Gaming Mouse Mini by LG — a premium electronics solution built for modern lifestyles. Engineered with portable materials and tech design, it stands out in the networking market. Whether you're a beginner or professional, this product meets your needs."
prod_0158,Samsung Webcam X,Electronics,Laptops,Samsung,840.59,4.7,152,True,"['wireless', 'tech', 'smart', 'waterproof', 'gadget', '4k', 'electronics', 'rechargeable', 'portable', 'noise-cancelling']","Introducing the Samsung Webcam X by Samsung — a premium electronics solution built for modern lifestyles. Engineered with 4k materials and tech design, it stands out in the laptops market. Whether you're a beginner or professional, this product meets your needs."
prod_0159,Samsung Bluetooth Speaker Max,Electronics,Smartphones,Samsung,1355.21,4.3,102,True,"['fast-charge', 'gadget', 'tech', 'usb-c', 'voice-assistant', 'electronics', 'smart', 'noise-cancelling', 'hd']","The Samsung Samsung Bluetooth Speaker Max is a top-rated smartphones product designed for travel use. It features smart and smart technology for superior performance. Trusted by thousands of customers, it delivers excellent value and durability."
prod_0160,Bose USB-C Hub X,Electronics,Laptops,Bose,1326.88,4.2,126,True,"['noise-cancelling', 'voice-assistant', 'waterproof', 'wireless', 'hd', 'bluetooth']","Introducing the Bose USB-C Hub X by Bose — a premium electronics solution built for modern lifestyles. Engineered with wireless materials and noise-cancelling design, it stands out in the laptops market. Whether you're a beginner or professional, this product meets your needs."
prod_0161,Xiaomi Smart Watch,Electronics,Laptops,Xiaomi,1491.22,4.0,303,True,"['fast-charge', 'electronics', 'portable', '4k', 'usb-c', 'smart', 'rechargeable', 'noise-cancelling', 'gadget', 'bluetooth']","The Xiaomi Smart Watch from Xiaomi combines fast-charge functionality with sleek aesthetics. As a leading laptops product in the Electronics category, it offers smart performance. Backed by a manufacturer warranty and thousands of verified purchases."
prod_0162,Bose Wireless Earbuds X,Electronics,Networking,Bose,801.21,3.6,1827,True,"['noise-cancelling', 'wireless', 'gadget', 'tech', 'waterproof', 'hd', 'bluetooth', 'electronics', 'portable', '4k', 'rechargeable', 'voice-assistant']","The Bose Wireless Earbuds X from Bose combines hd functionality with sleek aesthetics. As a leading networking product in the Electronics category, it offers voice-assistant performance. Backed by a manufacturer warranty and thousands of verified purchases."
prod_0163,Samsung Mechanical Keyboard HD,Electronics,Accessories,Samsung,851.96,3.5,34,True,"['wireless', 'waterproof', 'fast-charge', 'smart', 'rechargeable', 'bluetooth', 'gadget', '4k', 'electronics', 'portable']","The Samsung Samsung Mechanical Keyboard HD is a top-rated accessories product designed for everyday use. It features smart and portable technology for superior performance. Trusted by thousands of customers, it delivers excellent value and durability."
prod_0164,LG Laptop Stand Elite,Electronics,Accessories,LG,1079.65,4.6,383,True,"['waterproof', 'voice-assistant', 'usb-c', 'electronics', '4k', 'gadget', 'noise-cancelling', 'tech', 'portable', 'bluetooth', 'rechargeable', 'hd']","Introducing the LG Laptop Stand Elite by LG — a premium electronics solution built for modern lifestyles. Engineered with noise-cancelling materials and bluetooth design, it stands out in the accessories market. Whether you're a beginner or professional, this product meets your needs."
prod_0165,Anker Gaming Mouse,Electronics,Laptops,Anker,486.17,4.3,315,True,"['rechargeable', '4k', 'noise-cancelling', 'usb-c', 'wireless', 'fast-charge', 'gadget', 'portable', 'voice-assistant', 'waterproof', 'smart']","The Anker Anker Gaming Mouse is a top-rated laptops product designed for professional use. It features noise-cancelling and rechargeable technology for superior performance. Trusted by thousands of customers, it delivers excellent value and durability."
prod_0166,Lenovo Smart Watch,Electronics,Networking,Lenovo,854.84,4.0,50,False,"['gadget', 'usb-c', '4k', 'tech', 'wireless', 'waterproof', 'noise-cancelling', 'voice-assistant', 'rechargeable']","The Lenovo Smart Watch from Lenovo combines tech functionality with sleek aesthetics. As a leading networking product in the Electronics category, it offers tech performance. Backed by a manufacturer warranty and thousands of verified purchases."
prod_0167,Apple Wireless Earbuds Pro,Electronics,Audio,Apple,588.12,4.0,65,True,"['portable', 'gadget', 'voice-assistant', 'smart', 'fast-charge', 'usb-c', 'rechargeable', 'hd', 'electronics', 'wireless', 'bluetooth']","Introducing the Apple Wireless Earbuds Pro by Apple — a premium electronics solution built for modern lifestyles. Engineered with gadget materials and portable design, it stands out in the audio market. Whether you're a beginner or professional, this product meets your needs."
prod_0168,Apple Mechanical Keyboard Lite,Electronics,Smartphones,Apple,1333.58,4.5,124,True,"['4k', 'tech', 'rechargeable', 'waterproof', 'usb-c', 'noise-cancelling', 'smart']","The Apple Apple Mechanical Keyboard Lite is a top-rated smartphones product designed for everyday use. It features waterproof and noise-cancelling technology for superior performance. Trusted by thousands of customers, it delivers excellent value and durability."
prod_0169,LG Webcam SE,Electronics,Laptops,LG,1087.23,3.6,100,True,"['rechargeable', 'bluetooth', 'hd', 'waterproof', '4k', 'wireless', 'tech', 'electronics', 'noise-cancelling', 'fast-charge', 'usb-c']","Introducing the LG Webcam SE by LG — a premium electronics solution built for modern lifestyles. Engineered with wireless materials and rechargeable design, it stands out in the laptops market. Whether you're a beginner or professional, this product meets your needs."
prod_0170,Lenovo Gaming Mouse Max,Electronics,Wearables,Lenovo,159.03,4.2,75,True,"['gadget', 'hd', 'bluetooth', 'tech', 'smart', '4k', 'fast-charge']","The Lenovo Gaming Mouse Max from Lenovo combines gadget functionality with sleek aesthetics. As a leading wearables product in the Electronics category, it offers 4k performance. Backed by a manufacturer warranty and thousands of verified purchases."
prod_0171,Anker Mechanical Keyboard Lite,Electronics,Audio,Anker,676.98,3.6,198,True,"['smart', 'voice-assistant', 'bluetooth', 'wireless', 'fast-charge', 'noise-cancelling', 'electronics', 'gadget']","The Anker Mechanical Keyboard Lite from Anker combines smart functionality with sleek aesthetics. As a leading audio product in the Electronics category, it offers electronics performance. Backed by a manufacturer warranty and thousands of verified purchases."
prod_0172,JBL Power Bank Max,Electronics,Accessories,JBL,722.25,4.1,80,True,"['portable', 'waterproof', '4k', 'electronics', 'rechargeable', 'noise-cancelling']","The JBL JBL Power Bank Max is a top-rated accessories product designed for travel use. It features rechargeable and noise-cancelling technology for superior performance. Trusted by thousands of customers, it delivers excellent value and durability."
prod_0173,LG Smart Watch Lite,Electronics,Laptops,LG,78.37,3.8,196,True,"['hd', 'portable', 'wireless', 'voice-assistant', 'gadget', 'noise-cancelling']","Introducing the LG Smart Watch Lite by LG — a premium electronics solution built for modern lifestyles. Engineered with hd materials and hd design, it stands out in the laptops market. Whether you're a beginner or professional, this product meets your needs."
prod_0174,Bose Wireless Charger X,Electronics,Networking,Bose,1376.99,3.3,27,True,"['fast-charge', '4k', 'noise-cancelling', 'voice-assistant', 'rechargeable', 'portable']","The Bose Bose Wireless Charger X is a top-rated networking product designed for everyday use. It features voice-assistant and 4k technology for superior performance. Trusted by thousands of customers, it delivers excellent value and durability."
prod_0175,Apple USB-C Hub SE,Electronics,Accessories,Apple,1322.0,3.6,114,True,"['bluetooth', 'portable', 'hd', 'smart', 'noise-cancelling', 'fast-charge', '4k', 'electronics', 'tech']","The Apple USB-C Hub SE from Apple combines 4k functionality with sleek aesthetics. As a leading accessories product in the Electronics category, it offers fast-charge performance. Backed by a manufacturer warranty and thousands of verified purchases."
prod_0176,JBL USB-C Hub Elite,Electronics,Wearables,JBL,45.05,4.2,871,True,"['fast-charge', 'bluetooth', 'waterproof', 'voice-assistant', 'smart', 'tech', 'wireless', 'gadget', 'hd', 'usb-c', 'rechargeable', 'portable']","Introducing the JBL USB-C Hub Elite by JBL — a premium electronics solution built for modern lifestyles. Engineered with usb-c materials and rechargeable design, it stands out in the wearables market. Whether you're a beginner or professional, this product meets your needs."
prod_0177,Anker Gaming Mouse SE,Electronics,Networking,Anker,1302.78,4.4,122,True,"['electronics', 'rechargeable', 'fast-charge', 'gadget', 'tech', 'bluetooth', 'waterproof', 'portable', 'hd', 'noise-cancelling', 'usb-c', 'voice-assistant']","The Anker Anker Gaming Mouse SE is a top-rated networking product designed for professional use. It features gadget and gadget technology for superior performance. Trusted by thousands of customers, it delivers excellent value and durability."
prod_0178,LG USB-C Hub Elite,Electronics,Wearables,LG,1237.91,4.0,44,True,"['portable', 'hd', 'tech', 'waterproof', 'electronics', 'wireless', 'usb-c', 'smart', 'bluetooth', 'noise-cancelling']","Introducing the LG USB-C Hub Elite by LG — a premium electronics solution built for modern lifestyles. Engineered with bluetooth materials and wireless design, it stands out in the wearables market. Whether you're a beginner or professional, this product meets your needs."
prod_0179,Apple USB-C Hub Pro,Electronics,Wearables,Apple,589.05,4.0,104,False,"['waterproof', 'noise-cancelling', 'fast-charge', 'wireless', '4k', 'hd', 'voice-assistant']","The Apple USB-C Hub Pro from Apple combines voice-assistant functionality with sleek aesthetics. As a leading wearables product in the Electronics category, it offers voice-assistant performance. Backed by a manufacturer warranty and thousands of verified purchases."
prod_0180,Sony Power Bank Pro,Electronics,Laptops,Sony,347.3,4.2,54,True,"['fast-charge', 'bluetooth', '4k', 'voice-assistant', 'hd', 'waterproof', 'portable', 'rechargeable', 'smart', 'gadget']","Introducing the Sony Power Bank Pro by Sony — a premium electronics solution built for modern lifestyles. Engineered with rechargeable materials and hd design, it stands out in the laptops market. Whether you're a beginner or professional, this product meets your needs."
prod_0181,Uniqlo Leather Belt SE,Fashion,Men's Clothing,Uniqlo,327.2,4.3,933,True,"['formal', 'premium', 'lightweight', 'clothing', 'slim-fit', 'waterproof', 'outdoor', 'handmade', 'breathable', 'style']","The Uniqlo Uniqlo Leather Belt SE is a top-rated men's clothing product designed for home use. It features slim-fit and slim-fit technology for superior performance. Trusted by thousands of customers, it delivers excellent value and durability."
prod_0182,Puma Leather Belt,Fashion,Bags,Puma,78.57,3.9,240,True,"['lightweight', 'slim-fit', 'formal', 'eco-friendly', 'seasonal', 'premium']","Introducing the Puma Leather Belt by Puma — a premium fashion solution built for modern lifestyles. Engineered with seasonal materials and premium design, it stands out in the bags market. Whether you're a beginner or professional, this product meets your needs."
prod_0183,Uniqlo Ankle Boots,Fashion,Women's Clothing,Uniqlo,185.66,4.3,91,True,"['handmade', 'style', 'lightweight', 'breathable', 'premium', 'formal', 'clothing', 'slim-fit']","The Uniqlo Uniqlo Ankle Boots is a top-rated women's clothing product designed for professional use. It features premium and lightweight technology for superior performance. Trusted by thousands of customers, it delivers excellent value and durability."
prod_0184,Puma Leather Belt Elite,Fashion,Footwear,Puma,137.67,4.1,150,True,"['slim-fit', 'handmade', 'clothing', 'premium', 'fashion', 'durable', 'eco-friendly', 'waterproof']","The Puma Puma Leather Belt Elite is a top-rated footwear product designed for professional use. It features handmade and eco-friendly technology for superior performance. Trusted by thousands of customers, it delivers excellent value and durability."
prod_0185,Puma Hoodie X,Fashion,Footwear,Puma,80.18,4.0,58,True,"['waterproof', 'style', 'eco-friendly', 'clothing', 'slim-fit', 'outdoor', 'handmade', 'durable', 'lightweight', 'fashion', 'seasonal', 'casual']","The Puma Puma Hoodie X is a top-rated footwear product designed for home use. It features clothing and eco-friendly technology for superior performance. Trusted by thousands of customers, it delivers excellent value and durability."
prod_0186,Puma Sports Socks Ultra,Fashion,Activewear,Puma,483.01,4.0,269,True,"['fashion', 'premium', 'breathable', 'casual', 'outdoor', 'handmade', 'lightweight', 'waterproof', 'durable']","Introducing the Puma Sports Socks Ultra by Puma — a premium fashion solution built for modern lifestyles. Engineered with handmade materials and outdoor design, it stands out in the activewear market. Whether you're a beginner or professional, this product meets your needs."
prod_0187,Zara Slim-Fit Jeans Pro,Fashion,Footwear,Zara,156.12,4.7,469,True,"['slim-fit', 'waterproof', 'breathable', 'durable', 'eco-friendly', 'outdoor', 'seasonal', 'style']","The Zara Zara Slim-Fit Jeans Pro is a top-rated footwear product designed for home use. It features style and outdoor technology for superior performance. Trusted by thousands of customers, it delivers excellent value and durability."
prod_0188,H&M Running Sneakers HD,Fashion,Women's Clothing,H&M,257.27,5.0,59,True,"['outdoor', 'waterproof', 'lightweight', 'fashion', 'seasonal', 'formal']","The H&M Running Sneakers HD from H&M combines formal functionality with sleek aesthetics. As a leading women's clothing product in the Fashion category, it offers outdoor performance. Backed by a manufacturer warranty and thousands of verified purchases."
prod_0189,Adidas Sports Socks X,Fashion,Men's Clothing,Adidas,196.32,4.4,184,True,"['formal', 'slim-fit', 'waterproof', 'style', 'casual', 'fashion', 'premium', 'seasonal', 'outdoor', 'durable']","The Adidas Sports Socks X from Adidas combines premium functionality with sleek aesthetics. As a leading men's clothing product in the Fashion category, it offers slim-fit performance. Backed by a manufacturer warranty and thousands of verified purchases."
prod_0190,Levi's Slim-Fit Jeans Plus,Fashion,Men's Clothing,Levi's,253.89,5.0,56,True,"['casual', 'eco-friendly', 'formal', 'breathable', 'premium', 'outdoor', 'seasonal', 'handmade', 'clothing', 'fashion']","The Levi's Levi's Slim-Fit Jeans Plus is a top-rated men's clothing product designed for travel use. It features handmade and breathable technology for superior performance. Trusted by thousands of customers, it delivers excellent value and durability."
prod_0191,Gap Ankle Boots Lite,Fashion,Men's Clothing,Gap,475.23,3.6,72,True,"['breathable', 'clothing', 'waterproof', 'eco-friendly', 'handmade', 'formal', 'casual', 'slim-fit', 'style', 'seasonal', 'premium', 'fashion']","Introducing the Gap Ankle Boots Lite by Gap — a premium fashion solution built for modern lifestyles. Engineered with handmade materials and formal design, it stands out in the men's clothing market. Whether you're a beginner or professional, this product meets your needs."
prod_0192,Nike Running Sneakers Lite,Fashion,Men's Clothing,Nike,335.04,2.9,78,True,"['outdoor', 'premium', 'slim-fit', 'durable', 'formal', 'clothing', 'handmade']","Introducing the Nike Running Sneakers Lite by Nike — a premium fashion solution built for modern lifestyles. Engineered with durable materials and durable design, it stands out in the men's clothing market. Whether you're a beginner or professional, this product meets your needs."
prod_0193,Puma Formal Shirt Plus,Fashion,Accessories,Puma,74.93,3.6,177,True,"['fashion', 'handmade', 'style', 'clothing', 'seasonal', 'durable', 'slim-fit', 'breathable', 'waterproof', 'formal', 'casual']","The Puma Puma Formal Shirt Plus is a top-rated accessories product designed for home use. It features formal and fashion technology for superior performance. Trusted by thousands of customers, it delivers excellent value and durability."
prod_0194,Nike Slim-Fit Jeans Mini,Fashion,Accessories,Nike,330.94,4.2,1410,True,"['waterproof', 'handmade', 'lightweight', 'breathable', 'durable', 'eco-friendly']","The Nike Slim-Fit Jeans Mini from Nike combines eco-friendly functionality with sleek aesthetics. As a leading accessories product in the Fashion category, it offers eco-friendly performance. Backed by a manufacturer warranty and thousands of verified purchases."
prod_0195,H&M Ankle Boots Elite,Fashion,Activewear,H&M,335.22,4.5,74,True,"['seasonal', 'style', 'breathable', 'durable', 'fashion', 'lightweight', 'handmade', 'slim-fit', 'premium', 'casual', 'clothing']","The H&M Ankle Boots Elite from H&M combines fashion functionality with sleek aesthetics. As a leading activewear product in the Fashion category, it offers seasonal performance. Backed by a manufacturer warranty and thousands of verified purchases."
prod_0196,Puma Sports Socks Max,Fashion,Activewear,Puma,48.63,3.6,267,True,"['eco-friendly', 'durable', 'slim-fit', 'clothing', 'premium', 'lightweight', 'outdoor', 'waterproof', 'casual']","The Puma Puma Sports Socks Max is a top-rated activewear product designed for everyday use. It features durable and outdoor technology for superior performance. Trusted by thousands of customers, it delivers excellent value and durability."
prod_0197,Gap Canvas Backpack SE,Fashion,Bags,Gap,285.54,3.3,1336,False,"['lightweight', 'slim-fit', 'outdoor', 'eco-friendly', 'fashion', 'casual', 'handmade', 'waterproof', 'formal', 'seasonal', 'breathable']","The Gap Gap Canvas Backpack SE is a top-rated bags product designed for outdoor use. It features breathable and casual technology for superior performance. Trusted by thousands of customers, it delivers excellent value and durability."
prod_0198,Levi's Sunglasses SE,Fashion,Footwear,Levi's,193.21,4.6,84,True,"['fashion', 'style', 'slim-fit', 'handmade', 'seasonal', 'clothing']","Introducing the Levi's Sunglasses SE by Levi's — a premium fashion solution built for modern lifestyles. Engineered with style materials and fashion design, it stands out in the footwear market. Whether you're a beginner or professional, this product meets your needs."
prod_0199,Gucci Slim-Fit Jeans Ultra,Fashion,Women's Clothing,Gucci,32.79,3.1,753,True,"['handmade', 'lightweight', 'durable', 'clothing', 'slim-fit', 'premium', 'breathable', 'style', 'casual', 'fashion', 'formal']","The Gucci Slim-Fit Jeans Ultra from Gucci combines casual functionality with sleek aesthetics. As a leading women's clothing product in the Fashion category, it offers durable performance. Backed by a manufacturer warranty and thousands of verified purchases."
prod_0200,Zara Slim-Fit Jeans Ultra,Fashion,Activewear,Zara,332.19,3.9,655,True,"['premium', 'outdoor', 'breathable', 'seasonal', 'waterproof', 'durable', 'casual', 'formal', 'eco-friendly', 'style']","Introducing the Zara Slim-Fit Jeans Ultra by Zara — a premium fashion solution built for modern lifestyles. Engineered with breathable materials and casual design, it stands out in the activewear market. Whether you're a beginner or professional, this product meets your needs."
prod_0201,Gucci Sunglasses,Fashion,Bags,Gucci,116.5,3.2,72,True,"['durable', 'waterproof', 'formal', 'lightweight', 'outdoor', 'style', 'premium']","Introducing the Gucci Sunglasses by Gucci — a premium fashion solution built for modern lifestyles. Engineered with style materials and formal design, it stands out in the bags market. Whether you're a beginner or professional, this product meets your needs."
prod_0202,Gap Sports Socks,Fashion,Bags,Gap,376.46,4.0,157,True,"['breathable', 'formal', 'seasonal', 'fashion', 'premium', 'clothing', 'waterproof', 'eco-friendly', 'durable', 'lightweight', 'outdoor', 'slim-fit']","The Gap Sports Socks from Gap combines seasonal functionality with sleek aesthetics. As a leading bags product in the Fashion category, it offers breathable performance. Backed by a manufacturer warranty and thousands of verified purchases."
prod_0203,Uniqlo Running Sneakers Elite,Fashion,Women's Clothing,Uniqlo,408.87,3.8,313,False,"['durable', 'handmade', 'lightweight', 'waterproof', 'breathable', 'casual']","The Uniqlo Running Sneakers Elite from Uniqlo combines lightweight functionality with sleek aesthetics. As a leading women's clothing product in the Fashion category, it offers casual performance. Backed by a manufacturer warranty and thousands of verified purchases."
prod_0204,Puma Sports Socks,Fashion,Accessories,Puma,163.2,3.5,125,True,"['fashion', 'premium', 'waterproof', 'formal', 'casual', 'durable', 'slim-fit', 'lightweight', 'outdoor', 'seasonal']","Introducing the Puma Sports Socks by Puma — a premium fashion solution built for modern lifestyles. Engineered with seasonal materials and formal design, it stands out in the accessories market. Whether you're a beginner or professional, this product meets your needs."
prod_0205,Adidas Formal Shirt Lite,Fashion,Activewear,Adidas,370.19,4.1,275,True,"['seasonal', 'fashion', 'premium', 'formal', 'breathable', 'waterproof']","The Adidas Formal Shirt Lite from Adidas combines premium functionality with sleek aesthetics. As a leading activewear product in the Fashion category, it offers formal performance. Backed by a manufacturer warranty and thousands of verified purchases."
prod_0206,Zara Leather Belt HD,Fashion,Men's Clothing,Zara,34.92,4.4,38,True,"['durable', 'handmade', 'lightweight', 'formal', 'slim-fit', 'premium', 'breathable', 'outdoor', 'fashion', 'eco-friendly', 'style']","Introducing the Zara Leather Belt HD by Zara — a premium fashion solution built for modern lifestyles. Engineered with fashion materials and handmade design, it stands out in the men's clothing market. Whether you're a beginner or professional, this product meets your needs."
prod_0207,Adidas Leather Belt Max,Fashion,Accessories,Adidas,442.86,3.2,687,True,"['outdoor', 'premium', 'handmade', 'formal', 'casual', 'durable', 'breathable', 'slim-fit', 'waterproof', 'eco-friendly', 'fashion']","The Adidas Leather Belt Max from Adidas combines fashion functionality with sleek aesthetics. As a leading accessories product in the Fashion category, it offers eco-friendly performance. Backed by a manufacturer warranty and thousands of verified purchases."
prod_0208,Gucci Sports Socks Plus,Fashion,Men's Clothing,Gucci,199.08,4.2,60,True,"['waterproof', 'formal', 'fashion', 'breathable', 'outdoor', 'premium', 'durable', 'slim-fit', 'casual', 'eco-friendly']","The Gucci Sports Socks Plus from Gucci combines formal functionality with sleek aesthetics. As a leading men's clothing product in the Fashion category, it offers fashion performance. Backed by a manufacturer warranty and thousands of verified purchases."
prod_0209,Adidas Winter Jacket,Fashion,Activewear,Adidas,318.46,4.8,170,False,"['handmade', 'lightweight', 'seasonal', 'clothing', 'casual', 'breathable', 'eco-friendly']","Introducing the Adidas Winter Jacket by Adidas — a premium fashion solution built for modern lifestyles. Engineered with lightweight materials and handmade design, it stands out in the activewear market. Whether you're a beginner or professional, this product meets your needs."
prod_0210,Nike Formal Shirt Mini,Fashion,Men's Clothing,Nike,283.46,4.6,160,True,"['handmade', 'casual', 'formal', 'seasonal', 'waterproof', 'slim-fit', 'lightweight', 'breathable', 'style', 'fashion']","The Nike Nike Formal Shirt Mini is a top-rated men's clothing product designed for outdoor use. It features casual and style technology for superior performance. Trusted by thousands of customers, it delivers excellent value and durability."
prod_0211,Gucci Sunglasses Plus,Fashion,Men's Clothing,Gucci,152.02,5.0,1219,True,"['formal', 'durable', 'clothing', 'premium', 'slim-fit', 'seasonal', 'handmade', 'fashion', 'casual', 'eco-friendly', 'waterproof']","Introducing the Gucci Sunglasses Plus by Gucci — a premium fashion solution built for modern lifestyles. Engineered with casual materials and slim-fit design, it stands out in the men's clothing market. Whether you're a beginner or professional, this product meets your needs."
prod_0212,Gucci Running Sneakers SE,Fashion,Activewear,Gucci,438.64,3.9,476,True,"['clothing', 'fashion', 'handmade', 'durable', 'waterproof', 'seasonal', 'breathable']","Introducing the Gucci Running Sneakers SE by Gucci — a premium fashion solution built for modern lifestyles. Engineered with fashion materials and seasonal design, it stands out in the activewear market. Whether you're a beginner or professional, this product meets your needs."
prod_0213,Uniqlo Formal Shirt Lite,Fashion,Activewear,Uniqlo,100.16,4.3,766,True,"['handmade', 'formal', 'casual', 'clothing', 'style', 'durable', 'fashion', 'slim-fit', 'outdoor', 'premium']","Introducing the Uniqlo Formal Shirt Lite by Uniqlo — a premium fashion solution built for modern lifestyles. Engineered with style materials and formal design, it stands out in the activewear market. Whether you're a beginner or professional, this product meets your needs."
prod_0214,Zara Winter Jacket Plus,Fashion,Footwear,Zara,149.72,3.5,338,True,"['premium', 'casual', 'outdoor', 'slim-fit', 'waterproof', 'eco-friendly']","The Zara Winter Jacket Plus from Zara combines casual functionality with sleek aesthetics. As a leading footwear product in the Fashion category, it offers waterproof performance. Backed by a manufacturer warranty and thousands of verified purchases."
prod_0215,Puma Formal Shirt Pro,Fashion,Footwear,Puma,163.48,4.5,17,True,"['casual', 'waterproof', 'handmade', 'lightweight', 'seasonal', 'formal', 'outdoor', 'style', 'breathable', 'eco-friendly', 'slim-fit', 'premium']","The Puma Puma Formal Shirt Pro is a top-rated footwear product designed for outdoor use. It features style and formal technology for superior performance. Trusted by thousands of customers, it delivers excellent value and durability."
prod_0216,Levi's Formal Shirt SE,Fashion,Men's Clothing,Levi's,106.25,3.4,12,True,"['premium', 'lightweight', 'clothing', 'waterproof', 'eco-friendly', 'fashion', 'breathable', 'durable', 'seasonal', 'formal', 'outdoor']","The Levi's Formal Shirt SE from Levi's combines eco-friendly functionality with sleek aesthetics. As a leading men's clothing product in the Fashion category, it offers seasonal performance. Backed by a manufacturer warranty and thousands of verified purchases."
prod_0217,Gucci Sports Socks Max,Fashion,Women's Clothing,Gucci,446.8,3.9,351,True,"['waterproof', 'handmade', 'formal', 'style', 'slim-fit', 'breathable', 'durable', 'clothing', 'casual', 'premium']","Introducing the Gucci Sports Socks Max by Gucci — a premium fashion solution built for modern lifestyles. Engineered with premium materials and formal design, it stands out in the women's clothing market. Whether you're a beginner or professional, this product meets your needs."
prod_0218,Gap Formal Shirt X,Fashion,Bags,Gap,470.2,4.8,162,True,"['casual', 'eco-friendly', 'slim-fit', 'premium', 'clothing', 'formal']","Introducing the Gap Formal Shirt X by Gap — a premium fashion solution built for modern lifestyles. Engineered with formal materials and eco-friendly design, it stands out in the bags market. Whether you're a beginner or professional, this product meets your needs."
prod_0219,Nike Running Sneakers,Fashion,Accessories,Nike,168.79,4.8,28,True,"['breathable', 'lightweight', 'formal', 'waterproof', 'eco-friendly', 'durable', 'premium', 'style', 'casual', 'outdoor', 'seasonal']","The Nike Nike Running Sneakers is a top-rated accessories product designed for home use. It features outdoor and seasonal technology for superior performance. Trusted by thousands of customers, it delivers excellent value and durability."
prod_0220,Gucci Ankle Boots X,Fashion,Footwear,Gucci,444.71,3.1,138,True,"['breathable', 'style', 'slim-fit', 'handmade', 'casual', 'clothing']","Introducing the Gucci Ankle Boots X by Gucci — a premium fashion solution built for modern lifestyles. Engineered with style materials and style design, it stands out in the footwear market. Whether you're a beginner or professional, this product meets your needs."
prod_0221,H&M Sports Socks Elite,Fashion,Men's Clothing,H&M,362.93,4.2,142,True,"['lightweight', 'slim-fit', 'handmade', 'casual', 'durable', 'style', 'seasonal', 'fashion', 'clothing']","The H&M H&M Sports Socks Elite is a top-rated men's clothing product designed for everyday use. It features handmade and handmade technology for superior performance. Trusted by thousands of customers, it delivers excellent value and durability."
prod_0222,Uniqlo Sports Socks HD,Fashion,Women's Clothing,Uniqlo,484.93,3.0,133,True,"['fashion', 'waterproof', 'handmade', 'lightweight', 'formal', 'clothing', 'casual', 'slim-fit', 'eco-friendly', 'breathable', 'outdoor']","The Uniqlo Sports Socks HD from Uniqlo combines breathable functionality with sleek aesthetics. As a leading women's clothing product in the Fashion category, it offers handmade performance. Backed by a manufacturer warranty and thousands of verified purchases."
prod_0223,Zara Leather Belt X,Fashion,Footwear,Zara,302.3,3.3,331,True,"['casual', 'seasonal', 'handmade', 'style', 'clothing', 'fashion']","The Zara Zara Leather Belt X is a top-rated footwear product designed for professional use. It features clothing and clothing technology for superior performance. Trusted by thousands of customers, it delivers excellent value and durability."
prod_0224,Gap Running Sneakers SE,Fashion,Bags,Gap,256.63,4.2,48,True,"['clothing', 'slim-fit', 'lightweight', 'style', 'durable', 'breathable']","The Gap Gap Running Sneakers SE is a top-rated bags product designed for everyday use. It features breathable and breathable technology for superior performance. Trusted by thousands of customers, it delivers excellent value and durability."
prod_0225,H&M Ankle Boots Ultra,Fashion,Accessories,H&M,181.75,3.7,41,True,"['waterproof', 'eco-friendly', 'premium', 'durable', 'clothing', 'seasonal', 'style', 'formal', 'casual', 'lightweight', 'fashion', 'breathable']","The H&M Ankle Boots Ultra from H&M combines waterproof functionality with sleek aesthetics. As a leading accessories product in the Fashion category, it offers breathable performance. Backed by a manufacturer warranty and thousands of verified purchases."
prod_0226,Uniqlo Slim-Fit Jeans SE,Fashion,Bags,Uniqlo,13.53,4.0,466,True,"['casual', 'waterproof', 'eco-friendly', 'outdoor', 'seasonal', 'handmade', 'clothing', 'style', 'premium', 'durable', 'formal']","Introducing the Uniqlo Slim-Fit Jeans SE by Uniqlo — a premium fashion solution built for modern lifestyles. Engineered with clothing materials and durable design, it stands out in the bags market. Whether you're a beginner or professional, this product meets your needs."
prod_0227,H&M Sports Socks SE,Fashion,Accessories,H&M,394.06,3.5,271,True,"['style', 'outdoor', 'breathable', 'eco-friendly', 'slim-fit', 'formal', 'durable', 'handmade', 'seasonal']","The H&M H&M Sports Socks SE is a top-rated accessories product designed for outdoor use. It features breathable and outdoor technology for superior performance. Trusted by thousands of customers, it delivers excellent value and durability."
prod_0228,Uniqlo Hoodie,Fashion,Footwear,Uniqlo,356.33,3.7,57,True,"['seasonal', 'lightweight', 'fashion', 'clothing', 'style', 'slim-fit', 'premium']","The Uniqlo Uniqlo Hoodie is a top-rated footwear product designed for everyday use. It features seasonal and fashion technology for superior performance. Trusted by thousands of customers, it delivers excellent value and durability."
prod_0229,Gap Sunglasses Mini,Fashion,Accessories,Gap,358.69,3.9,42,True,"['fashion', 'eco-friendly', 'style', 'lightweight', 'slim-fit', 'waterproof', 'premium', 'casual', 'seasonal', 'outdoor']","The Gap Sunglasses Mini from Gap combines seasonal functionality with sleek aesthetics. As a leading accessories product in the Fashion category, it offers seasonal performance. Backed by a manufacturer warranty and thousands of verified purchases."
prod_0230,Nike Leather Belt Max,Fashion,Women's Clothing,Nike,330.96,3.7,35,True,"['clothing', 'formal', 'eco-friendly', 'seasonal', 'outdoor', 'waterproof', 'durable']","The Nike Nike Leather Belt Max is a top-rated women's clothing product designed for travel use. It features formal and outdoor technology for superior performance. Trusted by thousands of customers, it delivers excellent value and durability."
prod_0231,Uniqlo Hoodie Elite,Fashion,Activewear,Uniqlo,180.26,5.0,154,True,"['formal', 'casual', 'durable', 'handmade', 'slim-fit', 'seasonal', 'fashion', 'premium', 'clothing', 'waterproof', 'lightweight', 'breathable']","Introducing the Uniqlo Hoodie Elite by Uniqlo — a premium fashion solution built for modern lifestyles. Engineered with slim-fit materials and seasonal design, it stands out in the activewear market. Whether you're a beginner or professional, this product meets your needs."
prod_0232,Levi's Ankle Boots Ultra,Fashion,Bags,Levi's,285.95,3.7,191,True,"['casual', 'eco-friendly', 'outdoor', 'slim-fit', 'lightweight', 'waterproof', 'fashion', 'durable', 'breathable', 'style', 'seasonal', 'premium']","The Levi's Ankle Boots Ultra from Levi's combines fashion functionality with sleek aesthetics. As a leading bags product in the Fashion category, it offers waterproof performance. Backed by a manufacturer warranty and thousands of verified purchases."
prod_0233,Levi's Winter Jacket Mini,Fashion,Activewear,Levi's,55.57,3.9,113,True,"['waterproof', 'handmade', 'outdoor', 'clothing', 'breathable', 'style', 'slim-fit', 'eco-friendly', 'durable', 'premium', 'formal']","The Levi's Winter Jacket Mini from Levi's combines clothing functionality with sleek aesthetics. As a leading activewear product in the Fashion category, it offers clothing performance. Backed by a manufacturer warranty and thousands of verified purchases."
prod_0234,H&M Winter Jacket Max,Fashion,Footwear,H&M,419.12,4.3,368,True,"['durable', 'outdoor', 'style', 'clothing', 'waterproof', 'lightweight', 'slim-fit', 'fashion', 'seasonal', 'formal', 'breathable', 'casual']","The H&M H&M Winter Jacket Max is a top-rated footwear product designed for home use. It features formal and lightweight technology for superior performance. Trusted by thousands of customers, it delivers excellent value and durability."
prod_0235,Levi's Sports Socks Max,Fashion,Bags,Levi's,377.58,3.7,74,True,"['fashion', 'breathable', 'eco-friendly', 'seasonal', 'slim-fit', 'handmade', 'premium']","Introducing the Levi's Sports Socks Max by Levi's — a premium fashion solution built for modern lifestyles. Engineered with premium materials and handmade design, it stands out in the bags market. Whether you're a beginner or professional, this product meets your needs."
prod_0236,Uniqlo Ankle Boots Elite,Fashion,Activewear,Uniqlo,347.71,3.9,10,True,"['lightweight', 'casual', 'seasonal', 'durable', 'clothing', 'outdoor']","Introducing the Uniqlo Ankle Boots Elite by Uniqlo — a premium fashion solution built for modern lifestyles. Engineered with casual materials and clothing design, it stands out in the activewear market. Whether you're a beginner or professional, this product meets your needs."
prod_0237,Gucci Leather Belt Lite,Fashion,Bags,Gucci,254.4,3.2,765,True,"['seasonal', 'waterproof', 'eco-friendly', 'outdoor', 'handmade', 'premium', 'formal']","The Gucci Gucci Leather Belt Lite is a top-rated bags product designed for outdoor use. It features waterproof and handmade technology for superior performance. Trusted by thousands of customers, it delivers excellent value and durability."
prod_0238,Uniqlo Sports Socks Ultra,Fashion,Women's Clothing,Uniqlo,106.07,4.8,110,True,"['waterproof', 'style', 'slim-fit', 'fashion', 'handmade', 'seasonal', 'eco-friendly', 'lightweight', 'durable', 'outdoor', 'formal', 'breathable']","The Uniqlo Uniqlo Sports Socks Ultra is a top-rated women's clothing product designed for outdoor use. It features handmade and handmade technology for superior performance. Trusted by thousands of customers, it delivers excellent value and durability."
prod_0239,H&M Canvas Backpack X,Fashion,Men's Clothing,H&M,421.1,4.3,215,True,"['slim-fit', 'waterproof', 'outdoor', 'formal', 'eco-friendly', 'lightweight']","Introducing the H&M Canvas Backpack X by H&M — a premium fashion solution built for modern lifestyles. Engineered with outdoor materials and slim-fit design, it stands out in the men's clothing market. Whether you're a beginner or professional, this product meets your needs."
prod_0240,H&M Hoodie HD,Fashion,Bags,H&M,328.43,5.0,568,True,"['style', 'eco-friendly', 'formal', 'outdoor', 'waterproof', 'breathable', 'slim-fit', 'durable', 'fashion', 'casual']","The H&M Hoodie HD from H&M combines breathable functionality with sleek aesthetics. As a leading bags product in the Fashion category, it offers slim-fit performance. Backed by a manufacturer warranty and thousands of verified purchases."
prod_0241,Adidas Slim-Fit Jeans Lite,Fashion,Accessories,Adidas,178.38,3.9,47,True,"['outdoor', 'lightweight', 'formal', 'waterproof', 'eco-friendly', 'durable', 'seasonal', 'handmade']","The Adidas Adidas Slim-Fit Jeans Lite is a top-rated accessories product designed for outdoor use. It features durable and handmade technology for superior performance. Trusted by thousands of customers, it delivers excellent value and durability."
prod_0242,Levi's Slim-Fit Jeans Max,Fashion,Activewear,Levi's,91.79,3.2,189,True,"['clothing', 'premium', 'slim-fit', 'breathable', 'fashion', 'lightweight']","The Levi's Levi's Slim-Fit Jeans Max is a top-rated activewear product designed for outdoor use. It features fashion and clothing technology for superior performance. Trusted by thousands of customers, it delivers excellent value and durability."
prod_0243,Levi's Winter Jacket Max,Fashion,Accessories,Levi's,371.42,3.6,26,True,"['lightweight', 'style', 'handmade', 'breathable', 'eco-friendly', 'fashion', 'durable', 'outdoor', 'seasonal']","The Levi's Levi's Winter Jacket Max is a top-rated accessories product designed for home use. It features outdoor and outdoor technology for superior performance. Trusted by thousands of customers, it delivers excellent value and durability."
prod_0244,Uniqlo Formal Shirt HD,Fashion,Activewear,Uniqlo,302.82,3.7,40,False,"['waterproof', 'lightweight', 'durable', 'seasonal', 'breathable', 'handmade', 'formal', 'outdoor', 'casual', 'eco-friendly', 'clothing']","Introducing the Uniqlo Formal Shirt HD by Uniqlo — a premium fashion solution built for modern lifestyles. Engineered with handmade materials and formal design, it stands out in the activewear market. Whether you're a beginner or professional, this product meets your needs."
prod_0245,Zara Leather Belt Mini,Fashion,Bags,Zara,239.91,4.8,427,True,"['waterproof', 'slim-fit', 'eco-friendly', 'handmade', 'formal', 'fashion']","The Zara Zara Leather Belt Mini is a top-rated bags product designed for outdoor use. It features eco-friendly and formal technology for superior performance. Trusted by thousands of customers, it delivers excellent value and durability."
prod_0246,Puma Sports Socks Max,Fashion,Bags,Puma,90.0,4.0,876,True,"['lightweight', 'seasonal', 'handmade', 'casual', 'formal', 'clothing', 'eco-friendly', 'waterproof', 'premium', 'breathable', 'style']","The Puma Puma Sports Socks Max is a top-rated bags product designed for home use. It features style and premium technology for superior performance. Trusted by thousands of customers, it delivers excellent value and durability."
prod_0247,Under Armour Hoodie X,Fashion,Men's Clothing,Under Armour,143.35,4.0,52,False,"['slim-fit', 'casual', 'outdoor', 'fashion', 'style', 'waterproof', 'breathable', 'durable', 'clothing', 'premium']","The Under Armour Under Armour Hoodie X is a top-rated men's clothing product designed for home use. It features style and outdoor technology for superior performance. Trusted by thousands of customers, it delivers excellent value and durability."
prod_0248,Gucci Sports Socks Mini,Fashion,Women's Clothing,Gucci,395.01,4.8,283,True,"['outdoor', 'slim-fit', 'waterproof', 'fashion', 'premium', 'clothing', 'style', 'eco-friendly', 'breathable']","Introducing the Gucci Sports Socks Mini by Gucci — a premium fashion solution built for modern lifestyles. Engineered with eco-friendly materials and waterproof design, it stands out in the women's clothing market. Whether you're a beginner or professional, this product meets your needs."
prod_0249,H&M Sports Socks X,Fashion,Men's Clothing,H&M,131.11,3.5,118,False,"['casual', 'slim-fit', 'waterproof', 'clothing', 'breathable', 'premium']","The H&M Sports Socks X from H&M combines slim-fit functionality with sleek aesthetics. As a leading men's clothing product in the Fashion category, it offers premium performance. Backed by a manufacturer warranty and thousands of verified purchases."
prod_0250,Uniqlo Slim-Fit Jeans Mini,Fashion,Bags,Uniqlo,245.8,3.6,28,True,"['casual', 'outdoor', 'fashion', 'lightweight', 'premium', 'clothing', 'waterproof', 'seasonal']","The Uniqlo Uniqlo Slim-Fit Jeans Mini is a top-rated bags product designed for home use. It features casual and fashion technology for superior performance. Trusted by thousands of customers, it delivers excellent value and durability."
prod_0251,Under Armour Hoodie Lite,Fashion,Bags,Under Armour,191.99,4.5,1467,True,"['casual', 'style', 'slim-fit', 'clothing', 'lightweight', 'durable']","The Under Armour Hoodie Lite from Under Armour combines durable functionality with sleek aesthetics. As a leading bags product in the Fashion category, it offers style performance. Backed by a manufacturer warranty and thousands of verified purchases."
prod_0252,Zara Ankle Boots Max,Fashion,Men's Clothing,Zara,165.2,3.3,291,True,"['eco-friendly', 'lightweight', 'premium', 'outdoor', 'slim-fit', 'casual', 'fashion', 'seasonal', 'style', 'waterproof']","The Zara Ankle Boots Max from Zara combines style functionality with sleek aesthetics. As a leading men's clothing product in the Fashion category, it offers slim-fit performance. Backed by a manufacturer warranty and thousands of verified purchases."
prod_0253,Gap Formal Shirt SE,Fashion,Women's Clothing,Gap,180.36,3.7,82,True,"['slim-fit', 'formal', 'durable', 'breathable', 'style', 'clothing', 'waterproof', 'lightweight', 'casual', 'premium', 'outdoor']","The Gap Formal Shirt SE from Gap combines casual functionality with sleek aesthetics. As a leading women's clothing product in the Fashion category, it offers waterproof performance. Backed by a manufacturer warranty and thousands of verified purchases."
prod_0254,Gap Leather Belt HD,Fashion,Men's Clothing,Gap,127.01,3.7,52,False,"['clothing', 'lightweight', 'breathable', 'seasonal', 'casual', 'eco-friendly', 'slim-fit', 'style', 'formal', 'durable', 'outdoor']","The Gap Gap Leather Belt HD is a top-rated men's clothing product designed for outdoor use. It features outdoor and eco-friendly technology for superior performance. Trusted by thousands of customers, it delivers excellent value and durability."
prod_0255,Zara Running Sneakers Max,Fashion,Women's Clothing,Zara,62.46,4.0,54,True,"['clothing', 'fashion', 'durable', 'lightweight', 'seasonal', 'slim-fit', 'breathable']","The Zara Running Sneakers Max from Zara combines durable functionality with sleek aesthetics. As a leading women's clothing product in the Fashion category, it offers fashion performance. Backed by a manufacturer warranty and thousands of verified purchases."
prod_0256,H&M Ankle Boots Plus,Fashion,Men's Clothing,H&M,239.35,4.1,139,True,"['fashion', 'outdoor', 'breathable', 'waterproof', 'seasonal', 'handmade', 'premium', 'formal', 'slim-fit', 'eco-friendly', 'durable']","The H&M Ankle Boots Plus from H&M combines outdoor functionality with sleek aesthetics. As a leading men's clothing product in the Fashion category, it offers waterproof performance. Backed by a manufacturer warranty and thousands of verified purchases."
prod_0257,Uniqlo Winter Jacket HD,Fashion,Women's Clothing,Uniqlo,316.41,3.9,49,True,"['breathable', 'waterproof', 'premium', 'seasonal', 'clothing', 'durable', 'outdoor']","The Uniqlo Uniqlo Winter Jacket HD is a top-rated women's clothing product designed for outdoor use. It features durable and durable technology for superior performance. Trusted by thousands of customers, it delivers excellent value and durability."
prod_0258,Gucci Formal Shirt SE,Fashion,Bags,Gucci,499.23,3.7,367,True,"['premium', 'outdoor', 'handmade', 'breathable', 'eco-friendly', 'lightweight', 'seasonal', 'waterproof', 'slim-fit']","Introducing the Gucci Formal Shirt SE by Gucci — a premium fashion solution built for modern lifestyles. Engineered with breathable materials and seasonal design, it stands out in the bags market. Whether you're a beginner or professional, this product meets your needs."
prod_0259,Puma Running Sneakers Pro,Fashion,Accessories,Puma,491.65,4.3,45,True,"['fashion', 'breathable', 'style', 'formal', 'premium', 'waterproof', 'casual', 'handmade', 'seasonal', 'eco-friendly']","The Puma Puma Running Sneakers Pro is a top-rated accessories product designed for everyday use. It features premium and seasonal technology for superior performance. Trusted by thousands of customers, it delivers excellent value and durability."
prod_0260,Gucci Formal Shirt Lite,Fashion,Accessories,Gucci,139.84,4.0,365,True,"['casual', 'premium', 'formal', 'eco-friendly', 'clothing', 'durable', 'seasonal', 'handmade', 'outdoor', 'fashion']","The Gucci Formal Shirt Lite from Gucci combines premium functionality with sleek aesthetics. As a leading accessories product in the Fashion category, it offers fashion performance. Backed by a manufacturer warranty and thousands of verified purchases."
prod_0261,Gap Sports Socks Plus,Fashion,Activewear,Gap,392.26,3.2,284,True,"['outdoor', 'premium', 'seasonal', 'eco-friendly', 'clothing', 'casual', 'fashion', 'waterproof', 'breathable', 'style', 'formal', 'slim-fit']","The Gap Gap Sports Socks Plus is a top-rated activewear product designed for home use. It features breathable and style technology for superior performance. Trusted by thousands of customers, it delivers excellent value and durability."
prod_0262,Puma Ankle Boots HD,Fashion,Activewear,Puma,291.87,3.7,294,True,"['casual', 'seasonal', 'formal', 'handmade', 'style', 'lightweight']","Introducing the Puma Ankle Boots HD by Puma — a premium fashion solution built for modern lifestyles. Engineered with style materials and lightweight design, it stands out in the activewear market. Whether you're a beginner or professional, this product meets your needs."
prod_0263,Uniqlo Sports Socks Lite,Fashion,Accessories,Uniqlo,383.4,3.6,17,True,"['breathable', 'casual', 'slim-fit', 'seasonal', 'lightweight', 'durable', 'handmade', 'premium', 'clothing']","Introducing the Uniqlo Sports Socks Lite by Uniqlo — a premium fashion solution built for modern lifestyles. Engineered with durable materials and casual design, it stands out in the accessories market. Whether you're a beginner or professional, this product meets your needs."
prod_0264,Gucci Leather Belt HD,Fashion,Women's Clothing,Gucci,331.15,3.2,157,True,"['formal', 'style', 'outdoor', 'durable', 'slim-fit', 'waterproof', 'handmade', 'lightweight', 'fashion', 'clothing', 'eco-friendly', 'breathable']","The Gucci Leather Belt HD from Gucci combines formal functionality with sleek aesthetics. As a leading women's clothing product in the Fashion category, it offers durable performance. Backed by a manufacturer warranty and thousands of verified purchases."
prod_0265,Nike Leather Belt Plus,Fashion,Footwear,Nike,159.51,4.1,50,False,"['fashion', 'outdoor', 'casual', 'waterproof', 'breathable', 'eco-friendly', 'durable', 'formal', 'slim-fit']","The Nike Nike Leather Belt Plus is a top-rated footwear product designed for outdoor use. It features casual and fashion technology for superior performance. Trusted by thousands of customers, it delivers excellent value and durability."
prod_0266,Gap Canvas Backpack Pro,Fashion,Women's Clothing,Gap,237.83,4.3,20,True,"['clothing', 'seasonal', 'lightweight', 'formal', 'eco-friendly', 'outdoor']","The Gap Canvas Backpack Pro from Gap combines seasonal functionality with sleek aesthetics. As a leading women's clothing product in the Fashion category, it offers formal performance. Backed by a manufacturer warranty and thousands of verified purchases."
prod_0267,Gucci Ankle Boots HD,Fashion,Men's Clothing,Gucci,270.46,4.0,34,True,"['casual', 'breathable', 'slim-fit', 'handmade', 'fashion', 'lightweight', 'premium']","The Gucci Gucci Ankle Boots HD is a top-rated men's clothing product designed for travel use. It features slim-fit and slim-fit technology for superior performance. Trusted by thousands of customers, it delivers excellent value and durability."
prod_0268,Gucci Canvas Backpack Max,Fashion,Footwear,Gucci,498.04,3.7,157,True,"['formal', 'eco-friendly', 'fashion', 'lightweight', 'premium', 'seasonal', 'handmade', 'waterproof', 'clothing', 'durable']","The Gucci Canvas Backpack Max from Gucci combines clothing functionality with sleek aesthetics. As a leading footwear product in the Fashion category, it offers durable performance. Backed by a manufacturer warranty and thousands of verified purchases."
prod_0269,H&M Hoodie Lite,Fashion,Accessories,H&M,218.97,3.6,93,True,"['premium', 'durable', 'outdoor', 'slim-fit', 'breathable', 'style', 'casual', 'handmade']","The H&M Hoodie Lite from H&M combines casual functionality with sleek aesthetics. As a leading accessories product in the Fashion category, it offers outdoor performance. Backed by a manufacturer warranty and thousands of verified purchases."
prod_0270,Gucci Slim-Fit Jeans SE,Fashion,Women's Clothing,Gucci,271.15,4.5,74,True,"['clothing', 'style', 'outdoor', 'handmade', 'fashion', 'eco-friendly', 'seasonal', 'breathable', 'waterproof', 'casual', 'slim-fit']","The Gucci Slim-Fit Jeans SE from Gucci combines clothing functionality with sleek aesthetics. As a leading women's clothing product in the Fashion category, it offers casual performance. Backed by a manufacturer warranty and thousands of verified purchases."
prod_0271,Gap Winter Jacket HD,Fashion,Bags,Gap,123.77,4.4,38,False,"['fashion', 'outdoor', 'clothing', 'waterproof', 'slim-fit', 'style', 'breathable', 'lightweight', 'handmade', 'seasonal', 'durable']","The Gap Gap Winter Jacket HD is a top-rated bags product designed for professional use. It features breathable and lightweight technology for superior performance. Trusted by thousands of customers, it delivers excellent value and durability."
prod_0272,Levi's Sports Socks Max,Fashion,Men's Clothing,Levi's,373.76,4.3,837,True,"['eco-friendly', 'casual', 'clothing', 'style', 'slim-fit', 'durable', 'lightweight']","The Levi's Levi's Sports Socks Max is a top-rated men's clothing product designed for home use. It features lightweight and style technology for superior performance. Trusted by thousands of customers, it delivers excellent value and durability."
prod_0273,Gucci Sports Socks HD,Fashion,Accessories,Gucci,470.18,2.8,57,True,"['durable', 'breathable', 'handmade', 'lightweight', 'fashion', 'eco-friendly', 'clothing', 'slim-fit', 'casual', 'waterproof']","The Gucci Sports Socks HD from Gucci combines casual functionality with sleek aesthetics. As a leading accessories product in the Fashion category, it offers clothing performance. Backed by a manufacturer warranty and thousands of verified purchases."
prod_0274,H&M Canvas Backpack X,Fashion,Men's Clothing,H&M,205.04,4.3,116,True,"['eco-friendly', 'handmade', 'formal', 'slim-fit', 'style', 'seasonal', 'premium', 'fashion']","The H&M Canvas Backpack X from H&M combines handmade functionality with sleek aesthetics. As a leading men's clothing product in the Fashion category, it offers formal performance. Backed by a manufacturer warranty and thousands of verified purchases."
prod_0275,Uniqlo Formal Shirt Ultra,Fashion,Activewear,Uniqlo,212.64,4.2,71,True,"['fashion', 'style', 'slim-fit', 'durable', 'casual', 'eco-friendly', 'clothing', 'formal', 'handmade']","The Uniqlo Formal Shirt Ultra from Uniqlo combines eco-friendly functionality with sleek aesthetics. As a leading activewear product in the Fashion category, it offers style performance. Backed by a manufacturer warranty and thousands of verified purchases."
prod_0276,Uniqlo Hoodie Lite,Fashion,Activewear,Uniqlo,195.55,4.0,123,True,"['fashion', 'eco-friendly', 'style', 'outdoor', 'durable', 'handmade', 'lightweight', 'breathable', 'clothing']","The Uniqlo Uniqlo Hoodie Lite is a top-rated activewear product designed for everyday use. It features lightweight and durable technology for superior performance. Trusted by thousands of customers, it delivers excellent value and durability."
prod_0277,Nike Hoodie Mini,Fashion,Women's Clothing,Nike,15.98,4.6,201,True,"['handmade', 'slim-fit', 'breathable', 'fashion', 'durable', 'premium', 'casual', 'eco-friendly', 'formal']","The Nike Hoodie Mini from Nike combines handmade functionality with sleek aesthetics. As a leading women's clothing product in the Fashion category, it offers fashion performance. Backed by a manufacturer warranty and thousands of verified purchases."
prod_0278,Uniqlo Winter Jacket Pro,Fashion,Activewear,Uniqlo,100.57,4.2,90,True,"['lightweight', 'outdoor', 'fashion', 'style', 'eco-friendly', 'durable']","The Uniqlo Uniqlo Winter Jacket Pro is a top-rated activewear product designed for travel use. It features fashion and fashion technology for superior performance. Trusted by thousands of customers, it delivers excellent value and durability."
prod_0279,Gap Hoodie HD,Fashion,Footwear,Gap,395.78,3.8,88,False,"['slim-fit', 'waterproof', 'durable', 'outdoor', 'fashion', 'clothing', 'formal']","The Gap Hoodie HD from Gap combines formal functionality with sleek aesthetics. As a leading footwear product in the Fashion category, it offers outdoor performance. Backed by a manufacturer warranty and thousands of verified purchases."
prod_0280,Zara Slim-Fit Jeans Mini,Fashion,Accessories,Zara,171.31,4.2,89,True,"['breathable', 'casual', 'waterproof', 'handmade', 'durable', 'fashion', 'clothing', 'premium', 'eco-friendly']","The Zara Zara Slim-Fit Jeans Mini is a top-rated accessories product designed for travel use. It features durable and clothing technology for superior performance. Trusted by thousands of customers, it delivers excellent value and durability."
prod_0281,Uniqlo Ankle Boots X,Fashion,Accessories,Uniqlo,405.91,4.1,1790,True,"['casual', 'waterproof', 'formal', 'premium', 'fashion', 'clothing', 'lightweight', 'slim-fit', 'outdoor', 'breathable']","The Uniqlo Ankle Boots X from Uniqlo combines clothing functionality with sleek aesthetics. As a leading accessories product in the Fashion category, it offers clothing performance. Backed by a manufacturer warranty and thousands of verified purchases."
prod_0282,Nike Winter Jacket Mini,Fashion,Women's Clothing,Nike,134.66,4.4,100,True,"['formal', 'premium', 'breathable', 'eco-friendly', 'outdoor', 'fashion']","The Nike Winter Jacket Mini from Nike combines fashion functionality with sleek aesthetics. As a leading women's clothing product in the Fashion category, it offers outdoor performance. Backed by a manufacturer warranty and thousands of verified purchases."
prod_0283,H&M Leather Belt Elite,Fashion,Women's Clothing,H&M,461.92,4.6,90,True,"['premium', 'slim-fit', 'eco-friendly', 'fashion', 'lightweight', 'style', 'handmade', 'durable', 'outdoor']","Introducing the H&M Leather Belt Elite by H&M — a premium fashion solution built for modern lifestyles. Engineered with durable materials and handmade design, it stands out in the women's clothing market. Whether you're a beginner or professional, this product meets your needs."
prod_0284,Gucci Sunglasses SE,Fashion,Activewear,Gucci,19.17,3.0,44,True,"['lightweight', 'outdoor', 'eco-friendly', 'handmade', 'clothing', 'style', 'formal', 'fashion', 'durable', 'casual']","The Gucci Gucci Sunglasses SE is a top-rated activewear product designed for travel use. It features eco-friendly and casual technology for superior performance. Trusted by thousands of customers, it delivers excellent value and durability."
prod_0285,Gucci Running Sneakers Mini,Fashion,Footwear,Gucci,212.8,3.1,97,True,"['premium', 'casual', 'outdoor', 'slim-fit', 'formal', 'handmade', 'breathable', 'lightweight', 'clothing']","The Gucci Gucci Running Sneakers Mini is a top-rated footwear product designed for everyday use. It features handmade and premium technology for superior performance. Trusted by thousands of customers, it delivers excellent value and durability."
prod_0286,Zara Winter Jacket Elite,Fashion,Bags,Zara,462.58,4.0,1109,True,"['handmade', 'breathable', 'formal', 'outdoor', 'style', 'clothing', 'premium', 'lightweight', 'durable', 'waterproof', 'fashion']","The Zara Winter Jacket Elite from Zara combines style functionality with sleek aesthetics. As a leading bags product in the Fashion category, it offers handmade performance. Backed by a manufacturer warranty and thousands of verified purchases."
prod_0287,Gucci Ankle Boots Pro,Fashion,Men's Clothing,Gucci,60.52,4.2,114,True,"['lightweight', 'waterproof', 'formal', 'fashion', 'durable', 'eco-friendly', 'casual', 'outdoor', 'clothing', 'seasonal', 'style', 'premium']","The Gucci Gucci Ankle Boots Pro is a top-rated men's clothing product designed for travel use. It features eco-friendly and outdoor technology for superior performance. Trusted by thousands of customers, it delivers excellent value and durability."
prod_0288,Gap Sunglasses SE,Fashion,Men's Clothing,Gap,60.16,4.4,10,True,"['outdoor', 'breathable', 'premium', 'formal', 'style', 'waterproof', 'casual', 'lightweight', 'fashion', 'slim-fit']","Introducing the Gap Sunglasses SE by Gap — a premium fashion solution built for modern lifestyles. Engineered with lightweight materials and outdoor design, it stands out in the men's clothing market. Whether you're a beginner or professional, this product meets your needs."
prod_0289,Adidas Sports Socks Pro,Fashion,Men's Clothing,Adidas,52.2,4.1,374,True,"['style', 'waterproof', 'durable', 'eco-friendly', 'lightweight', 'slim-fit', 'outdoor', 'formal', 'premium']","The Adidas Adidas Sports Socks Pro is a top-rated men's clothing product designed for professional use. It features premium and waterproof technology for superior performance. Trusted by thousands of customers, it delivers excellent value and durability."
prod_0290,Under Armour Ankle Boots Max,Fashion,Activewear,Under Armour,474.25,3.3,585,True,"['handmade', 'durable', 'formal', 'outdoor', 'seasonal', 'style', 'waterproof']","Introducing the Under Armour Ankle Boots Max by Under Armour — a premium fashion solution built for modern lifestyles. Engineered with handmade materials and handmade design, it stands out in the activewear market. Whether you're a beginner or professional, this product meets your needs."
prod_0291,Levi's Leather Belt HD,Fashion,Women's Clothing,Levi's,291.59,4.2,90,True,"['clothing', 'seasonal', 'waterproof', 'premium', 'outdoor', 'breathable', 'eco-friendly', 'formal', 'slim-fit', 'casual']","The Levi's Levi's Leather Belt HD is a top-rated women's clothing product designed for outdoor use. It features casual and eco-friendly technology for superior performance. Trusted by thousands of customers, it delivers excellent value and durability."
prod_0292,Adidas Leather Belt Max,Fashion,Accessories,Adidas,408.82,4.3,2263,True,"['seasonal', 'eco-friendly', 'premium', 'durable', 'outdoor', 'breathable', 'casual', 'style', 'lightweight', 'handmade']","Introducing the Adidas Leather Belt Max by Adidas — a premium fashion solution built for modern lifestyles. Engineered with eco-friendly materials and handmade design, it stands out in the accessories market. Whether you're a beginner or professional, this product meets your needs."
prod_0293,Zara Canvas Backpack Ultra,Fashion,Accessories,Zara,44.11,4.1,199,True,"['lightweight', 'handmade', 'durable', 'seasonal', 'outdoor', 'slim-fit']","The Zara Zara Canvas Backpack Ultra is a top-rated accessories product designed for everyday use. It features lightweight and handmade technology for superior performance. Trusted by thousands of customers, it delivers excellent value and durability."
prod_0294,Uniqlo Canvas Backpack Ultra,Fashion,Accessories,Uniqlo,311.63,3.8,53,True,"['casual', 'premium', 'lightweight', 'outdoor', 'formal', 'durable', 'eco-friendly', 'seasonal', 'waterproof']","The Uniqlo Uniqlo Canvas Backpack Ultra is a top-rated accessories product designed for home use. It features premium and casual technology for superior performance. Trusted by thousands of customers, it delivers excellent value and durability."
prod_0295,Nike Running Sneakers SE,Fashion,Bags,Nike,412.17,4.4,53,True,"['clothing', 'handmade', 'formal', 'fashion', 'casual', 'seasonal', 'durable', 'outdoor']","The Nike Nike Running Sneakers SE is a top-rated bags product designed for outdoor use. It features durable and durable technology for superior performance. Trusted by thousands of customers, it delivers excellent value and durability."
prod_0296,Gucci Sports Socks Lite,Fashion,Accessories,Gucci,151.35,4.0,83,True,"['lightweight', 'style', 'handmade', 'fashion', 'clothing', 'waterproof', 'eco-friendly', 'slim-fit', 'outdoor', 'casual', 'premium', 'durable']","The Gucci Sports Socks Lite from Gucci combines casual functionality with sleek aesthetics. As a leading accessories product in the Fashion category, it offers eco-friendly performance. Backed by a manufacturer warranty and thousands of verified purchases."
prod_0297,Puma Sunglasses X,Fashion,Bags,Puma,198.51,4.2,221,True,"['style', 'seasonal', 'durable', 'fashion', 'eco-friendly', 'slim-fit', 'casual']","The Puma Puma Sunglasses X is a top-rated bags product designed for travel use. It features durable and fashion technology for superior performance. Trusted by thousands of customers, it delivers excellent value and durability."
prod_0298,Gucci Slim-Fit Jeans HD,Fashion,Activewear,Gucci,245.95,4.5,80,True,"['clothing', 'style', 'waterproof', 'eco-friendly', 'breathable', 'formal', 'slim-fit', 'premium', 'durable', 'seasonal', 'fashion']","The Gucci Slim-Fit Jeans HD from Gucci combines style functionality with sleek aesthetics. As a leading activewear product in the Fashion category, it offers fashion performance. Backed by a manufacturer warranty and thousands of verified purchases."
prod_0299,Levi's Hoodie Pro,Fashion,Bags,Levi's,452.76,3.9,45,True,"['eco-friendly', 'fashion', 'slim-fit', 'premium', 'breathable', 'waterproof', 'outdoor', 'seasonal', 'style', 'durable']","The Levi's Levi's Hoodie Pro is a top-rated bags product designed for home use. It features slim-fit and eco-friendly technology for superior performance. Trusted by thousands of customers, it delivers excellent value and durability."
prod_0300,Zara Hoodie Pro,Fashion,Bags,Zara,331.6,3.8,233,False,"['eco-friendly', 'waterproof', 'durable', 'fashion', 'formal', 'slim-fit', 'clothing', 'style']","Introducing the Zara Hoodie Pro by Zara — a premium fashion solution built for modern lifestyles. Engineered with formal materials and durable design, it stands out in the bags market. Whether you're a beginner or professional, this product meets your needs."
prod_0301,Gap Formal Shirt HD,Fashion,Men's Clothing,Gap,372.09,4.4,49,True,"['slim-fit', 'outdoor', 'eco-friendly', 'style', 'formal', 'casual', 'premium', 'waterproof', 'seasonal', 'lightweight', 'fashion']","Introducing the Gap Formal Shirt HD by Gap — a premium fashion solution built for modern lifestyles. Engineered with lightweight materials and eco-friendly design, it stands out in the men's clothing market. Whether you're a beginner or professional, this product meets your needs."
prod_0302,Zara Winter Jacket HD,Fashion,Accessories,Zara,369.84,4.4,755,True,"['fashion', 'lightweight', 'formal', 'clothing', 'premium', 'style', 'slim-fit', 'seasonal']","Introducing the Zara Winter Jacket HD by Zara — a premium fashion solution built for modern lifestyles. Engineered with clothing materials and slim-fit design, it stands out in the accessories market. Whether you're a beginner or professional, this product meets your needs."
prod_0303,Nike Canvas Backpack X,Fashion,Accessories,Nike,197.18,4.2,1411,True,"['breathable', 'lightweight', 'fashion', 'clothing', 'premium', 'outdoor', 'seasonal', 'formal']","The Nike Canvas Backpack X from Nike combines seasonal functionality with sleek aesthetics. As a leading accessories product in the Fashion category, it offers formal performance. Backed by a manufacturer warranty and thousands of verified purchases."
prod_0304,Gap Winter Jacket SE,Fashion,Activewear,Gap,175.33,3.6,33,False,"['style', 'outdoor', 'breathable', 'fashion', 'lightweight', 'waterproof', 'clothing', 'durable', 'casual', 'slim-fit', 'formal']","The Gap Gap Winter Jacket SE is a top-rated activewear product designed for everyday use. It features formal and durable technology for superior performance. Trusted by thousands of customers, it delivers excellent value and durability."
prod_0305,Adidas Running Sneakers HD,Fashion,Bags,Adidas,331.74,3.1,893,True,"['casual', 'durable', 'lightweight', 'clothing', 'waterproof', 'eco-friendly', 'style', 'seasonal', 'outdoor', 'slim-fit', 'formal', 'handmade']","The Adidas Adidas Running Sneakers HD is a top-rated bags product designed for everyday use. It features handmade and lightweight technology for superior performance. Trusted by thousands of customers, it delivers excellent value and durability."
prod_0306,Puma Leather Belt Mini,Fashion,Footwear,Puma,89.36,4.3,138,True,"['formal', 'eco-friendly', 'fashion', 'seasonal', 'waterproof', 'outdoor']","The Puma Puma Leather Belt Mini is a top-rated footwear product designed for everyday use. It features fashion and fashion technology for superior performance. Trusted by thousands of customers, it delivers excellent value and durability."
prod_0307,Under Armour Slim-Fit Jeans Lite,Fashion,Women's Clothing,Under Armour,274.91,4.1,38,True,"['casual', 'durable', 'lightweight', 'clothing', 'slim-fit', 'formal', 'waterproof', 'fashion', 'eco-friendly']","The Under Armour Under Armour Slim-Fit Jeans Lite is a top-rated women's clothing product designed for everyday use. It features slim-fit and fashion technology for superior performance. Trusted by thousands of customers, it delivers excellent value and durability."
prod_0308,Zara Leather Belt Ultra,Fashion,Footwear,Zara,291.57,5.0,173,False,"['waterproof', 'eco-friendly', 'slim-fit', 'handmade', 'seasonal', 'lightweight', 'clothing', 'casual', 'fashion', 'premium']","Introducing the Zara Leather Belt Ultra by Zara — a premium fashion solution built for modern lifestyles. Engineered with fashion materials and lightweight design, it stands out in the footwear market. Whether you're a beginner or professional, this product meets your needs."
prod_0309,Adidas Leather Belt SE,Fashion,Activewear,Adidas,428.14,4.1,354,True,"['clothing', 'handmade', 'slim-fit', 'formal', 'lightweight', 'casual', 'style', 'fashion']","The Adidas Adidas Leather Belt SE is a top-rated activewear product designed for outdoor use. It features formal and lightweight technology for superior performance. Trusted by thousands of customers, it delivers excellent value and durability."
prod_0310,H&M Formal Shirt Pro,Fashion,Accessories,H&M,104.62,4.2,194,True,"['durable', 'casual', 'slim-fit', 'seasonal', 'clothing', 'breathable', 'formal', 'eco-friendly', 'premium', 'handmade', 'fashion']","The H&M H&M Formal Shirt Pro is a top-rated accessories product designed for everyday use. It features breathable and durable technology for superior performance. Trusted by thousands of customers, it delivers excellent value and durability."
prod_0311,Uniqlo Ankle Boots,Fashion,Activewear,Uniqlo,436.4,3.6,261,False,"['style', 'waterproof', 'durable', 'casual', 'clothing', 'fashion', 'premium', 'slim-fit', 'outdoor', 'eco-friendly']","The Uniqlo Ankle Boots from Uniqlo combines style functionality with sleek aesthetics. As a leading activewear product in the Fashion category, it offers durable performance. Backed by a manufacturer warranty and thousands of verified purchases."
prod_0312,Adidas Ankle Boots HD,Fashion,Footwear,Adidas,93.64,4.9,745,True,"['clothing', 'handmade', 'premium', 'eco-friendly', 'slim-fit', 'durable', 'casual', 'waterproof', 'seasonal', 'lightweight']","The Adidas Adidas Ankle Boots HD is a top-rated footwear product designed for outdoor use. It features durable and casual technology for superior performance. Trusted by thousands of customers, it delivers excellent value and durability."
prod_0313,Nike Hoodie Lite,Fashion,Women's Clothing,Nike,174.4,4.8,80,True,"['formal', 'style', 'eco-friendly', 'seasonal', 'handmade', 'outdoor']","The Nike Nike Hoodie Lite is a top-rated women's clothing product designed for travel use. It features style and seasonal technology for superior performance. Trusted by thousands of customers, it delivers excellent value and durability."
prod_0314,Gap Sports Socks Lite,Fashion,Activewear,Gap,17.66,3.5,127,True,"['clothing', 'fashion', 'handmade', 'style', 'premium', 'durable', 'formal', 'seasonal', 'outdoor']","Introducing the Gap Sports Socks Lite by Gap — a premium fashion solution built for modern lifestyles. Engineered with handmade materials and premium design, it stands out in the activewear market. Whether you're a beginner or professional, this product meets your needs."
prod_0315,Gap Running Sneakers HD,Fashion,Women's Clothing,Gap,98.2,4.0,551,True,"['durable', 'clothing', 'lightweight', 'formal', 'outdoor', 'seasonal', 'fashion', 'casual', 'handmade']","Introducing the Gap Running Sneakers HD by Gap — a premium fashion solution built for modern lifestyles. Engineered with seasonal materials and handmade design, it stands out in the women's clothing market. Whether you're a beginner or professional, this product meets your needs."
prod_0316,H&M Canvas Backpack Pro,Fashion,Activewear,H&M,104.92,3.2,930,False,"['style', 'lightweight', 'slim-fit', 'eco-friendly', 'premium', 'handmade', 'fashion', 'breathable', 'outdoor', 'durable', 'seasonal', 'clothing']","The H&M Canvas Backpack Pro from H&M combines style functionality with sleek aesthetics. As a leading activewear product in the Fashion category, it offers lightweight performance. Backed by a manufacturer warranty and thousands of verified purchases."
prod_0317,Zara Formal Shirt Pro,Fashion,Bags,Zara,247.68,3.9,88,True,"['clothing', 'casual', 'waterproof', 'slim-fit', 'durable', 'lightweight']","The Zara Zara Formal Shirt Pro is a top-rated bags product designed for home use. It features slim-fit and casual technology for superior performance. Trusted by thousands of customers, it delivers excellent value and durability."
prod_0318,H&M Sports Socks Max,Fashion,Men's Clothing,H&M,194.01,3.5,20,True,"['clothing', 'slim-fit', 'durable', 'handmade', 'fashion', 'seasonal', 'style']","Introducing the H&M Sports Socks Max by H&M — a premium fashion solution built for modern lifestyles. Engineered with slim-fit materials and handmade design, it stands out in the men's clothing market. Whether you're a beginner or professional, this product meets your needs."
prod_0319,Gucci Canvas Backpack Max,Fashion,Activewear,Gucci,174.59,4.4,162,True,"['waterproof', 'durable', 'fashion', 'formal', 'style', 'clothing']","The Gucci Canvas Backpack Max from Gucci combines durable functionality with sleek aesthetics. As a leading activewear product in the Fashion category, it offers fashion performance. Backed by a manufacturer warranty and thousands of verified purchases."
prod_0320,Gap Formal Shirt HD,Fashion,Activewear,Gap,485.37,3.4,31,True,"['casual', 'clothing', 'seasonal', 'breathable', 'slim-fit', 'premium', 'lightweight', 'waterproof', 'style', 'fashion', 'durable', 'handmade']","The Gap Formal Shirt HD from Gap combines fashion functionality with sleek aesthetics. As a leading activewear product in the Fashion category, it offers seasonal performance. Backed by a manufacturer warranty and thousands of verified purchases."
prod_0321,Nike Running Sneakers X,Fashion,Accessories,Nike,369.4,3.8,1099,True,"['fashion', 'seasonal', 'breathable', 'handmade', 'slim-fit', 'clothing', 'lightweight', 'eco-friendly', 'durable', 'premium']","The Nike Nike Running Sneakers X is a top-rated accessories product designed for travel use. It features fashion and lightweight technology for superior performance. Trusted by thousands of customers, it delivers excellent value and durability."
prod_0322,Nike Ankle Boots,Fashion,Men's Clothing,Nike,159.37,3.9,24,True,"['slim-fit', 'handmade', 'durable', 'waterproof', 'eco-friendly', 'fashion', 'premium', 'breathable', 'seasonal', 'clothing', 'casual']","The Nike Nike Ankle Boots is a top-rated men's clothing product designed for professional use. It features fashion and casual technology for superior performance. Trusted by thousands of customers, it delivers excellent value and durability."
prod_0323,Gucci Sunglasses Pro,Fashion,Activewear,Gucci,155.33,3.9,106,True,"['formal', 'waterproof', 'durable', 'breathable', 'eco-friendly', 'casual', 'clothing', 'outdoor', 'slim-fit', 'fashion', 'premium', 'style']","Introducing the Gucci Sunglasses Pro by Gucci — a premium fashion solution built for modern lifestyles. Engineered with casual materials and outdoor design, it stands out in the activewear market. Whether you're a beginner or professional, this product meets your needs."
prod_0324,Uniqlo Slim-Fit Jeans SE,Fashion,Activewear,Uniqlo,357.58,2.7,139,False,"['style', 'outdoor', 'casual', 'breathable', 'clothing', 'slim-fit', 'eco-friendly']","Introducing the Uniqlo Slim-Fit Jeans SE by Uniqlo — a premium fashion solution built for modern lifestyles. Engineered with casual materials and clothing design, it stands out in the activewear market. Whether you're a beginner or professional, this product meets your needs."
prod_0325,Gucci Ankle Boots X,Fashion,Footwear,Gucci,255.71,3.9,342,True,"['clothing', 'slim-fit', 'waterproof', 'breathable', 'lightweight', 'eco-friendly', 'formal', 'handmade', 'durable', 'style', 'fashion', 'premium']","The Gucci Gucci Ankle Boots X is a top-rated footwear product designed for outdoor use. It features slim-fit and slim-fit technology for superior performance. Trusted by thousands of customers, it delivers excellent value and durability."
prod_0326,Zara Ankle Boots Lite,Fashion,Men's Clothing,Zara,438.75,4.9,573,True,"['lightweight', 'fashion', 'formal', 'seasonal', 'premium', 'breathable', 'style', 'slim-fit', 'durable', 'casual']","The Zara Ankle Boots Lite from Zara combines lightweight functionality with sleek aesthetics. As a leading men's clothing product in the Fashion category, it offers seasonal performance. Backed by a manufacturer warranty and thousands of verified purchases."
prod_0327,Gap Leather Belt,Fashion,Accessories,Gap,326.57,3.9,39,True,"['slim-fit', 'durable', 'lightweight', 'waterproof', 'breathable', 'eco-friendly', 'premium', 'handmade']","Introducing the Gap Leather Belt by Gap — a premium fashion solution built for modern lifestyles. Engineered with lightweight materials and breathable design, it stands out in the accessories market. Whether you're a beginner or professional, this product meets your needs."
prod_0328,Zara Leather Belt Mini,Fashion,Men's Clothing,Zara,233.4,5.0,159,True,"['durable', 'style', 'waterproof', 'breathable', 'formal', 'handmade', 'premium']","The Zara Zara Leather Belt Mini is a top-rated men's clothing product designed for professional use. It features style and style technology for superior performance. Trusted by thousands of customers, it delivers excellent value and durability."
prod_0329,Zara Winter Jacket SE,Fashion,Footwear,Zara,356.5,4.0,144,True,"['outdoor', 'premium', 'style', 'handmade', 'slim-fit', 'breathable', 'eco-friendly', 'formal', 'fashion', 'seasonal', 'casual']","The Zara Winter Jacket SE from Zara combines outdoor functionality with sleek aesthetics. As a leading footwear product in the Fashion category, it offers fashion performance. Backed by a manufacturer warranty and thousands of verified purchases."
prod_0330,Levi's Ankle Boots Mini,Fashion,Activewear,Levi's,485.11,4.1,124,True,"['durable', 'lightweight', 'style', 'premium', 'slim-fit', 'outdoor', 'clothing', 'handmade', 'fashion', 'breathable', 'formal', 'seasonal']","The Levi's Levi's Ankle Boots Mini is a top-rated activewear product designed for home use. It features durable and clothing technology for superior performance. Trusted by thousands of customers, it delivers excellent value and durability."
prod_0331,H&M Hoodie SE,Fashion,Bags,H&M,118.85,3.7,76,False,"['formal', 'casual', 'fashion', 'clothing', 'breathable', 'slim-fit', 'waterproof', 'seasonal', 'lightweight', 'handmade', 'style', 'eco-friendly']","Introducing the H&M Hoodie SE by H&M — a premium fashion solution built for modern lifestyles. Engineered with eco-friendly materials and waterproof design, it stands out in the bags market. Whether you're a beginner or professional, this product meets your needs."
prod_0332,Gucci Canvas Backpack X,Fashion,Footwear,Gucci,438.41,4.0,77,True,"['casual', 'waterproof', 'slim-fit', 'handmade', 'seasonal', 'eco-friendly']","The Gucci Canvas Backpack X from Gucci combines handmade functionality with sleek aesthetics. As a leading footwear product in the Fashion category, it offers waterproof performance. Backed by a manufacturer warranty and thousands of verified purchases."
prod_0333,H&M Canvas Backpack X,Fashion,Women's Clothing,H&M,494.31,3.6,168,True,"['outdoor', 'clothing', 'durable', 'seasonal', 'handmade', 'fashion', 'waterproof', 'formal', 'casual', 'lightweight']","Introducing the H&M Canvas Backpack X by H&M — a premium fashion solution built for modern lifestyles. Engineered with durable materials and seasonal design, it stands out in the women's clothing market. Whether you're a beginner or professional, this product meets your needs."
prod_0334,Levi's Hoodie Mini,Fashion,Men's Clothing,Levi's,252.11,3.9,902,True,"['slim-fit', 'casual', 'fashion', 'eco-friendly', 'style', 'formal', 'durable', 'premium', 'waterproof', 'outdoor', 'lightweight']","Introducing the Levi's Hoodie Mini by Levi's — a premium fashion solution built for modern lifestyles. Engineered with lightweight materials and eco-friendly design, it stands out in the men's clothing market. Whether you're a beginner or professional, this product meets your needs."
prod_0335,Gap Leather Belt HD,Fashion,Men's Clothing,Gap,245.44,2.7,549,True,"['handmade', 'formal', 'lightweight', 'eco-friendly', 'slim-fit', 'clothing', 'outdoor', 'fashion', 'seasonal']","Introducing the Gap Leather Belt HD by Gap — a premium fashion solution built for modern lifestyles. Engineered with lightweight materials and clothing design, it stands out in the men's clothing market. Whether you're a beginner or professional, this product meets your needs."
prod_0336,Gucci Sports Socks,Fashion,Footwear,Gucci,456.93,4.6,12,True,"['fashion', 'formal', 'handmade', 'breathable', 'lightweight', 'clothing', 'waterproof', 'casual']","The Gucci Sports Socks from Gucci combines lightweight functionality with sleek aesthetics. As a leading footwear product in the Fashion category, it offers lightweight performance. Backed by a manufacturer warranty and thousands of verified purchases."
prod_0337,Adidas Sunglasses HD,Fashion,Footwear,Adidas,182.3,3.8,95,True,"['fashion', 'style', 'breathable', 'formal', 'outdoor', 'slim-fit', 'seasonal']","The Adidas Adidas Sunglasses HD is a top-rated footwear product designed for home use. It features style and fashion technology for superior performance. Trusted by thousands of customers, it delivers excellent value and durability."
prod_0338,Gap Sunglasses SE,Fashion,Bags,Gap,359.15,3.3,58,True,"['eco-friendly', 'premium', 'clothing', 'seasonal', 'slim-fit', 'handmade', 'durable', 'style', 'fashion', 'casual', 'lightweight']","The Gap Gap Sunglasses SE is a top-rated bags product designed for home use. It features handmade and clothing technology for superior performance. Trusted by thousands of customers, it delivers excellent value and durability."
prod_0339,Adidas Winter Jacket Lite,Fashion,Men's Clothing,Adidas,429.84,3.4,1215,True,"['waterproof', 'casual', 'formal', 'style', 'handmade', 'premium', 'clothing']","Introducing the Adidas Winter Jacket Lite by Adidas — a premium fashion solution built for modern lifestyles. Engineered with clothing materials and waterproof design, it stands out in the men's clothing market. Whether you're a beginner or professional, this product meets your needs."
prod_0340,H&M Slim-Fit Jeans Pro,Fashion,Men's Clothing,H&M,398.6,4.5,682,True,"['durable', 'fashion', 'slim-fit', 'clothing', 'formal', 'handmade', 'waterproof', 'lightweight', 'outdoor', 'premium']","The H&M Slim-Fit Jeans Pro from H&M combines clothing functionality with sleek aesthetics. As a leading men's clothing product in the Fashion category, it offers slim-fit performance. Backed by a manufacturer warranty and thousands of verified purchases."
prod_0341,Zara Canvas Backpack HD,Fashion,Men's Clothing,Zara,180.44,4.4,38,True,"['handmade', 'breathable', 'eco-friendly', 'waterproof', 'durable', 'casual', 'premium']","The Zara Canvas Backpack HD from Zara combines premium functionality with sleek aesthetics. As a leading men's clothing product in the Fashion category, it offers handmade performance. Backed by a manufacturer warranty and thousands of verified purchases."
prod_0342,Levi's Formal Shirt SE,Fashion,Women's Clothing,Levi's,12.12,3.7,267,True,"['clothing', 'casual', 'breathable', 'waterproof', 'slim-fit', 'outdoor', 'style', 'lightweight', 'durable', 'fashion', 'premium']","The Levi's Levi's Formal Shirt SE is a top-rated women's clothing product designed for home use. It features style and style technology for superior performance. Trusted by thousands of customers, it delivers excellent value and durability."
prod_0343,Adidas Ankle Boots Plus,Fashion,Footwear,Adidas,264.67,3.4,349,True,"['eco-friendly', 'outdoor', 'waterproof', 'formal', 'breathable', 'fashion', 'clothing', 'handmade', 'casual']","The Adidas Ankle Boots Plus from Adidas combines handmade functionality with sleek aesthetics. As a leading footwear product in the Fashion category, it offers formal performance. Backed by a manufacturer warranty and thousands of verified purchases."
prod_0344,H&M Slim-Fit Jeans X,Fashion,Accessories,H&M,470.15,3.9,94,True,"['style', 'fashion', 'lightweight', 'slim-fit', 'eco-friendly', 'clothing', 'seasonal', 'waterproof']","The H&M Slim-Fit Jeans X from H&M combines seasonal functionality with sleek aesthetics. As a leading accessories product in the Fashion category, it offers fashion performance. Backed by a manufacturer warranty and thousands of verified purchases."
prod_0345,Adidas Leather Belt Max,Fashion,Women's Clothing,Adidas,175.93,4.4,252,True,"['handmade', 'seasonal', 'clothing', 'casual', 'premium', 'slim-fit', 'formal', 'breathable', 'lightweight', 'outdoor']","Introducing the Adidas Leather Belt Max by Adidas — a premium fashion solution built for modern lifestyles. Engineered with outdoor materials and formal design, it stands out in the women's clothing market. Whether you're a beginner or professional, this product meets your needs."
prod_0346,Adidas Slim-Fit Jeans Mini,Fashion,Accessories,Adidas,249.78,3.8,596,True,"['lightweight', 'style', 'fashion', 'clothing', 'eco-friendly', 'waterproof', 'slim-fit']","Introducing the Adidas Slim-Fit Jeans Mini by Adidas — a premium fashion solution built for modern lifestyles. Engineered with eco-friendly materials and waterproof design, it stands out in the accessories market. Whether you're a beginner or professional, this product meets your needs."
prod_0347,Adidas Sunglasses X,Fashion,Men's Clothing,Adidas,398.44,3.5,310,True,"['formal', 'lightweight', 'slim-fit', 'eco-friendly', 'breathable', 'premium', 'handmade']","The Adidas Adidas Sunglasses X is a top-rated men's clothing product designed for home use. It features handmade and handmade technology for superior performance. Trusted by thousands of customers, it delivers excellent value and durability."
prod_0348,Puma Ankle Boots Elite,Fashion,Men's Clothing,Puma,427.91,4.3,102,True,"['slim-fit', 'fashion', 'handmade', 'style', 'breathable', 'formal', 'waterproof', 'premium', 'casual']","The Puma Ankle Boots Elite from Puma combines premium functionality with sleek aesthetics. As a leading men's clothing product in the Fashion category, it offers casual performance. Backed by a manufacturer warranty and thousands of verified purchases."
prod_0349,Under Armour Sunglasses Lite,Fashion,Accessories,Under Armour,258.28,4.2,33,True,"['formal', 'slim-fit', 'durable', 'seasonal', 'eco-friendly', 'outdoor', 'premium', 'lightweight', 'fashion']","Introducing the Under Armour Sunglasses Lite by Under Armour — a premium fashion solution built for modern lifestyles. Engineered with outdoor materials and outdoor design, it stands out in the accessories market. Whether you're a beginner or professional, this product meets your needs."
prod_0350,Gucci Sports Socks Elite,Fashion,Footwear,Gucci,37.66,4.5,118,True,"['casual', 'premium', 'lightweight', 'formal', 'durable', 'clothing', 'eco-friendly']","The Gucci Gucci Sports Socks Elite is a top-rated footwear product designed for home use. It features casual and lightweight technology for superior performance. Trusted by thousands of customers, it delivers excellent value and durability."
prod_0351,Gap Sunglasses Ultra,Fashion,Accessories,Gap,140.64,3.7,522,True,"['slim-fit', 'durable', 'fashion', 'outdoor', 'seasonal', 'handmade', 'lightweight', 'waterproof', 'formal', 'eco-friendly', 'casual']","Introducing the Gap Sunglasses Ultra by Gap — a premium fashion solution built for modern lifestyles. Engineered with handmade materials and waterproof design, it stands out in the accessories market. Whether you're a beginner or professional, this product meets your needs."
prod_0352,Gucci Sports Socks Max,Fashion,Footwear,Gucci,253.51,3.6,27,True,"['eco-friendly', 'clothing', 'breathable', 'casual', 'formal', 'lightweight', 'fashion', 'durable', 'slim-fit', 'waterproof', 'handmade', 'premium']","The Gucci Sports Socks Max from Gucci combines clothing functionality with sleek aesthetics. As a leading footwear product in the Fashion category, it offers waterproof performance. Backed by a manufacturer warranty and thousands of verified purchases."
prod_0353,Gucci Slim-Fit Jeans,Fashion,Women's Clothing,Gucci,413.63,3.2,307,True,"['eco-friendly', 'formal', 'seasonal', 'lightweight', 'breathable', 'outdoor', 'casual', 'premium', 'waterproof', 'style']","The Gucci Gucci Slim-Fit Jeans is a top-rated women's clothing product designed for travel use. It features waterproof and premium technology for superior performance. Trusted by thousands of customers, it delivers excellent value and durability."
prod_0354,Under Armour Canvas Backpack,Fashion,Women's Clothing,Under Armour,271.03,3.4,1218,True,"['handmade', 'eco-friendly', 'seasonal', 'durable', 'lightweight', 'fashion', 'breathable', 'casual', 'style', 'slim-fit']","The Under Armour Under Armour Canvas Backpack is a top-rated women's clothing product designed for professional use. It features durable and seasonal technology for superior performance. Trusted by thousands of customers, it delivers excellent value and durability."
prod_0355,Levi's Canvas Backpack,Fashion,Accessories,Levi's,88.69,3.0,1136,True,"['durable', 'casual', 'seasonal', 'handmade', 'clothing', 'style', 'waterproof', 'fashion', 'lightweight', 'premium', 'breathable']","The Levi's Levi's Canvas Backpack is a top-rated accessories product designed for outdoor use. It features lightweight and waterproof technology for superior performance. Trusted by thousands of customers, it delivers excellent value and durability."
prod_0356,Levi's Canvas Backpack,Fashion,Men's Clothing,Levi's,279.85,4.1,132,True,"['handmade', 'fashion', 'waterproof', 'slim-fit', 'premium', 'lightweight', 'clothing', 'outdoor', 'formal', 'style', 'durable']","The Levi's Levi's Canvas Backpack is a top-rated men's clothing product designed for outdoor use. It features lightweight and durable technology for superior performance. Trusted by thousands of customers, it delivers excellent value and durability."
prod_0357,Uniqlo Slim-Fit Jeans SE,Fashion,Activewear,Uniqlo,335.47,3.7,239,True,"['eco-friendly', 'breathable', 'formal', 'slim-fit', 'clothing', 'casual', 'lightweight', 'outdoor', 'style', 'premium']","The Uniqlo Uniqlo Slim-Fit Jeans SE is a top-rated activewear product designed for outdoor use. It features slim-fit and lightweight technology for superior performance. Trusted by thousands of customers, it delivers excellent value and durability."
prod_0358,Puma Canvas Backpack HD,Fashion,Accessories,Puma,37.4,4.0,557,True,"['outdoor', 'waterproof', 'clothing', 'premium', 'breathable', 'seasonal', 'slim-fit', 'casual', 'style', 'eco-friendly']","The Puma Canvas Backpack HD from Puma combines eco-friendly functionality with sleek aesthetics. As a leading accessories product in the Fashion category, it offers outdoor performance. Backed by a manufacturer warranty and thousands of verified purchases."
prod_0359,H&M Canvas Backpack SE,Fashion,Men's Clothing,H&M,198.5,4.1,177,True,"['waterproof', 'outdoor', 'eco-friendly', 'lightweight', 'clothing', 'breathable', 'casual', 'slim-fit', 'durable', 'fashion', 'seasonal']","Introducing the H&M Canvas Backpack SE by H&M — a premium fashion solution built for modern lifestyles. Engineered with lightweight materials and clothing design, it stands out in the men's clothing market. Whether you're a beginner or professional, this product meets your needs."
prod_0360,Puma Running Sneakers Mini,Fashion,Activewear,Puma,434.56,3.8,138,True,"['eco-friendly', 'slim-fit', 'handmade', 'waterproof', 'seasonal', 'outdoor', 'lightweight', 'clothing', 'breathable', 'premium', 'style', 'fashion']","Introducing the Puma Running Sneakers Mini by Puma — a premium fashion solution built for modern lifestyles. Engineered with fashion materials and breathable design, it stands out in the activewear market. Whether you're a beginner or professional, this product meets your needs."
prod_0361,Cuisinart Food Storage Containers,Home & Kitchen,Cleaning,Cuisinart,270.5,4.2,19,True,"['cooking', 'kitchen', 'dishwasher-safe', 'storage', 'durable', 'non-stick', 'stainless-steel', 'home', 'compact', 'bpa-free', 'eco-friendly']","Introducing the Cuisinart Food Storage Containers by Cuisinart — a premium home & kitchen solution built for modern lifestyles. Engineered with bpa-free materials and eco-friendly design, it stands out in the cleaning market. Whether you're a beginner or professional, this product meets your needs."
prod_0362,Instant Pot Knife Set Lite,Home & Kitchen,Appliances,Instant Pot,414.98,3.3,362,True,"['stainless-steel', 'multifunctional', 'non-stick', 'storage', 'home', 'dishwasher-safe', 'heavy-duty', 'cooking', 'easy-clean', 'space-saving', 'compact', 'durable']","The Instant Pot Instant Pot Knife Set Lite is a top-rated appliances product designed for everyday use. It features stainless-steel and easy-clean technology for superior performance. Trusted by thousands of customers, it delivers excellent value and durability."
prod_0363,OXO Food Storage Containers Pro,Home & Kitchen,Storage,OXO,245.41,4.1,119,True,"['space-saving', 'non-stick', 'cooking', 'home', 'stainless-steel', 'multifunctional', 'easy-clean', 'kitchen', 'durable']","The OXO OXO Food Storage Containers Pro is a top-rated storage product designed for travel use. It features easy-clean and kitchen technology for superior performance. Trusted by thousands of customers, it delivers excellent value and durability."
prod_0364,OXO Knife Set X,Home & Kitchen,Cleaning,OXO,234.19,4.0,225,True,"['compact', 'storage', 'space-saving', 'heavy-duty', 'non-stick', 'easy-clean', 'dishwasher-safe', 'cooking', 'multifunctional']","Introducing the OXO Knife Set X by OXO — a premium home & kitchen solution built for modern lifestyles. Engineered with non-stick materials and heavy-duty design, it stands out in the cleaning market. Whether you're a beginner or professional, this product meets your needs."
prod_0365,IKEA Cast Iron Skillet Pro,Home & Kitchen,Appliances,IKEA,285.58,3.7,58,True,"['stainless-steel', 'easy-clean', 'dishwasher-safe', 'durable', 'storage', 'multifunctional', 'space-saving', 'non-stick', 'kitchen', 'eco-friendly', 'bpa-free', 'heavy-duty']","The IKEA Cast Iron Skillet Pro from IKEA combines eco-friendly functionality with sleek aesthetics. As a leading appliances product in the Home & Kitchen category, it offers bpa-free performance. Backed by a manufacturer warranty and thousands of verified purchases."
prod_0366,Cuisinart Mixing Bowl Set Mini,Home & Kitchen,Cleaning,Cuisinart,306.69,4.1,45,True,"['non-stick', 'dishwasher-safe', 'durable', 'stainless-steel', 'cooking', 'eco-friendly', 'kitchen', 'multifunctional', 'bpa-free']","Introducing the Cuisinart Mixing Bowl Set Mini by Cuisinart — a premium home & kitchen solution built for modern lifestyles. Engineered with eco-friendly materials and multifunctional design, it stands out in the cleaning market. Whether you're a beginner or professional, this product meets your needs."
prod_0367,Instant Pot Knife Set Plus,Home & Kitchen,Furniture,Instant Pot,193.46,4.2,19,True,"['bpa-free', 'compact', 'non-stick', 'easy-clean', 'stainless-steel', 'dishwasher-safe', 'multifunctional']","Introducing the Instant Pot Knife Set Plus by Instant Pot — a premium home & kitchen solution built for modern lifestyles. Engineered with multifunctional materials and non-stick design, it stands out in the furniture market. Whether you're a beginner or professional, this product meets your needs."
prod_0368,IKEA Food Storage Containers SE,Home & Kitchen,Bedding,IKEA,513.0,4.5,261,True,"['durable', 'multifunctional', 'bpa-free', 'kitchen', 'storage', 'cooking', 'easy-clean', 'heavy-duty', 'home', 'eco-friendly', 'compact']","Introducing the IKEA Food Storage Containers SE by IKEA — a premium home & kitchen solution built for modern lifestyles. Engineered with easy-clean materials and multifunctional design, it stands out in the bedding market. Whether you're a beginner or professional, this product meets your needs."
prod_0369,Breville Air Fryer X,Home & Kitchen,Appliances,Breville,299.85,4.1,482,True,"['easy-clean', 'compact', 'cooking', 'home', 'stainless-steel', 'heavy-duty', 'storage', 'non-stick', 'space-saving', 'dishwasher-safe', 'bpa-free', 'multifunctional']","The Breville Air Fryer X from Breville combines easy-clean functionality with sleek aesthetics. As a leading appliances product in the Home & Kitchen category, it offers space-saving performance. Backed by a manufacturer warranty and thousands of verified purchases."
prod_0370,Dyson Air Fryer,Home & Kitchen,Cookware,Dyson,63.83,4.8,501,True,"['kitchen', 'non-stick', 'durable', 'multifunctional', 'home', 'dishwasher-safe', 'stainless-steel', 'easy-clean']","The Dyson Air Fryer from Dyson combines easy-clean functionality with sleek aesthetics. As a leading cookware product in the Home & Kitchen category, it offers easy-clean performance. Backed by a manufacturer warranty and thousands of verified purchases."
prod_0371,Cuisinart Bed Sheet Set Pro,Home & Kitchen,Decor,Cuisinart,396.45,3.1,31,True,"['stainless-steel', 'easy-clean', 'compact', 'space-saving', 'cooking', 'storage', 'kitchen', 'non-stick', 'durable']","The Cuisinart Cuisinart Bed Sheet Set Pro is a top-rated decor product designed for everyday use. It features easy-clean and durable technology for superior performance. Trusted by thousands of customers, it delivers excellent value and durability."
prod_0372,Rubbermaid Cast Iron Skillet Pro,Home & Kitchen,Cleaning,Rubbermaid,512.59,3.7,153,True,"['dishwasher-safe', 'multifunctional', 'heavy-duty', 'non-stick', 'durable', 'cooking', 'home']","The Rubbermaid Cast Iron Skillet Pro from Rubbermaid combines home functionality with sleek aesthetics. As a leading cleaning product in the Home & Kitchen category, it offers heavy-duty performance. Backed by a manufacturer warranty and thousands of verified purchases."
prod_0373,KitchenAid Bed Sheet Set SE,Home & Kitchen,Bedding,KitchenAid,126.32,4.3,62,True,"['heavy-duty', 'dishwasher-safe', 'bpa-free', 'non-stick', 'space-saving', 'durable', 'compact', 'home', 'eco-friendly']","The KitchenAid Bed Sheet Set SE from KitchenAid combines dishwasher-safe functionality with sleek aesthetics. As a leading bedding product in the Home & Kitchen category, it offers heavy-duty performance. Backed by a manufacturer warranty and thousands of verified purchases."
prod_0374,Dyson Food Storage Containers X,Home & Kitchen,Furniture,Dyson,320.15,4.1,59,True,"['eco-friendly', 'home', 'non-stick', 'bpa-free', 'dishwasher-safe', 'compact', 'easy-clean', 'multifunctional', 'space-saving', 'durable', 'cooking']","The Dyson Dyson Food Storage Containers X is a top-rated furniture product designed for professional use. It features space-saving and easy-clean technology for superior performance. Trusted by thousands of customers, it delivers excellent value and durability."
prod_0375,KitchenAid Throw Pillow Ultra,Home & Kitchen,Decor,KitchenAid,252.51,3.7,27,True,"['durable', 'easy-clean', 'space-saving', 'non-stick', 'stainless-steel', 'compact', 'home', 'kitchen', 'bpa-free']","The KitchenAid Throw Pillow Ultra from KitchenAid combines easy-clean functionality with sleek aesthetics. As a leading decor product in the Home & Kitchen category, it offers home performance. Backed by a manufacturer warranty and thousands of verified purchases."
prod_0376,IKEA Air Fryer HD,Home & Kitchen,Decor,IKEA,486.24,3.5,29,True,"['heavy-duty', 'compact', 'multifunctional', 'cooking', 'storage', 'easy-clean', 'home', 'non-stick']","The IKEA IKEA Air Fryer HD is a top-rated decor product designed for everyday use. It features home and heavy-duty technology for superior performance. Trusted by thousands of customers, it delivers excellent value and durability."
prod_0377,Rubbermaid Bamboo Cutting Board X,Home & Kitchen,Furniture,Rubbermaid,187.26,3.5,525,True,"['space-saving', 'stainless-steel', 'easy-clean', 'durable', 'multifunctional', 'dishwasher-safe', 'non-stick', 'home', 'bpa-free', 'heavy-duty', 'kitchen', 'compact']","The Rubbermaid Bamboo Cutting Board X from Rubbermaid combines durable functionality with sleek aesthetics. As a leading furniture product in the Home & Kitchen category, it offers home performance. Backed by a manufacturer warranty and thousands of verified purchases."
prod_0378,Rubbermaid Throw Pillow Max,Home & Kitchen,Storage,Rubbermaid,58.97,3.5,3494,True,"['bpa-free', 'cooking', 'heavy-duty', 'dishwasher-safe', 'kitchen', 'home', 'compact', 'eco-friendly', 'stainless-steel', 'easy-clean', 'storage', 'non-stick']","The Rubbermaid Throw Pillow Max from Rubbermaid combines dishwasher-safe functionality with sleek aesthetics. As a leading storage product in the Home & Kitchen category, it offers kitchen performance. Backed by a manufacturer warranty and thousands of verified purchases."
prod_0379,Cuisinart Bed Sheet Set Pro,Home & Kitchen,Furniture,Cuisinart,68.78,4.2,185,False,"['easy-clean', 'dishwasher-safe', 'compact', 'bpa-free', 'space-saving', 'durable', 'eco-friendly', 'non-stick', 'kitchen', 'storage', 'stainless-steel', 'heavy-duty']","The Cuisinart Bed Sheet Set Pro from Cuisinart combines non-stick functionality with sleek aesthetics. As a leading furniture product in the Home & Kitchen category, it offers bpa-free performance. Backed by a manufacturer warranty and thousands of verified purchases."
prod_0380,Rubbermaid Bamboo Cutting Board Elite,Home & Kitchen,Cookware,Rubbermaid,335.53,3.6,343,True,"['heavy-duty', 'durable', 'dishwasher-safe', 'bpa-free', 'home', 'easy-clean', 'stainless-steel', 'space-saving']","Introducing the Rubbermaid Bamboo Cutting Board Elite by Rubbermaid — a premium home & kitchen solution built for modern lifestyles. Engineered with home materials and bpa-free design, it stands out in the cookware market. Whether you're a beginner or professional, this product meets your needs."
prod_0381,Ninja Bed Sheet Set HD,Home & Kitchen,Storage,Ninja,513.24,3.7,171,True,"['durable', 'bpa-free', 'cooking', 'non-stick', 'dishwasher-safe', 'heavy-duty', 'stainless-steel', 'compact', 'space-saving', 'home', 'easy-clean']","The Ninja Ninja Bed Sheet Set HD is a top-rated storage product designed for professional use. It features dishwasher-safe and bpa-free technology for superior performance. Trusted by thousands of customers, it delivers excellent value and durability."
prod_0382,KitchenAid Vacuum Cleaner X,Home & Kitchen,Furniture,KitchenAid,187.76,5.0,132,True,"['eco-friendly', 'kitchen', 'compact', 'stainless-steel', 'non-stick', 'easy-clean', 'cooking']","Introducing the KitchenAid Vacuum Cleaner X by KitchenAid — a premium home & kitchen solution built for modern lifestyles. Engineered with non-stick materials and eco-friendly design, it stands out in the furniture market. Whether you're a beginner or professional, this product meets your needs."
prod_0383,Dyson Cast Iron Skillet SE,Home & Kitchen,Decor,Dyson,140.66,4.6,63,True,"['stainless-steel', 'multifunctional', 'heavy-duty', 'kitchen', 'eco-friendly', 'non-stick', 'cooking', 'home']","The Dyson Cast Iron Skillet SE from Dyson combines multifunctional functionality with sleek aesthetics. As a leading decor product in the Home & Kitchen category, it offers stainless-steel performance. Backed by a manufacturer warranty and thousands of verified purchases."
prod_0384,KitchenAid Coffee Maker Elite,Home & Kitchen,Appliances,KitchenAid,100.96,4.0,1242,True,"['easy-clean', 'bpa-free', 'multifunctional', 'eco-friendly', 'compact', 'home', 'cooking', 'stainless-steel']","The KitchenAid KitchenAid Coffee Maker Elite is a top-rated appliances product designed for home use. It features multifunctional and bpa-free technology for superior performance. Trusted by thousands of customers, it delivers excellent value and durability."
prod_0385,Lodge Knife Set SE,Home & Kitchen,Furniture,Lodge,109.39,3.7,1306,True,"['stainless-steel', 'easy-clean', 'multifunctional', 'dishwasher-safe', 'heavy-duty', 'storage', 'cooking', 'compact']","The Lodge Lodge Knife Set SE is a top-rated furniture product designed for professional use. It features multifunctional and cooking technology for superior performance. Trusted by thousands of customers, it delivers excellent value and durability."
prod_0386,Cuisinart Throw Pillow Plus,Home & Kitchen,Cleaning,Cuisinart,58.19,4.4,75,False,"['dishwasher-safe', 'multifunctional', 'cooking', 'heavy-duty', 'kitchen', 'easy-clean', 'durable', 'compact']","Introducing the Cuisinart Throw Pillow Plus by Cuisinart — a premium home & kitchen solution built for modern lifestyles. Engineered with durable materials and durable design, it stands out in the cleaning market. Whether you're a beginner or professional, this product meets your needs."
prod_0387,Breville Bamboo Cutting Board Lite,Home & Kitchen,Bedding,Breville,422.57,4.3,476,True,"['durable', 'storage', 'eco-friendly', 'space-saving', 'easy-clean', 'bpa-free', 'stainless-steel', 'dishwasher-safe', 'heavy-duty']","The Breville Bamboo Cutting Board Lite from Breville combines bpa-free functionality with sleek aesthetics. As a leading bedding product in the Home & Kitchen category, it offers stainless-steel performance. Backed by a manufacturer warranty and thousands of verified purchases."
prod_0388,Breville Throw Pillow Mini,Home & Kitchen,Storage,Breville,134.53,4.3,22,False,"['eco-friendly', 'non-stick', 'heavy-duty', 'stainless-steel', 'durable', 'cooking', 'kitchen', 'multifunctional', 'dishwasher-safe', 'compact']","The Breville Throw Pillow Mini from Breville combines dishwasher-safe functionality with sleek aesthetics. As a leading storage product in the Home & Kitchen category, it offers non-stick performance. Backed by a manufacturer warranty and thousands of verified purchases."
prod_0389,OXO Throw Pillow Elite,Home & Kitchen,Bedding,OXO,81.3,3.6,110,True,"['durable', 'home', 'bpa-free', 'non-stick', 'space-saving', 'kitchen', 'multifunctional', 'stainless-steel', 'compact', 'eco-friendly', 'easy-clean', 'dishwasher-safe']","The OXO OXO Throw Pillow Elite is a top-rated bedding product designed for home use. It features space-saving and space-saving technology for superior performance. Trusted by thousands of customers, it delivers excellent value and durability."
prod_0390,Dyson Cast Iron Skillet Elite,Home & Kitchen,Decor,Dyson,313.74,4.0,312,True,"['compact', 'multifunctional', 'stainless-steel', 'bpa-free', 'home', 'cooking', 'dishwasher-safe']","The Dyson Dyson Cast Iron Skillet Elite is a top-rated decor product designed for outdoor use. It features compact and compact technology for superior performance. Trusted by thousands of customers, it delivers excellent value and durability."
prod_0391,Breville Vacuum Cleaner HD,Home & Kitchen,Bedding,Breville,338.91,4.1,29,True,"['dishwasher-safe', 'compact', 'non-stick', 'space-saving', 'bpa-free', 'heavy-duty', 'durable', 'eco-friendly', 'stainless-steel', 'storage', 'home', 'multifunctional']","The Breville Vacuum Cleaner HD from Breville combines non-stick functionality with sleek aesthetics. As a leading bedding product in the Home & Kitchen category, it offers multifunctional performance. Backed by a manufacturer warranty and thousands of verified purchases."
prod_0392,Dyson Air Fryer X,Home & Kitchen,Cookware,Dyson,27.3,4.2,308,True,"['eco-friendly', 'stainless-steel', 'home', 'space-saving', 'dishwasher-safe', 'multifunctional', 'easy-clean']","Introducing the Dyson Air Fryer X by Dyson — a premium home & kitchen solution built for modern lifestyles. Engineered with eco-friendly materials and dishwasher-safe design, it stands out in the cookware market. Whether you're a beginner or professional, this product meets your needs."
prod_0393,OXO Knife Set X,Home & Kitchen,Bedding,OXO,24.56,4.3,542,True,"['cooking', 'multifunctional', 'space-saving', 'dishwasher-safe', 'kitchen', 'non-stick', 'compact']","The OXO Knife Set X from OXO combines cooking functionality with sleek aesthetics. As a leading bedding product in the Home & Kitchen category, it offers cooking performance. Backed by a manufacturer warranty and thousands of verified purchases."
prod_0394,Cuisinart Vacuum Cleaner X,Home & Kitchen,Cleaning,Cuisinart,347.25,4.4,257,True,"['bpa-free', 'stainless-steel', 'multifunctional', 'dishwasher-safe', 'heavy-duty', 'space-saving', 'cooking', 'eco-friendly', 'non-stick', 'compact']","The Cuisinart Vacuum Cleaner X from Cuisinart combines stainless-steel functionality with sleek aesthetics. As a leading cleaning product in the Home & Kitchen category, it offers compact performance. Backed by a manufacturer warranty and thousands of verified purchases."
prod_0395,Dyson Vacuum Cleaner Elite,Home & Kitchen,Furniture,Dyson,328.27,4.0,20,True,"['heavy-duty', 'bpa-free', 'easy-clean', 'non-stick', 'durable', 'home', 'cooking', 'kitchen', 'multifunctional', 'stainless-steel', 'eco-friendly']","The Dyson Vacuum Cleaner Elite from Dyson combines bpa-free functionality with sleek aesthetics. As a leading furniture product in the Home & Kitchen category, it offers non-stick performance. Backed by a manufacturer warranty and thousands of verified purchases."
prod_0396,Cuisinart Bamboo Cutting Board SE,Home & Kitchen,Cleaning,Cuisinart,120.12,4.2,190,False,"['eco-friendly', 'kitchen', 'home', 'durable', 'heavy-duty', 'cooking', 'compact', 'non-stick', 'dishwasher-safe']","The Cuisinart Bamboo Cutting Board SE from Cuisinart combines cooking functionality with sleek aesthetics. As a leading cleaning product in the Home & Kitchen category, it offers compact performance. Backed by a manufacturer warranty and thousands of verified purchases."
prod_0397,Cuisinart Bed Sheet Set Ultra,Home & Kitchen,Cleaning,Cuisinart,114.86,4.1,32,True,"['compact', 'eco-friendly', 'stainless-steel', 'dishwasher-safe', 'non-stick', 'home']","Introducing the Cuisinart Bed Sheet Set Ultra by Cuisinart — a premium home & kitchen solution built for modern lifestyles. Engineered with eco-friendly materials and stainless-steel design, it stands out in the cleaning market. Whether you're a beginner or professional, this product meets your needs."
prod_0398,OXO Vacuum Cleaner,Home & Kitchen,Storage,OXO,108.16,3.5,525,True,"['stainless-steel', 'cooking', 'kitchen', 'easy-clean', 'multifunctional', 'non-stick', 'dishwasher-safe', 'home', 'compact', 'bpa-free']","The OXO OXO Vacuum Cleaner is a top-rated storage product designed for outdoor use. It features non-stick and multifunctional technology for superior performance. Trusted by thousands of customers, it delivers excellent value and durability."
prod_0399,Dyson Air Fryer SE,Home & Kitchen,Decor,Dyson,453.41,4.0,336,True,"['home', 'non-stick', 'kitchen', 'stainless-steel', 'bpa-free', 'eco-friendly', 'dishwasher-safe', 'heavy-duty', 'storage']","The Dyson Dyson Air Fryer SE is a top-rated decor product designed for everyday use. It features dishwasher-safe and stainless-steel technology for superior performance. Trusted by thousands of customers, it delivers excellent value and durability."
prod_0400,Instant Pot Knife Set HD,Home & Kitchen,Appliances,Instant Pot,248.79,4.0,153,False,"['compact', 'durable', 'eco-friendly', 'storage', 'cooking', 'stainless-steel']","The Instant Pot Instant Pot Knife Set HD is a top-rated appliances product designed for travel use. It features durable and durable technology for superior performance. Trusted by thousands of customers, it delivers excellent value and durability."
prod_0401,Ninja Knife Set,Home & Kitchen,Furniture,Ninja,583.47,4.5,79,True,"['kitchen', 'bpa-free', 'non-stick', 'space-saving', 'multifunctional', 'dishwasher-safe']","The Ninja Ninja Knife Set is a top-rated furniture product designed for home use. It features dishwasher-safe and bpa-free technology for superior performance. Trusted by thousands of customers, it delivers excellent value and durability."
prod_0402,KitchenAid Knife Set Plus,Home & Kitchen,Decor,KitchenAid,242.02,4.0,85,True,"['compact', 'cooking', 'easy-clean', 'eco-friendly', 'non-stick', 'dishwasher-safe']","Introducing the KitchenAid Knife Set Plus by KitchenAid — a premium home & kitchen solution built for modern lifestyles. Engineered with easy-clean materials and dishwasher-safe design, it stands out in the decor market. Whether you're a beginner or professional, this product meets your needs."
prod_0403,IKEA Knife Set Max,Home & Kitchen,Appliances,IKEA,400.07,3.8,102,True,"['stainless-steel', 'storage', 'bpa-free', 'space-saving', 'heavy-duty', 'kitchen', 'cooking', 'easy-clean']","Introducing the IKEA Knife Set Max by IKEA — a premium home & kitchen solution built for modern lifestyles. Engineered with stainless-steel materials and bpa-free design, it stands out in the appliances market. Whether you're a beginner or professional, this product meets your needs."
prod_0404,KitchenAid Throw Pillow Pro,Home & Kitchen,Cleaning,KitchenAid,536.4,4.1,83,True,"['durable', 'bpa-free', 'heavy-duty', 'home', 'stainless-steel', 'dishwasher-safe', 'multifunctional', 'space-saving', 'easy-clean', 'eco-friendly', 'kitchen', 'non-stick']","The KitchenAid KitchenAid Throw Pillow Pro is a top-rated cleaning product designed for outdoor use. It features dishwasher-safe and home technology for superior performance. Trusted by thousands of customers, it delivers excellent value and durability."
prod_0405,Lodge Coffee Maker Plus,Home & Kitchen,Appliances,Lodge,491.24,4.6,50,True,"['non-stick', 'multifunctional', 'easy-clean', 'storage', 'compact', 'bpa-free', 'stainless-steel', 'kitchen', 'cooking', 'durable', 'heavy-duty']","The Lodge Coffee Maker Plus from Lodge combines multifunctional functionality with sleek aesthetics. As a leading appliances product in the Home & Kitchen category, it offers compact performance. Backed by a manufacturer warranty and thousands of verified purchases."
prod_0406,Breville Coffee Maker,Home & Kitchen,Storage,Breville,445.38,3.9,87,True,"['durable', 'space-saving', 'compact', 'cooking', 'home', 'multifunctional', 'easy-clean', 'heavy-duty', 'bpa-free', 'eco-friendly', 'non-stick']","The Breville Coffee Maker from Breville combines durable functionality with sleek aesthetics. As a leading storage product in the Home & Kitchen category, it offers non-stick performance. Backed by a manufacturer warranty and thousands of verified purchases."
prod_0407,Breville Air Fryer Pro,Home & Kitchen,Appliances,Breville,563.23,4.7,187,True,"['durable', 'heavy-duty', 'kitchen', 'stainless-steel', 'dishwasher-safe', 'compact', 'non-stick', 'home', 'easy-clean', 'eco-friendly', 'storage']","Introducing the Breville Air Fryer Pro by Breville — a premium home & kitchen solution built for modern lifestyles. Engineered with durable materials and stainless-steel design, it stands out in the appliances market. Whether you're a beginner or professional, this product meets your needs."
prod_0408,Cuisinart Vacuum Cleaner Max,Home & Kitchen,Bedding,Cuisinart,206.15,4.5,24,True,"['multifunctional', 'kitchen', 'easy-clean', 'storage', 'dishwasher-safe', 'home', 'heavy-duty', 'eco-friendly', 'space-saving', 'cooking']","The Cuisinart Vacuum Cleaner Max from Cuisinart combines heavy-duty functionality with sleek aesthetics. As a leading bedding product in the Home & Kitchen category, it offers multifunctional performance. Backed by a manufacturer warranty and thousands of verified purchases."
prod_0409,OXO Coffee Maker Plus,Home & Kitchen,Bedding,OXO,288.36,4.1,431,False,"['compact', 'kitchen', 'stainless-steel', 'eco-friendly', 'storage', 'home', 'bpa-free', 'space-saving']","The OXO Coffee Maker Plus from OXO combines bpa-free functionality with sleek aesthetics. As a leading bedding product in the Home & Kitchen category, it offers home performance. Backed by a manufacturer warranty and thousands of verified purchases."
prod_0410,Cuisinart Air Fryer Pro,Home & Kitchen,Storage,Cuisinart,186.47,4.0,533,True,"['dishwasher-safe', 'home', 'compact', 'durable', 'kitchen', 'eco-friendly', 'easy-clean', 'non-stick', 'heavy-duty', 'storage', 'stainless-steel']","The Cuisinart Cuisinart Air Fryer Pro is a top-rated storage product designed for everyday use. It features storage and easy-clean technology for superior performance. Trusted by thousands of customers, it delivers excellent value and durability."
prod_0411,Rubbermaid Bamboo Cutting Board HD,Home & Kitchen,Furniture,Rubbermaid,67.96,3.7,805,True,"['durable', 'multifunctional', 'kitchen', 'bpa-free', 'eco-friendly', 'stainless-steel', 'storage', 'home', 'compact', 'dishwasher-safe', 'non-stick']","Introducing the Rubbermaid Bamboo Cutting Board HD by Rubbermaid — a premium home & kitchen solution built for modern lifestyles. Engineered with dishwasher-safe materials and kitchen design, it stands out in the furniture market. Whether you're a beginner or professional, this product meets your needs."
prod_0412,Ninja Air Fryer Lite,Home & Kitchen,Furniture,Ninja,151.95,5.0,96,True,"['kitchen', 'heavy-duty', 'cooking', 'non-stick', 'space-saving', 'dishwasher-safe', 'eco-friendly', 'stainless-steel', 'multifunctional', 'easy-clean', 'bpa-free', 'home']","The Ninja Ninja Air Fryer Lite is a top-rated furniture product designed for professional use. It features stainless-steel and space-saving technology for superior performance. Trusted by thousands of customers, it delivers excellent value and durability."
prod_0413,Instant Pot Mixing Bowl Set Max,Home & Kitchen,Appliances,Instant Pot,308.21,3.8,849,True,"['eco-friendly', 'compact', 'kitchen', 'dishwasher-safe', 'stainless-steel', 'storage', 'space-saving', 'heavy-duty', 'easy-clean', 'multifunctional', 'cooking', 'home']","The Instant Pot Mixing Bowl Set Max from Instant Pot combines home functionality with sleek aesthetics. As a leading appliances product in the Home & Kitchen category, it offers storage performance. Backed by a manufacturer warranty and thousands of verified purchases."
prod_0414,Ninja Knife Set Ultra,Home & Kitchen,Bedding,Ninja,202.54,4.8,79,True,"['bpa-free', 'multifunctional', 'kitchen', 'heavy-duty', 'storage', 'compact']","Introducing the Ninja Knife Set Ultra by Ninja — a premium home & kitchen solution built for modern lifestyles. Engineered with heavy-duty materials and storage design, it stands out in the bedding market. Whether you're a beginner or professional, this product meets your needs."
prod_0415,Lodge Vacuum Cleaner Max,Home & Kitchen,Cleaning,Lodge,244.99,3.8,105,True,"['kitchen', 'stainless-steel', 'heavy-duty', 'home', 'compact', 'multifunctional', 'eco-friendly', 'easy-clean', 'bpa-free', 'cooking', 'storage', 'dishwasher-safe']","The Lodge Lodge Vacuum Cleaner Max is a top-rated cleaning product designed for travel use. It features multifunctional and kitchen technology for superior performance. Trusted by thousands of customers, it delivers excellent value and durability."
prod_0416,Instant Pot Bed Sheet Set SE,Home & Kitchen,Bedding,Instant Pot,153.61,3.3,49,True,"['kitchen', 'cooking', 'non-stick', 'home', 'heavy-duty', 'compact', 'dishwasher-safe']","Introducing the Instant Pot Bed Sheet Set SE by Instant Pot — a premium home & kitchen solution built for modern lifestyles. Engineered with non-stick materials and home design, it stands out in the bedding market. Whether you're a beginner or professional, this product meets your needs."
prod_0417,Ninja Vacuum Cleaner Plus,Home & Kitchen,Decor,Ninja,78.15,3.5,59,True,"['multifunctional', 'storage', 'compact', 'eco-friendly', 'dishwasher-safe', 'stainless-steel', 'space-saving']","The Ninja Vacuum Cleaner Plus from Ninja combines space-saving functionality with sleek aesthetics. As a leading decor product in the Home & Kitchen category, it offers dishwasher-safe performance. Backed by a manufacturer warranty and thousands of verified purchases."
prod_0418,OXO Food Storage Containers Elite,Home & Kitchen,Decor,OXO,154.33,4.0,196,True,"['multifunctional', 'non-stick', 'cooking', 'eco-friendly', 'space-saving', 'bpa-free', 'storage', 'home', 'dishwasher-safe', 'easy-clean', 'compact']","Introducing the OXO Food Storage Containers Elite by OXO — a premium home & kitchen solution built for modern lifestyles. Engineered with storage materials and compact design, it stands out in the decor market. Whether you're a beginner or professional, this product meets your needs."
prod_0419,Lodge Bed Sheet Set SE,Home & Kitchen,Storage,Lodge,419.15,4.8,44,True,"['bpa-free', 'heavy-duty', 'non-stick', 'space-saving', 'dishwasher-safe', 'easy-clean', 'kitchen', 'storage', 'home', 'durable', 'compact']","The Lodge Lodge Bed Sheet Set SE is a top-rated storage product designed for professional use. It features kitchen and space-saving technology for superior performance. Trusted by thousands of customers, it delivers excellent value and durability."
prod_0420,OXO Throw Pillow Plus,Home & Kitchen,Bedding,OXO,87.52,4.5,114,True,"['non-stick', 'bpa-free', 'eco-friendly', 'stainless-steel', 'storage', 'space-saving']","Introducing the OXO Throw Pillow Plus by OXO — a premium home & kitchen solution built for modern lifestyles. Engineered with storage materials and eco-friendly design, it stands out in the bedding market. Whether you're a beginner or professional, this product meets your needs."
prod_0421,IKEA Bed Sheet Set Mini,Home & Kitchen,Bedding,IKEA,234.36,4.0,333,True,"['bpa-free', 'storage', 'non-stick', 'durable', 'home', 'stainless-steel', 'easy-clean']","Introducing the IKEA Bed Sheet Set Mini by IKEA — a premium home & kitchen solution built for modern lifestyles. Engineered with home materials and home design, it stands out in the bedding market. Whether you're a beginner or professional, this product meets your needs."
prod_0422,KitchenAid Cast Iron Skillet Elite,Home & Kitchen,Cookware,KitchenAid,30.66,3.4,234,True,"['stainless-steel', 'storage', 'durable', 'heavy-duty', 'non-stick', 'multifunctional', 'space-saving']","The KitchenAid Cast Iron Skillet Elite from KitchenAid combines space-saving functionality with sleek aesthetics. As a leading cookware product in the Home & Kitchen category, it offers multifunctional performance. Backed by a manufacturer warranty and thousands of verified purchases."
prod_0423,Cuisinart Knife Set Mini,Home & Kitchen,Bedding,Cuisinart,494.81,4.1,267,True,"['dishwasher-safe', 'heavy-duty', 'space-saving', 'durable', 'kitchen', 'bpa-free', 'eco-friendly', 'cooking', 'compact', 'storage', 'home', 'non-stick']","The Cuisinart Knife Set Mini from Cuisinart combines compact functionality with sleek aesthetics. As a leading bedding product in the Home & Kitchen category, it offers cooking performance. Backed by a manufacturer warranty and thousands of verified purchases."
prod_0424,KitchenAid Bed Sheet Set Max,Home & Kitchen,Bedding,KitchenAid,261.85,4.1,2825,True,"['dishwasher-safe', 'storage', 'bpa-free', 'multifunctional', 'eco-friendly', 'kitchen', 'stainless-steel', 'cooking', 'non-stick', 'home', 'easy-clean']","Introducing the KitchenAid Bed Sheet Set Max by KitchenAid — a premium home & kitchen solution built for modern lifestyles. Engineered with kitchen materials and kitchen design, it stands out in the bedding market. Whether you're a beginner or professional, this product meets your needs."
prod_0425,Breville Knife Set Elite,Home & Kitchen,Furniture,Breville,355.48,3.7,78,True,"['multifunctional', 'kitchen', 'cooking', 'heavy-duty', 'stainless-steel', 'space-saving', 'dishwasher-safe', 'eco-friendly', 'home', 'storage']","The Breville Knife Set Elite from Breville combines kitchen functionality with sleek aesthetics. As a leading furniture product in the Home & Kitchen category, it offers space-saving performance. Backed by a manufacturer warranty and thousands of verified purchases."
prod_0426,OXO Cast Iron Skillet Lite,Home & Kitchen,Appliances,OXO,69.75,3.7,76,True,"['cooking', 'kitchen', 'easy-clean', 'space-saving', 'bpa-free', 'compact', 'heavy-duty', 'storage', 'multifunctional', 'durable']","The OXO OXO Cast Iron Skillet Lite is a top-rated appliances product designed for home use. It features space-saving and space-saving technology for superior performance. Trusted by thousands of customers, it delivers excellent value and durability."
prod_0427,Instant Pot Bed Sheet Set Ultra,Home & Kitchen,Cookware,Instant Pot,239.53,3.7,618,True,"['cooking', 'eco-friendly', 'dishwasher-safe', 'bpa-free', 'home', 'multifunctional']","Introducing the Instant Pot Bed Sheet Set Ultra by Instant Pot — a premium home & kitchen solution built for modern lifestyles. Engineered with dishwasher-safe materials and bpa-free design, it stands out in the cookware market. Whether you're a beginner or professional, this product meets your needs."
prod_0428,OXO Bamboo Cutting Board Max,Home & Kitchen,Decor,OXO,305.47,4.7,74,True,"['bpa-free', 'non-stick', 'storage', 'kitchen', 'cooking', 'heavy-duty', 'home', 'dishwasher-safe', 'compact', 'eco-friendly', 'space-saving']","The OXO Bamboo Cutting Board Max from OXO combines eco-friendly functionality with sleek aesthetics. As a leading decor product in the Home & Kitchen category, it offers bpa-free performance. Backed by a manufacturer warranty and thousands of verified purchases."
prod_0429,IKEA Bed Sheet Set Mini,Home & Kitchen,Appliances,IKEA,239.53,3.6,261,True,"['multifunctional', 'compact', 'cooking', 'dishwasher-safe', 'storage', 'heavy-duty', 'easy-clean', 'bpa-free', 'durable', 'stainless-steel', 'home', 'kitchen']","The IKEA Bed Sheet Set Mini from IKEA combines storage functionality with sleek aesthetics. As a leading appliances product in the Home & Kitchen category, it offers home performance. Backed by a manufacturer warranty and thousands of verified purchases."
prod_0430,Dyson Air Fryer Ultra,Home & Kitchen,Cookware,Dyson,595.49,3.7,317,True,"['home', 'stainless-steel', 'heavy-duty', 'multifunctional', 'eco-friendly', 'compact', 'dishwasher-safe', 'bpa-free', 'easy-clean', 'cooking']","Introducing the Dyson Air Fryer Ultra by Dyson — a premium home & kitchen solution built for modern lifestyles. Engineered with bpa-free materials and home design, it stands out in the cookware market. Whether you're a beginner or professional, this product meets your needs."
prod_0431,Dyson Vacuum Cleaner Pro,Home & Kitchen,Furniture,Dyson,14.36,4.1,24,True,"['easy-clean', 'cooking', 'stainless-steel', 'durable', 'bpa-free', 'heavy-duty']","Introducing the Dyson Vacuum Cleaner Pro by Dyson — a premium home & kitchen solution built for modern lifestyles. Engineered with bpa-free materials and heavy-duty design, it stands out in the furniture market. Whether you're a beginner or professional, this product meets your needs."
prod_0432,OXO Food Storage Containers Lite,Home & Kitchen,Cleaning,OXO,504.39,4.8,1280,True,"['home', 'cooking', 'non-stick', 'heavy-duty', 'eco-friendly', 'dishwasher-safe', 'compact', 'easy-clean', 'stainless-steel', 'kitchen']","The OXO Food Storage Containers Lite from OXO combines heavy-duty functionality with sleek aesthetics. As a leading cleaning product in the Home & Kitchen category, it offers home performance. Backed by a manufacturer warranty and thousands of verified purchases."
prod_0433,Cuisinart Throw Pillow,Home & Kitchen,Furniture,Cuisinart,400.22,3.7,93,True,"['heavy-duty', 'home', 'dishwasher-safe', 'easy-clean', 'non-stick', 'bpa-free', 'kitchen', 'eco-friendly', 'space-saving', 'storage', 'compact']","The Cuisinart Cuisinart Throw Pillow is a top-rated furniture product designed for professional use. It features bpa-free and easy-clean technology for superior performance. Trusted by thousands of customers, it delivers excellent value and durability."
prod_0434,Dyson Cast Iron Skillet Max,Home & Kitchen,Bedding,Dyson,575.58,4.1,221,True,"['multifunctional', 'compact', 'durable', 'cooking', 'easy-clean', 'kitchen']","The Dyson Dyson Cast Iron Skillet Max is a top-rated bedding product designed for outdoor use. It features easy-clean and multifunctional technology for superior performance. Trusted by thousands of customers, it delivers excellent value and durability."
prod_0435,Rubbermaid Vacuum Cleaner Plus,Home & Kitchen,Decor,Rubbermaid,145.59,4.3,1656,True,"['stainless-steel', 'heavy-duty', 'cooking', 'kitchen', 'dishwasher-safe', 'compact']","Introducing the Rubbermaid Vacuum Cleaner Plus by Rubbermaid — a premium home & kitchen solution built for modern lifestyles. Engineered with kitchen materials and heavy-duty design, it stands out in the decor market. Whether you're a beginner or professional, this product meets your needs."
prod_0436,Cuisinart Cast Iron Skillet Max,Home & Kitchen,Bedding,Cuisinart,251.37,3.9,56,False,"['space-saving', 'bpa-free', 'home', 'easy-clean', 'eco-friendly', 'heavy-duty', 'cooking', 'non-stick', 'kitchen', 'compact', 'durable', 'storage']","Introducing the Cuisinart Cast Iron Skillet Max by Cuisinart — a premium home & kitchen solution built for modern lifestyles. Engineered with durable materials and storage design, it stands out in the bedding market. Whether you're a beginner or professional, this product meets your needs."
prod_0437,Ninja Bamboo Cutting Board X,Home & Kitchen,Cookware,Ninja,234.36,3.3,61,True,"['easy-clean', 'storage', 'eco-friendly', 'space-saving', 'kitchen', 'compact', 'durable', 'home', 'cooking', 'bpa-free', 'heavy-duty']","Introducing the Ninja Bamboo Cutting Board X by Ninja — a premium home & kitchen solution built for modern lifestyles. Engineered with easy-clean materials and eco-friendly design, it stands out in the cookware market. Whether you're a beginner or professional, this product meets your needs."
prod_0438,Dyson Mixing Bowl Set Max,Home & Kitchen,Furniture,Dyson,554.66,4.0,1278,True,"['bpa-free', 'easy-clean', 'stainless-steel', 'cooking', 'non-stick', 'multifunctional', 'kitchen', 'dishwasher-safe', 'space-saving', 'compact']","The Dyson Dyson Mixing Bowl Set Max is a top-rated furniture product designed for everyday use. It features cooking and multifunctional technology for superior performance. Trusted by thousands of customers, it delivers excellent value and durability."
prod_0439,Dyson Coffee Maker HD,Home & Kitchen,Appliances,Dyson,524.64,3.7,194,True,"['stainless-steel', 'cooking', 'bpa-free', 'durable', 'kitchen', 'home', 'multifunctional', 'space-saving', 'eco-friendly', 'easy-clean']","The Dyson Dyson Coffee Maker HD is a top-rated appliances product designed for professional use. It features durable and bpa-free technology for superior performance. Trusted by thousands of customers, it delivers excellent value and durability."
prod_0440,Rubbermaid Air Fryer Mini,Home & Kitchen,Cookware,Rubbermaid,105.18,4.0,617,True,"['storage', 'dishwasher-safe', 'cooking', 'space-saving', 'heavy-duty', 'non-stick', 'easy-clean']","Introducing the Rubbermaid Air Fryer Mini by Rubbermaid — a premium home & kitchen solution built for modern lifestyles. Engineered with dishwasher-safe materials and cooking design, it stands out in the cookware market. Whether you're a beginner or professional, this product meets your needs."
prod_0441,Rubbermaid Vacuum Cleaner Lite,Home & Kitchen,Bedding,Rubbermaid,286.66,5.0,78,True,"['eco-friendly', 'space-saving', 'easy-clean', 'dishwasher-safe', 'cooking', 'bpa-free', 'kitchen', 'multifunctional', 'storage']","Introducing the Rubbermaid Vacuum Cleaner Lite by Rubbermaid — a premium home & kitchen solution built for modern lifestyles. Engineered with easy-clean materials and storage design, it stands out in the bedding market. Whether you're a beginner or professional, this product meets your needs."
prod_0442,OXO Vacuum Cleaner SE,Home & Kitchen,Furniture,OXO,366.77,3.8,519,True,"['stainless-steel', 'cooking', 'easy-clean', 'bpa-free', 'storage', 'compact']","Introducing the OXO Vacuum Cleaner SE by OXO — a premium home & kitchen solution built for modern lifestyles. Engineered with storage materials and compact design, it stands out in the furniture market. Whether you're a beginner or professional, this product meets your needs."
prod_0443,Rubbermaid Bed Sheet Set Ultra,Home & Kitchen,Furniture,Rubbermaid,297.81,4.3,1361,True,"['space-saving', 'home', 'dishwasher-safe', 'kitchen', 'compact', 'multifunctional', 'cooking', 'storage', 'heavy-duty', 'bpa-free', 'eco-friendly']","Introducing the Rubbermaid Bed Sheet Set Ultra by Rubbermaid — a premium home & kitchen solution built for modern lifestyles. Engineered with eco-friendly materials and multifunctional design, it stands out in the furniture market. Whether you're a beginner or professional, this product meets your needs."
prod_0444,Dyson Coffee Maker X,Home & Kitchen,Appliances,Dyson,28.43,4.3,96,True,"['stainless-steel', 'durable', 'easy-clean', 'compact', 'kitchen', 'cooking', 'non-stick', 'bpa-free', 'heavy-duty', 'home', 'space-saving', 'dishwasher-safe']","The Dyson Coffee Maker X from Dyson combines durable functionality with sleek aesthetics. As a leading appliances product in the Home & Kitchen category, it offers durable performance. Backed by a manufacturer warranty and thousands of verified purchases."
prod_0445,Rubbermaid Bamboo Cutting Board Plus,Home & Kitchen,Furniture,Rubbermaid,314.97,4.3,561,True,"['heavy-duty', 'dishwasher-safe', 'cooking', 'compact', 'non-stick', 'durable', 'eco-friendly']","The Rubbermaid Bamboo Cutting Board Plus from Rubbermaid combines durable functionality with sleek aesthetics. As a leading furniture product in the Home & Kitchen category, it offers compact performance. Backed by a manufacturer warranty and thousands of verified purchases."
prod_0446,Ninja Bed Sheet Set Lite,Home & Kitchen,Cookware,Ninja,167.26,4.4,272,True,"['heavy-duty', 'easy-clean', 'dishwasher-safe', 'compact', 'non-stick', 'kitchen', 'cooking']","The Ninja Bed Sheet Set Lite from Ninja combines kitchen functionality with sleek aesthetics. As a leading cookware product in the Home & Kitchen category, it offers compact performance. Backed by a manufacturer warranty and thousands of verified purchases."
prod_0447,Rubbermaid Food Storage Containers Lite,Home & Kitchen,Bedding,Rubbermaid,229.79,4.5,603,True,"['cooking', 'storage', 'bpa-free', 'heavy-duty', 'eco-friendly', 'home', 'multifunctional', 'compact', 'space-saving', 'dishwasher-safe', 'kitchen']","The Rubbermaid Rubbermaid Food Storage Containers Lite is a top-rated bedding product designed for professional use. It features heavy-duty and eco-friendly technology for superior performance. Trusted by thousands of customers, it delivers excellent value and durability."
prod_0448,KitchenAid Knife Set Plus,Home & Kitchen,Storage,KitchenAid,231.62,4.7,323,True,"['home', 'stainless-steel', 'kitchen', 'space-saving', 'storage', 'bpa-free', 'easy-clean', 'heavy-duty']","The KitchenAid Knife Set Plus from KitchenAid combines stainless-steel functionality with sleek aesthetics. As a leading storage product in the Home & Kitchen category, it offers space-saving performance. Backed by a manufacturer warranty and thousands of verified purchases."
prod_0449,Ninja Throw Pillow Mini,Home & Kitchen,Furniture,Ninja,559.82,3.9,176,False,"['multifunctional', 'stainless-steel', 'space-saving', 'dishwasher-safe', 'compact', 'durable', 'heavy-duty', 'eco-friendly', 'easy-clean']","The Ninja Ninja Throw Pillow Mini is a top-rated furniture product designed for professional use. It features durable and heavy-duty technology for superior performance. Trusted by thousands of customers, it delivers excellent value and durability."
prod_0450,Rubbermaid Food Storage Containers Pro,Home & Kitchen,Cleaning,Rubbermaid,364.33,4.6,55,True,"['eco-friendly', 'non-stick', 'easy-clean', 'storage', 'stainless-steel', 'bpa-free', 'space-saving', 'dishwasher-safe', 'durable', 'home', 'kitchen', 'cooking']","Introducing the Rubbermaid Food Storage Containers Pro by Rubbermaid — a premium home & kitchen solution built for modern lifestyles. Engineered with eco-friendly materials and cooking design, it stands out in the cleaning market. Whether you're a beginner or professional, this product meets your needs."
prod_0451,Rubbermaid Bamboo Cutting Board Plus,Home & Kitchen,Furniture,Rubbermaid,214.21,4.2,92,True,"['durable', 'compact', 'easy-clean', 'home', 'dishwasher-safe', 'non-stick', 'storage', 'cooking', 'heavy-duty']","The Rubbermaid Bamboo Cutting Board Plus from Rubbermaid combines compact functionality with sleek aesthetics. As a leading furniture product in the Home & Kitchen category, it offers dishwasher-safe performance. Backed by a manufacturer warranty and thousands of verified purchases."
prod_0452,IKEA Food Storage Containers X,Home & Kitchen,Cleaning,IKEA,573.39,4.0,688,True,"['durable', 'eco-friendly', 'storage', 'multifunctional', 'easy-clean', 'cooking', 'home', 'compact', 'heavy-duty']","The IKEA Food Storage Containers X from IKEA combines multifunctional functionality with sleek aesthetics. As a leading cleaning product in the Home & Kitchen category, it offers easy-clean performance. Backed by a manufacturer warranty and thousands of verified purchases."
prod_0453,KitchenAid Food Storage Containers SE,Home & Kitchen,Appliances,KitchenAid,383.06,4.1,156,True,"['home', 'multifunctional', 'easy-clean', 'stainless-steel', 'storage', 'space-saving', 'heavy-duty', 'compact', 'durable']","Introducing the KitchenAid Food Storage Containers SE by KitchenAid — a premium home & kitchen solution built for modern lifestyles. Engineered with stainless-steel materials and stainless-steel design, it stands out in the appliances market. Whether you're a beginner or professional, this product meets your needs."
prod_0454,Lodge Bamboo Cutting Board Max,Home & Kitchen,Cookware,Lodge,448.81,3.3,363,True,"['space-saving', 'stainless-steel', 'cooking', 'compact', 'dishwasher-safe', 'heavy-duty']","Introducing the Lodge Bamboo Cutting Board Max by Lodge — a premium home & kitchen solution built for modern lifestyles. Engineered with dishwasher-safe materials and dishwasher-safe design, it stands out in the cookware market. Whether you're a beginner or professional, this product meets your needs."
prod_0455,Instant Pot Throw Pillow,Home & Kitchen,Bedding,Instant Pot,364.16,4.3,1990,True,"['home', 'dishwasher-safe', 'kitchen', 'eco-friendly', 'bpa-free', 'stainless-steel', 'cooking']","The Instant Pot Throw Pillow from Instant Pot combines eco-friendly functionality with sleek aesthetics. As a leading bedding product in the Home & Kitchen category, it offers dishwasher-safe performance. Backed by a manufacturer warranty and thousands of verified purchases."
prod_0456,Cuisinart Bamboo Cutting Board Elite,Home & Kitchen,Appliances,Cuisinart,190.86,3.8,193,True,"['home', 'non-stick', 'easy-clean', 'space-saving', 'bpa-free', 'storage', 'durable', 'compact', 'stainless-steel', 'multifunctional', 'kitchen']","The Cuisinart Bamboo Cutting Board Elite from Cuisinart combines easy-clean functionality with sleek aesthetics. As a leading appliances product in the Home & Kitchen category, it offers compact performance. Backed by a manufacturer warranty and thousands of verified purchases."
prod_0457,Instant Pot Mixing Bowl Set SE,Home & Kitchen,Cleaning,Instant Pot,240.23,4.1,985,True,"['durable', 'bpa-free', 'stainless-steel', 'dishwasher-safe', 'easy-clean', 'home', 'eco-friendly', 'non-stick', 'cooking']","The Instant Pot Mixing Bowl Set SE from Instant Pot combines home functionality with sleek aesthetics. As a leading cleaning product in the Home & Kitchen category, it offers durable performance. Backed by a manufacturer warranty and thousands of verified purchases."
prod_0458,Instant Pot Bamboo Cutting Board Lite,Home & Kitchen,Appliances,Instant Pot,269.6,4.0,207,True,"['non-stick', 'cooking', 'storage', 'multifunctional', 'easy-clean', 'kitchen', 'stainless-steel', 'home', 'eco-friendly']","Introducing the Instant Pot Bamboo Cutting Board Lite by Instant Pot — a premium home & kitchen solution built for modern lifestyles. Engineered with storage materials and non-stick design, it stands out in the appliances market. Whether you're a beginner or professional, this product meets your needs."
prod_0459,KitchenAid Throw Pillow,Home & Kitchen,Cookware,KitchenAid,208.38,4.3,185,True,"['cooking', 'durable', 'easy-clean', 'dishwasher-safe', 'storage', 'kitchen', 'home', 'compact', 'bpa-free']","Introducing the KitchenAid Throw Pillow by KitchenAid — a premium home & kitchen solution built for modern lifestyles. Engineered with home materials and durable design, it stands out in the cookware market. Whether you're a beginner or professional, this product meets your needs."
prod_0460,Lodge Mixing Bowl Set Plus,Home & Kitchen,Furniture,Lodge,77.04,3.8,187,True,"['bpa-free', 'durable', 'compact', 'eco-friendly', 'storage', 'kitchen']","The Lodge Lodge Mixing Bowl Set Plus is a top-rated furniture product designed for travel use. It features storage and storage technology for superior performance. Trusted by thousands of customers, it delivers excellent value and durability."
prod_0461,Rubbermaid Air Fryer,Home & Kitchen,Storage,Rubbermaid,424.02,4.5,43,True,"['space-saving', 'cooking', 'home', 'stainless-steel', 'multifunctional', 'eco-friendly', 'compact', 'dishwasher-safe']","The Rubbermaid Rubbermaid Air Fryer is a top-rated storage product designed for everyday use. It features compact and dishwasher-safe technology for superior performance. Trusted by thousands of customers, it delivers excellent value and durability."
prod_0462,Instant Pot Mixing Bowl Set SE,Home & Kitchen,Appliances,Instant Pot,272.76,4.1,64,False,"['home', 'kitchen', 'cooking', 'space-saving', 'storage', 'multifunctional', 'heavy-duty', 'non-stick']","The Instant Pot Mixing Bowl Set SE from Instant Pot combines cooking functionality with sleek aesthetics. As a leading appliances product in the Home & Kitchen category, it offers heavy-duty performance. Backed by a manufacturer warranty and thousands of verified purchases."
prod_0463,Cuisinart Throw Pillow Mini,Home & Kitchen,Bedding,Cuisinart,398.22,4.6,23,True,"['cooking', 'space-saving', 'bpa-free', 'easy-clean', 'stainless-steel', 'eco-friendly', 'durable', 'storage', 'compact']","The Cuisinart Cuisinart Throw Pillow Mini is a top-rated bedding product designed for everyday use. It features cooking and easy-clean technology for superior performance. Trusted by thousands of customers, it delivers excellent value and durability."
prod_0464,Breville Coffee Maker HD,Home & Kitchen,Decor,Breville,220.57,3.7,233,True,"['easy-clean', 'space-saving', 'dishwasher-safe', 'home', 'eco-friendly', 'non-stick', 'compact']","The Breville Coffee Maker HD from Breville combines easy-clean functionality with sleek aesthetics. As a leading decor product in the Home & Kitchen category, it offers dishwasher-safe performance. Backed by a manufacturer warranty and thousands of verified purchases."
prod_0465,Instant Pot Throw Pillow Max,Home & Kitchen,Appliances,Instant Pot,49.77,4.8,137,True,"['non-stick', 'durable', 'easy-clean', 'compact', 'storage', 'stainless-steel', 'eco-friendly', 'cooking', 'multifunctional', 'home', 'bpa-free']","The Instant Pot Instant Pot Throw Pillow Max is a top-rated appliances product designed for outdoor use. It features eco-friendly and non-stick technology for superior performance. Trusted by thousands of customers, it delivers excellent value and durability."
prod_0466,Breville Vacuum Cleaner Plus,Home & Kitchen,Appliances,Breville,202.98,3.7,1418,True,"['stainless-steel', 'heavy-duty', 'multifunctional', 'non-stick', 'cooking', 'storage']","The Breville Breville Vacuum Cleaner Plus is a top-rated appliances product designed for home use. It features stainless-steel and stainless-steel technology for superior performance. Trusted by thousands of customers, it delivers excellent value and durability."
prod_0467,OXO Bamboo Cutting Board X,Home & Kitchen,Appliances,OXO,64.56,3.3,10,True,"['easy-clean', 'space-saving', 'non-stick', 'eco-friendly', 'multifunctional', 'compact', 'home', 'kitchen']","The OXO Bamboo Cutting Board X from OXO combines home functionality with sleek aesthetics. As a leading appliances product in the Home & Kitchen category, it offers kitchen performance. Backed by a manufacturer warranty and thousands of verified purchases."
prod_0468,Breville Food Storage Containers,Home & Kitchen,Cookware,Breville,82.81,4.2,81,True,"['space-saving', 'easy-clean', 'non-stick', 'kitchen', 'durable', 'stainless-steel', 'storage', 'dishwasher-safe', 'heavy-duty']","Introducing the Breville Food Storage Containers by Breville — a premium home & kitchen solution built for modern lifestyles. Engineered with stainless-steel materials and dishwasher-safe design, it stands out in the cookware market. Whether you're a beginner or professional, this product meets your needs."
prod_0469,Dyson Knife Set,Home & Kitchen,Decor,Dyson,515.89,3.5,347,True,"['dishwasher-safe', 'multifunctional', 'stainless-steel', 'home', 'durable', 'easy-clean', 'space-saving', 'storage']","Introducing the Dyson Knife Set by Dyson — a premium home & kitchen solution built for modern lifestyles. Engineered with multifunctional materials and durable design, it stands out in the decor market. Whether you're a beginner or professional, this product meets your needs."
prod_0470,Instant Pot Air Fryer X,Home & Kitchen,Appliances,Instant Pot,312.89,4.1,75,True,"['heavy-duty', 'eco-friendly', 'easy-clean', 'home', 'dishwasher-safe', 'kitchen', 'storage', 'space-saving', 'stainless-steel', 'compact', 'non-stick']","The Instant Pot Air Fryer X from Instant Pot combines compact functionality with sleek aesthetics. As a leading appliances product in the Home & Kitchen category, it offers heavy-duty performance. Backed by a manufacturer warranty and thousands of verified purchases."
prod_0471,Breville Coffee Maker Lite,Home & Kitchen,Storage,Breville,52.47,3.4,422,False,"['cooking', 'eco-friendly', 'stainless-steel', 'kitchen', 'dishwasher-safe', 'bpa-free', 'durable', 'heavy-duty', 'space-saving', 'easy-clean', 'compact', 'home']","The Breville Breville Coffee Maker Lite is a top-rated storage product designed for travel use. It features eco-friendly and dishwasher-safe technology for superior performance. Trusted by thousands of customers, it delivers excellent value and durability."
prod_0472,Ninja Vacuum Cleaner Max,Home & Kitchen,Appliances,Ninja,554.45,4.3,131,True,"['eco-friendly', 'compact', 'kitchen', 'bpa-free', 'space-saving', 'easy-clean', 'multifunctional', 'stainless-steel', 'heavy-duty', 'non-stick', 'storage']","Introducing the Ninja Vacuum Cleaner Max by Ninja — a premium home & kitchen solution built for modern lifestyles. Engineered with compact materials and eco-friendly design, it stands out in the appliances market. Whether you're a beginner or professional, this product meets your needs."
prod_0473,Rubbermaid Air Fryer Max,Home & Kitchen,Cookware,Rubbermaid,58.17,4.9,41,True,"['heavy-duty', 'cooking', 'dishwasher-safe', 'home', 'bpa-free', 'kitchen', 'compact', 'non-stick', 'easy-clean', 'storage']","Introducing the Rubbermaid Air Fryer Max by Rubbermaid — a premium home & kitchen solution built for modern lifestyles. Engineered with kitchen materials and compact design, it stands out in the cookware market. Whether you're a beginner or professional, this product meets your needs."
prod_0474,IKEA Food Storage Containers Lite,Home & Kitchen,Furniture,IKEA,217.41,3.2,64,True,"['kitchen', 'stainless-steel', 'easy-clean', 'storage', 'home', 'multifunctional', 'non-stick', 'heavy-duty', 'durable']","The IKEA Food Storage Containers Lite from IKEA combines storage functionality with sleek aesthetics. As a leading furniture product in the Home & Kitchen category, it offers heavy-duty performance. Backed by a manufacturer warranty and thousands of verified purchases."
prod_0475,Rubbermaid Air Fryer SE,Home & Kitchen,Cookware,Rubbermaid,301.38,4.0,198,True,"['easy-clean', 'cooking', 'stainless-steel', 'dishwasher-safe', 'eco-friendly', 'heavy-duty', 'compact', 'home', 'kitchen', 'space-saving', 'bpa-free']","The Rubbermaid Air Fryer SE from Rubbermaid combines dishwasher-safe functionality with sleek aesthetics. As a leading cookware product in the Home & Kitchen category, it offers easy-clean performance. Backed by a manufacturer warranty and thousands of verified purchases."
prod_0476,Ninja Mixing Bowl Set Ultra,Home & Kitchen,Furniture,Ninja,292.27,3.9,226,True,"['bpa-free', 'home', 'multifunctional', 'dishwasher-safe', 'storage', 'space-saving', 'cooking', 'eco-friendly']","Introducing the Ninja Mixing Bowl Set Ultra by Ninja — a premium home & kitchen solution built for modern lifestyles. Engineered with storage materials and dishwasher-safe design, it stands out in the furniture market. Whether you're a beginner or professional, this product meets your needs."
prod_0477,KitchenAid Throw Pillow HD,Home & Kitchen,Cleaning,KitchenAid,115.26,3.4,839,True,"['space-saving', 'durable', 'compact', 'cooking', 'storage', 'home', 'easy-clean', 'dishwasher-safe', 'kitchen', 'eco-friendly', 'heavy-duty', 'non-stick']","Introducing the KitchenAid Throw Pillow HD by KitchenAid — a premium home & kitchen solution built for modern lifestyles. Engineered with cooking materials and durable design, it stands out in the cleaning market. Whether you're a beginner or professional, this product meets your needs."
prod_0478,Dyson Coffee Maker Elite,Home & Kitchen,Appliances,Dyson,260.24,4.0,567,True,"['eco-friendly', 'dishwasher-safe', 'durable', 'kitchen', 'non-stick', 'home']","Introducing the Dyson Coffee Maker Elite by Dyson — a premium home & kitchen solution built for modern lifestyles. Engineered with durable materials and home design, it stands out in the appliances market. Whether you're a beginner or professional, this product meets your needs."
prod_0479,Cuisinart Mixing Bowl Set Pro,Home & Kitchen,Storage,Cuisinart,398.98,4.2,256,False,"['storage', 'non-stick', 'bpa-free', 'compact', 'space-saving', 'home', 'dishwasher-safe', 'cooking']","The Cuisinart Mixing Bowl Set Pro from Cuisinart combines non-stick functionality with sleek aesthetics. As a leading storage product in the Home & Kitchen category, it offers non-stick performance. Backed by a manufacturer warranty and thousands of verified purchases."
prod_0480,Instant Pot Bed Sheet Set Elite,Home & Kitchen,Decor,Instant Pot,446.84,4.3,253,True,"['easy-clean', 'multifunctional', 'space-saving', 'eco-friendly', 'compact', 'stainless-steel', 'storage', 'non-stick']","The Instant Pot Bed Sheet Set Elite from Instant Pot combines multifunctional functionality with sleek aesthetics. As a leading decor product in the Home & Kitchen category, it offers easy-clean performance. Backed by a manufacturer warranty and thousands of verified purchases."
prod_0481,Dyson Coffee Maker X,Home & Kitchen,Appliances,Dyson,555.9,4.3,731,True,"['eco-friendly', 'space-saving', 'stainless-steel', 'non-stick', 'bpa-free', 'storage']","The Dyson Coffee Maker X from Dyson combines space-saving functionality with sleek aesthetics. As a leading appliances product in the Home & Kitchen category, it offers non-stick performance. Backed by a manufacturer warranty and thousands of verified purchases."
prod_0482,Breville Bed Sheet Set Elite,Home & Kitchen,Cleaning,Breville,273.5,4.1,347,True,"['home', 'dishwasher-safe', 'heavy-duty', 'bpa-free', 'compact', 'eco-friendly', 'space-saving', 'kitchen', 'multifunctional', 'non-stick', 'cooking']","Introducing the Breville Bed Sheet Set Elite by Breville — a premium home & kitchen solution built for modern lifestyles. Engineered with non-stick materials and home design, it stands out in the cleaning market. Whether you're a beginner or professional, this product meets your needs."
prod_0483,Breville Cast Iron Skillet Lite,Home & Kitchen,Cleaning,Breville,267.15,4.0,835,True,"['dishwasher-safe', 'eco-friendly', 'multifunctional', 'heavy-duty', 'easy-clean', 'space-saving', 'non-stick', 'storage', 'home', 'kitchen']","The Breville Cast Iron Skillet Lite from Breville combines home functionality with sleek aesthetics. As a leading cleaning product in the Home & Kitchen category, it offers storage performance. Backed by a manufacturer warranty and thousands of verified purchases."
prod_0484,OXO Knife Set Max,Home & Kitchen,Decor,OXO,183.45,3.7,1288,True,"['eco-friendly', 'home', 'cooking', 'storage', 'kitchen', 'heavy-duty', 'easy-clean', 'non-stick']","The OXO OXO Knife Set Max is a top-rated decor product designed for everyday use. It features cooking and kitchen technology for superior performance. Trusted by thousands of customers, it delivers excellent value and durability."
prod_0485,Lodge Bamboo Cutting Board Elite,Home & Kitchen,Cookware,Lodge,200.14,4.0,26,True,"['heavy-duty', 'eco-friendly', 'non-stick', 'easy-clean', 'cooking', 'dishwasher-safe', 'multifunctional', 'stainless-steel', 'kitchen', 'bpa-free', 'space-saving']","The Lodge Bamboo Cutting Board Elite from Lodge combines heavy-duty functionality with sleek aesthetics. As a leading cookware product in the Home & Kitchen category, it offers kitchen performance. Backed by a manufacturer warranty and thousands of verified purchases."
prod_0486,Ninja Cast Iron Skillet Ultra,Home & Kitchen,Cleaning,Ninja,567.83,4.1,65,True,"['compact', 'durable', 'heavy-duty', 'space-saving', 'eco-friendly', 'storage', 'bpa-free', 'easy-clean']","The Ninja Cast Iron Skillet Ultra from Ninja combines easy-clean functionality with sleek aesthetics. As a leading cleaning product in the Home & Kitchen category, it offers space-saving performance. Backed by a manufacturer warranty and thousands of verified purchases."
prod_0487,Instant Pot Air Fryer Plus,Home & Kitchen,Bedding,Instant Pot,301.61,4.4,67,True,"['cooking', 'compact', 'heavy-duty', 'storage', 'space-saving', 'bpa-free', 'multifunctional', 'non-stick', 'kitchen']","The Instant Pot Instant Pot Air Fryer Plus is a top-rated bedding product designed for home use. It features heavy-duty and heavy-duty technology for superior performance. Trusted by thousands of customers, it delivers excellent value and durability."
prod_0488,Rubbermaid Cast Iron Skillet SE,Home & Kitchen,Furniture,Rubbermaid,89.28,3.8,15,True,"['multifunctional', 'kitchen', 'space-saving', 'home', 'dishwasher-safe', 'durable', 'compact', 'easy-clean', 'heavy-duty', 'eco-friendly', 'stainless-steel', 'bpa-free']","The Rubbermaid Rubbermaid Cast Iron Skillet SE is a top-rated furniture product designed for professional use. It features kitchen and dishwasher-safe technology for superior performance. Trusted by thousands of customers, it delivers excellent value and durability."
prod_0489,Breville Bed Sheet Set Plus,Home & Kitchen,Cookware,Breville,127.77,3.8,10,True,"['multifunctional', 'space-saving', 'bpa-free', 'cooking', 'non-stick', 'stainless-steel', 'heavy-duty', 'easy-clean', 'home']","The Breville Breville Bed Sheet Set Plus is a top-rated cookware product designed for everyday use. It features home and non-stick technology for superior performance. Trusted by thousands of customers, it delivers excellent value and durability."
prod_0490,Breville Vacuum Cleaner Lite,Home & Kitchen,Cookware,Breville,8.72,3.2,369,True,"['kitchen', 'storage', 'dishwasher-safe', 'multifunctional', 'cooking', 'stainless-steel', 'non-stick']","Introducing the Breville Vacuum Cleaner Lite by Breville — a premium home & kitchen solution built for modern lifestyles. Engineered with stainless-steel materials and stainless-steel design, it stands out in the cookware market. Whether you're a beginner or professional, this product meets your needs."
prod_0491,Dyson Cast Iron Skillet Mini,Home & Kitchen,Cookware,Dyson,219.53,4.4,247,True,"['stainless-steel', 'home', 'heavy-duty', 'compact', 'kitchen', 'space-saving', 'cooking', 'eco-friendly', 'storage', 'non-stick']","Introducing the Dyson Cast Iron Skillet Mini by Dyson — a premium home & kitchen solution built for modern lifestyles. Engineered with cooking materials and heavy-duty design, it stands out in the cookware market. Whether you're a beginner or professional, this product meets your needs."
prod_0492,OXO Air Fryer,Home & Kitchen,Cookware,OXO,226.51,3.5,140,True,"['multifunctional', 'easy-clean', 'heavy-duty', 'home', 'kitchen', 'cooking', 'space-saving', 'stainless-steel']","The OXO Air Fryer from OXO combines easy-clean functionality with sleek aesthetics. As a leading cookware product in the Home & Kitchen category, it offers space-saving performance. Backed by a manufacturer warranty and thousands of verified purchases."
prod_0493,Lodge Food Storage Containers Lite,Home & Kitchen,Cookware,Lodge,462.38,4.0,36,True,"['stainless-steel', 'bpa-free', 'dishwasher-safe', 'compact', 'multifunctional', 'space-saving', 'heavy-duty', 'cooking']","The Lodge Lodge Food Storage Containers Lite is a top-rated cookware product designed for professional use. It features heavy-duty and heavy-duty technology for superior performance. Trusted by thousands of customers, it delivers excellent value and durability."
prod_0494,Breville Bamboo Cutting Board Max,Home & Kitchen,Furniture,Breville,424.23,4.8,425,True,"['stainless-steel', 'kitchen', 'storage', 'compact', 'heavy-duty', 'eco-friendly', 'bpa-free']","The Breville Breville Bamboo Cutting Board Max is a top-rated furniture product designed for professional use. It features stainless-steel and stainless-steel technology for superior performance. Trusted by thousands of customers, it delivers excellent value and durability."
prod_0495,Breville Vacuum Cleaner Max,Home & Kitchen,Storage,Breville,132.76,3.9,153,True,"['kitchen', 'easy-clean', 'cooking', 'home', 'multifunctional', 'dishwasher-safe', 'heavy-duty']","The Breville Breville Vacuum Cleaner Max is a top-rated storage product designed for outdoor use. It features cooking and kitchen technology for superior performance. Trusted by thousands of customers, it delivers excellent value and durability."
prod_0496,Instant Pot Mixing Bowl Set Lite,Home & Kitchen,Decor,Instant Pot,224.22,4.1,12,True,"['storage', 'home', 'kitchen', 'space-saving', 'dishwasher-safe', 'cooking']","Introducing the Instant Pot Mixing Bowl Set Lite by Instant Pot — a premium home & kitchen solution built for modern lifestyles. Engineered with home materials and cooking design, it stands out in the decor market. Whether you're a beginner or professional, this product meets your needs."
prod_0497,Lodge Air Fryer,Home & Kitchen,Appliances,Lodge,419.59,3.9,65,True,"['home', 'cooking', 'kitchen', 'durable', 'multifunctional', 'space-saving', 'compact', 'eco-friendly']","Introducing the Lodge Air Fryer by Lodge — a premium home & kitchen solution built for modern lifestyles. Engineered with eco-friendly materials and multifunctional design, it stands out in the appliances market. Whether you're a beginner or professional, this product meets your needs."
prod_0498,KitchenAid Throw Pillow Ultra,Home & Kitchen,Bedding,KitchenAid,586.93,3.5,105,True,"['easy-clean', 'storage', 'dishwasher-safe', 'space-saving', 'kitchen', 'compact', 'multifunctional']","The KitchenAid Throw Pillow Ultra from KitchenAid combines multifunctional functionality with sleek aesthetics. As a leading bedding product in the Home & Kitchen category, it offers easy-clean performance. Backed by a manufacturer warranty and thousands of verified purchases."
prod_0499,Rubbermaid Vacuum Cleaner Lite,Home & Kitchen,Bedding,Rubbermaid,40.37,4.9,320,True,"['durable', 'dishwasher-safe', 'storage', 'non-stick', 'home', 'heavy-duty', 'space-saving', 'stainless-steel']","The Rubbermaid Rubbermaid Vacuum Cleaner Lite is a top-rated bedding product designed for travel use. It features heavy-duty and durable technology for superior performance. Trusted by thousands of customers, it delivers excellent value and durability."
prod_0500,OXO Coffee Maker SE,Home & Kitchen,Cookware,OXO,127.42,3.7,295,True,"['storage', 'non-stick', 'home', 'space-saving', 'easy-clean', 'kitchen']","The OXO OXO Coffee Maker SE is a top-rated cookware product designed for travel use. It features space-saving and storage technology for superior performance. Trusted by thousands of customers, it delivers excellent value and durability."
prod_0501,OXO Vacuum Cleaner SE,Home & Kitchen,Cleaning,OXO,123.37,4.7,450,True,"['dishwasher-safe', 'easy-clean', 'stainless-steel', 'cooking', 'durable', 'home', 'multifunctional', 'heavy-duty', 'eco-friendly', 'non-stick', 'kitchen', 'space-saving']","The OXO OXO Vacuum Cleaner SE is a top-rated cleaning product designed for everyday use. It features non-stick and multifunctional technology for superior performance. Trusted by thousands of customers, it delivers excellent value and durability."
prod_0502,KitchenAid Cast Iron Skillet Max,Home & Kitchen,Furniture,KitchenAid,531.57,4.0,68,True,"['durable', 'heavy-duty', 'cooking', 'easy-clean', 'multifunctional', 'eco-friendly', 'space-saving', 'stainless-steel', 'storage', 'home', 'compact', 'non-stick']","The KitchenAid KitchenAid Cast Iron Skillet Max is a top-rated furniture product designed for home use. It features home and space-saving technology for superior performance. Trusted by thousands of customers, it delivers excellent value and durability."
prod_0503,Ninja Cast Iron Skillet Lite,Home & Kitchen,Decor,Ninja,343.61,4.3,237,True,"['home', 'multifunctional', 'kitchen', 'cooking', 'non-stick', 'eco-friendly', 'heavy-duty', 'bpa-free', 'compact']","The Ninja Cast Iron Skillet Lite from Ninja combines multifunctional functionality with sleek aesthetics. As a leading decor product in the Home & Kitchen category, it offers non-stick performance. Backed by a manufacturer warranty and thousands of verified purchases."
prod_0504,KitchenAid Food Storage Containers X,Home & Kitchen,Cookware,KitchenAid,160.7,4.4,318,True,"['non-stick', 'multifunctional', 'bpa-free', 'durable', 'cooking', 'home', 'compact', 'kitchen', 'easy-clean']","The KitchenAid Food Storage Containers X from KitchenAid combines home functionality with sleek aesthetics. As a leading cookware product in the Home & Kitchen category, it offers easy-clean performance. Backed by a manufacturer warranty and thousands of verified purchases."
prod_0505,KitchenAid Vacuum Cleaner SE,Home & Kitchen,Bedding,KitchenAid,274.45,4.5,78,True,"['kitchen', 'space-saving', 'durable', 'heavy-duty', 'storage', 'eco-friendly', 'easy-clean', 'cooking', 'dishwasher-safe', 'compact', 'bpa-free']","Introducing the KitchenAid Vacuum Cleaner SE by KitchenAid — a premium home & kitchen solution built for modern lifestyles. Engineered with easy-clean materials and space-saving design, it stands out in the bedding market. Whether you're a beginner or professional, this product meets your needs."
prod_0506,IKEA Air Fryer,Home & Kitchen,Bedding,IKEA,324.79,4.7,188,True,"['bpa-free', 'home', 'compact', 'cooking', 'multifunctional', 'dishwasher-safe', 'space-saving', 'storage', 'heavy-duty', 'easy-clean', 'kitchen', 'stainless-steel']","The IKEA IKEA Air Fryer is a top-rated bedding product designed for home use. It features easy-clean and storage technology for superior performance. Trusted by thousands of customers, it delivers excellent value and durability."
prod_0507,Breville Food Storage Containers X,Home & Kitchen,Cookware,Breville,94.14,5.0,64,True,"['stainless-steel', 'space-saving', 'kitchen', 'compact', 'dishwasher-safe', 'multifunctional', 'heavy-duty']","The Breville Food Storage Containers X from Breville combines heavy-duty functionality with sleek aesthetics. As a leading cookware product in the Home & Kitchen category, it offers stainless-steel performance. Backed by a manufacturer warranty and thousands of verified purchases."
prod_0508,Instant Pot Cast Iron Skillet Lite,Home & Kitchen,Bedding,Instant Pot,49.0,4.9,188,True,"['home', 'non-stick', 'easy-clean', 'bpa-free', 'dishwasher-safe', 'eco-friendly', 'storage', 'compact', 'heavy-duty']","Introducing the Instant Pot Cast Iron Skillet Lite by Instant Pot — a premium home & kitchen solution built for modern lifestyles. Engineered with eco-friendly materials and dishwasher-safe design, it stands out in the bedding market. Whether you're a beginner or professional, this product meets your needs."
prod_0509,IKEA Throw Pillow Lite,Home & Kitchen,Furniture,IKEA,579.63,3.7,83,True,"['stainless-steel', 'easy-clean', 'space-saving', 'dishwasher-safe', 'kitchen', 'eco-friendly', 'storage', 'home', 'heavy-duty']","The IKEA IKEA Throw Pillow Lite is a top-rated furniture product designed for travel use. It features space-saving and eco-friendly technology for superior performance. Trusted by thousands of customers, it delivers excellent value and durability."
prod_0510,KitchenAid Vacuum Cleaner Mini,Home & Kitchen,Bedding,KitchenAid,316.25,3.8,246,True,"['bpa-free', 'compact', 'cooking', 'durable', 'heavy-duty', 'space-saving']","The KitchenAid Vacuum Cleaner Mini from KitchenAid combines durable functionality with sleek aesthetics. As a leading bedding product in the Home & Kitchen category, it offers space-saving performance. Backed by a manufacturer warranty and thousands of verified purchases."
prod_0511,O'Reilly Cooking #1,Books,Cooking,O'Reilly,33.06,4.3,74,True,"['international', 'updated-edition', 'book', 'educational', 'classic', 'nonfiction', 'hardcover']","The O'Reilly Cooking #1 from O'Reilly combines nonfiction functionality with sleek aesthetics. As a leading cooking product in the Books category, it offers educational performance. Backed by a manufacturer warranty and thousands of verified purchases."
prod_0512,Wiley Cooking #2,Books,Cooking,Wiley,33.32,4.0,1940,True,"['illustrated', 'inspiring', 'practical', 'educational', 'reading', 'bestseller', 'award-winning', 'fiction', 'updated-edition', 'international', 'hardcover', 'classic']","Introducing the Wiley Cooking #2 by Wiley — a premium books solution built for modern lifestyles. Engineered with reading materials and hardcover design, it stands out in the cooking market. Whether you're a beginner or professional, this product meets your needs."
prod_0513,HarperCollins Self-Help #3,Books,Self-Help,HarperCollins,66.03,4.9,250,True,"['reading', 'international', 'book', 'updated-edition', 'inspiring', 'practical']","The HarperCollins Self-Help #3 from HarperCollins combines practical functionality with sleek aesthetics. As a leading self-help product in the Books category, it offers updated-edition performance. Backed by a manufacturer warranty and thousands of verified purchases."
prod_0514,MIT Press Business #4,Books,Business,MIT Press,69.32,4.0,171,True,"['paperback', 'nonfiction', 'award-winning', 'illustrated', 'inspiring', 'reading', 'practical']","The MIT Press Business #4 from MIT Press combines illustrated functionality with sleek aesthetics. As a leading business product in the Books category, it offers practical performance. Backed by a manufacturer warranty and thousands of verified purchases."
prod_0515,Penguin Cooking #5,Books,Cooking,Penguin,75.65,4.3,43,True,"['paperback', 'illustrated', 'hardcover', 'nonfiction', 'international', 'classic', 'updated-edition', 'inspiring', 'educational', 'reading', 'book', 'practical']","The Penguin Cooking #5 from Penguin combines educational functionality with sleek aesthetics. As a leading cooking product in the Books category, it offers practical performance. Backed by a manufacturer warranty and thousands of verified purchases."
prod_0516,Wiley Fiction #6,Books,Fiction,Wiley,25.41,3.9,20,True,"['paperback', 'updated-edition', 'international', 'inspiring', 'book', 'fiction', 'classic', 'bestseller', 'educational']","The Wiley Wiley Fiction #6 is a top-rated fiction product designed for outdoor use. It features international and classic technology for superior performance. Trusted by thousands of customers, it delivers excellent value and durability."
prod_0517,HarperCollins Fiction #7,Books,Fiction,HarperCollins,53.46,4.2,322,True,"['inspiring', 'fiction', 'nonfiction', 'international', 'hardcover', 'illustrated', 'bestseller', 'educational', 'reading', 'book', 'award-winning', 'classic']","The HarperCollins Fiction #7 from HarperCollins combines inspiring functionality with sleek aesthetics. As a leading fiction product in the Books category, it offers book performance. Backed by a manufacturer warranty and thousands of verified purchases."
prod_0518,Wiley Self-Help #8,Books,Self-Help,Wiley,9.82,3.8,981,True,"['bestseller', 'award-winning', 'international', 'nonfiction', 'educational', 'practical', 'paperback', 'illustrated', 'updated-edition', 'reading', 'hardcover']","The Wiley Wiley Self-Help #8 is a top-rated self-help product designed for professional use. It features paperback and educational technology for superior performance. Trusted by thousands of customers, it delivers excellent value and durability."
prod_0519,HarperCollins Self-Help #9,Books,Self-Help,HarperCollins,41.06,3.4,25,True,"['reading', 'practical', 'bestseller', 'hardcover', 'classic', 'nonfiction', 'fiction', 'illustrated', 'paperback', 'updated-edition']","Introducing the HarperCollins Self-Help #9 by HarperCollins — a premium books solution built for modern lifestyles. Engineered with illustrated materials and reading design, it stands out in the self-help market. Whether you're a beginner or professional, this product meets your needs."
prod_0520,O'Reilly Self-Help #10,Books,Self-Help,O'Reilly,57.49,4.1,521,True,"['practical', 'educational', 'international', 'award-winning', 'bestseller', 'nonfiction', 'hardcover', 'book', 'reading']","The O'Reilly O'Reilly Self-Help #10 is a top-rated self-help product designed for travel use. It features practical and educational technology for superior performance. Trusted by thousands of customers, it delivers excellent value and durability."
prod_0521,HarperCollins History #11,Books,History,HarperCollins,21.88,4.8,85,True,"['illustrated', 'book', 'practical', 'nonfiction', 'bestseller', 'paperback']","The HarperCollins HarperCollins History #11 is a top-rated history product designed for home use. It features illustrated and book technology for superior performance. Trusted by thousands of customers, it delivers excellent value and durability."
prod_0522,MIT Press Fiction #12,Books,Fiction,MIT Press,27.7,4.5,141,True,"['reading', 'educational', 'classic', 'illustrated', 'international', 'hardcover', 'award-winning']","The MIT Press MIT Press Fiction #12 is a top-rated fiction product designed for outdoor use. It features illustrated and international technology for superior performance. Trusted by thousands of customers, it delivers excellent value and durability."
prod_0523,Wiley History #13,Books,History,Wiley,15.41,3.9,428,True,"['nonfiction', 'updated-edition', 'hardcover', 'bestseller', 'paperback', 'award-winning', 'inspiring', 'fiction', 'international', 'practical', 'classic', 'educational']","Introducing the Wiley History #13 by Wiley — a premium books solution built for modern lifestyles. Engineered with inspiring materials and inspiring design, it stands out in the history market. Whether you're a beginner or professional, this product meets your needs."
prod_0524,Packt Self-Help #14,Books,Self-Help,Packt,20.04,4.3,22,True,"['illustrated', 'hardcover', 'updated-edition', 'inspiring', 'fiction', 'nonfiction']","Introducing the Packt Self-Help #14 by Packt — a premium books solution built for modern lifestyles. Engineered with illustrated materials and illustrated design, it stands out in the self-help market. Whether you're a beginner or professional, this product meets your needs."
prod_0525,O'Reilly Technology #15,Books,Technology,O'Reilly,13.23,4.7,777,True,"['educational', 'practical', 'bestseller', 'fiction', 'reading', 'book', 'classic', 'updated-edition', 'illustrated', 'nonfiction', 'international']","Introducing the O'Reilly Technology #15 by O'Reilly — a premium books solution built for modern lifestyles. Engineered with fiction materials and illustrated design, it stands out in the technology market. Whether you're a beginner or professional, this product meets your needs."
prod_0526,HarperCollins Science #16,Books,Science,HarperCollins,48.39,3.7,238,True,"['updated-edition', 'nonfiction', 'international', 'reading', 'practical', 'inspiring', 'fiction', 'educational', 'illustrated', 'bestseller', 'classic']","The HarperCollins HarperCollins Science #16 is a top-rated science product designed for professional use. It features updated-edition and educational technology for superior performance. Trusted by thousands of customers, it delivers excellent value and durability."
prod_0527,Simon & Schuster Fiction #17,Books,Fiction,Simon & Schuster,50.56,4.2,202,False,"['updated-edition', 'book', 'hardcover', 'fiction', 'international', 'practical', 'classic']","The Simon & Schuster Fiction #17 from Simon & Schuster combines updated-edition functionality with sleek aesthetics. As a leading fiction product in the Books category, it offers international performance. Backed by a manufacturer warranty and thousands of verified purchases."
prod_0528,HarperCollins Business #18,Books,Business,HarperCollins,41.83,3.7,66,True,"['nonfiction', 'inspiring', 'classic', 'hardcover', 'practical', 'educational', 'updated-edition', 'fiction', 'book', 'international', 'bestseller', 'paperback']","The HarperCollins Business #18 from HarperCollins combines fiction functionality with sleek aesthetics. As a leading business product in the Books category, it offers fiction performance. Backed by a manufacturer warranty and thousands of verified purchases."
prod_0529,Simon & Schuster Self-Help #19,Books,Self-Help,Simon & Schuster,75.51,4.0,606,True,"['book', 'paperback', 'practical', 'nonfiction', 'bestseller', 'reading']","The Simon & Schuster Simon & Schuster Self-Help #19 is a top-rated self-help product designed for home use. It features reading and reading technology for superior performance. Trusted by thousands of customers, it delivers excellent value and durability."
prod_0530,Penguin Technology #20,Books,Technology,Penguin,75.26,4.3,95,True,"['book', 'hardcover', 'nonfiction', 'practical', 'reading', 'classic', 'fiction', 'international', 'bestseller', 'inspiring', 'illustrated', 'paperback']","The Penguin Penguin Technology #20 is a top-rated technology product designed for home use. It features paperback and nonfiction technology for superior performance. Trusted by thousands of customers, it delivers excellent value and durability."
prod_0531,Wiley Fiction #21,Books,Fiction,Wiley,53.86,4.4,10,True,"['reading', 'illustrated', 'fiction', 'paperback', 'updated-edition', 'award-winning', 'international', 'hardcover', 'bestseller', 'educational', 'classic']","The Wiley Wiley Fiction #21 is a top-rated fiction product designed for professional use. It features illustrated and updated-edition technology for superior performance. Trusted by thousands of customers, it delivers excellent value and durability."
prod_0532,HarperCollins Science #22,Books,Science,HarperCollins,13.41,4.6,18,True,"['book', 'paperback', 'practical', 'international', 'fiction', 'award-winning', 'inspiring', 'classic', 'updated-edition']","The HarperCollins Science #22 from HarperCollins combines award-winning functionality with sleek aesthetics. As a leading science product in the Books category, it offers fiction performance. Backed by a manufacturer warranty and thousands of verified purchases."
prod_0533,HarperCollins Fiction #23,Books,Fiction,HarperCollins,73.82,3.8,38,True,"['practical', 'educational', 'inspiring', 'award-winning', 'updated-edition', 'illustrated', 'paperback']","Introducing the HarperCollins Fiction #23 by HarperCollins — a premium books solution built for modern lifestyles. Engineered with inspiring materials and award-winning design, it stands out in the fiction market. Whether you're a beginner or professional, this product meets your needs."
prod_0534,Random House Self-Help #24,Books,Self-Help,Random House,41.19,3.4,597,True,"['classic', 'reading', 'paperback', 'book', 'award-winning', 'bestseller']","Introducing the Random House Self-Help #24 by Random House — a premium books solution built for modern lifestyles. Engineered with bestseller materials and award-winning design, it stands out in the self-help market. Whether you're a beginner or professional, this product meets your needs."
prod_0535,Simon & Schuster Self-Help #25,Books,Self-Help,Simon & Schuster,39.07,3.8,224,True,"['inspiring', 'illustrated', 'practical', 'fiction', 'educational', 'book', 'award-winning']","Introducing the Simon & Schuster Self-Help #25 by Simon & Schuster — a premium books solution built for modern lifestyles. Engineered with inspiring materials and book design, it stands out in the self-help market. Whether you're a beginner or professional, this product meets your needs."
prod_0536,Wiley Science #26,Books,Science,Wiley,20.72,4.0,263,True,"['illustrated', 'updated-edition', 'award-winning', 'practical', 'inspiring', 'reading', 'book', 'paperback']","The Wiley Wiley Science #26 is a top-rated science product designed for everyday use. It features practical and updated-edition technology for superior performance. Trusted by thousands of customers, it delivers excellent value and durability."
prod_0537,O'Reilly History #27,Books,History,O'Reilly,71.55,4.0,31,True,"['classic', 'inspiring', 'fiction', 'nonfiction', 'reading', 'paperback', 'hardcover', 'award-winning', 'international', 'practical', 'educational']","The O'Reilly O'Reilly History #27 is a top-rated history product designed for home use. It features educational and reading technology for superior performance. Trusted by thousands of customers, it delivers excellent value and durability."
prod_0538,MIT Press Biography #28,Books,Biography,MIT Press,69.38,4.5,82,True,"['paperback', 'bestseller', 'educational', 'international', 'reading', 'fiction', 'updated-edition', 'nonfiction', 'practical', 'classic', 'book']","The MIT Press MIT Press Biography #28 is a top-rated biography product designed for outdoor use. It features updated-edition and fiction technology for superior performance. Trusted by thousands of customers, it delivers excellent value and durability."
prod_0539,Simon & Schuster Business #29,Books,Business,Simon & Schuster,77.81,3.2,88,True,"['book', 'award-winning', 'paperback', 'fiction', 'reading', 'practical', 'updated-edition', 'hardcover', 'inspiring', 'international']","The Simon & Schuster Business #29 from Simon & Schuster combines award-winning functionality with sleek aesthetics. As a leading business product in the Books category, it offers reading performance. Backed by a manufacturer warranty and thousands of verified purchases."
prod_0540,Simon & Schuster Biography #30,Books,Biography,Simon & Schuster,79.27,4.8,411,True,"['international', 'award-winning', 'hardcover', 'educational', 'fiction', 'book', 'classic', 'nonfiction']","The Simon & Schuster Simon & Schuster Biography #30 is a top-rated biography product designed for home use. It features nonfiction and award-winning technology for superior performance. Trusted by thousands of customers, it delivers excellent value and durability."
prod_0541,Simon & Schuster Fiction #31,Books,Fiction,Simon & Schuster,43.84,3.8,97,True,"['updated-edition', 'classic', 'fiction', 'inspiring', 'educational', 'paperback', 'reading']","The Simon & Schuster Fiction #31 from Simon & Schuster combines paperback functionality with sleek aesthetics. As a leading fiction product in the Books category, it offers paperback performance. Backed by a manufacturer warranty and thousands of verified purchases."
prod_0542,Random House Biography #32,Books,Biography,Random House,27.1,3.8,1793,True,"['educational', 'practical', 'inspiring', 'updated-edition', 'nonfiction', 'hardcover', 'classic', 'paperback', 'book', 'illustrated', 'fiction']","Introducing the Random House Biography #32 by Random House — a premium books solution built for modern lifestyles. Engineered with classic materials and paperback design, it stands out in the biography market. Whether you're a beginner or professional, this product meets your needs."
prod_0543,Packt Business #33,Books,Business,Packt,74.76,4.2,248,True,"['award-winning', 'international', 'bestseller', 'illustrated', 'hardcover', 'updated-edition', 'classic']","The Packt Packt Business #33 is a top-rated business product designed for professional use. It features bestseller and illustrated technology for superior performance. Trusted by thousands of customers, it delivers excellent value and durability."
prod_0544,MIT Press Science #34,Books,Science,MIT Press,67.43,4.5,197,True,"['book', 'award-winning', 'hardcover', 'practical', 'inspiring', 'educational']","The MIT Press Science #34 from MIT Press combines hardcover functionality with sleek aesthetics. As a leading science product in the Books category, it offers inspiring performance. Backed by a manufacturer warranty and thousands of verified purchases."
prod_0545,HarperCollins Fiction #35,Books,Fiction,HarperCollins,59.35,3.9,117,True,"['classic', 'paperback', 'inspiring', 'updated-edition', 'reading', 'hardcover', 'fiction']","Introducing the HarperCollins Fiction #35 by HarperCollins — a premium books solution built for modern lifestyles. Engineered with paperback materials and fiction design, it stands out in the fiction market. Whether you're a beginner or professional, this product meets your needs."
prod_0546,MIT Press Self-Help #36,Books,Self-Help,MIT Press,74.25,4.0,141,True,"['hardcover', 'bestseller', 'updated-edition', 'inspiring', 'international', 'educational', 'fiction', 'paperback', 'illustrated', 'reading']","The MIT Press Self-Help #36 from MIT Press combines bestseller functionality with sleek aesthetics. As a leading self-help product in the Books category, it offers international performance. Backed by a manufacturer warranty and thousands of verified purchases."
prod_0547,Random House Biography #37,Books,Biography,Random House,35.07,4.4,157,True,"['inspiring', 'reading', 'bestseller', 'illustrated', 'award-winning', 'educational', 'classic', 'updated-edition', 'paperback', 'nonfiction', 'practical', 'hardcover']","The Random House Random House Biography #37 is a top-rated biography product designed for outdoor use. It features classic and updated-edition technology for superior performance. Trusted by thousands of customers, it delivers excellent value and durability."
prod_0548,O'Reilly History #38,Books,History,O'Reilly,49.78,4.4,134,True,"['bestseller', 'updated-edition', 'illustrated', 'fiction', 'hardcover', 'book', 'inspiring', 'practical']","Introducing the O'Reilly History #38 by O'Reilly — a premium books solution built for modern lifestyles. Engineered with practical materials and bestseller design, it stands out in the history market. Whether you're a beginner or professional, this product meets your needs."
prod_0549,Simon & Schuster Self-Help #39,Books,Self-Help,Simon & Schuster,50.79,4.0,13,True,"['hardcover', 'updated-edition', 'award-winning', 'classic', 'educational', 'book', 'reading', 'fiction', 'international', 'illustrated', 'practical', 'inspiring']","The Simon & Schuster Simon & Schuster Self-Help #39 is a top-rated self-help product designed for travel use. It features inspiring and fiction technology for superior performance. Trusted by thousands of customers, it delivers excellent value and durability."
prod_0550,Penguin History #40,Books,History,Penguin,66.0,4.5,224,True,"['classic', 'paperback', 'reading', 'nonfiction', 'book', 'bestseller', 'practical', 'illustrated', 'award-winning', 'inspiring']","The Penguin Penguin History #40 is a top-rated history product designed for everyday use. It features illustrated and classic technology for superior performance. Trusted by thousands of customers, it delivers excellent value and durability."
prod_0551,Random House Biography #41,Books,Biography,Random House,67.06,4.5,10,True,"['fiction', 'illustrated', 'hardcover', 'updated-edition', 'international', 'award-winning', 'reading', 'inspiring', 'practical', 'educational', 'book', 'classic']","The Random House Biography #41 from Random House combines practical functionality with sleek aesthetics. As a leading biography product in the Books category, it offers classic performance. Backed by a manufacturer warranty and thousands of verified purchases."
prod_0552,Packt Biography #42,Books,Biography,Packt,28.88,5.0,125,True,"['reading', 'updated-edition', 'award-winning', 'educational', 'international', 'hardcover', 'inspiring', 'illustrated', 'classic', 'book', 'paperback']","The Packt Biography #42 from Packt combines illustrated functionality with sleek aesthetics. As a leading biography product in the Books category, it offers updated-edition performance. Backed by a manufacturer warranty and thousands of verified purchases."
prod_0553,Penguin History #43,Books,History,Penguin,54.45,4.6,42,True,"['updated-edition', 'award-winning', 'book', 'educational', 'bestseller', 'fiction', 'practical', 'hardcover', 'nonfiction', 'reading', 'international']","The Penguin Penguin History #43 is a top-rated history product designed for travel use. It features nonfiction and educational technology for superior performance. Trusted by thousands of customers, it delivers excellent value and durability."
prod_0554,Simon & Schuster Fiction #44,Books,Fiction,Simon & Schuster,55.23,4.3,41,True,"['educational', 'award-winning', 'classic', 'bestseller', 'hardcover', 'international', 'inspiring', 'reading', 'illustrated', 'practical']","The Simon & Schuster Fiction #44 from Simon & Schuster combines practical functionality with sleek aesthetics. As a leading fiction product in the Books category, it offers illustrated performance. Backed by a manufacturer warranty and thousands of verified purchases."
prod_0555,Simon & Schuster Fiction #45,Books,Fiction,Simon & Schuster,50.4,3.7,1475,True,"['educational', 'updated-edition', 'fiction', 'inspiring', 'reading', 'book', 'nonfiction', 'bestseller', 'international', 'illustrated']","The Simon & Schuster Simon & Schuster Fiction #45 is a top-rated fiction product designed for everyday use. It features bestseller and bestseller technology for superior performance. Trusted by thousands of customers, it delivers excellent value and durability."
prod_0556,Wiley Cooking #46,Books,Cooking,Wiley,74.41,3.9,192,True,"['updated-edition', 'hardcover', 'reading', 'book', 'nonfiction', 'award-winning']","The Wiley Cooking #46 from Wiley combines reading functionality with sleek aesthetics. As a leading cooking product in the Books category, it offers updated-edition performance. Backed by a manufacturer warranty and thousands of verified purchases."
prod_0557,O'Reilly Fiction #47,Books,Fiction,O'Reilly,22.09,4.4,269,True,"['award-winning', 'international', 'hardcover', 'paperback', 'classic', 'bestseller', 'inspiring', 'fiction', 'book']","Introducing the O'Reilly Fiction #47 by O'Reilly — a premium books solution built for modern lifestyles. Engineered with paperback materials and award-winning design, it stands out in the fiction market. Whether you're a beginner or professional, this product meets your needs."
prod_0558,Simon & Schuster Self-Help #48,Books,Self-Help,Simon & Schuster,21.34,4.1,229,True,"['practical', 'classic', 'international', 'illustrated', 'award-winning', 'paperback', 'updated-edition', 'nonfiction', 'hardcover', 'bestseller', 'educational']","Introducing the Simon & Schuster Self-Help #48 by Simon & Schuster — a premium books solution built for modern lifestyles. Engineered with classic materials and nonfiction design, it stands out in the self-help market. Whether you're a beginner or professional, this product meets your needs."
prod_0559,Random House Self-Help #49,Books,Self-Help,Random House,64.33,5.0,138,True,"['reading', 'practical', 'award-winning', 'paperback', 'book', 'updated-edition', 'illustrated', 'educational']","The Random House Random House Self-Help #49 is a top-rated self-help product designed for everyday use. It features paperback and book technology for superior performance. Trusted by thousands of customers, it delivers excellent value and durability."
prod_0560,O'Reilly Self-Help #50,Books,Self-Help,O'Reilly,69.43,4.1,523,True,"['illustrated', 'hardcover', 'inspiring', 'updated-edition', 'book', 'practical', 'reading', 'award-winning', 'bestseller', 'educational']","The O'Reilly O'Reilly Self-Help #50 is a top-rated self-help product designed for everyday use. It features illustrated and practical technology for superior performance. Trusted by thousands of customers, it delivers excellent value and durability."
prod_0561,Penguin Technology #51,Books,Technology,Penguin,24.96,4.6,616,True,"['nonfiction', 'updated-edition', 'fiction', 'classic', 'book', 'educational']","Introducing the Penguin Technology #51 by Penguin — a premium books solution built for modern lifestyles. Engineered with educational materials and book design, it stands out in the technology market. Whether you're a beginner or professional, this product meets your needs."
prod_0562,Penguin History #52,Books,History,Penguin,15.49,4.3,37,False,"['illustrated', 'paperback', 'international', 'educational', 'inspiring', 'award-winning', 'hardcover', 'fiction', 'book']","Introducing the Penguin History #52 by Penguin — a premium books solution built for modern lifestyles. Engineered with book materials and hardcover design, it stands out in the history market. Whether you're a beginner or professional, this product meets your needs."
prod_0563,Random House Cooking #53,Books,Cooking,Random House,38.94,4.8,37,True,"['illustrated', 'bestseller', 'reading', 'award-winning', 'nonfiction', 'updated-edition', 'educational', 'practical', 'international']","The Random House Random House Cooking #53 is a top-rated cooking product designed for home use. It features educational and illustrated technology for superior performance. Trusted by thousands of customers, it delivers excellent value and durability."
prod_0564,Penguin Business #54,Books,Business,Penguin,70.87,4.2,60,True,"['fiction', 'book', 'reading', 'practical', 'bestseller', 'award-winning', 'international']","Introducing the Penguin Business #54 by Penguin — a premium books solution built for modern lifestyles. Engineered with reading materials and bestseller design, it stands out in the business market. Whether you're a beginner or professional, this product meets your needs."
prod_0565,Packt Cooking #55,Books,Cooking,Packt,55.35,4.0,220,True,"['reading', 'practical', 'hardcover', 'illustrated', 'paperback', 'award-winning', 'educational', 'international', 'updated-edition', 'classic', 'bestseller']","Introducing the Packt Cooking #55 by Packt — a premium books solution built for modern lifestyles. Engineered with bestseller materials and illustrated design, it stands out in the cooking market. Whether you're a beginner or professional, this product meets your needs."
prod_0566,Penguin Self-Help #56,Books,Self-Help,Penguin,32.96,4.2,246,True,"['classic', 'updated-edition', 'award-winning', 'hardcover', 'reading', 'paperback', 'bestseller', 'fiction', 'illustrated']","The Penguin Self-Help #56 from Penguin combines classic functionality with sleek aesthetics. As a leading self-help product in the Books category, it offers hardcover performance. Backed by a manufacturer warranty and thousands of verified purchases."
prod_0567,HarperCollins Biography #57,Books,Biography,HarperCollins,9.53,4.8,255,True,"['book', 'hardcover', 'fiction', 'updated-edition', 'inspiring', 'nonfiction', 'reading', 'practical', 'bestseller', 'classic', 'paperback', 'educational']","Introducing the HarperCollins Biography #57 by HarperCollins — a premium books solution built for modern lifestyles. Engineered with practical materials and book design, it stands out in the biography market. Whether you're a beginner or professional, this product meets your needs."
prod_0568,Penguin Cooking #58,Books,Cooking,Penguin,55.55,3.9,471,True,"['illustrated', 'nonfiction', 'educational', 'book', 'updated-edition', 'fiction']","Introducing the Penguin Cooking #58 by Penguin — a premium books solution built for modern lifestyles. Engineered with illustrated materials and educational design, it stands out in the cooking market. Whether you're a beginner or professional, this product meets your needs."
prod_0569,HarperCollins Business #59,Books,Business,HarperCollins,47.84,4.6,34,True,"['practical', 'international', 'hardcover', 'illustrated', 'award-winning', 'inspiring', 'classic', 'nonfiction', 'reading', 'paperback', 'educational']","The HarperCollins HarperCollins Business #59 is a top-rated business product designed for professional use. It features hardcover and practical technology for superior performance. Trusted by thousands of customers, it delivers excellent value and durability."
prod_0570,Simon & Schuster History #60,Books,History,Simon & Schuster,49.12,4.3,344,True,"['updated-edition', 'hardcover', 'educational', 'fiction', 'international', 'classic']","Introducing the Simon & Schuster History #60 by Simon & Schuster — a premium books solution built for modern lifestyles. Engineered with educational materials and international design, it stands out in the history market. Whether you're a beginner or professional, this product meets your needs."
prod_0571,Packt Biography #61,Books,Biography,Packt,9.24,3.9,773,True,"['award-winning', 'book', 'educational', 'practical', 'international', 'illustrated']","The Packt Biography #61 from Packt combines educational functionality with sleek aesthetics. As a leading biography product in the Books category, it offers international performance. Backed by a manufacturer warranty and thousands of verified purchases."
prod_0572,Packt Self-Help #62,Books,Self-Help,Packt,20.95,3.9,172,True,"['nonfiction', 'hardcover', 'fiction', 'award-winning', 'bestseller', 'paperback', 'international', 'illustrated', 'inspiring', 'practical', 'book', 'reading']","The Packt Self-Help #62 from Packt combines inspiring functionality with sleek aesthetics. As a leading self-help product in the Books category, it offers illustrated performance. Backed by a manufacturer warranty and thousands of verified purchases."
prod_0573,Penguin Science #63,Books,Science,Penguin,76.52,3.9,151,True,"['hardcover', 'book', 'international', 'educational', 'illustrated', 'fiction', 'paperback', 'classic']","Introducing the Penguin Science #63 by Penguin — a premium books solution built for modern lifestyles. Engineered with book materials and book design, it stands out in the science market. Whether you're a beginner or professional, this product meets your needs."
prod_0574,HarperCollins Cooking #64,Books,Cooking,HarperCollins,54.22,3.5,26,True,"['bestseller', 'book', 'educational', 'updated-edition', 'nonfiction', 'international', 'inspiring', 'classic']","The HarperCollins HarperCollins Cooking #64 is a top-rated cooking product designed for outdoor use. It features nonfiction and bestseller technology for superior performance. Trusted by thousands of customers, it delivers excellent value and durability."
prod_0575,HarperCollins Business #65,Books,Business,HarperCollins,51.85,4.8,53,True,"['educational', 'illustrated', 'classic', 'nonfiction', 'fiction', 'updated-edition', 'practical', 'paperback', 'award-winning', 'hardcover', 'book', 'reading']","The HarperCollins Business #65 from HarperCollins combines hardcover functionality with sleek aesthetics. As a leading business product in the Books category, it offers award-winning performance. Backed by a manufacturer warranty and thousands of verified purchases."
prod_0576,HarperCollins Cooking #66,Books,Cooking,HarperCollins,69.03,3.5,11,True,"['nonfiction', 'book', 'updated-edition', 'award-winning', 'international', 'illustrated', 'practical', 'classic', 'bestseller', 'inspiring']","The HarperCollins HarperCollins Cooking #66 is a top-rated cooking product designed for professional use. It features inspiring and international technology for superior performance. Trusted by thousands of customers, it delivers excellent value and durability."
prod_0577,O'Reilly Self-Help #67,Books,Self-Help,O'Reilly,40.04,3.7,30,True,"['educational', 'reading', 'practical', 'illustrated', 'classic', 'fiction', 'nonfiction', 'award-winning', 'hardcover']","Introducing the O'Reilly Self-Help #67 by O'Reilly — a premium books solution built for modern lifestyles. Engineered with illustrated materials and practical design, it stands out in the self-help market. Whether you're a beginner or professional, this product meets your needs."
prod_0578,MIT Press Fiction #68,Books,Fiction,MIT Press,65.3,4.8,498,True,"['educational', 'reading', 'fiction', 'inspiring', 'classic', 'illustrated', 'bestseller', 'award-winning']","Introducing the MIT Press Fiction #68 by MIT Press — a premium books solution built for modern lifestyles. Engineered with educational materials and fiction design, it stands out in the fiction market. Whether you're a beginner or professional, this product meets your needs."
prod_0579,HarperCollins Biography #69,Books,Biography,HarperCollins,17.1,3.7,2214,True,"['fiction', 'inspiring', 'book', 'classic', 'bestseller', 'reading']","Introducing the HarperCollins Biography #69 by HarperCollins — a premium books solution built for modern lifestyles. Engineered with classic materials and classic design, it stands out in the biography market. Whether you're a beginner or professional, this product meets your needs."
prod_0580,MIT Press Science #70,Books,Science,MIT Press,16.57,4.5,100,True,"['practical', 'educational', 'updated-edition', 'nonfiction', 'classic', 'reading', 'book', 'international', 'fiction', 'bestseller', 'paperback', 'hardcover']","The MIT Press Science #70 from MIT Press combines hardcover functionality with sleek aesthetics. As a leading science product in the Books category, it offers updated-edition performance. Backed by a manufacturer warranty and thousands of verified purchases."
prod_0581,Random House Self-Help #71,Books,Self-Help,Random House,72.48,2.8,2319,True,"['updated-edition', 'educational', 'international', 'nonfiction', 'award-winning', 'inspiring', 'fiction', 'classic', 'reading', 'hardcover']","The Random House Random House Self-Help #71 is a top-rated self-help product designed for travel use. It features award-winning and educational technology for superior performance. Trusted by thousands of customers, it delivers excellent value and durability."
prod_0582,MIT Press Cooking #72,Books,Cooking,MIT Press,31.24,3.3,20,True,"['nonfiction', 'bestseller', 'fiction', 'book', 'paperback', 'inspiring', 'illustrated', 'hardcover']","Introducing the MIT Press Cooking #72 by MIT Press — a premium books solution built for modern lifestyles. Engineered with inspiring materials and paperback design, it stands out in the cooking market. Whether you're a beginner or professional, this product meets your needs."
prod_0583,O'Reilly Biography #73,Books,Biography,O'Reilly,71.75,4.5,2773,True,"['practical', 'hardcover', 'updated-edition', 'reading', 'paperback', 'fiction', 'bestseller', 'classic']","The O'Reilly O'Reilly Biography #73 is a top-rated biography product designed for professional use. It features updated-edition and practical technology for superior performance. Trusted by thousands of customers, it delivers excellent value and durability."
prod_0584,Wiley History #74,Books,History,Wiley,60.71,4.7,291,False,"['bestseller', 'fiction', 'award-winning', 'hardcover', 'reading', 'international', 'nonfiction', 'inspiring', 'paperback', 'practical']","The Wiley History #74 from Wiley combines fiction functionality with sleek aesthetics. As a leading history product in the Books category, it offers hardcover performance. Backed by a manufacturer warranty and thousands of verified purchases."
prod_0585,Simon & Schuster Fiction #75,Books,Fiction,Simon & Schuster,27.88,4.3,413,True,"['classic', 'illustrated', 'international', 'reading', 'educational', 'book', 'inspiring', 'practical', 'nonfiction', 'hardcover', 'bestseller']","The Simon & Schuster Simon & Schuster Fiction #75 is a top-rated fiction product designed for professional use. It features nonfiction and bestseller technology for superior performance. Trusted by thousands of customers, it delivers excellent value and durability."
prod_0586,O'Reilly Cooking #76,Books,Cooking,O'Reilly,56.48,4.4,207,True,"['award-winning', 'bestseller', 'practical', 'fiction', 'nonfiction', 'hardcover', 'classic', 'paperback']","The O'Reilly Cooking #76 from O'Reilly combines paperback functionality with sleek aesthetics. As a leading cooking product in the Books category, it offers fiction performance. Backed by a manufacturer warranty and thousands of verified purchases."
prod_0587,MIT Press Cooking #77,Books,Cooking,MIT Press,52.16,4.1,137,True,"['updated-edition', 'paperback', 'international', 'educational', 'award-winning', 'illustrated', 'bestseller', 'hardcover', 'inspiring', 'reading', 'practical']","Introducing the MIT Press Cooking #77 by MIT Press — a premium books solution built for modern lifestyles. Engineered with bestseller materials and reading design, it stands out in the cooking market. Whether you're a beginner or professional, this product meets your needs."
prod_0588,HarperCollins Science #78,Books,Science,HarperCollins,77.33,3.6,105,True,"['nonfiction', 'hardcover', 'inspiring', 'award-winning', 'educational', 'paperback', 'practical', 'reading', 'classic', 'updated-edition', 'bestseller', 'book']","The HarperCollins Science #78 from HarperCollins combines reading functionality with sleek aesthetics. As a leading science product in the Books category, it offers reading performance. Backed by a manufacturer warranty and thousands of verified purchases."
prod_0589,Penguin Science #79,Books,Science,Penguin,28.95,3.2,131,True,"['paperback', 'fiction', 'nonfiction', 'inspiring', 'book', 'illustrated', 'educational', 'hardcover', 'updated-edition', 'bestseller']","Introducing the Penguin Science #79 by Penguin — a premium books solution built for modern lifestyles. Engineered with educational materials and educational design, it stands out in the science market. Whether you're a beginner or professional, this product meets your needs."
prod_0590,Simon & Schuster Science #80,Books,Science,Simon & Schuster,53.81,3.5,39,True,"['hardcover', 'award-winning', 'inspiring', 'paperback', 'updated-edition', 'bestseller']","The Simon & Schuster Simon & Schuster Science #80 is a top-rated science product designed for travel use. It features award-winning and bestseller technology for superior performance. Trusted by thousands of customers, it delivers excellent value and durability."
prod_0591,Penguin Business #81,Books,Business,Penguin,65.77,4.1,788,True,"['nonfiction', 'classic', 'educational', 'practical', 'illustrated', 'reading']","The Penguin Business #81 from Penguin combines classic functionality with sleek aesthetics. As a leading business product in the Books category, it offers classic performance. Backed by a manufacturer warranty and thousands of verified purchases."
prod_0592,MIT Press Science #82,Books,Science,MIT Press,65.69,4.5,22,False,"['educational', 'inspiring', 'paperback', 'illustrated', 'nonfiction', 'book', 'updated-edition', 'classic']","Introducing the MIT Press Science #82 by MIT Press — a premium books solution built for modern lifestyles. Engineered with classic materials and educational design, it stands out in the science market. Whether you're a beginner or professional, this product meets your needs."
prod_0593,Penguin Science #83,Books,Science,Penguin,27.62,3.5,458,True,"['fiction', 'nonfiction', 'inspiring', 'international', 'practical', 'bestseller']","The Penguin Science #83 from Penguin combines bestseller functionality with sleek aesthetics. As a leading science product in the Books category, it offers bestseller performance. Backed by a manufacturer warranty and thousands of verified purchases."
prod_0594,Random House Business #84,Books,Business,Random House,14.88,3.5,113,True,"['nonfiction', 'inspiring', 'paperback', 'updated-edition', 'hardcover', 'educational', 'fiction', 'book', 'bestseller', 'illustrated']","Introducing the Random House Business #84 by Random House — a premium books solution built for modern lifestyles. Engineered with hardcover materials and illustrated design, it stands out in the business market. Whether you're a beginner or professional, this product meets your needs."
prod_0595,Wiley Science #85,Books,Science,Wiley,48.39,4.3,46,True,"['hardcover', 'classic', 'illustrated', 'nonfiction', 'paperback', 'inspiring', 'book', 'award-winning', 'educational']","Introducing the Wiley Science #85 by Wiley — a premium books solution built for modern lifestyles. Engineered with classic materials and award-winning design, it stands out in the science market. Whether you're a beginner or professional, this product meets your needs."
prod_0596,Simon & Schuster Biography #86,Books,Biography,Simon & Schuster,42.33,4.1,29,True,"['international', 'hardcover', 'educational', 'bestseller', 'practical', 'reading']","The Simon & Schuster Simon & Schuster Biography #86 is a top-rated biography product designed for everyday use. It features practical and hardcover technology for superior performance. Trusted by thousands of customers, it delivers excellent value and durability."
prod_0597,O'Reilly Biography #87,Books,Biography,O'Reilly,12.24,3.7,217,True,"['hardcover', 'inspiring', 'practical', 'classic', 'educational', 'bestseller', 'book', 'international', 'award-winning']","The O'Reilly Biography #87 from O'Reilly combines award-winning functionality with sleek aesthetics. As a leading biography product in the Books category, it offers international performance. Backed by a manufacturer warranty and thousands of verified purchases."
prod_0598,Simon & Schuster Science #88,Books,Science,Simon & Schuster,41.22,3.2,251,True,"['illustrated', 'practical', 'classic', 'nonfiction', 'reading', 'international', 'inspiring', 'updated-edition', 'paperback']","Introducing the Simon & Schuster Science #88 by Simon & Schuster — a premium books solution built for modern lifestyles. Engineered with paperback materials and practical design, it stands out in the science market. Whether you're a beginner or professional, this product meets your needs."
prod_0599,Penguin Self-Help #89,Books,Self-Help,Penguin,71.76,4.0,288,True,"['bestseller', 'international', 'nonfiction', 'illustrated', 'award-winning', 'practical', 'classic', 'inspiring', 'paperback']","Introducing the Penguin Self-Help #89 by Penguin — a premium books solution built for modern lifestyles. Engineered with classic materials and award-winning design, it stands out in the self-help market. Whether you're a beginner or professional, this product meets your needs."
prod_0600,Random House Technology #90,Books,Technology,Random House,18.19,4.1,762,True,"['international', 'paperback', 'nonfiction', 'updated-edition', 'educational', 'illustrated', 'hardcover', 'award-winning', 'fiction', 'reading']","Introducing the Random House Technology #90 by Random House — a premium books solution built for modern lifestyles. Engineered with fiction materials and award-winning design, it stands out in the technology market. Whether you're a beginner or professional, this product meets your needs."
prod_0601,HarperCollins Biography #91,Books,Biography,HarperCollins,79.52,4.1,88,False,"['hardcover', 'classic', 'paperback', 'nonfiction', 'reading', 'illustrated']","The HarperCollins HarperCollins Biography #91 is a top-rated biography product designed for outdoor use. It features paperback and hardcover technology for superior performance. Trusted by thousands of customers, it delivers excellent value and durability."
prod_0602,Simon & Schuster Science #92,Books,Science,Simon & Schuster,53.28,4.1,284,True,"['hardcover', 'practical', 'inspiring', 'updated-edition', 'fiction', 'educational', 'nonfiction']","The Simon & Schuster Science #92 from Simon & Schuster combines practical functionality with sleek aesthetics. As a leading science product in the Books category, it offers hardcover performance. Backed by a manufacturer warranty and thousands of verified purchases."
prod_0603,MIT Press Science #93,Books,Science,MIT Press,20.84,4.0,155,True,"['reading', 'bestseller', 'nonfiction', 'illustrated', 'updated-edition', 'inspiring', 'educational', 'hardcover', 'international', 'classic']","The MIT Press MIT Press Science #93 is a top-rated science product designed for travel use. It features hardcover and illustrated technology for superior performance. Trusted by thousands of customers, it delivers excellent value and durability."
prod_0604,Random House Fiction #94,Books,Fiction,Random House,19.87,3.6,66,True,"['book', 'educational', 'reading', 'practical', 'bestseller', 'illustrated', 'award-winning', 'inspiring', 'fiction', 'paperback', 'international', 'hardcover']","The Random House Fiction #94 from Random House combines award-winning functionality with sleek aesthetics. As a leading fiction product in the Books category, it offers award-winning performance. Backed by a manufacturer warranty and thousands of verified purchases."
prod_0605,Simon & Schuster History #95,Books,History,Simon & Schuster,46.21,3.3,1211,True,"['fiction', 'paperback', 'bestseller', 'international', 'hardcover', 'nonfiction', 'inspiring', 'award-winning', 'practical', 'educational']","Introducing the Simon & Schuster History #95 by Simon & Schuster — a premium books solution built for modern lifestyles. Engineered with inspiring materials and nonfiction design, it stands out in the history market. Whether you're a beginner or professional, this product meets your needs."
prod_0606,Wiley Technology #96,Books,Technology,Wiley,23.39,3.4,64,True,"['practical', 'paperback', 'inspiring', 'educational', 'bestseller', 'book', 'fiction', 'award-winning', 'international', 'hardcover']","Introducing the Wiley Technology #96 by Wiley — a premium books solution built for modern lifestyles. Engineered with bestseller materials and book design, it stands out in the technology market. Whether you're a beginner or professional, this product meets your needs."
prod_0607,MIT Press Business #97,Books,Business,MIT Press,10.41,3.6,434,False,"['international', 'award-winning', 'inspiring', 'book', 'hardcover', 'practical', 'classic', 'illustrated']","Introducing the MIT Press Business #97 by MIT Press — a premium books solution built for modern lifestyles. Engineered with inspiring materials and illustrated design, it stands out in the business market. Whether you're a beginner or professional, this product meets your needs."
prod_0608,Random House Fiction #98,Books,Fiction,Random House,70.71,3.9,663,True,"['reading', 'inspiring', 'practical', 'book', 'award-winning', 'classic', 'educational']","The Random House Fiction #98 from Random House combines inspiring functionality with sleek aesthetics. As a leading fiction product in the Books category, it offers classic performance. Backed by a manufacturer warranty and thousands of verified purchases."
prod_0609,Simon & Schuster Technology #99,Books,Technology,Simon & Schuster,72.64,3.7,207,True,"['practical', 'updated-edition', 'classic', 'educational', 'illustrated', 'book', 'inspiring']","The Simon & Schuster Technology #99 from Simon & Schuster combines practical functionality with sleek aesthetics. As a leading technology product in the Books category, it offers updated-edition performance. Backed by a manufacturer warranty and thousands of verified purchases."
prod_0610,HarperCollins History #100,Books,History,HarperCollins,20.43,3.6,1947,True,"['hardcover', 'updated-edition', 'paperback', 'classic', 'illustrated', 'inspiring']","Introducing the HarperCollins History #100 by HarperCollins — a premium books solution built for modern lifestyles. Engineered with hardcover materials and paperback design, it stands out in the history market. Whether you're a beginner or professional, this product meets your needs."
prod_0611,HarperCollins Biography #101,Books,Biography,HarperCollins,48.77,3.4,215,True,"['reading', 'practical', 'fiction', 'bestseller', 'nonfiction', 'classic', 'educational', 'book', 'inspiring']","Introducing the HarperCollins Biography #101 by HarperCollins — a premium books solution built for modern lifestyles. Engineered with classic materials and book design, it stands out in the biography market. Whether you're a beginner or professional, this product meets your needs."
prod_0612,Random House Science #102,Books,Science,Random House,30.36,4.3,243,True,"['classic', 'hardcover', 'bestseller', 'fiction', 'nonfiction', 'updated-edition', 'educational', 'inspiring', 'reading']","Introducing the Random House Science #102 by Random House — a premium books solution built for modern lifestyles. Engineered with bestseller materials and nonfiction design, it stands out in the science market. Whether you're a beginner or professional, this product meets your needs."
prod_0613,Simon & Schuster Technology #103,Books,Technology,Simon & Schuster,33.12,3.9,127,True,"['illustrated', 'award-winning', 'international', 'nonfiction', 'bestseller', 'book', 'inspiring', 'classic', 'hardcover', 'practical', 'reading']","The Simon & Schuster Technology #103 from Simon & Schuster combines nonfiction functionality with sleek aesthetics. As a leading technology product in the Books category, it offers book performance. Backed by a manufacturer warranty and thousands of verified purchases."
prod_0614,HarperCollins History #104,Books,History,HarperCollins,44.96,4.0,124,True,"['hardcover', 'paperback', 'award-winning', 'practical', 'book', 'reading', 'illustrated']","The HarperCollins History #104 from HarperCollins combines award-winning functionality with sleek aesthetics. As a leading history product in the Books category, it offers award-winning performance. Backed by a manufacturer warranty and thousands of verified purchases."
prod_0615,Simon & Schuster Business #105,Books,Business,Simon & Schuster,58.49,4.5,2106,True,"['educational', 'fiction', 'book', 'bestseller', 'inspiring', 'award-winning', 'practical', 'illustrated', 'updated-edition', 'nonfiction', 'reading']","Introducing the Simon & Schuster Business #105 by Simon & Schuster — a premium books solution built for modern lifestyles. Engineered with illustrated materials and updated-edition design, it stands out in the business market. Whether you're a beginner or professional, this product meets your needs."
prod_0616,Wiley Biography #106,Books,Biography,Wiley,60.63,3.7,28,True,"['fiction', 'paperback', 'hardcover', 'classic', 'educational', 'updated-edition', 'international', 'award-winning', 'illustrated']","Introducing the Wiley Biography #106 by Wiley — a premium books solution built for modern lifestyles. Engineered with classic materials and illustrated design, it stands out in the biography market. Whether you're a beginner or professional, this product meets your needs."
prod_0617,Penguin Cooking #107,Books,Cooking,Penguin,19.81,4.0,3280,True,"['practical', 'hardcover', 'updated-edition', 'classic', 'illustrated', 'paperback', 'bestseller']","The Penguin Penguin Cooking #107 is a top-rated cooking product designed for professional use. It features paperback and updated-edition technology for superior performance. Trusted by thousands of customers, it delivers excellent value and durability."
prod_0618,Wiley Biography #108,Books,Biography,Wiley,19.9,3.6,1060,True,"['international', 'bestseller', 'paperback', 'fiction', 'hardcover', 'practical']","The Wiley Wiley Biography #108 is a top-rated biography product designed for everyday use. It features bestseller and bestseller technology for superior performance. Trusted by thousands of customers, it delivers excellent value and durability."
prod_0619,Penguin Technology #109,Books,Technology,Penguin,42.37,4.8,76,True,"['reading', 'award-winning', 'illustrated', 'international', 'inspiring', 'paperback', 'fiction', 'classic']","Introducing the Penguin Technology #109 by Penguin — a premium books solution built for modern lifestyles. Engineered with fiction materials and illustrated design, it stands out in the technology market. Whether you're a beginner or professional, this product meets your needs."
prod_0620,Wiley History #110,Books,History,Wiley,50.98,4.3,1047,True,"['reading', 'educational', 'award-winning', 'international', 'updated-edition', 'book', 'paperback', 'bestseller', 'inspiring', 'practical']","Introducing the Wiley History #110 by Wiley — a premium books solution built for modern lifestyles. Engineered with inspiring materials and reading design, it stands out in the history market. Whether you're a beginner or professional, this product meets your needs."
prod_0621,Random House Science #111,Books,Science,Random House,44.0,3.8,116,False,"['paperback', 'hardcover', 'inspiring', 'reading', 'educational', 'nonfiction']","Introducing the Random House Science #111 by Random House — a premium books solution built for modern lifestyles. Engineered with inspiring materials and inspiring design, it stands out in the science market. Whether you're a beginner or professional, this product meets your needs."
prod_0622,Random House Cooking #112,Books,Cooking,Random House,19.78,3.7,43,True,"['illustrated', 'fiction', 'reading', 'award-winning', 'nonfiction', 'educational', 'international', 'inspiring', 'classic', 'book', 'practical']","The Random House Random House Cooking #112 is a top-rated cooking product designed for home use. It features reading and book technology for superior performance. Trusted by thousands of customers, it delivers excellent value and durability."
prod_0623,Wiley Cooking #113,Books,Cooking,Wiley,63.54,3.7,34,True,"['inspiring', 'hardcover', 'classic', 'international', 'reading', 'updated-edition', 'award-winning', 'educational']","The Wiley Cooking #113 from Wiley combines award-winning functionality with sleek aesthetics. As a leading cooking product in the Books category, it offers award-winning performance. Backed by a manufacturer warranty and thousands of verified purchases."
prod_0624,Simon & Schuster Business #114,Books,Business,Simon & Schuster,76.27,4.0,58,True,"['updated-edition', 'hardcover', 'paperback', 'illustrated', 'practical', 'award-winning', 'inspiring', 'book', 'nonfiction', 'bestseller', 'international']","Introducing the Simon & Schuster Business #114 by Simon & Schuster — a premium books solution built for modern lifestyles. Engineered with award-winning materials and updated-edition design, it stands out in the business market. Whether you're a beginner or professional, this product meets your needs."
prod_0625,MIT Press Technology #115,Books,Technology,MIT Press,63.21,4.1,22,True,"['illustrated', 'hardcover', 'bestseller', 'fiction', 'educational', 'inspiring']","The MIT Press MIT Press Technology #115 is a top-rated technology product designed for everyday use. It features fiction and bestseller technology for superior performance. Trusted by thousands of customers, it delivers excellent value and durability."
prod_0626,Wiley Business #116,Books,Business,Wiley,25.9,4.2,403,True,"['illustrated', 'reading', 'bestseller', 'classic', 'nonfiction', 'award-winning']","The Wiley Business #116 from Wiley combines nonfiction functionality with sleek aesthetics. As a leading business product in the Books category, it offers reading performance. Backed by a manufacturer warranty and thousands of verified purchases."
prod_0627,Penguin Biography #117,Books,Biography,Penguin,13.51,3.0,232,True,"['book', 'bestseller', 'updated-edition', 'classic', 'international', 'reading', 'inspiring', 'nonfiction']","The Penguin Biography #117 from Penguin combines updated-edition functionality with sleek aesthetics. As a leading biography product in the Books category, it offers international performance. Backed by a manufacturer warranty and thousands of verified purchases."
prod_0628,Wiley Self-Help #118,Books,Self-Help,Wiley,77.49,4.6,34,True,"['paperback', 'updated-edition', 'hardcover', 'nonfiction', 'fiction', 'illustrated', 'international', 'practical', 'educational', 'book', 'bestseller', 'award-winning']","The Wiley Self-Help #118 from Wiley combines hardcover functionality with sleek aesthetics. As a leading self-help product in the Books category, it offers fiction performance. Backed by a manufacturer warranty and thousands of verified purchases."
prod_0629,Random House Cooking #119,Books,Cooking,Random House,56.83,4.8,245,False,"['book', 'inspiring', 'paperback', 'practical', 'fiction', 'bestseller', 'hardcover', 'illustrated']","The Random House Random House Cooking #119 is a top-rated cooking product designed for outdoor use. It features bestseller and inspiring technology for superior performance. Trusted by thousands of customers, it delivers excellent value and durability."
prod_0630,Packt History #120,Books,History,Packt,50.33,3.6,138,True,"['updated-edition', 'educational', 'illustrated', 'inspiring', 'award-winning', 'nonfiction', 'book', 'fiction', 'bestseller', 'classic', 'international']","The Packt History #120 from Packt combines bestseller functionality with sleek aesthetics. As a leading history product in the Books category, it offers illustrated performance. Backed by a manufacturer warranty and thousands of verified purchases."
prod_0631,Nike Yoga #1,Sports & Fitness,Yoga,Nike,531.95,4.3,162,True,"['sports', 'waterproof', 'yoga', 'running', 'cardio', 'ergonomic', 'training', 'high-performance', 'workout', 'strength']","The Nike Nike Yoga #1 is a top-rated yoga product designed for home use. It features high-performance and high-performance technology for superior performance. Trusted by thousands of customers, it delivers excellent value and durability."
prod_0632,TRX Running #2,Sports & Fitness,Running,TRX,338.16,4.3,49,True,"['fitness', 'adjustable', 'outdoor', 'running', 'yoga', 'training', 'strength', 'workout', 'cycling', 'high-performance', 'ergonomic', 'cardio']","The TRX TRX Running #2 is a top-rated running product designed for outdoor use. It features running and running technology for superior performance. Trusted by thousands of customers, it delivers excellent value and durability."
prod_0633,TRX Cycling #3,Sports & Fitness,Cycling,TRX,444.56,4.1,27,True,"['adjustable', 'training', 'strength', 'cycling', 'outdoor', 'cardio', 'lightweight', 'sports']","Introducing the TRX Cycling #3 by TRX — a premium sports & fitness solution built for modern lifestyles. Engineered with lightweight materials and sports design, it stands out in the cycling market. Whether you're a beginner or professional, this product meets your needs."
prod_0634,Reebok Swimming #4,Sports & Fitness,Swimming,Reebok,326.04,3.9,50,True,"['running', 'high-performance', 'cardio', 'yoga', 'waterproof', 'workout']","The Reebok Reebok Swimming #4 is a top-rated swimming product designed for everyday use. It features yoga and waterproof technology for superior performance. Trusted by thousands of customers, it delivers excellent value and durability."
prod_0635,Garmin Running #5,Sports & Fitness,Running,Garmin,119.47,3.6,654,True,"['running', 'sports', 'cycling', 'adjustable', 'strength', 'fitness', 'cardio', 'training', 'high-performance', 'outdoor']","The Garmin Running #5 from Garmin combines cardio functionality with sleek aesthetics. As a leading running product in the Sports & Fitness category, it offers high-performance performance. Backed by a manufacturer warranty and thousands of verified purchases."
prod_0636,Reebok Swimming #6,Sports & Fitness,Swimming,Reebok,371.64,4.5,308,True,"['high-performance', 'training', 'workout', 'yoga', 'ergonomic', 'cardio', 'adjustable', 'outdoor', 'fitness', 'strength', 'sports']","The Reebok Reebok Swimming #6 is a top-rated swimming product designed for travel use. It features outdoor and outdoor technology for superior performance. Trusted by thousands of customers, it delivers excellent value and durability."
prod_0637,Black Diamond Yoga #7,Sports & Fitness,Yoga,Black Diamond,516.69,3.5,101,True,"['cycling', 'high-performance', 'cardio', 'workout', 'training', 'yoga', 'sports', 'fitness', 'adjustable', 'ergonomic', 'waterproof', 'outdoor']","The Black Diamond Yoga #7 from Black Diamond combines adjustable functionality with sleek aesthetics. As a leading yoga product in the Sports & Fitness category, it offers high-performance performance. Backed by a manufacturer warranty and thousands of verified purchases."
prod_0638,Black Diamond Cycling #8,Sports & Fitness,Cycling,Black Diamond,574.66,4.6,175,True,"['yoga', 'high-performance', 'lightweight', 'fitness', 'outdoor', 'strength', 'adjustable', 'cardio', 'training']","The Black Diamond Cycling #8 from Black Diamond combines lightweight functionality with sleek aesthetics. As a leading cycling product in the Sports & Fitness category, it offers outdoor performance. Backed by a manufacturer warranty and thousands of verified purchases."
prod_0639,Reebok Gym Equipment #9,Sports & Fitness,Gym Equipment,Reebok,299.51,5.0,237,True,"['cardio', 'workout', 'training', 'yoga', 'adjustable', 'outdoor', 'sports', 'ergonomic', 'lightweight', 'strength', 'fitness']","Introducing the Reebok Gym Equipment #9 by Reebok — a premium sports & fitness solution built for modern lifestyles. Engineered with adjustable materials and outdoor design, it stands out in the gym equipment market. Whether you're a beginner or professional, this product meets your needs."
prod_0640,Fitbit Cycling #10,Sports & Fitness,Cycling,Fitbit,458.9,4.1,102,True,"['fitness', 'adjustable', 'workout', 'high-performance', 'running', 'outdoor', 'ergonomic', 'training', 'lightweight', 'cycling']","The Fitbit Cycling #10 from Fitbit combines running functionality with sleek aesthetics. As a leading cycling product in the Sports & Fitness category, it offers training performance. Backed by a manufacturer warranty and thousands of verified purchases."
prod_0641,Reebok Team Sports #11,Sports & Fitness,Team Sports,Reebok,597.55,4.1,123,True,"['workout', 'ergonomic', 'cycling', 'outdoor', 'strength', 'lightweight', 'training', 'fitness', 'waterproof', 'sports', 'adjustable']","The Reebok Team Sports #11 from Reebok combines lightweight functionality with sleek aesthetics. As a leading team sports product in the Sports & Fitness category, it offers waterproof performance. Backed by a manufacturer warranty and thousands of verified purchases."
prod_0642,TRX Running #12,Sports & Fitness,Running,TRX,386.81,4.4,467,True,"['cardio', 'waterproof', 'workout', 'cycling', 'running', 'ergonomic', 'high-performance']","The TRX Running #12 from TRX combines waterproof functionality with sleek aesthetics. As a leading running product in the Sports & Fitness category, it offers high-performance performance. Backed by a manufacturer warranty and thousands of verified purchases."
prod_0643,TRX Yoga #13,Sports & Fitness,Yoga,TRX,21.24,3.6,30,True,"['cardio', 'training', 'outdoor', 'high-performance', 'lightweight', 'workout']","Introducing the TRX Yoga #13 by TRX — a premium sports & fitness solution built for modern lifestyles. Engineered with cardio materials and workout design, it stands out in the yoga market. Whether you're a beginner or professional, this product meets your needs."
prod_0644,Nike Cycling #14,Sports & Fitness,Cycling,Nike,673.58,3.1,273,True,"['high-performance', 'adjustable', 'ergonomic', 'running', 'training', 'waterproof', 'cardio', 'fitness', 'cycling', 'lightweight', 'yoga', 'workout']","The Nike Nike Cycling #14 is a top-rated cycling product designed for travel use. It features adjustable and training technology for superior performance. Trusted by thousands of customers, it delivers excellent value and durability."
prod_0645,Osprey Gym Equipment #15,Sports & Fitness,Gym Equipment,Osprey,457.69,3.4,11,True,"['training', 'outdoor', 'adjustable', 'lightweight', 'workout', 'ergonomic', 'cycling']","The Osprey Osprey Gym Equipment #15 is a top-rated gym equipment product designed for outdoor use. It features outdoor and training technology for superior performance. Trusted by thousands of customers, it delivers excellent value and durability."
prod_0646,Adidas Cycling #16,Sports & Fitness,Cycling,Adidas,725.85,4.2,2956,False,"['running', 'outdoor', 'fitness', 'training', 'lightweight', 'waterproof', 'yoga']","The Adidas Cycling #16 from Adidas combines fitness functionality with sleek aesthetics. As a leading cycling product in the Sports & Fitness category, it offers yoga performance. Backed by a manufacturer warranty and thousands of verified purchases."
prod_0647,Adidas Yoga #17,Sports & Fitness,Yoga,Adidas,359.1,4.0,405,True,"['training', 'sports', 'running', 'cycling', 'ergonomic', 'lightweight', 'yoga', 'outdoor', 'adjustable']","Introducing the Adidas Yoga #17 by Adidas — a premium sports & fitness solution built for modern lifestyles. Engineered with outdoor materials and cycling design, it stands out in the yoga market. Whether you're a beginner or professional, this product meets your needs."
prod_0648,Fitbit Running #18,Sports & Fitness,Running,Fitbit,399.16,4.0,131,True,"['cardio', 'running', 'yoga', 'high-performance', 'outdoor', 'waterproof', 'cycling']","Introducing the Fitbit Running #18 by Fitbit — a premium sports & fitness solution built for modern lifestyles. Engineered with yoga materials and waterproof design, it stands out in the running market. Whether you're a beginner or professional, this product meets your needs."
prod_0649,Reebok Gym Equipment #19,Sports & Fitness,Gym Equipment,Reebok,395.19,4.5,104,True,"['ergonomic', 'running', 'yoga', 'adjustable', 'workout', 'waterproof', 'sports', 'strength']","The Reebok Reebok Gym Equipment #19 is a top-rated gym equipment product designed for home use. It features running and strength technology for superior performance. Trusted by thousands of customers, it delivers excellent value and durability."
prod_0650,Fitbit Running #20,Sports & Fitness,Running,Fitbit,262.81,4.1,218,True,"['yoga', 'sports', 'waterproof', 'outdoor', 'cycling', 'training', 'workout', 'cardio', 'high-performance', 'strength']","Introducing the Fitbit Running #20 by Fitbit — a premium sports & fitness solution built for modern lifestyles. Engineered with strength materials and waterproof design, it stands out in the running market. Whether you're a beginner or professional, this product meets your needs."
prod_0651,TRX Swimming #21,Sports & Fitness,Swimming,TRX,626.01,3.7,488,True,"['training', 'outdoor', 'yoga', 'high-performance', 'cardio', 'workout', 'lightweight', 'waterproof']","The TRX TRX Swimming #21 is a top-rated swimming product designed for home use. It features workout and waterproof technology for superior performance. Trusted by thousands of customers, it delivers excellent value and durability."
prod_0652,Nike Yoga #22,Sports & Fitness,Yoga,Nike,775.26,3.9,59,True,"['waterproof', 'adjustable', 'workout', 'yoga', 'outdoor', 'fitness', 'training', 'running']","Introducing the Nike Yoga #22 by Nike — a premium sports & fitness solution built for modern lifestyles. Engineered with waterproof materials and fitness design, it stands out in the yoga market. Whether you're a beginner or professional, this product meets your needs."
prod_0653,Garmin Cycling #23,Sports & Fitness,Cycling,Garmin,640.0,4.3,50,True,"['running', 'yoga', 'outdoor', 'sports', 'lightweight', 'training', 'workout', 'cardio', 'high-performance', 'cycling']","The Garmin Cycling #23 from Garmin combines sports functionality with sleek aesthetics. As a leading cycling product in the Sports & Fitness category, it offers lightweight performance. Backed by a manufacturer warranty and thousands of verified purchases."
prod_0654,Adidas Gym Equipment #24,Sports & Fitness,Gym Equipment,Adidas,54.33,4.0,146,True,"['outdoor', 'running', 'cardio', 'yoga', 'ergonomic', 'sports', 'lightweight', 'workout']","The Adidas Gym Equipment #24 from Adidas combines ergonomic functionality with sleek aesthetics. As a leading gym equipment product in the Sports & Fitness category, it offers yoga performance. Backed by a manufacturer warranty and thousands of verified purchases."
prod_0655,Bowflex Outdoor #25,Sports & Fitness,Outdoor,Bowflex,462.46,4.5,262,True,"['waterproof', 'outdoor', 'running', 'adjustable', 'high-performance', 'fitness', 'workout', 'sports', 'strength', 'cardio', 'lightweight', 'ergonomic']","Introducing the Bowflex Outdoor #25 by Bowflex — a premium sports & fitness solution built for modern lifestyles. Engineered with running materials and fitness design, it stands out in the outdoor market. Whether you're a beginner or professional, this product meets your needs."
prod_0656,Fitbit Outdoor #26,Sports & Fitness,Outdoor,Fitbit,211.73,4.0,395,True,"['ergonomic', 'fitness', 'workout', 'sports', 'waterproof', 'strength', 'cycling', 'running', 'yoga', 'training', 'high-performance']","The Fitbit Fitbit Outdoor #26 is a top-rated outdoor product designed for travel use. It features ergonomic and yoga technology for superior performance. Trusted by thousands of customers, it delivers excellent value and durability."
prod_0657,Bowflex Swimming #27,Sports & Fitness,Swimming,Bowflex,634.21,4.7,289,True,"['outdoor', 'cycling', 'cardio', 'waterproof', 'sports', 'lightweight', 'high-performance', 'running', 'ergonomic']","Introducing the Bowflex Swimming #27 by Bowflex — a premium sports & fitness solution built for modern lifestyles. Engineered with running materials and waterproof design, it stands out in the swimming market. Whether you're a beginner or professional, this product meets your needs."
prod_0658,Reebok Cycling #28,Sports & Fitness,Cycling,Reebok,523.85,4.0,30,False,"['workout', 'waterproof', 'cycling', 'cardio', 'yoga', 'running']","Introducing the Reebok Cycling #28 by Reebok — a premium sports & fitness solution built for modern lifestyles. Engineered with yoga materials and cycling design, it stands out in the cycling market. Whether you're a beginner or professional, this product meets your needs."
prod_0659,Bowflex Outdoor #29,Sports & Fitness,Outdoor,Bowflex,347.45,3.5,102,True,"['high-performance', 'training', 'cycling', 'waterproof', 'cardio', 'running', 'yoga', 'ergonomic']","The Bowflex Bowflex Outdoor #29 is a top-rated outdoor product designed for travel use. It features running and cycling technology for superior performance. Trusted by thousands of customers, it delivers excellent value and durability."
prod_0660,Patagonia Running #30,Sports & Fitness,Running,Patagonia,756.15,3.7,118,True,"['adjustable', 'workout', 'running', 'cardio', 'sports', 'lightweight']","Introducing the Patagonia Running #30 by Patagonia — a premium sports & fitness solution built for modern lifestyles. Engineered with workout materials and workout design, it stands out in the running market. Whether you're a beginner or professional, this product meets your needs."
prod_0661,Garmin Outdoor #31,Sports & Fitness,Outdoor,Garmin,620.15,4.0,280,True,"['workout', 'yoga', 'sports', 'strength', 'fitness', 'high-performance']","The Garmin Garmin Outdoor #31 is a top-rated outdoor product designed for professional use. It features strength and workout technology for superior performance. Trusted by thousands of customers, it delivers excellent value and durability."
prod_0662,Adidas Running #32,Sports & Fitness,Running,Adidas,83.35,4.0,266,True,"['running', 'cycling', 'lightweight', 'ergonomic', 'sports', 'workout', 'training']","Introducing the Adidas Running #32 by Adidas — a premium sports & fitness solution built for modern lifestyles. Engineered with sports materials and lightweight design, it stands out in the running market. Whether you're a beginner or professional, this product meets your needs."
prod_0663,Black Diamond Gym Equipment #33,Sports & Fitness,Gym Equipment,Black Diamond,294.29,4.0,13,True,"['running', 'sports', 'yoga', 'fitness', 'lightweight', 'strength', 'cycling', 'ergonomic']","The Black Diamond Black Diamond Gym Equipment #33 is a top-rated gym equipment product designed for everyday use. It features strength and strength technology for superior performance. Trusted by thousands of customers, it delivers excellent value and durability."
prod_0664,TRX Gym Equipment #34,Sports & Fitness,Gym Equipment,TRX,701.99,3.5,124,True,"['outdoor', 'lightweight', 'waterproof', 'cardio', 'fitness', 'workout']","The TRX TRX Gym Equipment #34 is a top-rated gym equipment product designed for professional use. It features lightweight and fitness technology for superior performance. Trusted by thousands of customers, it delivers excellent value and durability."
prod_0665,Nike Swimming #35,Sports & Fitness,Swimming,Nike,58.33,3.4,304,True,"['training', 'high-performance', 'lightweight', 'waterproof', 'outdoor', 'cardio', 'strength', 'workout', 'ergonomic', 'sports', 'cycling', 'adjustable']","Introducing the Nike Swimming #35 by Nike — a premium sports & fitness solution built for modern lifestyles. Engineered with lightweight materials and training design, it stands out in the swimming market. Whether you're a beginner or professional, this product meets your needs."
prod_0666,Fitbit Team Sports #36,Sports & Fitness,Team Sports,Fitbit,501.31,4.8,640,True,"['adjustable', 'fitness', 'cardio', 'high-performance', 'yoga', 'lightweight']","The Fitbit Team Sports #36 from Fitbit combines yoga functionality with sleek aesthetics. As a leading team sports product in the Sports & Fitness category, it offers lightweight performance. Backed by a manufacturer warranty and thousands of verified purchases."
prod_0667,Nike Gym Equipment #37,Sports & Fitness,Gym Equipment,Nike,285.45,3.9,887,True,"['sports', 'strength', 'ergonomic', 'adjustable', 'yoga', 'waterproof', 'high-performance']","The Nike Nike Gym Equipment #37 is a top-rated gym equipment product designed for travel use. It features adjustable and strength technology for superior performance. Trusted by thousands of customers, it delivers excellent value and durability."
prod_0668,Fitbit Yoga #38,Sports & Fitness,Yoga,Fitbit,111.28,4.1,99,True,"['running', 'cardio', 'cycling', 'waterproof', 'sports', 'yoga', 'adjustable', 'training', 'lightweight', 'strength', 'outdoor']","Introducing the Fitbit Yoga #38 by Fitbit — a premium sports & fitness solution built for modern lifestyles. Engineered with outdoor materials and cardio design, it stands out in the yoga market. Whether you're a beginner or professional, this product meets your needs."
prod_0669,Garmin Gym Equipment #39,Sports & Fitness,Gym Equipment,Garmin,188.72,3.7,103,True,"['lightweight', 'waterproof', 'outdoor', 'cardio', 'yoga', 'cycling', 'running']","Introducing the Garmin Gym Equipment #39 by Garmin — a premium sports & fitness solution built for modern lifestyles. Engineered with running materials and waterproof design, it stands out in the gym equipment market. Whether you're a beginner or professional, this product meets your needs."
prod_0670,Nike Running #40,Sports & Fitness,Running,Nike,600.87,3.8,182,True,"['strength', 'waterproof', 'fitness', 'training', 'workout', 'adjustable', 'high-performance', 'cycling', 'ergonomic', 'sports', 'cardio', 'lightweight']","The Nike Running #40 from Nike combines adjustable functionality with sleek aesthetics. As a leading running product in the Sports & Fitness category, it offers training performance. Backed by a manufacturer warranty and thousands of verified purchases."
prod_0671,TRX Running #41,Sports & Fitness,Running,TRX,367.16,4.1,148,True,"['yoga', 'cycling', 'outdoor', 'running', 'ergonomic', 'sports', 'adjustable']","Introducing the TRX Running #41 by TRX — a premium sports & fitness solution built for modern lifestyles. Engineered with cycling materials and outdoor design, it stands out in the running market. Whether you're a beginner or professional, this product meets your needs."
prod_0672,Adidas Yoga #42,Sports & Fitness,Yoga,Adidas,537.73,4.2,619,True,"['adjustable', 'running', 'outdoor', 'sports', 'cardio', 'strength', 'fitness', 'workout']","Introducing the Adidas Yoga #42 by Adidas — a premium sports & fitness solution built for modern lifestyles. Engineered with running materials and running design, it stands out in the yoga market. Whether you're a beginner or professional, this product meets your needs."
prod_0673,Black Diamond Yoga #43,Sports & Fitness,Yoga,Black Diamond,787.61,4.5,24,True,"['high-performance', 'running', 'workout', 'strength', 'ergonomic', 'training']","Introducing the Black Diamond Yoga #43 by Black Diamond — a premium sports & fitness solution built for modern lifestyles. Engineered with high-performance materials and running design, it stands out in the yoga market. Whether you're a beginner or professional, this product meets your needs."
prod_0674,Reebok Swimming #44,Sports & Fitness,Swimming,Reebok,454.68,2.7,455,True,"['running', 'fitness', 'adjustable', 'ergonomic', 'cardio', 'lightweight', 'training', 'workout', 'yoga', 'sports']","Introducing the Reebok Swimming #44 by Reebok — a premium sports & fitness solution built for modern lifestyles. Engineered with ergonomic materials and adjustable design, it stands out in the swimming market. Whether you're a beginner or professional, this product meets your needs."
prod_0675,Nike Team Sports #45,Sports & Fitness,Team Sports,Nike,767.65,3.3,113,True,"['outdoor', 'strength', 'running', 'high-performance', 'yoga', 'waterproof', 'cardio', 'workout', 'adjustable']","The Nike Team Sports #45 from Nike combines yoga functionality with sleek aesthetics. As a leading team sports product in the Sports & Fitness category, it offers high-performance performance. Backed by a manufacturer warranty and thousands of verified purchases."
prod_0676,Nike Gym Equipment #46,Sports & Fitness,Gym Equipment,Nike,606.58,3.4,17,True,"['workout', 'yoga', 'ergonomic', 'training', 'strength', 'adjustable', 'waterproof']","The Nike Nike Gym Equipment #46 is a top-rated gym equipment product designed for outdoor use. It features strength and yoga technology for superior performance. Trusted by thousands of customers, it delivers excellent value and durability."
prod_0677,Reebok Team Sports #47,Sports & Fitness,Team Sports,Reebok,715.18,4.3,369,True,"['lightweight', 'ergonomic', 'cycling', 'waterproof', 'workout', 'training']","The Reebok Reebok Team Sports #47 is a top-rated team sports product designed for outdoor use. It features ergonomic and training technology for superior performance. Trusted by thousands of customers, it delivers excellent value and durability."
prod_0678,Adidas Running #48,Sports & Fitness,Running,Adidas,619.61,3.7,10,True,"['yoga', 'training', 'waterproof', 'ergonomic', 'outdoor', 'sports', 'running', 'lightweight', 'cycling', 'fitness']","Introducing the Adidas Running #48 by Adidas — a premium sports & fitness solution built for modern lifestyles. Engineered with running materials and outdoor design, it stands out in the running market. Whether you're a beginner or professional, this product meets your needs."
prod_0679,Osprey Cycling #49,Sports & Fitness,Cycling,Osprey,609.18,3.7,237,True,"['running', 'sports', 'high-performance', 'lightweight', 'cycling', 'waterproof', 'cardio']","Introducing the Osprey Cycling #49 by Osprey — a premium sports & fitness solution built for modern lifestyles. Engineered with waterproof materials and lightweight design, it stands out in the cycling market. Whether you're a beginner or professional, this product meets your needs."
prod_0680,Adidas Cycling #50,Sports & Fitness,Cycling,Adidas,693.48,3.3,184,True,"['high-performance', 'lightweight', 'ergonomic', 'outdoor', 'adjustable', 'running', 'cardio', 'strength']","The Adidas Cycling #50 from Adidas combines strength functionality with sleek aesthetics. As a leading cycling product in the Sports & Fitness category, it offers outdoor performance. Backed by a manufacturer warranty and thousands of verified purchases."
prod_0681,TRX Running #51,Sports & Fitness,Running,TRX,535.85,4.0,297,True,"['adjustable', 'high-performance', 'lightweight', 'yoga', 'running', 'cycling']","The TRX Running #51 from TRX combines yoga functionality with sleek aesthetics. As a leading running product in the Sports & Fitness category, it offers adjustable performance. Backed by a manufacturer warranty and thousands of verified purchases."
prod_0682,Adidas Swimming #52,Sports & Fitness,Swimming,Adidas,464.74,4.1,46,True,"['adjustable', 'training', 'cardio', 'cycling', 'waterproof', 'lightweight']","Introducing the Adidas Swimming #52 by Adidas — a premium sports & fitness solution built for modern lifestyles. Engineered with lightweight materials and adjustable design, it stands out in the swimming market. Whether you're a beginner or professional, this product meets your needs."
prod_0683,Black Diamond Running #53,Sports & Fitness,Running,Black Diamond,39.45,4.6,122,True,"['high-performance', 'adjustable', 'waterproof', 'lightweight', 'strength', 'fitness', 'training', 'workout', 'cycling']","Introducing the Black Diamond Running #53 by Black Diamond — a premium sports & fitness solution built for modern lifestyles. Engineered with training materials and high-performance design, it stands out in the running market. Whether you're a beginner or professional, this product meets your needs."
prod_0684,Bowflex Team Sports #54,Sports & Fitness,Team Sports,Bowflex,779.13,4.0,48,True,"['outdoor', 'yoga', 'adjustable', 'fitness', 'cardio', 'high-performance', 'ergonomic']","Introducing the Bowflex Team Sports #54 by Bowflex — a premium sports & fitness solution built for modern lifestyles. Engineered with ergonomic materials and ergonomic design, it stands out in the team sports market. Whether you're a beginner or professional, this product meets your needs."
prod_0685,Bowflex Swimming #55,Sports & Fitness,Swimming,Bowflex,626.96,3.8,51,True,"['high-performance', 'yoga', 'sports', 'cardio', 'lightweight', 'cycling', 'running']","The Bowflex Swimming #55 from Bowflex combines cycling functionality with sleek aesthetics. As a leading swimming product in the Sports & Fitness category, it offers high-performance performance. Backed by a manufacturer warranty and thousands of verified purchases."
prod_0686,Osprey Running #56,Sports & Fitness,Running,Osprey,515.19,3.9,1157,True,"['strength', 'training', 'outdoor', 'lightweight', 'yoga', 'cardio', 'cycling', 'waterproof', 'workout', 'sports', 'running', 'ergonomic']","The Osprey Running #56 from Osprey combines workout functionality with sleek aesthetics. As a leading running product in the Sports & Fitness category, it offers ergonomic performance. Backed by a manufacturer warranty and thousands of verified purchases."
prod_0687,Black Diamond Swimming #57,Sports & Fitness,Swimming,Black Diamond,435.22,3.3,21,True,"['cycling', 'lightweight', 'sports', 'training', 'adjustable', 'waterproof', 'strength', 'outdoor', 'ergonomic']","The Black Diamond Swimming #57 from Black Diamond combines strength functionality with sleek aesthetics. As a leading swimming product in the Sports & Fitness category, it offers lightweight performance. Backed by a manufacturer warranty and thousands of verified purchases."
prod_0688,Fitbit Swimming #58,Sports & Fitness,Swimming,Fitbit,494.6,4.7,115,True,"['cardio', 'training', 'yoga', 'fitness', 'high-performance', 'running']","The Fitbit Fitbit Swimming #58 is a top-rated swimming product designed for professional use. It features running and yoga technology for superior performance. Trusted by thousands of customers, it delivers excellent value and durability."
prod_0689,Osprey Outdoor #59,Sports & Fitness,Outdoor,Osprey,521.84,3.7,516,True,"['workout', 'fitness', 'outdoor', 'training', 'high-performance', 'cycling', 'yoga']","The Osprey Osprey Outdoor #59 is a top-rated outdoor product designed for outdoor use. It features training and high-performance technology for superior performance. Trusted by thousands of customers, it delivers excellent value and durability."
prod_0690,TRX Running #60,Sports & Fitness,Running,TRX,505.53,3.7,1327,True,"['lightweight', 'outdoor', 'ergonomic', 'cardio', 'high-performance', 'strength', 'adjustable', 'running', 'sports']","The TRX Running #60 from TRX combines strength functionality with sleek aesthetics. As a leading running product in the Sports & Fitness category, it offers cardio performance. Backed by a manufacturer warranty and thousands of verified purchases."
prod_0691,Black Diamond Gym Equipment #61,Sports & Fitness,Gym Equipment,Black Diamond,569.6,4.3,82,False,"['cardio', 'sports', 'adjustable', 'cycling', 'training', 'ergonomic', 'running', 'waterproof', 'yoga', 'workout']","Introducing the Black Diamond Gym Equipment #61 by Black Diamond — a premium sports & fitness solution built for modern lifestyles. Engineered with workout materials and waterproof design, it stands out in the gym equipment market. Whether you're a beginner or professional, this product meets your needs."
prod_0692,Nike Outdoor #62,Sports & Fitness,Outdoor,Nike,452.37,5.0,71,True,"['waterproof', 'fitness', 'cardio', 'yoga', 'workout', 'sports', 'adjustable', 'cycling', 'running', 'ergonomic']","Introducing the Nike Outdoor #62 by Nike — a premium sports & fitness solution built for modern lifestyles. Engineered with ergonomic materials and cycling design, it stands out in the outdoor market. Whether you're a beginner or professional, this product meets your needs."
prod_0693,Fitbit Yoga #63,Sports & Fitness,Yoga,Fitbit,435.33,4.4,212,True,"['outdoor', 'cardio', 'training', 'cycling', 'running', 'strength', 'workout', 'high-performance', 'lightweight', 'fitness', 'ergonomic']","The Fitbit Yoga #63 from Fitbit combines fitness functionality with sleek aesthetics. As a leading yoga product in the Sports & Fitness category, it offers cardio performance. Backed by a manufacturer warranty and thousands of verified purchases."
prod_0694,Garmin Outdoor #64,Sports & Fitness,Outdoor,Garmin,206.55,4.7,966,True,"['adjustable', 'ergonomic', 'workout', 'high-performance', 'fitness', 'yoga', 'sports', 'cardio', 'waterproof', 'strength']","Introducing the Garmin Outdoor #64 by Garmin — a premium sports & fitness solution built for modern lifestyles. Engineered with sports materials and sports design, it stands out in the outdoor market. Whether you're a beginner or professional, this product meets your needs."
prod_0695,Bowflex Team Sports #65,Sports & Fitness,Team Sports,Bowflex,150.15,4.0,60,True,"['ergonomic', 'outdoor', 'yoga', 'sports', 'workout', 'high-performance', 'strength', 'training', 'lightweight']","The Bowflex Bowflex Team Sports #65 is a top-rated team sports product designed for home use. It features outdoor and high-performance technology for superior performance. Trusted by thousands of customers, it delivers excellent value and durability."
prod_0696,Black Diamond Gym Equipment #66,Sports & Fitness,Gym Equipment,Black Diamond,56.73,4.2,65,True,"['sports', 'workout', 'fitness', 'running', 'adjustable', 'waterproof', 'cardio', 'strength']","The Black Diamond Black Diamond Gym Equipment #66 is a top-rated gym equipment product designed for home use. It features sports and waterproof technology for superior performance. Trusted by thousands of customers, it delivers excellent value and durability."
prod_0697,Adidas Team Sports #67,Sports & Fitness,Team Sports,Adidas,698.96,5.0,174,True,"['cycling', 'cardio', 'ergonomic', 'workout', 'yoga', 'lightweight', 'running']","The Adidas Team Sports #67 from Adidas combines yoga functionality with sleek aesthetics. As a leading team sports product in the Sports & Fitness category, it offers cycling performance. Backed by a manufacturer warranty and thousands of verified purchases."
prod_0698,Adidas Swimming #68,Sports & Fitness,Swimming,Adidas,647.69,3.8,185,True,"['ergonomic', 'outdoor', 'sports', 'cardio', 'waterproof', 'workout', 'running', 'cycling']","Introducing the Adidas Swimming #68 by Adidas — a premium sports & fitness solution built for modern lifestyles. Engineered with sports materials and workout design, it stands out in the swimming market. Whether you're a beginner or professional, this product meets your needs."
prod_0699,Black Diamond Cycling #69,Sports & Fitness,Cycling,Black Diamond,61.72,3.3,46,True,"['cardio', 'workout', 'training', 'yoga', 'adjustable', 'strength', 'fitness']","The Black Diamond Cycling #69 from Black Diamond combines strength functionality with sleek aesthetics. As a leading cycling product in the Sports & Fitness category, it offers strength performance. Backed by a manufacturer warranty and thousands of verified purchases."
prod_0700,Adidas Running #70,Sports & Fitness,Running,Adidas,534.17,4.6,67,True,"['ergonomic', 'running', 'cycling', 'adjustable', 'high-performance', 'waterproof', 'strength', 'training']","Introducing the Adidas Running #70 by Adidas — a premium sports & fitness solution built for modern lifestyles. Engineered with training materials and adjustable design, it stands out in the running market. Whether you're a beginner or professional, this product meets your needs."
prod_0701,Osprey Gym Equipment #71,Sports & Fitness,Gym Equipment,Osprey,28.83,3.5,282,True,"['cardio', 'running', 'yoga', 'cycling', 'strength', 'outdoor']","The Osprey Osprey Gym Equipment #71 is a top-rated gym equipment product designed for outdoor use. It features yoga and outdoor technology for superior performance. Trusted by thousands of customers, it delivers excellent value and durability."
prod_0702,Patagonia Team Sports #72,Sports & Fitness,Team Sports,Patagonia,600.8,4.6,351,True,"['running', 'workout', 'waterproof', 'cardio', 'fitness', 'ergonomic', 'adjustable', 'cycling', 'high-performance', 'training']","The Patagonia Patagonia Team Sports #72 is a top-rated team sports product designed for professional use. It features ergonomic and high-performance technology for superior performance. Trusted by thousands of customers, it delivers excellent value and durability."
prod_0703,Nike Cycling #73,Sports & Fitness,Cycling,Nike,729.42,4.5,59,True,"['yoga', 'workout', 'training', 'lightweight', 'cardio', 'sports']","The Nike Nike Cycling #73 is a top-rated cycling product designed for professional use. It features lightweight and workout technology for superior performance. Trusted by thousands of customers, it delivers excellent value and durability."
prod_0704,Adidas Outdoor #74,Sports & Fitness,Outdoor,Adidas,740.21,3.3,899,True,"['ergonomic', 'training', 'waterproof', 'cardio', 'workout', 'strength']","The Adidas Adidas Outdoor #74 is a top-rated outdoor product designed for professional use. It features waterproof and cardio technology for superior performance. Trusted by thousands of customers, it delivers excellent value and durability."
prod_0705,TRX Team Sports #75,Sports & Fitness,Team Sports,TRX,547.51,3.8,109,True,"['high-performance', 'waterproof', 'outdoor', 'training', 'ergonomic', 'adjustable', 'strength', 'fitness', 'lightweight', 'running', 'cardio']","The TRX Team Sports #75 from TRX combines high-performance functionality with sleek aesthetics. As a leading team sports product in the Sports & Fitness category, it offers cardio performance. Backed by a manufacturer warranty and thousands of verified purchases."
prod_0706,Osprey Cycling #76,Sports & Fitness,Cycling,Osprey,111.82,4.7,289,True,"['training', 'sports', 'waterproof', 'high-performance', 'lightweight', 'workout', 'yoga', 'adjustable', 'running', 'outdoor', 'cycling']","Introducing the Osprey Cycling #76 by Osprey — a premium sports & fitness solution built for modern lifestyles. Engineered with yoga materials and lightweight design, it stands out in the cycling market. Whether you're a beginner or professional, this product meets your needs."
prod_0707,Adidas Team Sports #77,Sports & Fitness,Team Sports,Adidas,611.18,4.2,1994,True,"['high-performance', 'training', 'sports', 'running', 'yoga', 'ergonomic', 'workout', 'fitness', 'cycling']","The Adidas Adidas Team Sports #77 is a top-rated team sports product designed for outdoor use. It features training and training technology for superior performance. Trusted by thousands of customers, it delivers excellent value and durability."
prod_0708,Adidas Swimming #78,Sports & Fitness,Swimming,Adidas,200.98,3.7,451,True,"['cardio', 'yoga', 'lightweight', 'workout', 'high-performance', 'cycling', 'fitness', 'training', 'strength', 'sports']","The Adidas Adidas Swimming #78 is a top-rated swimming product designed for home use. It features cardio and sports technology for superior performance. Trusted by thousands of customers, it delivers excellent value and durability."
prod_0709,Nike Outdoor #79,Sports & Fitness,Outdoor,Nike,319.14,4.0,204,True,"['outdoor', 'running', 'sports', 'training', 'workout', 'lightweight', 'cardio']","The Nike Outdoor #79 from Nike combines cardio functionality with sleek aesthetics. As a leading outdoor product in the Sports & Fitness category, it offers running performance. Backed by a manufacturer warranty and thousands of verified purchases."
prod_0710,Reebok Running #80,Sports & Fitness,Running,Reebok,123.26,4.8,272,True,"['fitness', 'sports', 'waterproof', 'high-performance', 'strength', 'running', 'cycling', 'ergonomic']","The Reebok Running #80 from Reebok combines waterproof functionality with sleek aesthetics. As a leading running product in the Sports & Fitness category, it offers sports performance. Backed by a manufacturer warranty and thousands of verified purchases."
prod_0711,Nike Yoga #81,Sports & Fitness,Yoga,Nike,454.54,4.3,537,True,"['strength', 'adjustable', 'cycling', 'sports', 'training', 'fitness', 'running', 'lightweight', 'high-performance', 'cardio', 'waterproof', 'outdoor']","The Nike Yoga #81 from Nike combines outdoor functionality with sleek aesthetics. As a leading yoga product in the Sports & Fitness category, it offers sports performance. Backed by a manufacturer warranty and thousands of verified purchases."
prod_0712,Bowflex Team Sports #82,Sports & Fitness,Team Sports,Bowflex,784.3,3.8,54,False,"['yoga', 'ergonomic', 'workout', 'high-performance', 'running', 'cardio', 'training', 'adjustable', 'lightweight', 'cycling', 'sports']","The Bowflex Bowflex Team Sports #82 is a top-rated team sports product designed for outdoor use. It features running and workout technology for superior performance. Trusted by thousands of customers, it delivers excellent value and durability."
prod_0713,Black Diamond Yoga #83,Sports & Fitness,Yoga,Black Diamond,682.83,3.5,14,True,"['workout', 'high-performance', 'waterproof', 'cardio', 'training', 'strength', 'cycling', 'running', 'adjustable']","The Black Diamond Yoga #83 from Black Diamond combines strength functionality with sleek aesthetics. As a leading yoga product in the Sports & Fitness category, it offers strength performance. Backed by a manufacturer warranty and thousands of verified purchases."
prod_0714,Black Diamond Cycling #84,Sports & Fitness,Cycling,Black Diamond,172.67,5.0,39,True,"['lightweight', 'training', 'cycling', 'high-performance', 'waterproof', 'adjustable', 'cardio']","The Black Diamond Cycling #84 from Black Diamond combines high-performance functionality with sleek aesthetics. As a leading cycling product in the Sports & Fitness category, it offers cycling performance. Backed by a manufacturer warranty and thousands of verified purchases."
prod_0715,Reebok Yoga #85,Sports & Fitness,Yoga,Reebok,381.48,3.9,106,True,"['waterproof', 'yoga', 'outdoor', 'cycling', 'strength', 'fitness', 'training', 'running', 'workout', 'adjustable']","The Reebok Yoga #85 from Reebok combines running functionality with sleek aesthetics. As a leading yoga product in the Sports & Fitness category, it offers waterproof performance. Backed by a manufacturer warranty and thousands of verified purchases."
prod_0716,Reebok Running #86,Sports & Fitness,Running,Reebok,225.92,4.2,394,True,"['waterproof', 'cycling', 'adjustable', 'workout', 'ergonomic', 'strength', 'training', 'lightweight', 'running', 'yoga', 'high-performance']","The Reebok Running #86 from Reebok combines yoga functionality with sleek aesthetics. As a leading running product in the Sports & Fitness category, it offers running performance. Backed by a manufacturer warranty and thousands of verified purchases."
prod_0717,Adidas Gym Equipment #87,Sports & Fitness,Gym Equipment,Adidas,631.7,4.4,73,True,"['fitness', 'ergonomic', 'high-performance', 'cardio', 'sports', 'lightweight']","Introducing the Adidas Gym Equipment #87 by Adidas — a premium sports & fitness solution built for modern lifestyles. Engineered with ergonomic materials and ergonomic design, it stands out in the gym equipment market. Whether you're a beginner or professional, this product meets your needs."
prod_0718,Patagonia Team Sports #88,Sports & Fitness,Team Sports,Patagonia,724.57,3.9,208,True,"['yoga', 'cardio', 'lightweight', 'workout', 'outdoor', 'waterproof', 'sports', 'adjustable', 'running']","The Patagonia Team Sports #88 from Patagonia combines lightweight functionality with sleek aesthetics. As a leading team sports product in the Sports & Fitness category, it offers running performance. Backed by a manufacturer warranty and thousands of verified purchases."
prod_0719,Fitbit Cycling #89,Sports & Fitness,Cycling,Fitbit,555.07,3.9,1021,True,"['sports', 'waterproof', 'workout', 'yoga', 'ergonomic', 'fitness', 'adjustable']","The Fitbit Cycling #89 from Fitbit combines adjustable functionality with sleek aesthetics. As a leading cycling product in the Sports & Fitness category, it offers sports performance. Backed by a manufacturer warranty and thousands of verified purchases."
prod_0720,Bowflex Swimming #90,Sports & Fitness,Swimming,Bowflex,745.44,4.2,358,True,"['cycling', 'workout', 'yoga', 'fitness', 'adjustable', 'ergonomic', 'cardio', 'running', 'lightweight', 'high-performance']","The Bowflex Bowflex Swimming #90 is a top-rated swimming product designed for everyday use. It features yoga and yoga technology for superior performance. Trusted by thousands of customers, it delivers excellent value and durability."
prod_0721,Garmin Swimming #91,Sports & Fitness,Swimming,Garmin,769.64,4.3,606,True,"['outdoor', 'lightweight', 'adjustable', 'sports', 'cardio', 'cycling', 'yoga', 'fitness']","The Garmin Swimming #91 from Garmin combines sports functionality with sleek aesthetics. As a leading swimming product in the Sports & Fitness category, it offers cardio performance. Backed by a manufacturer warranty and thousands of verified purchases."
prod_0722,Osprey Gym Equipment #92,Sports & Fitness,Gym Equipment,Osprey,261.67,4.1,31,True,"['fitness', 'waterproof', 'training', 'lightweight', 'outdoor', 'high-performance', 'yoga']","Introducing the Osprey Gym Equipment #92 by Osprey — a premium sports & fitness solution built for modern lifestyles. Engineered with training materials and high-performance design, it stands out in the gym equipment market. Whether you're a beginner or professional, this product meets your needs."
prod_0723,Black Diamond Team Sports #93,Sports & Fitness,Team Sports,Black Diamond,34.79,4.2,67,True,"['ergonomic', 'cycling', 'fitness', 'lightweight', 'high-performance', 'adjustable', 'outdoor', 'strength', 'sports', 'training', 'cardio', 'running']","Introducing the Black Diamond Team Sports #93 by Black Diamond — a premium sports & fitness solution built for modern lifestyles. Engineered with high-performance materials and running design, it stands out in the team sports market. Whether you're a beginner or professional, this product meets your needs."
prod_0724,TRX Swimming #94,Sports & Fitness,Swimming,TRX,331.68,3.7,299,True,"['workout', 'cardio', 'lightweight', 'outdoor', 'running', 'training', 'yoga', 'adjustable']","The TRX TRX Swimming #94 is a top-rated swimming product designed for home use. It features cardio and adjustable technology for superior performance. Trusted by thousands of customers, it delivers excellent value and durability."
prod_0725,Garmin Gym Equipment #95,Sports & Fitness,Gym Equipment,Garmin,68.79,4.6,152,True,"['sports', 'workout', 'cycling', 'training', 'ergonomic', 'waterproof', 'fitness', 'running']","The Garmin Garmin Gym Equipment #95 is a top-rated gym equipment product designed for home use. It features workout and cycling technology for superior performance. Trusted by thousands of customers, it delivers excellent value and durability."
prod_0726,Adidas Outdoor #96,Sports & Fitness,Outdoor,Adidas,156.6,4.2,1144,True,"['sports', 'fitness', 'strength', 'waterproof', 'training', 'lightweight', 'high-performance', 'ergonomic', 'cycling', 'workout', 'outdoor']","Introducing the Adidas Outdoor #96 by Adidas — a premium sports & fitness solution built for modern lifestyles. Engineered with ergonomic materials and workout design, it stands out in the outdoor market. Whether you're a beginner or professional, this product meets your needs."
prod_0727,Nike Running #97,Sports & Fitness,Running,Nike,359.59,4.1,3367,True,"['fitness', 'sports', 'workout', 'training', 'outdoor', 'adjustable', 'running', 'lightweight', 'cardio', 'ergonomic']","The Nike Running #97 from Nike combines workout functionality with sleek aesthetics. As a leading running product in the Sports & Fitness category, it offers running performance. Backed by a manufacturer warranty and thousands of verified purchases."
prod_0728,Patagonia Team Sports #98,Sports & Fitness,Team Sports,Patagonia,335.7,4.3,17,False,"['outdoor', 'training', 'strength', 'ergonomic', 'cardio', 'high-performance', 'running', 'fitness', 'waterproof', 'adjustable', 'workout']","The Patagonia Team Sports #98 from Patagonia combines fitness functionality with sleek aesthetics. As a leading team sports product in the Sports & Fitness category, it offers high-performance performance. Backed by a manufacturer warranty and thousands of verified purchases."
prod_0729,TRX Swimming #99,Sports & Fitness,Swimming,TRX,73.16,4.4,234,True,"['ergonomic', 'lightweight', 'yoga', 'fitness', 'waterproof', 'sports', 'cardio', 'running', 'adjustable', 'strength', 'outdoor', 'high-performance']","Introducing the TRX Swimming #99 by TRX — a premium sports & fitness solution built for modern lifestyles. Engineered with sports materials and running design, it stands out in the swimming market. Whether you're a beginner or professional, this product meets your needs."
prod_0730,Osprey Team Sports #100,Sports & Fitness,Team Sports,Osprey,257.64,4.6,332,True,"['training', 'ergonomic', 'cycling', 'workout', 'fitness', 'cardio', 'strength', 'yoga', 'high-performance', 'lightweight', 'running']","The Osprey Osprey Team Sports #100 is a top-rated team sports product designed for outdoor use. It features yoga and yoga technology for superior performance. Trusted by thousands of customers, it delivers excellent value and durability."
prod_0731,MAC Makeup #1,Beauty,Makeup,MAC,198.0,3.9,34,True,"['natural', 'spf', 'dermatologist-tested', 'beauty', 'vitamin-c', 'hyaluronic-acid', 'organic', 'anti-aging', 'skincare', 'fragrance-free', 'paraben-free']","Introducing the MAC Makeup #1 by MAC — a premium beauty solution built for modern lifestyles. Engineered with vitamin-c materials and hyaluronic-acid design, it stands out in the makeup market. Whether you're a beginner or professional, this product meets your needs."
prod_0732,Olay Makeup #2,Beauty,Makeup,Olay,59.15,3.9,53,True,"['moisturizing', 'organic', 'fragrance-free', 'hyaluronic-acid', 'spf', 'sensitive-skin', 'natural']","The Olay Makeup #2 from Olay combines moisturizing functionality with sleek aesthetics. As a leading makeup product in the Beauty category, it offers fragrance-free performance. Backed by a manufacturer warranty and thousands of verified purchases."
prod_0733,Maybelline Makeup #3,Beauty,Makeup,Maybelline,50.85,3.7,300,True,"['paraben-free', 'vegan', 'spf', 'moisturizing', 'beauty', 'cruelty-free', 'natural', 'dermatologist-tested', 'fragrance-free']","The Maybelline Makeup #3 from Maybelline combines beauty functionality with sleek aesthetics. As a leading makeup product in the Beauty category, it offers cruelty-free performance. Backed by a manufacturer warranty and thousands of verified purchases."
prod_0734,Maybelline Nail Care #4,Beauty,Nail Care,Maybelline,77.07,4.8,238,True,"['skincare', 'beauty', 'moisturizing', 'dermatologist-tested', 'spf', 'vegan', 'organic', 'fragrance-free', 'paraben-free']","The Maybelline Nail Care #4 from Maybelline combines vegan functionality with sleek aesthetics. As a leading nail care product in the Beauty category, it offers vegan performance. Backed by a manufacturer warranty and thousands of verified purchases."
prod_0735,Fenty Beauty Haircare #5,Beauty,Haircare,Fenty Beauty,157.41,3.4,253,True,"['hyaluronic-acid', 'vegan', 'fragrance-free', 'organic', 'paraben-free', 'vitamin-c', 'sensitive-skin', 'moisturizing', 'cruelty-free', 'anti-aging']","Introducing the Fenty Beauty Haircare #5 by Fenty Beauty — a premium beauty solution built for modern lifestyles. Engineered with vegan materials and sensitive-skin design, it stands out in the haircare market. Whether you're a beginner or professional, this product meets your needs."
prod_0736,Dove Fragrance #6,Beauty,Fragrance,Dove,122.51,4.6,71,True,"['cruelty-free', 'skincare', 'moisturizing', 'spf', 'vegan', 'hyaluronic-acid', 'natural', 'dermatologist-tested', 'fragrance-free', 'beauty', 'sensitive-skin']","Introducing the Dove Fragrance #6 by Dove — a premium beauty solution built for modern lifestyles. Engineered with cruelty-free materials and hyaluronic-acid design, it stands out in the fragrance market. Whether you're a beginner or professional, this product meets your needs."
prod_0737,Fenty Beauty Makeup #7,Beauty,Makeup,Fenty Beauty,99.52,3.9,151,True,"['organic', 'anti-aging', 'vegan', 'sensitive-skin', 'paraben-free', 'hyaluronic-acid', 'skincare', 'cruelty-free']","Introducing the Fenty Beauty Makeup #7 by Fenty Beauty — a premium beauty solution built for modern lifestyles. Engineered with sensitive-skin materials and skincare design, it stands out in the makeup market. Whether you're a beginner or professional, this product meets your needs."
prod_0738,The Ordinary Haircare #8,Beauty,Haircare,The Ordinary,9.93,3.6,323,True,"['sensitive-skin', 'paraben-free', 'spf', 'skincare', 'dermatologist-tested', 'moisturizing', 'natural', 'organic', 'hyaluronic-acid', 'vegan', 'cruelty-free']","Introducing the The Ordinary Haircare #8 by The Ordinary — a premium beauty solution built for modern lifestyles. Engineered with moisturizing materials and paraben-free design, it stands out in the haircare market. Whether you're a beginner or professional, this product meets your needs."
prod_0739,Dove Men's Grooming #9,Beauty,Men's Grooming,Dove,60.53,3.9,245,True,"['natural', 'dermatologist-tested', 'beauty', 'skincare', 'paraben-free', 'vitamin-c', 'anti-aging', 'moisturizing', 'hyaluronic-acid', 'fragrance-free']","The Dove Dove Men's Grooming #9 is a top-rated men's grooming product designed for home use. It features anti-aging and hyaluronic-acid technology for superior performance. Trusted by thousands of customers, it delivers excellent value and durability."
prod_0740,The Ordinary Skincare #10,Beauty,Skincare,The Ordinary,68.18,3.6,87,True,"['organic', 'beauty', 'anti-aging', 'vitamin-c', 'natural', 'moisturizing', 'skincare', 'paraben-free', 'hyaluronic-acid', 'spf', 'fragrance-free', 'dermatologist-tested']","Introducing the The Ordinary Skincare #10 by The Ordinary — a premium beauty solution built for modern lifestyles. Engineered with moisturizing materials and moisturizing design, it stands out in the skincare market. Whether you're a beginner or professional, this product meets your needs."
prod_0741,MAC Fragrance #11,Beauty,Fragrance,MAC,111.3,4.4,94,True,"['spf', 'sensitive-skin', 'paraben-free', 'hyaluronic-acid', 'natural', 'anti-aging', 'skincare', 'vegan', 'moisturizing', 'organic']","The MAC MAC Fragrance #11 is a top-rated fragrance product designed for everyday use. It features natural and hyaluronic-acid technology for superior performance. Trusted by thousands of customers, it delivers excellent value and durability."
prod_0742,CeraVe Nail Care #12,Beauty,Nail Care,CeraVe,98.35,4.9,91,True,"['vegan', 'paraben-free', 'hyaluronic-acid', 'natural', 'fragrance-free', 'anti-aging']","The CeraVe Nail Care #12 from CeraVe combines natural functionality with sleek aesthetics. As a leading nail care product in the Beauty category, it offers vegan performance. Backed by a manufacturer warranty and thousands of verified purchases."
prod_0743,L'Oreal Fragrance #13,Beauty,Fragrance,L'Oreal,135.58,4.1,454,True,"['spf', 'anti-aging', 'skincare', 'beauty', 'vegan', 'organic', 'fragrance-free', 'sensitive-skin', 'paraben-free', 'cruelty-free', 'moisturizing']","Introducing the L'Oreal Fragrance #13 by L'Oreal — a premium beauty solution built for modern lifestyles. Engineered with cruelty-free materials and organic design, it stands out in the fragrance market. Whether you're a beginner or professional, this product meets your needs."
prod_0744,L'Oreal Men's Grooming #14,Beauty,Men's Grooming,L'Oreal,183.46,3.3,17,True,"['organic', 'cruelty-free', 'vitamin-c', 'anti-aging', 'dermatologist-tested', 'fragrance-free', 'spf', 'natural', 'hyaluronic-acid', 'skincare', 'paraben-free']","The L'Oreal Men's Grooming #14 from L'Oreal combines spf functionality with sleek aesthetics. As a leading men's grooming product in the Beauty category, it offers cruelty-free performance. Backed by a manufacturer warranty and thousands of verified purchases."
prod_0745,Dove Skincare #15,Beauty,Skincare,Dove,122.66,3.2,675,True,"['sensitive-skin', 'anti-aging', 'paraben-free', 'spf', 'vegan', 'natural', 'skincare', 'beauty', 'hyaluronic-acid', 'moisturizing', 'vitamin-c']","Introducing the Dove Skincare #15 by Dove — a premium beauty solution built for modern lifestyles. Engineered with vitamin-c materials and spf design, it stands out in the skincare market. Whether you're a beginner or professional, this product meets your needs."
prod_0746,CeraVe Nail Care #16,Beauty,Nail Care,CeraVe,115.54,3.7,3196,True,"['cruelty-free', 'vegan', 'anti-aging', 'beauty', 'hyaluronic-acid', 'fragrance-free', 'vitamin-c', 'natural', 'spf', 'moisturizing', 'skincare', 'paraben-free']","Introducing the CeraVe Nail Care #16 by CeraVe — a premium beauty solution built for modern lifestyles. Engineered with natural materials and vitamin-c design, it stands out in the nail care market. Whether you're a beginner or professional, this product meets your needs."
prod_0747,The Ordinary Men's Grooming #17,Beauty,Men's Grooming,The Ordinary,160.03,3.7,185,True,"['vitamin-c', 'vegan', 'skincare', 'organic', 'paraben-free', 'beauty', 'fragrance-free', 'anti-aging', 'spf', 'moisturizing', 'natural']","The The Ordinary The Ordinary Men's Grooming #17 is a top-rated men's grooming product designed for everyday use. It features paraben-free and anti-aging technology for superior performance. Trusted by thousands of customers, it delivers excellent value and durability."
prod_0748,CeraVe Nail Care #18,Beauty,Nail Care,CeraVe,194.33,4.8,1647,True,"['hyaluronic-acid', 'dermatologist-tested', 'skincare', 'cruelty-free', 'spf', 'beauty', 'fragrance-free', 'organic', 'moisturizing', 'natural', 'paraben-free']","Introducing the CeraVe Nail Care #18 by CeraVe — a premium beauty solution built for modern lifestyles. Engineered with dermatologist-tested materials and paraben-free design, it stands out in the nail care market. Whether you're a beginner or professional, this product meets your needs."
prod_0749,Neutrogena Skincare #19,Beauty,Skincare,Neutrogena,146.34,5.0,632,True,"['vitamin-c', 'organic', 'fragrance-free', 'anti-aging', 'cruelty-free', 'sensitive-skin', 'beauty', 'moisturizing', 'paraben-free']","Introducing the Neutrogena Skincare #19 by Neutrogena — a premium beauty solution built for modern lifestyles. Engineered with beauty materials and beauty design, it stands out in the skincare market. Whether you're a beginner or professional, this product meets your needs."
prod_0750,MAC Fragrance #20,Beauty,Fragrance,MAC,39.13,4.5,302,True,"['organic', 'beauty', 'sensitive-skin', 'skincare', 'cruelty-free', 'paraben-free']","The MAC MAC Fragrance #20 is a top-rated fragrance product designed for outdoor use. It features beauty and sensitive-skin technology for superior performance. Trusted by thousands of customers, it delivers excellent value and durability."
prod_0751,L'Oreal Skincare #21,Beauty,Skincare,L'Oreal,175.34,4.4,76,True,"['vitamin-c', 'spf', 'anti-aging', 'fragrance-free', 'moisturizing', 'vegan', 'beauty', 'cruelty-free', 'natural', 'paraben-free', 'sensitive-skin', 'hyaluronic-acid']","The L'Oreal Skincare #21 from L'Oreal combines sensitive-skin functionality with sleek aesthetics. As a leading skincare product in the Beauty category, it offers vegan performance. Backed by a manufacturer warranty and thousands of verified purchases."
prod_0752,Fenty Beauty Haircare #22,Beauty,Haircare,Fenty Beauty,148.36,3.6,147,True,"['spf', 'natural', 'organic', 'hyaluronic-acid', 'dermatologist-tested', 'moisturizing', 'sensitive-skin', 'cruelty-free']","The Fenty Beauty Fenty Beauty Haircare #22 is a top-rated haircare product designed for professional use. It features cruelty-free and sensitive-skin technology for superior performance. Trusted by thousands of customers, it delivers excellent value and durability."
prod_0753,Dove Makeup #23,Beauty,Makeup,Dove,92.9,3.9,86,True,"['vitamin-c', 'sensitive-skin', 'natural', 'beauty', 'dermatologist-tested', 'anti-aging', 'paraben-free', 'hyaluronic-acid', 'cruelty-free', 'moisturizing']","The Dove Dove Makeup #23 is a top-rated makeup product designed for professional use. It features moisturizing and natural technology for superior performance. Trusted by thousands of customers, it delivers excellent value and durability."
prod_0754,L'Oreal Men's Grooming #24,Beauty,Men's Grooming,L'Oreal,106.32,4.3,467,True,"['beauty', 'cruelty-free', 'anti-aging', 'sensitive-skin', 'natural', 'vegan', 'dermatologist-tested', 'moisturizing', 'hyaluronic-acid', 'fragrance-free']","Introducing the L'Oreal Men's Grooming #24 by L'Oreal — a premium beauty solution built for modern lifestyles. Engineered with hyaluronic-acid materials and dermatologist-tested design, it stands out in the men's grooming market. Whether you're a beginner or professional, this product meets your needs."
prod_0755,Neutrogena Nail Care #25,Beauty,Nail Care,Neutrogena,49.03,4.0,873,False,"['moisturizing', 'natural', 'fragrance-free', 'vegan', 'beauty', 'anti-aging', 'skincare', 'hyaluronic-acid', 'organic', 'sensitive-skin', 'vitamin-c']","The Neutrogena Neutrogena Nail Care #25 is a top-rated nail care product designed for professional use. It features skincare and beauty technology for superior performance. Trusted by thousands of customers, it delivers excellent value and durability."
prod_0756,The Ordinary Skincare #26,Beauty,Skincare,The Ordinary,28.61,3.4,117,True,"['vitamin-c', 'paraben-free', 'sensitive-skin', 'skincare', 'fragrance-free', 'cruelty-free', 'moisturizing']","The The Ordinary Skincare #26 from The Ordinary combines vitamin-c functionality with sleek aesthetics. As a leading skincare product in the Beauty category, it offers cruelty-free performance. Backed by a manufacturer warranty and thousands of verified purchases."
prod_0757,Fenty Beauty Fragrance #27,Beauty,Fragrance,Fenty Beauty,45.65,3.6,15,True,"['organic', 'hyaluronic-acid', 'moisturizing', 'sensitive-skin', 'vitamin-c', 'fragrance-free', 'beauty', 'paraben-free', 'anti-aging']","The Fenty Beauty Fragrance #27 from Fenty Beauty combines paraben-free functionality with sleek aesthetics. As a leading fragrance product in the Beauty category, it offers beauty performance. Backed by a manufacturer warranty and thousands of verified purchases."
prod_0758,Clinique Fragrance #28,Beauty,Fragrance,Clinique,125.95,4.0,128,True,"['sensitive-skin', 'moisturizing', 'beauty', 'spf', 'paraben-free', 'vitamin-c', 'skincare', 'organic']","The Clinique Fragrance #28 from Clinique combines organic functionality with sleek aesthetics. As a leading fragrance product in the Beauty category, it offers skincare performance. Backed by a manufacturer warranty and thousands of verified purchases."
prod_0759,Dove Men's Grooming #29,Beauty,Men's Grooming,Dove,11.7,4.8,316,True,"['anti-aging', 'paraben-free', 'fragrance-free', 'moisturizing', 'vegan', 'organic', 'spf', 'skincare']","Introducing the Dove Men's Grooming #29 by Dove — a premium beauty solution built for modern lifestyles. Engineered with skincare materials and paraben-free design, it stands out in the men's grooming market. Whether you're a beginner or professional, this product meets your needs."
prod_0760,Olay Fragrance #30,Beauty,Fragrance,Olay,132.47,3.5,1373,True,"['cruelty-free', 'organic', 'skincare', 'fragrance-free', 'anti-aging', 'moisturizing']","Introducing the Olay Fragrance #30 by Olay — a premium beauty solution built for modern lifestyles. Engineered with organic materials and cruelty-free design, it stands out in the fragrance market. Whether you're a beginner or professional, this product meets your needs."
prod_0761,Maybelline Nail Care #31,Beauty,Nail Care,Maybelline,193.87,4.6,298,True,"['vegan', 'moisturizing', 'vitamin-c', 'hyaluronic-acid', 'beauty', 'spf']","The Maybelline Nail Care #31 from Maybelline combines moisturizing functionality with sleek aesthetics. As a leading nail care product in the Beauty category, it offers vitamin-c performance. Backed by a manufacturer warranty and thousands of verified purchases."
prod_0762,CeraVe Fragrance #32,Beauty,Fragrance,CeraVe,144.2,3.9,46,False,"['fragrance-free', 'skincare', 'vitamin-c', 'natural', 'hyaluronic-acid', 'sensitive-skin', 'beauty', 'moisturizing', 'vegan', 'organic', 'spf', 'anti-aging']","Introducing the CeraVe Fragrance #32 by CeraVe — a premium beauty solution built for modern lifestyles. Engineered with spf materials and vegan design, it stands out in the fragrance market. Whether you're a beginner or professional, this product meets your needs."
prod_0763,Olay Fragrance #33,Beauty,Fragrance,Olay,141.9,3.8,548,True,"['skincare', 'hyaluronic-acid', 'cruelty-free', 'sensitive-skin', 'dermatologist-tested', 'moisturizing']","The Olay Olay Fragrance #33 is a top-rated fragrance product designed for outdoor use. It features dermatologist-tested and hyaluronic-acid technology for superior performance. Trusted by thousands of customers, it delivers excellent value and durability."
prod_0764,CeraVe Nail Care #34,Beauty,Nail Care,CeraVe,91.99,4.9,945,False,"['dermatologist-tested', 'anti-aging', 'cruelty-free', 'moisturizing', 'skincare', 'natural', 'spf', 'sensitive-skin', 'paraben-free', 'beauty']","Introducing the CeraVe Nail Care #34 by CeraVe — a premium beauty solution built for modern lifestyles. Engineered with skincare materials and cruelty-free design, it stands out in the nail care market. Whether you're a beginner or professional, this product meets your needs."
prod_0765,Neutrogena Skincare #35,Beauty,Skincare,Neutrogena,107.29,3.8,38,True,"['organic', 'anti-aging', 'beauty', 'cruelty-free', 'natural', 'dermatologist-tested', 'vegan', 'moisturizing']","The Neutrogena Neutrogena Skincare #35 is a top-rated skincare product designed for professional use. It features cruelty-free and moisturizing technology for superior performance. Trusted by thousands of customers, it delivers excellent value and durability."
prod_0766,Olay Nail Care #36,Beauty,Nail Care,Olay,172.45,4.1,17,True,"['natural', 'sensitive-skin', 'hyaluronic-acid', 'anti-aging', 'paraben-free', 'skincare']","Introducing the Olay Nail Care #36 by Olay — a premium beauty solution built for modern lifestyles. Engineered with paraben-free materials and sensitive-skin design, it stands out in the nail care market. Whether you're a beginner or professional, this product meets your needs."
prod_0767,CeraVe Makeup #37,Beauty,Makeup,CeraVe,166.46,4.2,124,True,"['beauty', 'paraben-free', 'spf', 'hyaluronic-acid', 'dermatologist-tested', 'vitamin-c', 'fragrance-free', 'vegan', 'sensitive-skin']","Introducing the CeraVe Makeup #37 by CeraVe — a premium beauty solution built for modern lifestyles. Engineered with hyaluronic-acid materials and spf design, it stands out in the makeup market. Whether you're a beginner or professional, this product meets your needs."
prod_0768,Maybelline Nail Care #38,Beauty,Nail Care,Maybelline,52.06,3.8,21,True,"['cruelty-free', 'moisturizing', 'paraben-free', 'skincare', 'spf', 'organic', 'beauty', 'sensitive-skin', 'anti-aging', 'hyaluronic-acid']","Introducing the Maybelline Nail Care #38 by Maybelline — a premium beauty solution built for modern lifestyles. Engineered with organic materials and spf design, it stands out in the nail care market. Whether you're a beginner or professional, this product meets your needs."
prod_0769,The Ordinary Makeup #39,Beauty,Makeup,The Ordinary,168.08,4.3,78,True,"['dermatologist-tested', 'cruelty-free', 'moisturizing', 'anti-aging', 'paraben-free', 'spf', 'fragrance-free', 'natural', 'vegan', 'sensitive-skin']","Introducing the The Ordinary Makeup #39 by The Ordinary — a premium beauty solution built for modern lifestyles. Engineered with vegan materials and vegan design, it stands out in the makeup market. Whether you're a beginner or professional, this product meets your needs."
prod_0770,The Ordinary Makeup #40,Beauty,Makeup,The Ordinary,120.91,3.4,10,True,"['dermatologist-tested', 'hyaluronic-acid', 'vegan', 'organic', 'paraben-free', 'vitamin-c', 'cruelty-free']","Introducing the The Ordinary Makeup #40 by The Ordinary — a premium beauty solution built for modern lifestyles. Engineered with paraben-free materials and vitamin-c design, it stands out in the makeup market. Whether you're a beginner or professional, this product meets your needs."
prod_0771,CeraVe Nail Care #41,Beauty,Nail Care,CeraVe,154.82,4.0,1244,True,"['natural', 'paraben-free', 'vitamin-c', 'fragrance-free', 'cruelty-free', 'vegan', 'dermatologist-tested', 'anti-aging', 'skincare', 'organic', 'sensitive-skin', 'spf']","The CeraVe Nail Care #41 from CeraVe combines fragrance-free functionality with sleek aesthetics. As a leading nail care product in the Beauty category, it offers fragrance-free performance. Backed by a manufacturer warranty and thousands of verified purchases."
prod_0772,Maybelline Makeup #42,Beauty,Makeup,Maybelline,178.02,4.8,85,True,"['moisturizing', 'dermatologist-tested', 'vegan', 'spf', 'hyaluronic-acid', 'cruelty-free', 'sensitive-skin', 'vitamin-c', 'skincare', 'natural', 'organic', 'beauty']","The Maybelline Maybelline Makeup #42 is a top-rated makeup product designed for home use. It features dermatologist-tested and sensitive-skin technology for superior performance. Trusted by thousands of customers, it delivers excellent value and durability."
prod_0773,Dove Makeup #43,Beauty,Makeup,Dove,93.68,3.7,260,True,"['organic', 'vitamin-c', 'cruelty-free', 'anti-aging', 'hyaluronic-acid', 'spf', 'vegan', 'paraben-free', 'beauty', 'fragrance-free']","The Dove Dove Makeup #43 is a top-rated makeup product designed for outdoor use. It features fragrance-free and vitamin-c technology for superior performance. Trusted by thousands of customers, it delivers excellent value and durability."
prod_0774,Fenty Beauty Skincare #44,Beauty,Skincare,Fenty Beauty,153.22,3.5,213,False,"['beauty', 'vitamin-c', 'skincare', 'cruelty-free', 'paraben-free', 'anti-aging']","The Fenty Beauty Fenty Beauty Skincare #44 is a top-rated skincare product designed for travel use. It features skincare and vitamin-c technology for superior performance. Trusted by thousands of customers, it delivers excellent value and durability."
prod_0775,Clinique Nail Care #45,Beauty,Nail Care,Clinique,16.68,4.4,646,True,"['dermatologist-tested', 'organic', 'fragrance-free', 'cruelty-free', 'paraben-free', 'spf']","The Clinique Nail Care #45 from Clinique combines paraben-free functionality with sleek aesthetics. As a leading nail care product in the Beauty category, it offers fragrance-free performance. Backed by a manufacturer warranty and thousands of verified purchases."
prod_0776,Maybelline Haircare #46,Beauty,Haircare,Maybelline,9.48,3.9,116,True,"['dermatologist-tested', 'paraben-free', 'vegan', 'natural', 'spf', 'vitamin-c', 'anti-aging', 'beauty', 'skincare', 'moisturizing']","Introducing the Maybelline Haircare #46 by Maybelline — a premium beauty solution built for modern lifestyles. Engineered with beauty materials and paraben-free design, it stands out in the haircare market. Whether you're a beginner or professional, this product meets your needs."
prod_0777,Clinique Fragrance #47,Beauty,Fragrance,Clinique,37.3,3.6,55,True,"['hyaluronic-acid', 'vegan', 'cruelty-free', 'skincare', 'beauty', 'vitamin-c', 'paraben-free']","The Clinique Clinique Fragrance #47 is a top-rated fragrance product designed for outdoor use. It features beauty and paraben-free technology for superior performance. Trusted by thousands of customers, it delivers excellent value and durability."
prod_0778,MAC Skincare #48,Beauty,Skincare,MAC,143.92,3.9,230,True,"['natural', 'fragrance-free', 'spf', 'organic', 'paraben-free', 'beauty', 'anti-aging', 'cruelty-free', 'skincare']","The MAC Skincare #48 from MAC combines natural functionality with sleek aesthetics. As a leading skincare product in the Beauty category, it offers cruelty-free performance. Backed by a manufacturer warranty and thousands of verified purchases."
prod_0779,Clinique Fragrance #49,Beauty,Fragrance,Clinique,45.07,4.5,56,True,"['fragrance-free', 'skincare', 'organic', 'hyaluronic-acid', 'sensitive-skin', 'spf', 'natural']","The Clinique Clinique Fragrance #49 is a top-rated fragrance product designed for outdoor use. It features skincare and skincare technology for superior performance. Trusted by thousands of customers, it delivers excellent value and durability."
prod_0780,MAC Haircare #50,Beauty,Haircare,MAC,122.08,4.7,107,True,"['beauty', 'sensitive-skin', 'organic', 'vegan', 'vitamin-c', 'skincare', 'moisturizing', 'hyaluronic-acid', 'fragrance-free']","The MAC Haircare #50 from MAC combines hyaluronic-acid functionality with sleek aesthetics. As a leading haircare product in the Beauty category, it offers moisturizing performance. Backed by a manufacturer warranty and thousands of verified purchases."
prod_0781,Neutrogena Fragrance #51,Beauty,Fragrance,Neutrogena,90.29,4.0,60,True,"['vegan', 'cruelty-free', 'dermatologist-tested', 'vitamin-c', 'moisturizing', 'natural', 'organic', 'hyaluronic-acid']","The Neutrogena Neutrogena Fragrance #51 is a top-rated fragrance product designed for travel use. It features vitamin-c and vegan technology for superior performance. Trusted by thousands of customers, it delivers excellent value and durability."
prod_0782,Neutrogena Haircare #52,Beauty,Haircare,Neutrogena,125.01,2.8,428,True,"['beauty', 'cruelty-free', 'skincare', 'anti-aging', 'vitamin-c', 'moisturizing', 'natural', 'sensitive-skin', 'paraben-free', 'vegan']","The Neutrogena Neutrogena Haircare #52 is a top-rated haircare product designed for home use. It features skincare and anti-aging technology for superior performance. Trusted by thousands of customers, it delivers excellent value and durability."
prod_0783,Clinique Skincare #53,Beauty,Skincare,Clinique,15.17,4.4,105,True,"['paraben-free', 'hyaluronic-acid', 'fragrance-free', 'natural', 'cruelty-free', 'anti-aging', 'moisturizing', 'spf', 'skincare', 'organic', 'beauty']","The Clinique Skincare #53 from Clinique combines cruelty-free functionality with sleek aesthetics. As a leading skincare product in the Beauty category, it offers fragrance-free performance. Backed by a manufacturer warranty and thousands of verified purchases."
prod_0784,Olay Fragrance #54,Beauty,Fragrance,Olay,153.37,4.0,275,True,"['natural', 'hyaluronic-acid', 'anti-aging', 'vitamin-c', 'vegan', 'beauty', 'dermatologist-tested', 'fragrance-free', 'spf', 'moisturizing', 'cruelty-free']","The Olay Olay Fragrance #54 is a top-rated fragrance product designed for everyday use. It features spf and spf technology for superior performance. Trusted by thousands of customers, it delivers excellent value and durability."
prod_0785,CeraVe Haircare #55,Beauty,Haircare,CeraVe,173.03,3.2,78,True,"['dermatologist-tested', 'organic', 'paraben-free', 'cruelty-free', 'moisturizing', 'vegan', 'sensitive-skin', 'natural', 'hyaluronic-acid', 'beauty', 'skincare', 'fragrance-free']","Introducing the CeraVe Haircare #55 by CeraVe — a premium beauty solution built for modern lifestyles. Engineered with sensitive-skin materials and paraben-free design, it stands out in the haircare market. Whether you're a beginner or professional, this product meets your needs."
prod_0786,MAC Fragrance #56,Beauty,Fragrance,MAC,112.31,4.4,32,True,"['spf', 'anti-aging', 'moisturizing', 'sensitive-skin', 'vitamin-c', 'dermatologist-tested', 'hyaluronic-acid', 'cruelty-free', 'paraben-free', 'vegan', 'skincare']","Introducing the MAC Fragrance #56 by MAC — a premium beauty solution built for modern lifestyles. Engineered with spf materials and sensitive-skin design, it stands out in the fragrance market. Whether you're a beginner or professional, this product meets your needs."
prod_0787,Clinique Skincare #57,Beauty,Skincare,Clinique,181.31,4.1,29,False,"['spf', 'cruelty-free', 'dermatologist-tested', 'beauty', 'paraben-free', 'moisturizing', 'vegan', 'fragrance-free', 'skincare']","The Clinique Clinique Skincare #57 is a top-rated skincare product designed for outdoor use. It features dermatologist-tested and fragrance-free technology for superior performance. Trusted by thousands of customers, it delivers excellent value and durability."
prod_0788,Dove Haircare #58,Beauty,Haircare,Dove,54.32,4.2,142,True,"['moisturizing', 'fragrance-free', 'hyaluronic-acid', 'dermatologist-tested', 'vegan', 'paraben-free', 'natural', 'spf', 'beauty']","Introducing the Dove Haircare #58 by Dove — a premium beauty solution built for modern lifestyles. Engineered with vegan materials and paraben-free design, it stands out in the haircare market. Whether you're a beginner or professional, this product meets your needs."
prod_0789,MAC Nail Care #59,Beauty,Nail Care,MAC,20.23,3.2,600,True,"['dermatologist-tested', 'vitamin-c', 'anti-aging', 'paraben-free', 'moisturizing', 'beauty', 'sensitive-skin', 'skincare']","The MAC MAC Nail Care #59 is a top-rated nail care product designed for home use. It features beauty and paraben-free technology for superior performance. Trusted by thousands of customers, it delivers excellent value and durability."
prod_0790,The Ordinary Men's Grooming #60,Beauty,Men's Grooming,The Ordinary,16.68,3.6,56,True,"['vegan', 'sensitive-skin', 'anti-aging', 'dermatologist-tested', 'beauty', 'moisturizing', 'spf', 'fragrance-free', 'paraben-free', 'cruelty-free']","The The Ordinary Men's Grooming #60 from The Ordinary combines moisturizing functionality with sleek aesthetics. As a leading men's grooming product in the Beauty category, it offers vegan performance. Backed by a manufacturer warranty and thousands of verified purchases."
prod_0791,Dove Fragrance #61,Beauty,Fragrance,Dove,89.51,4.1,588,True,"['beauty', 'sensitive-skin', 'paraben-free', 'anti-aging', 'organic', 'fragrance-free', 'skincare', 'natural', 'spf', 'vegan']","The Dove Fragrance #61 from Dove combines anti-aging functionality with sleek aesthetics. As a leading fragrance product in the Beauty category, it offers sensitive-skin performance. Backed by a manufacturer warranty and thousands of verified purchases."
prod_0792,CeraVe Fragrance #62,Beauty,Fragrance,CeraVe,13.17,3.5,159,True,"['beauty', 'natural', 'vegan', 'spf', 'organic', 'paraben-free', 'fragrance-free', 'vitamin-c']","Introducing the CeraVe Fragrance #62 by CeraVe — a premium beauty solution built for modern lifestyles. Engineered with beauty materials and natural design, it stands out in the fragrance market. Whether you're a beginner or professional, this product meets your needs."
prod_0793,CeraVe Skincare #63,Beauty,Skincare,CeraVe,96.32,4.2,340,True,"['hyaluronic-acid', 'sensitive-skin', 'moisturizing', 'skincare', 'fragrance-free', 'paraben-free', 'dermatologist-tested']","The CeraVe Skincare #63 from CeraVe combines moisturizing functionality with sleek aesthetics. As a leading skincare product in the Beauty category, it offers fragrance-free performance. Backed by a manufacturer warranty and thousands of verified purchases."
prod_0794,Fenty Beauty Nail Care #64,Beauty,Nail Care,Fenty Beauty,128.15,4.1,95,True,"['anti-aging', 'natural', 'sensitive-skin', 'paraben-free', 'organic', 'hyaluronic-acid', 'cruelty-free', 'vegan']","Introducing the Fenty Beauty Nail Care #64 by Fenty Beauty — a premium beauty solution built for modern lifestyles. Engineered with vegan materials and organic design, it stands out in the nail care market. Whether you're a beginner or professional, this product meets your needs."
prod_0795,L'Oreal Fragrance #65,Beauty,Fragrance,L'Oreal,190.66,3.6,164,True,"['paraben-free', 'vitamin-c', 'cruelty-free', 'skincare', 'natural', 'anti-aging', 'vegan', 'organic']","Introducing the L'Oreal Fragrance #65 by L'Oreal — a premium beauty solution built for modern lifestyles. Engineered with vitamin-c materials and anti-aging design, it stands out in the fragrance market. Whether you're a beginner or professional, this product meets your needs."
prod_0796,Neutrogena Makeup #66,Beauty,Makeup,Neutrogena,52.29,3.5,10,True,"['moisturizing', 'sensitive-skin', 'skincare', 'dermatologist-tested', 'beauty', 'spf', 'organic', 'anti-aging', 'paraben-free', 'vegan']","Introducing the Neutrogena Makeup #66 by Neutrogena — a premium beauty solution built for modern lifestyles. Engineered with spf materials and sensitive-skin design, it stands out in the makeup market. Whether you're a beginner or professional, this product meets your needs."
prod_0797,MAC Fragrance #67,Beauty,Fragrance,MAC,119.74,4.2,439,False,"['spf', 'vitamin-c', 'vegan', 'cruelty-free', 'paraben-free', 'organic', 'natural', 'dermatologist-tested', 'skincare']","The MAC Fragrance #67 from MAC combines vitamin-c functionality with sleek aesthetics. As a leading fragrance product in the Beauty category, it offers vitamin-c performance. Backed by a manufacturer warranty and thousands of verified purchases."
prod_0798,MAC Men's Grooming #68,Beauty,Men's Grooming,MAC,101.07,2.8,44,True,"['hyaluronic-acid', 'paraben-free', 'vitamin-c', 'fragrance-free', 'sensitive-skin', 'natural']","Introducing the MAC Men's Grooming #68 by MAC — a premium beauty solution built for modern lifestyles. Engineered with paraben-free materials and hyaluronic-acid design, it stands out in the men's grooming market. Whether you're a beginner or professional, this product meets your needs."
prod_0799,Fenty Beauty Nail Care #69,Beauty,Nail Care,Fenty Beauty,134.88,4.3,1752,True,"['beauty', 'natural', 'cruelty-free', 'dermatologist-tested', 'skincare', 'hyaluronic-acid']","Introducing the Fenty Beauty Nail Care #69 by Fenty Beauty — a premium beauty solution built for modern lifestyles. Engineered with skincare materials and beauty design, it stands out in the nail care market. Whether you're a beginner or professional, this product meets your needs."
prod_0800,Neutrogena Fragrance #70,Beauty,Fragrance,Neutrogena,57.13,4.0,61,True,"['organic', 'vitamin-c', 'anti-aging', 'skincare', 'hyaluronic-acid', 'cruelty-free', 'natural', 'fragrance-free']","The Neutrogena Neutrogena Fragrance #70 is a top-rated fragrance product designed for outdoor use. It features hyaluronic-acid and anti-aging technology for superior performance. Trusted by thousands of customers, it delivers excellent value and durability."
prod_0801,Maybelline Makeup #71,Beauty,Makeup,Maybelline,140.51,3.9,772,True,"['moisturizing', 'dermatologist-tested', 'anti-aging', 'cruelty-free', 'fragrance-free', 'spf', 'organic', 'vegan', 'paraben-free', 'natural', 'vitamin-c', 'skincare']","The Maybelline Maybelline Makeup #71 is a top-rated makeup product designed for professional use. It features vegan and anti-aging technology for superior performance. Trusted by thousands of customers, it delivers excellent value and durability."
prod_0802,Maybelline Skincare #72,Beauty,Skincare,Maybelline,26.0,3.7,56,True,"['natural', 'hyaluronic-acid', 'fragrance-free', 'skincare', 'cruelty-free', 'dermatologist-tested', 'organic', 'vegan', 'anti-aging']","Introducing the Maybelline Skincare #72 by Maybelline — a premium beauty solution built for modern lifestyles. Engineered with hyaluronic-acid materials and anti-aging design, it stands out in the skincare market. Whether you're a beginner or professional, this product meets your needs."
prod_0803,Maybelline Makeup #73,Beauty,Makeup,Maybelline,81.2,3.8,47,True,"['skincare', 'beauty', 'vitamin-c', 'cruelty-free', 'spf', 'natural', 'moisturizing', 'anti-aging']","The Maybelline Makeup #73 from Maybelline combines moisturizing functionality with sleek aesthetics. As a leading makeup product in the Beauty category, it offers natural performance. Backed by a manufacturer warranty and thousands of verified purchases."
prod_0804,L'Oreal Haircare #74,Beauty,Haircare,L'Oreal,174.49,4.1,1042,True,"['cruelty-free', 'spf', 'skincare', 'moisturizing', 'dermatologist-tested', 'natural', 'beauty']","The L'Oreal Haircare #74 from L'Oreal combines skincare functionality with sleek aesthetics. As a leading haircare product in the Beauty category, it offers spf performance. Backed by a manufacturer warranty and thousands of verified purchases."
prod_0805,L'Oreal Skincare #75,Beauty,Skincare,L'Oreal,128.15,4.2,109,True,"['dermatologist-tested', 'paraben-free', 'organic', 'hyaluronic-acid', 'fragrance-free', 'beauty', 'skincare', 'moisturizing', 'spf', 'cruelty-free', 'anti-aging']","The L'Oreal Skincare #75 from L'Oreal combines spf functionality with sleek aesthetics. As a leading skincare product in the Beauty category, it offers fragrance-free performance. Backed by a manufacturer warranty and thousands of verified purchases."
prod_0806,Clinique Men's Grooming #76,Beauty,Men's Grooming,Clinique,124.43,3.9,22,True,"['vegan', 'spf', 'paraben-free', 'fragrance-free', 'beauty', 'moisturizing', 'anti-aging', 'cruelty-free', 'organic', 'hyaluronic-acid']","Introducing the Clinique Men's Grooming #76 by Clinique — a premium beauty solution built for modern lifestyles. Engineered with vegan materials and anti-aging design, it stands out in the men's grooming market. Whether you're a beginner or professional, this product meets your needs."
prod_0807,Dove Fragrance #77,Beauty,Fragrance,Dove,183.25,4.4,135,False,"['organic', 'vegan', 'dermatologist-tested', 'hyaluronic-acid', 'vitamin-c', 'moisturizing', 'cruelty-free', 'anti-aging', 'paraben-free', 'beauty']","The Dove Dove Fragrance #77 is a top-rated fragrance product designed for professional use. It features beauty and vitamin-c technology for superior performance. Trusted by thousands of customers, it delivers excellent value and durability."
prod_0808,CeraVe Fragrance #78,Beauty,Fragrance,CeraVe,82.41,3.9,5000,True,"['beauty', 'skincare', 'paraben-free', 'cruelty-free', 'anti-aging', 'sensitive-skin', 'spf', 'hyaluronic-acid', 'fragrance-free']","The CeraVe CeraVe Fragrance #78 is a top-rated fragrance product designed for home use. It features beauty and hyaluronic-acid technology for superior performance. Trusted by thousands of customers, it delivers excellent value and durability."
prod_0809,Olay Fragrance #79,Beauty,Fragrance,Olay,146.52,4.1,60,True,"['anti-aging', 'sensitive-skin', 'vegan', 'beauty', 'vitamin-c', 'spf', 'skincare']","The Olay Fragrance #79 from Olay combines anti-aging functionality with sleek aesthetics. As a leading fragrance product in the Beauty category, it offers sensitive-skin performance. Backed by a manufacturer warranty and thousands of verified purchases."
prod_0810,The Ordinary Haircare #80,Beauty,Haircare,The Ordinary,136.0,3.8,588,False,"['natural', 'spf', 'vegan', 'fragrance-free', 'hyaluronic-acid', 'dermatologist-tested', 'skincare', 'cruelty-free', 'sensitive-skin']","The The Ordinary The Ordinary Haircare #80 is a top-rated haircare product designed for travel use. It features sensitive-skin and spf technology for superior performance. Trusted by thousands of customers, it delivers excellent value and durability."
prod_0811,Maybelline Makeup #81,Beauty,Makeup,Maybelline,27.11,4.1,26,True,"['dermatologist-tested', 'skincare', 'anti-aging', 'paraben-free', 'moisturizing', 'fragrance-free', 'vitamin-c', 'sensitive-skin', 'hyaluronic-acid']","Introducing the Maybelline Makeup #81 by Maybelline — a premium beauty solution built for modern lifestyles. Engineered with fragrance-free materials and skincare design, it stands out in the makeup market. Whether you're a beginner or professional, this product meets your needs."
prod_0812,The Ordinary Men's Grooming #82,Beauty,Men's Grooming,The Ordinary,146.44,4.5,66,True,"['paraben-free', 'hyaluronic-acid', 'vitamin-c', 'skincare', 'fragrance-free', 'natural', 'organic', 'dermatologist-tested', 'sensitive-skin', 'cruelty-free']","Introducing the The Ordinary Men's Grooming #82 by The Ordinary — a premium beauty solution built for modern lifestyles. Engineered with natural materials and paraben-free design, it stands out in the men's grooming market. Whether you're a beginner or professional, this product meets your needs."
prod_0813,MAC Men's Grooming #83,Beauty,Men's Grooming,MAC,46.41,4.9,542,True,"['organic', 'sensitive-skin', 'moisturizing', 'hyaluronic-acid', 'skincare', 'vegan', 'paraben-free']","The MAC MAC Men's Grooming #83 is a top-rated men's grooming product designed for travel use. It features paraben-free and hyaluronic-acid technology for superior performance. Trusted by thousands of customers, it delivers excellent value and durability."
prod_0814,Dove Skincare #84,Beauty,Skincare,Dove,41.68,3.8,690,True,"['dermatologist-tested', 'beauty', 'sensitive-skin', 'hyaluronic-acid', 'paraben-free', 'fragrance-free', 'spf', 'vitamin-c', 'natural', 'vegan']","The Dove Skincare #84 from Dove combines natural functionality with sleek aesthetics. As a leading skincare product in the Beauty category, it offers beauty performance. Backed by a manufacturer warranty and thousands of verified purchases."
prod_0815,Olay Fragrance #85,Beauty,Fragrance,Olay,199.25,4.0,412,True,"['paraben-free', 'dermatologist-tested', 'skincare', 'organic', 'beauty', 'vitamin-c', 'vegan', 'cruelty-free', 'moisturizing', 'anti-aging', 'natural']","Introducing the Olay Fragrance #85 by Olay — a premium beauty solution built for modern lifestyles. Engineered with beauty materials and natural design, it stands out in the fragrance market. Whether you're a beginner or professional, this product meets your needs."
prod_0816,Fenty Beauty Makeup #86,Beauty,Makeup,Fenty Beauty,170.7,4.2,53,True,"['anti-aging', 'dermatologist-tested', 'skincare', 'moisturizing', 'cruelty-free', 'sensitive-skin']","The Fenty Beauty Fenty Beauty Makeup #86 is a top-rated makeup product designed for outdoor use. It features anti-aging and anti-aging technology for superior performance. Trusted by thousands of customers, it delivers excellent value and durability."
prod_0817,Clinique Men's Grooming #87,Beauty,Men's Grooming,Clinique,121.91,3.7,510,True,"['dermatologist-tested', 'skincare', 'vitamin-c', 'cruelty-free', 'hyaluronic-acid', 'sensitive-skin']","The Clinique Clinique Men's Grooming #87 is a top-rated men's grooming product designed for everyday use. It features skincare and hyaluronic-acid technology for superior performance. Trusted by thousands of customers, it delivers excellent value and durability."
prod_0818,Olay Men's Grooming #88,Beauty,Men's Grooming,Olay,183.03,3.8,91,True,"['paraben-free', 'fragrance-free', 'anti-aging', 'organic', 'hyaluronic-acid', 'cruelty-free']","Introducing the Olay Men's Grooming #88 by Olay — a premium beauty solution built for modern lifestyles. Engineered with paraben-free materials and organic design, it stands out in the men's grooming market. Whether you're a beginner or professional, this product meets your needs."
prod_0819,The Ordinary Makeup #89,Beauty,Makeup,The Ordinary,149.51,3.5,246,True,"['skincare', 'hyaluronic-acid', 'organic', 'beauty', 'vitamin-c', 'moisturizing', 'fragrance-free']","The The Ordinary The Ordinary Makeup #89 is a top-rated makeup product designed for outdoor use. It features fragrance-free and organic technology for superior performance. Trusted by thousands of customers, it delivers excellent value and durability."
prod_0820,CeraVe Men's Grooming #90,Beauty,Men's Grooming,CeraVe,20.99,5.0,41,True,"['natural', 'sensitive-skin', 'organic', 'fragrance-free', 'skincare', 'beauty', 'moisturizing']","The CeraVe Men's Grooming #90 from CeraVe combines beauty functionality with sleek aesthetics. As a leading men's grooming product in the Beauty category, it offers moisturizing performance. Backed by a manufacturer warranty and thousands of verified purchases."
prod_0821,L'Oreal Fragrance #91,Beauty,Fragrance,L'Oreal,137.88,4.0,808,True,"['organic', 'paraben-free', 'fragrance-free', 'vegan', 'moisturizing', 'anti-aging', 'vitamin-c', 'beauty']","Introducing the L'Oreal Fragrance #91 by L'Oreal — a premium beauty solution built for modern lifestyles. Engineered with vegan materials and moisturizing design, it stands out in the fragrance market. Whether you're a beginner or professional, this product meets your needs."
prod_0822,Clinique Fragrance #92,Beauty,Fragrance,Clinique,61.09,4.0,255,True,"['organic', 'vitamin-c', 'skincare', 'fragrance-free', 'spf', 'cruelty-free', 'moisturizing']","The Clinique Fragrance #92 from Clinique combines cruelty-free functionality with sleek aesthetics. As a leading fragrance product in the Beauty category, it offers skincare performance. Backed by a manufacturer warranty and thousands of verified purchases."
prod_0823,Clinique Haircare #93,Beauty,Haircare,Clinique,28.4,3.5,248,True,"['vegan', 'natural', 'fragrance-free', 'beauty', 'hyaluronic-acid', 'sensitive-skin', 'paraben-free', 'skincare', 'dermatologist-tested', 'organic', 'moisturizing']","The Clinique Haircare #93 from Clinique combines moisturizing functionality with sleek aesthetics. As a leading haircare product in the Beauty category, it offers beauty performance. Backed by a manufacturer warranty and thousands of verified purchases."
prod_0824,L'Oreal Nail Care #94,Beauty,Nail Care,L'Oreal,85.6,3.9,484,True,"['vegan', 'moisturizing', 'natural', 'paraben-free', 'sensitive-skin', 'skincare', 'dermatologist-tested', 'anti-aging']","Introducing the L'Oreal Nail Care #94 by L'Oreal — a premium beauty solution built for modern lifestyles. Engineered with anti-aging materials and paraben-free design, it stands out in the nail care market. Whether you're a beginner or professional, this product meets your needs."
prod_0825,CeraVe Nail Care #95,Beauty,Nail Care,CeraVe,100.53,4.6,3319,True,"['spf', 'beauty', 'cruelty-free', 'vitamin-c', 'hyaluronic-acid', 'moisturizing', 'natural', 'fragrance-free']","The CeraVe CeraVe Nail Care #95 is a top-rated nail care product designed for everyday use. It features fragrance-free and hyaluronic-acid technology for superior performance. Trusted by thousands of customers, it delivers excellent value and durability."
prod_0826,MAC Haircare #96,Beauty,Haircare,MAC,154.97,4.3,219,True,"['paraben-free', 'hyaluronic-acid', 'anti-aging', 'skincare', 'organic', 'moisturizing', 'dermatologist-tested', 'cruelty-free', 'vitamin-c']","The MAC MAC Haircare #96 is a top-rated haircare product designed for professional use. It features cruelty-free and skincare technology for superior performance. Trusted by thousands of customers, it delivers excellent value and durability."
prod_0827,Maybelline Fragrance #97,Beauty,Fragrance,Maybelline,8.34,4.1,97,True,"['sensitive-skin', 'moisturizing', 'spf', 'vegan', 'anti-aging', 'hyaluronic-acid', 'natural']","The Maybelline Maybelline Fragrance #97 is a top-rated fragrance product designed for everyday use. It features spf and hyaluronic-acid technology for superior performance. Trusted by thousands of customers, it delivers excellent value and durability."
prod_0828,Olay Nail Care #98,Beauty,Nail Care,Olay,160.89,4.2,104,True,"['spf', 'beauty', 'skincare', 'organic', 'paraben-free', 'vegan', 'cruelty-free', 'anti-aging', 'hyaluronic-acid', 'sensitive-skin', 'moisturizing']","The Olay Olay Nail Care #98 is a top-rated nail care product designed for travel use. It features sensitive-skin and hyaluronic-acid technology for superior performance. Trusted by thousands of customers, it delivers excellent value and durability."
prod_0829,Fenty Beauty Skincare #99,Beauty,Skincare,Fenty Beauty,154.86,4.1,721,True,"['anti-aging', 'spf', 'organic', 'dermatologist-tested', 'beauty', 'moisturizing', 'vegan', 'natural', 'sensitive-skin', 'fragrance-free', 'paraben-free', 'hyaluronic-acid']","The Fenty Beauty Skincare #99 from Fenty Beauty combines paraben-free functionality with sleek aesthetics. As a leading skincare product in the Beauty category, it offers vegan performance. Backed by a manufacturer warranty and thousands of verified purchases."
prod_0830,Clinique Men's Grooming #100,Beauty,Men's Grooming,Clinique,114.98,3.5,582,True,"['spf', 'moisturizing', 'organic', 'vegan', 'fragrance-free', 'dermatologist-tested']","Introducing the Clinique Men's Grooming #100 by Clinique — a premium beauty solution built for modern lifestyles. Engineered with vegan materials and moisturizing design, it stands out in the men's grooming market. Whether you're a beginner or professional, this product meets your needs."
prod_0831,LEGO STEM #1,Toys & Games,STEM,LEGO,139.5,4.7,128,True,"['age-10+', 'kids', 'educational', 'puzzle', 'toys', 'award-winning']","The LEGO STEM #1 from LEGO combines age-10+ functionality with sleek aesthetics. As a leading stem product in the Toys & Games category, it offers award-winning performance. Backed by a manufacturer warranty and thousands of verified purchases."
prod_0832,Fisher-Price Educational #2,Toys & Games,Educational,Fisher-Price,148.91,2.9,71,True,"['stem', 'games', 'toys', 'creative', 'award-winning', 'age-10+', 'puzzle']","Introducing the Fisher-Price Educational #2 by Fisher-Price — a premium toys & games solution built for modern lifestyles. Engineered with award-winning materials and creative design, it stands out in the educational market. Whether you're a beginner or professional, this product meets your needs."
prod_0833,Hasbro STEM #3,Toys & Games,STEM,Hasbro,23.23,4.6,144,True,"['award-winning', 'age-10+', 'age-6+', 'multiplayer', 'family', 'educational', 'toys', 'age-3+']","The Hasbro Hasbro STEM #3 is a top-rated stem product designed for home use. It features age-6+ and award-winning technology for superior performance. Trusted by thousands of customers, it delivers excellent value and durability."
prod_0834,Fisher-Price STEM #4,Toys & Games,STEM,Fisher-Price,185.34,3.5,80,True,"['toys', 'puzzle', 'multiplayer', 'stem', 'award-winning', 'age-3+', 'age-6+', 'kids']","The Fisher-Price Fisher-Price STEM #4 is a top-rated stem product designed for everyday use. It features puzzle and toys technology for superior performance. Trusted by thousands of customers, it delivers excellent value and durability."
prod_0835,Mattel Puzzles #5,Toys & Games,Puzzles,Mattel,43.19,4.4,286,True,"['educational', 'kids', 'creative', 'age-3+', 'toys', 'multiplayer', 'washable']","Introducing the Mattel Puzzles #5 by Mattel — a premium toys & games solution built for modern lifestyles. Engineered with educational materials and multiplayer design, it stands out in the puzzles market. Whether you're a beginner or professional, this product meets your needs."
prod_0836,Nintendo Video Games #6,Toys & Games,Video Games,Nintendo,167.78,3.9,95,False,"['kids', 'multiplayer', 'games', 'washable', 'age-3+', 'puzzle', 'toys', 'safe-materials', 'family']","The Nintendo Nintendo Video Games #6 is a top-rated video games product designed for everyday use. It features family and games technology for superior performance. Trusted by thousands of customers, it delivers excellent value and durability."
prod_0837,Hasbro Outdoor Toys #7,Toys & Games,Outdoor Toys,Hasbro,89.75,3.8,49,True,"['safe-materials', 'kids', 'creative', 'multiplayer', 'age-6+', 'family', 'age-10+', 'stem', 'educational', 'games', 'award-winning']","The Hasbro Outdoor Toys #7 from Hasbro combines age-10+ functionality with sleek aesthetics. As a leading outdoor toys product in the Toys & Games category, it offers creative performance. Backed by a manufacturer warranty and thousands of verified purchases."
prod_0838,Nintendo Outdoor Toys #8,Toys & Games,Outdoor Toys,Nintendo,66.57,4.8,100,True,"['educational', 'multiplayer', 'award-winning', 'toys', 'washable', 'puzzle', 'creative', 'age-10+', 'age-3+', 'age-6+']","The Nintendo Outdoor Toys #8 from Nintendo combines educational functionality with sleek aesthetics. As a leading outdoor toys product in the Toys & Games category, it offers toys performance. Backed by a manufacturer warranty and thousands of verified purchases."
prod_0839,Hasbro Video Games #9,Toys & Games,Video Games,Hasbro,114.21,4.6,921,True,"['washable', 'family', 'age-10+', 'multiplayer', 'kids', 'toys', 'age-6+', 'safe-materials', 'creative']","The Hasbro Hasbro Video Games #9 is a top-rated video games product designed for professional use. It features age-10+ and multiplayer technology for superior performance. Trusted by thousands of customers, it delivers excellent value and durability."
prod_0840,Ravensburger Board Games #10,Toys & Games,Board Games,Ravensburger,107.39,4.5,88,True,"['creative', 'washable', 'stem', 'age-6+', 'kids', 'family']","The Ravensburger Board Games #10 from Ravensburger combines washable functionality with sleek aesthetics. As a leading board games product in the Toys & Games category, it offers family performance. Backed by a manufacturer warranty and thousands of verified purchases."
prod_0841,Play-Doh Educational #11,Toys & Games,Educational,Play-Doh,91.26,4.2,144,True,"['multiplayer', 'family', 'age-6+', 'games', 'stem', 'age-3+', 'kids', 'creative', 'puzzle']","The Play-Doh Play-Doh Educational #11 is a top-rated educational product designed for home use. It features multiplayer and multiplayer technology for superior performance. Trusted by thousands of customers, it delivers excellent value and durability."
prod_0842,Play-Doh Video Games #12,Toys & Games,Video Games,Play-Doh,20.81,3.5,219,True,"['educational', 'age-3+', 'award-winning', 'games', 'safe-materials', 'age-6+', 'stem', 'toys', 'puzzle', 'age-10+', 'creative']","The Play-Doh Video Games #12 from Play-Doh combines creative functionality with sleek aesthetics. As a leading video games product in the Toys & Games category, it offers age-3+ performance. Backed by a manufacturer warranty and thousands of verified purchases."
prod_0843,Nintendo Video Games #13,Toys & Games,Video Games,Nintendo,55.86,3.4,617,True,"['age-6+', 'safe-materials', 'kids', 'age-10+', 'family', 'multiplayer']","The Nintendo Nintendo Video Games #13 is a top-rated video games product designed for travel use. It features age-10+ and kids technology for superior performance. Trusted by thousands of customers, it delivers excellent value and durability."
prod_0844,Barbie Action Figures #14,Toys & Games,Action Figures,Barbie,126.22,3.8,188,True,"['stem', 'puzzle', 'age-3+', 'toys', 'age-6+', 'safe-materials']","Introducing the Barbie Action Figures #14 by Barbie — a premium toys & games solution built for modern lifestyles. Engineered with age-6+ materials and stem design, it stands out in the action figures market. Whether you're a beginner or professional, this product meets your needs."
prod_0845,Ravensburger Outdoor Toys #15,Toys & Games,Outdoor Toys,Ravensburger,129.15,4.1,108,True,"['stem', 'multiplayer', 'age-6+', 'creative', 'award-winning', 'kids']","Introducing the Ravensburger Outdoor Toys #15 by Ravensburger — a premium toys & games solution built for modern lifestyles. Engineered with stem materials and multiplayer design, it stands out in the outdoor toys market. Whether you're a beginner or professional, this product meets your needs."
prod_0846,Ravensburger Action Figures #16,Toys & Games,Action Figures,Ravensburger,133.96,4.3,83,True,"['creative', 'safe-materials', 'kids', 'age-10+', 'puzzle', 'toys', 'age-6+', 'multiplayer']","The Ravensburger Action Figures #16 from Ravensburger combines age-6+ functionality with sleek aesthetics. As a leading action figures product in the Toys & Games category, it offers multiplayer performance. Backed by a manufacturer warranty and thousands of verified purchases."
prod_0847,Play-Doh Board Games #17,Toys & Games,Board Games,Play-Doh,156.83,4.4,29,True,"['washable', 'age-6+', 'kids', 'award-winning', 'games', 'toys', 'creative', 'age-10+', 'age-3+', 'educational', 'multiplayer', 'puzzle']","Introducing the Play-Doh Board Games #17 by Play-Doh — a premium toys & games solution built for modern lifestyles. Engineered with washable materials and games design, it stands out in the board games market. Whether you're a beginner or professional, this product meets your needs."
prod_0848,Mattel Puzzles #18,Toys & Games,Puzzles,Mattel,111.76,4.1,1520,True,"['age-3+', 'educational', 'age-6+', 'safe-materials', 'puzzle', 'multiplayer', 'award-winning', 'games', 'age-10+']","The Mattel Puzzles #18 from Mattel combines award-winning functionality with sleek aesthetics. As a leading puzzles product in the Toys & Games category, it offers puzzle performance. Backed by a manufacturer warranty and thousands of verified purchases."
prod_0849,Nintendo STEM #19,Toys & Games,STEM,Nintendo,84.49,3.5,65,True,"['toys', 'educational', 'puzzle', 'multiplayer', 'kids', 'stem', 'age-6+']","Introducing the Nintendo STEM #19 by Nintendo — a premium toys & games solution built for modern lifestyles. Engineered with puzzle materials and age-6+ design, it stands out in the stem market. Whether you're a beginner or professional, this product meets your needs."
prod_0850,Melissa & Doug Video Games #20,Toys & Games,Video Games,Melissa & Doug,61.87,4.3,184,True,"['puzzle', 'kids', 'stem', 'award-winning', 'creative', 'toys', 'safe-materials', 'washable', 'age-3+', 'games', 'age-6+']","The Melissa & Doug Video Games #20 from Melissa & Doug combines award-winning functionality with sleek aesthetics. As a leading video games product in the Toys & Games category, it offers puzzle performance. Backed by a manufacturer warranty and thousands of verified purchases."
prod_0851,Nintendo Outdoor Toys #21,Toys & Games,Outdoor Toys,Nintendo,85.18,4.2,266,True,"['safe-materials', 'creative', 'age-6+', 'age-10+', 'award-winning', 'family', 'toys', 'educational']","Introducing the Nintendo Outdoor Toys #21 by Nintendo — a premium toys & games solution built for modern lifestyles. Engineered with age-6+ materials and award-winning design, it stands out in the outdoor toys market. Whether you're a beginner or professional, this product meets your needs."
prod_0852,LEGO Puzzles #22,Toys & Games,Puzzles,LEGO,136.37,4.3,562,True,"['toys', 'creative', 'family', 'award-winning', 'washable', 'safe-materials', 'educational', 'age-6+']","Introducing the LEGO Puzzles #22 by LEGO — a premium toys & games solution built for modern lifestyles. Engineered with award-winning materials and washable design, it stands out in the puzzles market. Whether you're a beginner or professional, this product meets your needs."
prod_0853,Mattel Video Games #23,Toys & Games,Video Games,Mattel,162.16,4.2,111,True,"['games', 'multiplayer', 'age-10+', 'age-3+', 'age-6+', 'safe-materials']","The Mattel Mattel Video Games #23 is a top-rated video games product designed for everyday use. It features age-6+ and games technology for superior performance. Trusted by thousands of customers, it delivers excellent value and durability."
prod_0854,Hot Wheels Educational #24,Toys & Games,Educational,Hot Wheels,47.27,4.3,1450,True,"['family', 'stem', 'educational', 'toys', 'puzzle', 'multiplayer', 'games', 'age-6+', 'washable']","The Hot Wheels Educational #24 from Hot Wheels combines stem functionality with sleek aesthetics. As a leading educational product in the Toys & Games category, it offers age-6+ performance. Backed by a manufacturer warranty and thousands of verified purchases."
prod_0855,Barbie Video Games #25,Toys & Games,Video Games,Barbie,145.46,3.9,46,True,"['washable', 'toys', 'safe-materials', 'kids', 'educational', 'award-winning', 'age-10+', 'games', 'multiplayer', 'family']","The Barbie Video Games #25 from Barbie combines washable functionality with sleek aesthetics. As a leading video games product in the Toys & Games category, it offers kids performance. Backed by a manufacturer warranty and thousands of verified purchases."
prod_0856,Hot Wheels Outdoor Toys #26,Toys & Games,Outdoor Toys,Hot Wheels,56.46,4.6,128,True,"['safe-materials', 'age-10+', 'games', 'multiplayer', 'puzzle', 'toys', 'educational', 'family']","The Hot Wheels Hot Wheels Outdoor Toys #26 is a top-rated outdoor toys product designed for home use. It features toys and games technology for superior performance. Trusted by thousands of customers, it delivers excellent value and durability."
prod_0857,Play-Doh Puzzles #27,Toys & Games,Puzzles,Play-Doh,60.93,2.9,410,True,"['creative', 'educational', 'safe-materials', 'puzzle', 'age-6+', 'age-3+', 'stem', 'toys', 'washable', 'games']","The Play-Doh Puzzles #27 from Play-Doh combines games functionality with sleek aesthetics. As a leading puzzles product in the Toys & Games category, it offers games performance. Backed by a manufacturer warranty and thousands of verified purchases."
prod_0858,Hot Wheels Educational #28,Toys & Games,Educational,Hot Wheels,58.63,3.7,133,True,"['puzzle', 'games', 'safe-materials', 'creative', 'toys', 'multiplayer', 'kids', 'washable']","Introducing the Hot Wheels Educational #28 by Hot Wheels — a premium toys & games solution built for modern lifestyles. Engineered with multiplayer materials and creative design, it stands out in the educational market. Whether you're a beginner or professional, this product meets your needs."
prod_0859,LEGO Video Games #29,Toys & Games,Video Games,LEGO,106.27,4.2,186,True,"['games', 'multiplayer', 'kids', 'puzzle', 'toys', 'family']","The LEGO Video Games #29 from LEGO combines puzzle functionality with sleek aesthetics. As a leading video games product in the Toys & Games category, it offers puzzle performance. Backed by a manufacturer warranty and thousands of verified purchases."
prod_0860,LEGO Video Games #30,Toys & Games,Video Games,LEGO,80.33,4.4,88,True,"['age-3+', 'games', 'stem', 'multiplayer', 'educational', 'safe-materials', 'kids', 'family', 'age-6+', 'puzzle', 'award-winning']","The LEGO LEGO Video Games #30 is a top-rated video games product designed for everyday use. It features kids and age-6+ technology for superior performance. Trusted by thousands of customers, it delivers excellent value and durability."
prod_0861,Hot Wheels Video Games #31,Toys & Games,Video Games,Hot Wheels,87.77,4.3,108,True,"['family', 'kids', 'age-10+', 'educational', 'age-6+', 'creative', 'award-winning', 'toys', 'age-3+', 'games']","Introducing the Hot Wheels Video Games #31 by Hot Wheels — a premium toys & games solution built for modern lifestyles. Engineered with age-3+ materials and toys design, it stands out in the video games market. Whether you're a beginner or professional, this product meets your needs."
prod_0862,Barbie Video Games #32,Toys & Games,Video Games,Barbie,148.65,4.4,310,True,"['kids', 'puzzle', 'toys', 'educational', 'multiplayer', 'stem', 'games', 'award-winning', 'age-3+', 'age-10+']","The Barbie Video Games #32 from Barbie combines age-3+ functionality with sleek aesthetics. As a leading video games product in the Toys & Games category, it offers stem performance. Backed by a manufacturer warranty and thousands of verified purchases."
prod_0863,Nintendo Board Games #33,Toys & Games,Board Games,Nintendo,60.72,3.5,546,True,"['washable', 'toys', 'multiplayer', 'age-3+', 'creative', 'age-10+', 'kids']","Introducing the Nintendo Board Games #33 by Nintendo — a premium toys & games solution built for modern lifestyles. Engineered with age-10+ materials and creative design, it stands out in the board games market. Whether you're a beginner or professional, this product meets your needs."
prod_0864,Melissa & Doug STEM #34,Toys & Games,STEM,Melissa & Doug,174.57,3.7,391,True,"['creative', 'safe-materials', 'age-6+', 'family', 'age-10+', 'multiplayer', 'age-3+', 'games', 'washable', 'kids', 'award-winning']","The Melissa & Doug Melissa & Doug STEM #34 is a top-rated stem product designed for travel use. It features multiplayer and kids technology for superior performance. Trusted by thousands of customers, it delivers excellent value and durability."
prod_0865,Nintendo Board Games #35,Toys & Games,Board Games,Nintendo,9.15,4.2,1347,True,"['washable', 'creative', 'age-10+', 'award-winning', 'educational', 'kids', 'family', 'games', 'age-3+', 'puzzle']","Introducing the Nintendo Board Games #35 by Nintendo — a premium toys & games solution built for modern lifestyles. Engineered with family materials and puzzle design, it stands out in the board games market. Whether you're a beginner or professional, this product meets your needs."
prod_0866,Barbie Board Games #36,Toys & Games,Board Games,Barbie,97.23,3.9,97,True,"['family', 'games', 'age-3+', 'puzzle', 'toys', 'award-winning', 'kids', 'educational', 'age-6+']","The Barbie Board Games #36 from Barbie combines award-winning functionality with sleek aesthetics. As a leading board games product in the Toys & Games category, it offers puzzle performance. Backed by a manufacturer warranty and thousands of verified purchases."
prod_0867,LEGO STEM #37,Toys & Games,STEM,LEGO,168.01,4.0,103,True,"['safe-materials', 'toys', 'stem', 'puzzle', 'family', 'games', 'kids', 'multiplayer']","The LEGO STEM #37 from LEGO combines stem functionality with sleek aesthetics. As a leading stem product in the Toys & Games category, it offers kids performance. Backed by a manufacturer warranty and thousands of verified purchases."
prod_0868,Barbie Video Games #38,Toys & Games,Video Games,Barbie,79.57,4.4,21,True,"['stem', 'puzzle', 'family', 'games', 'educational', 'toys', 'age-6+', 'age-3+', 'safe-materials']","The Barbie Barbie Video Games #38 is a top-rated video games product designed for outdoor use. It features puzzle and family technology for superior performance. Trusted by thousands of customers, it delivers excellent value and durability."
prod_0869,Nintendo Educational #39,Toys & Games,Educational,Nintendo,82.74,3.5,41,True,"['educational', 'age-10+', 'award-winning', 'creative', 'age-6+', 'multiplayer', 'toys']","The Nintendo Nintendo Educational #39 is a top-rated educational product designed for everyday use. It features toys and age-10+ technology for superior performance. Trusted by thousands of customers, it delivers excellent value and durability."
prod_0870,Melissa & Doug STEM #40,Toys & Games,STEM,Melissa & Doug,122.08,4.5,1156,True,"['games', 'toys', 'washable', 'puzzle', 'age-6+', 'educational', 'award-winning', 'family', 'stem']","The Melissa & Doug Melissa & Doug STEM #40 is a top-rated stem product designed for professional use. It features educational and games technology for superior performance. Trusted by thousands of customers, it delivers excellent value and durability."
prod_0871,Hasbro Action Figures #41,Toys & Games,Action Figures,Hasbro,62.14,3.9,121,True,"['games', 'safe-materials', 'multiplayer', 'stem', 'toys', 'age-3+', 'puzzle', 'kids', 'age-6+', 'award-winning']","The Hasbro Action Figures #41 from Hasbro combines multiplayer functionality with sleek aesthetics. As a leading action figures product in the Toys & Games category, it offers games performance. Backed by a manufacturer warranty and thousands of verified purchases."
prod_0872,Nintendo Puzzles #42,Toys & Games,Puzzles,Nintendo,57.67,4.0,598,True,"['age-3+', 'washable', 'age-10+', 'creative', 'puzzle', 'kids', 'toys', 'safe-materials', 'games']","The Nintendo Nintendo Puzzles #42 is a top-rated puzzles product designed for outdoor use. It features toys and age-10+ technology for superior performance. Trusted by thousands of customers, it delivers excellent value and durability."
prod_0873,Hot Wheels Outdoor Toys #43,Toys & Games,Outdoor Toys,Hot Wheels,184.95,3.5,197,True,"['kids', 'age-10+', 'multiplayer', 'safe-materials', 'games', 'creative']","The Hot Wheels Hot Wheels Outdoor Toys #43 is a top-rated outdoor toys product designed for everyday use. It features safe-materials and games technology for superior performance. Trusted by thousands of customers, it delivers excellent value and durability."
prod_0874,Fisher-Price Outdoor Toys #44,Toys & Games,Outdoor Toys,Fisher-Price,22.39,4.5,270,True,"['washable', 'stem', 'safe-materials', 'multiplayer', 'kids', 'educational', 'award-winning']","The Fisher-Price Fisher-Price Outdoor Toys #44 is a top-rated outdoor toys product designed for outdoor use. It features washable and multiplayer technology for superior performance. Trusted by thousands of customers, it delivers excellent value and durability."
prod_0875,Hasbro Educational #45,Toys & Games,Educational,Hasbro,20.33,4.1,493,True,"['toys', 'puzzle', 'games', 'educational', 'safe-materials', 'multiplayer', 'age-6+']","Introducing the Hasbro Educational #45 by Hasbro — a premium toys & games solution built for modern lifestyles. Engineered with educational materials and safe-materials design, it stands out in the educational market. Whether you're a beginner or professional, this product meets your needs."
prod_0876,Hot Wheels Educational #46,Toys & Games,Educational,Hot Wheels,19.5,2.6,334,True,"['age-6+', 'creative', 'safe-materials', 'award-winning', 'age-10+', 'toys', 'kids', 'stem', 'family', 'games', 'educational']","The Hot Wheels Hot Wheels Educational #46 is a top-rated educational product designed for home use. It features family and age-6+ technology for superior performance. Trusted by thousands of customers, it delivers excellent value and durability."
prod_0877,Nintendo Educational #47,Toys & Games,Educational,Nintendo,167.24,3.7,16,True,"['age-3+', 'age-6+', 'games', 'kids', 'washable', 'family', 'safe-materials', 'multiplayer', 'award-winning']","The Nintendo Nintendo Educational #47 is a top-rated educational product designed for everyday use. It features age-3+ and games technology for superior performance. Trusted by thousands of customers, it delivers excellent value and durability."
prod_0878,Barbie Action Figures #48,Toys & Games,Action Figures,Barbie,186.46,4.3,771,True,"['kids', 'age-10+', 'age-6+', 'stem', 'age-3+', 'safe-materials', 'family', 'educational', 'puzzle']","The Barbie Action Figures #48 from Barbie combines puzzle functionality with sleek aesthetics. As a leading action figures product in the Toys & Games category, it offers age-6+ performance. Backed by a manufacturer warranty and thousands of verified purchases."
prod_0879,Melissa & Doug Action Figures #49,Toys & Games,Action Figures,Melissa & Doug,10.69,3.9,465,True,"['age-10+', 'award-winning', 'age-3+', 'multiplayer', 'toys', 'safe-materials', 'age-6+']","The Melissa & Doug Melissa & Doug Action Figures #49 is a top-rated action figures product designed for outdoor use. It features multiplayer and safe-materials technology for superior performance. Trusted by thousands of customers, it delivers excellent value and durability."
prod_0880,Fisher-Price Outdoor Toys #50,Toys & Games,Outdoor Toys,Fisher-Price,180.56,4.8,719,True,"['award-winning', 'washable', 'kids', 'toys', 'stem', 'multiplayer', 'puzzle', 'safe-materials', 'age-10+', 'family']","Introducing the Fisher-Price Outdoor Toys #50 by Fisher-Price — a premium toys & games solution built for modern lifestyles. Engineered with multiplayer materials and multiplayer design, it stands out in the outdoor toys market. Whether you're a beginner or professional, this product meets your needs."
prod_0881,Ravensburger Puzzles #51,Toys & Games,Puzzles,Ravensburger,7.89,4.8,361,True,"['age-6+', 'age-3+', 'games', 'family', 'creative', 'puzzle', 'kids', 'award-winning']","The Ravensburger Puzzles #51 from Ravensburger combines kids functionality with sleek aesthetics. As a leading puzzles product in the Toys & Games category, it offers award-winning performance. Backed by a manufacturer warranty and thousands of verified purchases."
prod_0882,Play-Doh STEM #52,Toys & Games,STEM,Play-Doh,109.18,4.0,21,True,"['creative', 'educational', 'puzzle', 'age-10+', 'multiplayer', 'age-6+', 'washable', 'toys', 'games', 'award-winning', 'age-3+']","The Play-Doh STEM #52 from Play-Doh combines games functionality with sleek aesthetics. As a leading stem product in the Toys & Games category, it offers washable performance. Backed by a manufacturer warranty and thousands of verified purchases."
prod_0883,Nintendo Puzzles #53,Toys & Games,Puzzles,Nintendo,103.94,3.9,53,True,"['family', 'kids', 'creative', 'age-10+', 'stem', 'multiplayer', 'age-6+', 'games']","The Nintendo Nintendo Puzzles #53 is a top-rated puzzles product designed for everyday use. It features stem and multiplayer technology for superior performance. Trusted by thousands of customers, it delivers excellent value and durability."
prod_0884,Fisher-Price Educational #54,Toys & Games,Educational,Fisher-Price,179.56,5.0,120,True,"['age-3+', 'puzzle', 'washable', 'educational', 'age-6+', 'kids', 'toys', 'award-winning', 'age-10+']","Introducing the Fisher-Price Educational #54 by Fisher-Price — a premium toys & games solution built for modern lifestyles. Engineered with award-winning materials and award-winning design, it stands out in the educational market. Whether you're a beginner or professional, this product meets your needs."
prod_0885,Play-Doh Video Games #55,Toys & Games,Video Games,Play-Doh,117.05,4.1,287,True,"['age-6+', 'age-3+', 'multiplayer', 'kids', 'award-winning', 'stem', 'washable', 'educational', 'safe-materials']","The Play-Doh Video Games #55 from Play-Doh combines washable functionality with sleek aesthetics. As a leading video games product in the Toys & Games category, it offers multiplayer performance. Backed by a manufacturer warranty and thousands of verified purchases."
prod_0886,Ravensburger Educational #56,Toys & Games,Educational,Ravensburger,15.12,4.0,1134,True,"['washable', 'toys', 'family', 'stem', 'puzzle', 'award-winning', 'multiplayer', 'age-3+']","The Ravensburger Educational #56 from Ravensburger combines puzzle functionality with sleek aesthetics. As a leading educational product in the Toys & Games category, it offers family performance. Backed by a manufacturer warranty and thousands of verified purchases."
prod_0887,Nintendo Action Figures #57,Toys & Games,Action Figures,Nintendo,53.99,3.7,187,True,"['puzzle', 'age-3+', 'age-10+', 'washable', 'educational', 'kids', 'stem', 'creative', 'games', 'age-6+']","The Nintendo Nintendo Action Figures #57 is a top-rated action figures product designed for professional use. It features age-10+ and games technology for superior performance. Trusted by thousands of customers, it delivers excellent value and durability."
prod_0888,Hasbro STEM #58,Toys & Games,STEM,Hasbro,71.34,3.6,30,True,"['creative', 'games', 'family', 'award-winning', 'stem', 'kids', 'age-6+']","The Hasbro STEM #58 from Hasbro combines award-winning functionality with sleek aesthetics. As a leading stem product in the Toys & Games category, it offers games performance. Backed by a manufacturer warranty and thousands of verified purchases."
prod_0889,Fisher-Price STEM #59,Toys & Games,STEM,Fisher-Price,174.33,3.7,141,True,"['stem', 'age-6+', 'age-10+', 'family', 'washable', 'games', 'educational']","The Fisher-Price Fisher-Price STEM #59 is a top-rated stem product designed for travel use. It features stem and washable technology for superior performance. Trusted by thousands of customers, it delivers excellent value and durability."
prod_0890,Barbie Outdoor Toys #60,Toys & Games,Outdoor Toys,Barbie,56.26,3.8,64,False,"['safe-materials', 'age-6+', 'stem', 'toys', 'age-10+', 'award-winning', 'age-3+', 'creative', 'puzzle']","The Barbie Outdoor Toys #60 from Barbie combines age-6+ functionality with sleek aesthetics. As a leading outdoor toys product in the Toys & Games category, it offers puzzle performance. Backed by a manufacturer warranty and thousands of verified purchases."
prod_0891,Hasbro Video Games #61,Toys & Games,Video Games,Hasbro,183.21,3.3,134,True,"['age-3+', 'kids', 'toys', 'educational', 'age-6+', 'stem', 'multiplayer', 'creative', 'puzzle', 'award-winning']","Introducing the Hasbro Video Games #61 by Hasbro — a premium toys & games solution built for modern lifestyles. Engineered with multiplayer materials and age-6+ design, it stands out in the video games market. Whether you're a beginner or professional, this product meets your needs."
prod_0892,Ravensburger Action Figures #62,Toys & Games,Action Figures,Ravensburger,44.45,3.2,369,False,"['multiplayer', 'kids', 'stem', 'age-10+', 'educational', 'puzzle', 'age-3+']","Introducing the Ravensburger Action Figures #62 by Ravensburger — a premium toys & games solution built for modern lifestyles. Engineered with age-3+ materials and age-10+ design, it stands out in the action figures market. Whether you're a beginner or professional, this product meets your needs."
prod_0893,Nintendo STEM #63,Toys & Games,STEM,Nintendo,190.78,4.0,25,True,"['multiplayer', 'safe-materials', 'family', 'games', 'creative', 'washable', 'toys']","The Nintendo STEM #63 from Nintendo combines creative functionality with sleek aesthetics. As a leading stem product in the Toys & Games category, it offers multiplayer performance. Backed by a manufacturer warranty and thousands of verified purchases."
prod_0894,Barbie Outdoor Toys #64,Toys & Games,Outdoor Toys,Barbie,16.73,3.8,60,True,"['safe-materials', 'kids', 'award-winning', 'age-3+', 'toys', 'creative', 'stem', 'washable', 'games', 'age-10+', 'age-6+']","Introducing the Barbie Outdoor Toys #64 by Barbie — a premium toys & games solution built for modern lifestyles. Engineered with award-winning materials and award-winning design, it stands out in the outdoor toys market. Whether you're a beginner or professional, this product meets your needs."
prod_0895,Play-Doh Action Figures #65,Toys & Games,Action Figures,Play-Doh,103.76,4.2,741,True,"['award-winning', 'age-3+', 'age-6+', 'safe-materials', 'creative', 'family', 'kids', 'washable', 'educational', 'stem', 'multiplayer', 'age-10+']","Introducing the Play-Doh Action Figures #65 by Play-Doh — a premium toys & games solution built for modern lifestyles. Engineered with family materials and age-10+ design, it stands out in the action figures market. Whether you're a beginner or professional, this product meets your needs."
prod_0896,Play-Doh Action Figures #66,Toys & Games,Action Figures,Play-Doh,61.17,3.1,170,True,"['kids', 'creative', 'age-10+', 'games', 'multiplayer', 'puzzle', 'stem', 'toys', 'family', 'age-3+']","The Play-Doh Action Figures #66 from Play-Doh combines games functionality with sleek aesthetics. As a leading action figures product in the Toys & Games category, it offers age-3+ performance. Backed by a manufacturer warranty and thousands of verified purchases."
prod_0897,Fisher-Price Board Games #67,Toys & Games,Board Games,Fisher-Price,30.57,3.9,332,True,"['washable', 'safe-materials', 'games', 'stem', 'multiplayer', 'award-winning', 'educational', 'toys', 'kids', 'puzzle', 'age-6+', 'age-3+']","The Fisher-Price Fisher-Price Board Games #67 is a top-rated board games product designed for travel use. It features stem and age-6+ technology for superior performance. Trusted by thousands of customers, it delivers excellent value and durability."
prod_0898,Nintendo Action Figures #68,Toys & Games,Action Figures,Nintendo,60.45,4.1,60,False,"['age-6+', 'age-10+', 'puzzle', 'award-winning', 'safe-materials', 'family', 'age-3+', 'kids', 'educational', 'stem']","The Nintendo Action Figures #68 from Nintendo combines age-3+ functionality with sleek aesthetics. As a leading action figures product in the Toys & Games category, it offers puzzle performance. Backed by a manufacturer warranty and thousands of verified purchases."
prod_0899,Barbie Action Figures #69,Toys & Games,Action Figures,Barbie,197.03,3.8,57,False,"['kids', 'stem', 'creative', 'educational', 'games', 'age-6+', 'multiplayer', 'washable', 'safe-materials', 'award-winning', 'toys']","The Barbie Action Figures #69 from Barbie combines award-winning functionality with sleek aesthetics. As a leading action figures product in the Toys & Games category, it offers creative performance. Backed by a manufacturer warranty and thousands of verified purchases."
prod_0900,Play-Doh Action Figures #70,Toys & Games,Action Figures,Play-Doh,23.06,4.5,152,True,"['multiplayer', 'toys', 'games', 'age-6+', 'educational', 'puzzle', 'creative', 'age-3+', 'award-winning']","Introducing the Play-Doh Action Figures #70 by Play-Doh — a premium toys & games solution built for modern lifestyles. Engineered with puzzle materials and multiplayer design, it stands out in the action figures market. Whether you're a beginner or professional, this product meets your needs."
prod_0901,Hasbro Puzzles #71,Toys & Games,Puzzles,Hasbro,134.71,5.0,137,True,"['award-winning', 'kids', 'stem', 'age-3+', 'multiplayer', 'washable', 'creative']","The Hasbro Hasbro Puzzles #71 is a top-rated puzzles product designed for home use. It features multiplayer and washable technology for superior performance. Trusted by thousands of customers, it delivers excellent value and durability."
prod_0902,Ravensburger Board Games #72,Toys & Games,Board Games,Ravensburger,32.78,3.6,24,True,"['age-6+', 'safe-materials', 'award-winning', 'family', 'age-3+', 'puzzle']","The Ravensburger Ravensburger Board Games #72 is a top-rated board games product designed for travel use. It features safe-materials and puzzle technology for superior performance. Trusted by thousands of customers, it delivers excellent value and durability."
prod_0903,Hot Wheels Board Games #73,Toys & Games,Board Games,Hot Wheels,39.23,3.1,22,True,"['family', 'educational', 'safe-materials', 'age-3+', 'award-winning', 'age-10+', 'kids', 'toys', 'age-6+']","The Hot Wheels Board Games #73 from Hot Wheels combines safe-materials functionality with sleek aesthetics. As a leading board games product in the Toys & Games category, it offers educational performance. Backed by a manufacturer warranty and thousands of verified purchases."
prod_0904,Play-Doh Action Figures #74,Toys & Games,Action Figures,Play-Doh,19.7,4.1,273,True,"['educational', 'age-6+', 'safe-materials', 'kids', 'washable', 'multiplayer', 'stem', 'award-winning']","Introducing the Play-Doh Action Figures #74 by Play-Doh — a premium toys & games solution built for modern lifestyles. Engineered with washable materials and washable design, it stands out in the action figures market. Whether you're a beginner or professional, this product meets your needs."
prod_0905,Hot Wheels Outdoor Toys #75,Toys & Games,Outdoor Toys,Hot Wheels,47.68,3.2,434,True,"['puzzle', 'creative', 'educational', 'toys', 'age-10+', 'stem', 'safe-materials', 'age-6+', 'age-3+', 'award-winning', 'washable', 'multiplayer']","The Hot Wheels Outdoor Toys #75 from Hot Wheels combines puzzle functionality with sleek aesthetics. As a leading outdoor toys product in the Toys & Games category, it offers educational performance. Backed by a manufacturer warranty and thousands of verified purchases."
prod_0906,Mattel Board Games #76,Toys & Games,Board Games,Mattel,15.81,3.8,177,True,"['family', 'age-10+', 'age-3+', 'age-6+', 'award-winning', 'games', 'educational']","The Mattel Board Games #76 from Mattel combines award-winning functionality with sleek aesthetics. As a leading board games product in the Toys & Games category, it offers award-winning performance. Backed by a manufacturer warranty and thousands of verified purchases."
prod_0907,LEGO Educational #77,Toys & Games,Educational,LEGO,163.4,4.8,435,True,"['games', 'kids', 'award-winning', 'stem', 'puzzle', 'toys', 'age-6+', 'educational', 'washable', 'age-10+', 'multiplayer', 'safe-materials']","The LEGO Educational #77 from LEGO combines washable functionality with sleek aesthetics. As a leading educational product in the Toys & Games category, it offers washable performance. Backed by a manufacturer warranty and thousands of verified purchases."
prod_0908,Ravensburger Outdoor Toys #78,Toys & Games,Outdoor Toys,Ravensburger,138.3,3.9,50,True,"['multiplayer', 'washable', 'safe-materials', 'stem', 'family', 'age-6+', 'award-winning', 'kids', 'games', 'age-10+', 'creative']","The Ravensburger Ravensburger Outdoor Toys #78 is a top-rated outdoor toys product designed for outdoor use. It features multiplayer and multiplayer technology for superior performance. Trusted by thousands of customers, it delivers excellent value and durability."
prod_0909,Hasbro Puzzles #79,Toys & Games,Puzzles,Hasbro,163.86,2.9,62,True,"['award-winning', 'age-10+', 'stem', 'games', 'age-3+', 'multiplayer', 'washable', 'kids', 'safe-materials', 'age-6+', 'creative', 'toys']","The Hasbro Puzzles #79 from Hasbro combines toys functionality with sleek aesthetics. As a leading puzzles product in the Toys & Games category, it offers age-6+ performance. Backed by a manufacturer warranty and thousands of verified purchases."
prod_0910,Hasbro Board Games #80,Toys & Games,Board Games,Hasbro,64.04,3.9,45,True,"['creative', 'family', 'multiplayer', 'age-6+', 'educational', 'toys', 'safe-materials', 'age-10+', 'washable']","The Hasbro Hasbro Board Games #80 is a top-rated board games product designed for outdoor use. It features age-10+ and family technology for superior performance. Trusted by thousands of customers, it delivers excellent value and durability."
prod_0911,Meguiar's Safety #1,Automotive,Safety,Meguiar's,368.56,3.9,162,True,"['universal-fit', 'vehicle', 'car', 'weather-resistant', 'easy-install', 'professional']","The Meguiar's Safety #1 from Meguiar's combines easy-install functionality with sleek aesthetics. As a leading safety product in the Automotive category, it offers professional performance. Backed by a manufacturer warranty and thousands of verified purchases."
prod_0912,Turtle Wax Car Electronics #2,Automotive,Car Electronics,Turtle Wax,207.32,3.9,68,True,"['certified', 'vehicle', 'automotive', 'car', 'durable', 'wireless', 'easy-install']","Introducing the Turtle Wax Car Electronics #2 by Turtle Wax — a premium automotive solution built for modern lifestyles. Engineered with wireless materials and wireless design, it stands out in the car electronics market. Whether you're a beginner or professional, this product meets your needs."
prod_0913,Michelin Tools #3,Automotive,Tools,Michelin,375.92,4.1,252,True,"['automotive', 'waterproof', 'durable', 'universal-fit', 'professional', 'weather-resistant', 'heavy-duty']","The Michelin Tools #3 from Michelin combines universal-fit functionality with sleek aesthetics. As a leading tools product in the Automotive category, it offers weather-resistant performance. Backed by a manufacturer warranty and thousands of verified purchases."
prod_0914,3M Exterior #4,Automotive,Exterior,3M,83.32,3.5,806,True,"['waterproof', 'vehicle', 'car', 'wireless', 'certified', 'automotive', 'safety', 'professional', 'heavy-duty', 'weather-resistant', 'portable', 'oem-quality']","Introducing the 3M Exterior #4 by 3M — a premium automotive solution built for modern lifestyles. Engineered with automotive materials and car design, it stands out in the exterior market. Whether you're a beginner or professional, this product meets your needs."
prod_0915,Michelin Car Electronics #5,Automotive,Car Electronics,Michelin,104.89,4.0,151,True,"['heavy-duty', 'certified', 'portable', 'professional', 'car', 'automotive', 'universal-fit', 'oem-quality', 'weather-resistant', 'easy-install', 'waterproof', 'safety']","The Michelin Michelin Car Electronics #5 is a top-rated car electronics product designed for everyday use. It features certified and professional technology for superior performance. Trusted by thousands of customers, it delivers excellent value and durability."
prod_0916,AutoZone Car Care #6,Automotive,Car Care,AutoZone,170.05,4.4,196,True,"['professional', 'waterproof', 'wireless', 'vehicle', 'universal-fit', 'automotive', 'oem-quality', 'car']","Introducing the AutoZone Car Care #6 by AutoZone — a premium automotive solution built for modern lifestyles. Engineered with car materials and professional design, it stands out in the car care market. Whether you're a beginner or professional, this product meets your needs."
prod_0917,Garmin Interior #7,Automotive,Interior,Garmin,283.19,4.5,209,True,"['automotive', 'vehicle', 'durable', 'wireless', 'certified', 'easy-install', 'car', 'professional']","The Garmin Interior #7 from Garmin combines durable functionality with sleek aesthetics. As a leading interior product in the Automotive category, it offers certified performance. Backed by a manufacturer warranty and thousands of verified purchases."
prod_0918,WeatherTech Car Electronics #8,Automotive,Car Electronics,WeatherTech,166.52,3.7,229,True,"['vehicle', 'oem-quality', 'weather-resistant', 'wireless', 'portable', 'automotive', 'universal-fit', 'waterproof', 'durable', 'car', 'professional', 'easy-install']","Introducing the WeatherTech Car Electronics #8 by WeatherTech — a premium automotive solution built for modern lifestyles. Engineered with universal-fit materials and waterproof design, it stands out in the car electronics market. Whether you're a beginner or professional, this product meets your needs."
prod_0919,Michelin Car Care #9,Automotive,Car Care,Michelin,41.79,3.4,169,True,"['durable', 'weather-resistant', 'wireless', 'heavy-duty', 'portable', 'waterproof', 'professional', 'vehicle', 'car']","The Michelin Michelin Car Care #9 is a top-rated car care product designed for home use. It features vehicle and weather-resistant technology for superior performance. Trusted by thousands of customers, it delivers excellent value and durability."
prod_0920,Bosch Exterior #10,Automotive,Exterior,Bosch,386.89,4.0,115,True,"['wireless', 'safety', 'car', 'automotive', 'universal-fit', 'portable', 'professional', 'weather-resistant', 'durable', 'easy-install', 'heavy-duty', 'vehicle']","The Bosch Bosch Exterior #10 is a top-rated exterior product designed for everyday use. It features weather-resistant and car technology for superior performance. Trusted by thousands of customers, it delivers excellent value and durability."
prod_0921,WeatherTech Safety #11,Automotive,Safety,WeatherTech,229.4,3.9,15,False,"['durable', 'automotive', 'portable', 'car', 'heavy-duty', 'oem-quality', 'easy-install']","The WeatherTech WeatherTech Safety #11 is a top-rated safety product designed for everyday use. It features automotive and heavy-duty technology for superior performance. Trusted by thousands of customers, it delivers excellent value and durability."
prod_0922,Garmin Safety #12,Automotive,Safety,Garmin,172.75,3.7,165,False,"['oem-quality', 'certified', 'waterproof', 'heavy-duty', 'safety', 'wireless']","The Garmin Garmin Safety #12 is a top-rated safety product designed for outdoor use. It features waterproof and certified technology for superior performance. Trusted by thousands of customers, it delivers excellent value and durability."
prod_0923,Turtle Wax Exterior #13,Automotive,Exterior,Turtle Wax,99.05,4.1,43,True,"['oem-quality', 'safety', 'weather-resistant', 'heavy-duty', 'easy-install', 'professional', 'durable', 'waterproof', 'universal-fit', 'automotive']","The Turtle Wax Exterior #13 from Turtle Wax combines heavy-duty functionality with sleek aesthetics. As a leading exterior product in the Automotive category, it offers heavy-duty performance. Backed by a manufacturer warranty and thousands of verified purchases."
prod_0924,Thule Interior #14,Automotive,Interior,Thule,420.78,4.6,52,True,"['professional', 'oem-quality', 'vehicle', 'car', 'heavy-duty', 'durable', 'portable', 'universal-fit', 'certified']","Introducing the Thule Interior #14 by Thule — a premium automotive solution built for modern lifestyles. Engineered with professional materials and professional design, it stands out in the interior market. Whether you're a beginner or professional, this product meets your needs."
prod_0925,WeatherTech Car Care #15,Automotive,Car Care,WeatherTech,317.15,4.5,247,True,"['wireless', 'car', 'certified', 'oem-quality', 'automotive', 'easy-install']","The WeatherTech WeatherTech Car Care #15 is a top-rated car care product designed for travel use. It features oem-quality and easy-install technology for superior performance. Trusted by thousands of customers, it delivers excellent value and durability."
prod_0926,Michelin Car Care #16,Automotive,Car Care,Michelin,125.62,3.7,1249,True,"['safety', 'car', 'portable', 'durable', 'weather-resistant', 'waterproof', 'automotive', 'heavy-duty', 'oem-quality', 'easy-install', 'certified', 'vehicle']","The Michelin Car Care #16 from Michelin combines oem-quality functionality with sleek aesthetics. As a leading car care product in the Automotive category, it offers safety performance. Backed by a manufacturer warranty and thousands of verified purchases."
prod_0927,Chemical Guys Exterior #17,Automotive,Exterior,Chemical Guys,465.34,3.4,447,True,"['wireless', 'durable', 'safety', 'easy-install', 'weather-resistant', 'universal-fit', 'car', 'oem-quality', 'portable']","The Chemical Guys Chemical Guys Exterior #17 is a top-rated exterior product designed for travel use. It features oem-quality and durable technology for superior performance. Trusted by thousands of customers, it delivers excellent value and durability."
prod_0928,3M Interior #18,Automotive,Interior,3M,82.74,4.5,66,True,"['waterproof', 'automotive', 'easy-install', 'wireless', 'durable', 'certified', 'universal-fit', 'safety', 'professional']","The 3M Interior #18 from 3M combines professional functionality with sleek aesthetics. As a leading interior product in the Automotive category, it offers durable performance. Backed by a manufacturer warranty and thousands of verified purchases."
prod_0929,Michelin Car Electronics #19,Automotive,Car Electronics,Michelin,228.57,4.7,109,True,"['car', 'portable', 'waterproof', 'vehicle', 'professional', 'oem-quality']","The Michelin Michelin Car Electronics #19 is a top-rated car electronics product designed for everyday use. It features portable and vehicle technology for superior performance. Trusted by thousands of customers, it delivers excellent value and durability."
prod_0930,Bosch Interior #20,Automotive,Interior,Bosch,422.1,4.1,202,True,"['weather-resistant', 'certified', 'automotive', 'oem-quality', 'portable', 'waterproof', 'car', 'safety', 'easy-install', 'vehicle', 'durable']","The Bosch Bosch Interior #20 is a top-rated interior product designed for travel use. It features easy-install and vehicle technology for superior performance. Trusted by thousands of customers, it delivers excellent value and durability."
prod_0931,Bosch Interior #21,Automotive,Interior,Bosch,368.17,3.9,392,True,"['safety', 'weather-resistant', 'durable', 'waterproof', 'oem-quality', 'certified', 'automotive', 'car', 'portable', 'universal-fit']","Introducing the Bosch Interior #21 by Bosch — a premium automotive solution built for modern lifestyles. Engineered with durable materials and durable design, it stands out in the interior market. Whether you're a beginner or professional, this product meets your needs."
prod_0932,Garmin Safety #22,Automotive,Safety,Garmin,289.83,4.4,18,True,"['safety', 'heavy-duty', 'easy-install', 'automotive', 'certified', 'vehicle', 'portable', 'weather-resistant', 'durable']","The Garmin Garmin Safety #22 is a top-rated safety product designed for travel use. It features safety and portable technology for superior performance. Trusted by thousands of customers, it delivers excellent value and durability."
prod_0933,Michelin Interior #23,Automotive,Interior,Michelin,51.71,4.7,20,True,"['professional', 'car', 'wireless', 'weather-resistant', 'portable', 'oem-quality', 'vehicle', 'easy-install', 'heavy-duty', 'waterproof']","Introducing the Michelin Interior #23 by Michelin — a premium automotive solution built for modern lifestyles. Engineered with vehicle materials and heavy-duty design, it stands out in the interior market. Whether you're a beginner or professional, this product meets your needs."
prod_0934,Michelin Interior #24,Automotive,Interior,Michelin,472.2,4.5,573,False,"['certified', 'oem-quality', 'easy-install', 'weather-resistant', 'portable', 'automotive', 'waterproof', 'durable', 'safety', 'vehicle', 'car']","Introducing the Michelin Interior #24 by Michelin — a premium automotive solution built for modern lifestyles. Engineered with vehicle materials and waterproof design, it stands out in the interior market. Whether you're a beginner or professional, this product meets your needs."
prod_0935,Garmin Exterior #25,Automotive,Exterior,Garmin,96.74,3.5,90,True,"['weather-resistant', 'wireless', 'portable', 'safety', 'oem-quality', 'universal-fit', 'heavy-duty', 'professional']","The Garmin Exterior #25 from Garmin combines oem-quality functionality with sleek aesthetics. As a leading exterior product in the Automotive category, it offers weather-resistant performance. Backed by a manufacturer warranty and thousands of verified purchases."
prod_0936,Thule Safety #26,Automotive,Safety,Thule,419.19,3.4,114,True,"['professional', 'safety', 'universal-fit', 'portable', 'waterproof', 'durable', 'certified', 'automotive', 'vehicle']","The Thule Thule Safety #26 is a top-rated safety product designed for outdoor use. It features vehicle and waterproof technology for superior performance. Trusted by thousands of customers, it delivers excellent value and durability."
prod_0937,Turtle Wax Car Electronics #27,Automotive,Car Electronics,Turtle Wax,79.75,3.8,378,True,"['durable', 'wireless', 'universal-fit', 'weather-resistant', 'professional', 'waterproof', 'safety', 'vehicle']","The Turtle Wax Turtle Wax Car Electronics #27 is a top-rated car electronics product designed for everyday use. It features weather-resistant and professional technology for superior performance. Trusted by thousands of customers, it delivers excellent value and durability."
prod_0938,Chemical Guys Interior #28,Automotive,Interior,Chemical Guys,84.16,4.7,792,True,"['safety', 'easy-install', 'durable', 'wireless', 'car', 'professional', 'automotive', 'weather-resistant', 'certified', 'vehicle', 'portable', 'oem-quality']","The Chemical Guys Interior #28 from Chemical Guys combines portable functionality with sleek aesthetics. As a leading interior product in the Automotive category, it offers vehicle performance. Backed by a manufacturer warranty and thousands of verified purchases."
prod_0939,Turtle Wax Tools #29,Automotive,Tools,Turtle Wax,62.9,3.7,115,True,"['easy-install', 'portable', 'professional', 'automotive', 'heavy-duty', 'vehicle', 'universal-fit']","Introducing the Turtle Wax Tools #29 by Turtle Wax — a premium automotive solution built for modern lifestyles. Engineered with heavy-duty materials and heavy-duty design, it stands out in the tools market. Whether you're a beginner or professional, this product meets your needs."
prod_0940,Bosch Safety #30,Automotive,Safety,Bosch,455.9,3.2,56,False,"['certified', 'waterproof', 'wireless', 'oem-quality', 'easy-install', 'vehicle', 'portable', 'car']","Introducing the Bosch Safety #30 by Bosch — a premium automotive solution built for modern lifestyles. Engineered with vehicle materials and certified design, it stands out in the safety market. Whether you're a beginner or professional, this product meets your needs."
prod_0941,Turtle Wax Exterior #31,Automotive,Exterior,Turtle Wax,207.01,4.5,1031,False,"['easy-install', 'wireless', 'portable', 'certified', 'car', 'safety']","The Turtle Wax Exterior #31 from Turtle Wax combines car functionality with sleek aesthetics. As a leading exterior product in the Automotive category, it offers car performance. Backed by a manufacturer warranty and thousands of verified purchases."
prod_0942,Bosch Exterior #32,Automotive,Exterior,Bosch,434.49,3.4,72,True,"['oem-quality', 'safety', 'vehicle', 'car', 'waterproof', 'portable', 'easy-install', 'weather-resistant', 'universal-fit']","Introducing the Bosch Exterior #32 by Bosch — a premium automotive solution built for modern lifestyles. Engineered with portable materials and vehicle design, it stands out in the exterior market. Whether you're a beginner or professional, this product meets your needs."
prod_0943,AutoZone Exterior #33,Automotive,Exterior,AutoZone,312.53,4.0,207,True,"['portable', 'durable', 'professional', 'certified', 'oem-quality', 'safety', 'easy-install']","The AutoZone AutoZone Exterior #33 is a top-rated exterior product designed for home use. It features oem-quality and certified technology for superior performance. Trusted by thousands of customers, it delivers excellent value and durability."
prod_0944,Thule Exterior #34,Automotive,Exterior,Thule,489.66,3.6,246,True,"['weather-resistant', 'automotive', 'car', 'wireless', 'durable', 'vehicle', 'certified', 'oem-quality', 'professional', 'heavy-duty', 'universal-fit', 'safety']","The Thule Thule Exterior #34 is a top-rated exterior product designed for professional use. It features safety and certified technology for superior performance. Trusted by thousands of customers, it delivers excellent value and durability."
prod_0945,Bosch Interior #35,Automotive,Interior,Bosch,121.26,3.8,145,False,"['safety', 'wireless', 'oem-quality', 'certified', 'professional', 'universal-fit', 'weather-resistant', 'heavy-duty', 'car', 'durable']","The Bosch Interior #35 from Bosch combines universal-fit functionality with sleek aesthetics. As a leading interior product in the Automotive category, it offers universal-fit performance. Backed by a manufacturer warranty and thousands of verified purchases."
prod_0946,Bosch Interior #36,Automotive,Interior,Bosch,34.08,4.3,149,True,"['weather-resistant', 'certified', 'durable', 'waterproof', 'vehicle', 'portable', 'safety', 'wireless', 'car', 'automotive']","Introducing the Bosch Interior #36 by Bosch — a premium automotive solution built for modern lifestyles. Engineered with vehicle materials and car design, it stands out in the interior market. Whether you're a beginner or professional, this product meets your needs."
prod_0947,WeatherTech Car Electronics #37,Automotive,Car Electronics,WeatherTech,396.7,3.8,130,True,"['vehicle', 'automotive', 'wireless', 'waterproof', 'heavy-duty', 'professional', 'weather-resistant', 'easy-install']","The WeatherTech WeatherTech Car Electronics #37 is a top-rated car electronics product designed for outdoor use. It features professional and vehicle technology for superior performance. Trusted by thousands of customers, it delivers excellent value and durability."
prod_0948,Bosch Exterior #38,Automotive,Exterior,Bosch,218.32,4.0,95,True,"['oem-quality', 'wireless', 'heavy-duty', 'waterproof', 'professional', 'weather-resistant', 'vehicle']","The Bosch Bosch Exterior #38 is a top-rated exterior product designed for professional use. It features vehicle and waterproof technology for superior performance. Trusted by thousands of customers, it delivers excellent value and durability."
prod_0949,Michelin Car Care #39,Automotive,Car Care,Michelin,308.04,3.9,1010,True,"['certified', 'automotive', 'oem-quality', 'portable', 'weather-resistant', 'professional', 'vehicle']","Introducing the Michelin Car Care #39 by Michelin — a premium automotive solution built for modern lifestyles. Engineered with automotive materials and oem-quality design, it stands out in the car care market. Whether you're a beginner or professional, this product meets your needs."
prod_0950,Chemical Guys Interior #40,Automotive,Interior,Chemical Guys,162.2,4.3,104,True,"['wireless', 'heavy-duty', 'durable', 'car', 'professional', 'automotive', 'portable']","The Chemical Guys Interior #40 from Chemical Guys combines wireless functionality with sleek aesthetics. As a leading interior product in the Automotive category, it offers durable performance. Backed by a manufacturer warranty and thousands of verified purchases."
prod_0951,AutoZone Car Care #41,Automotive,Car Care,AutoZone,400.47,4.3,99,True,"['professional', 'automotive', 'oem-quality', 'safety', 'wireless', 'car', 'easy-install', 'certified', 'universal-fit', 'heavy-duty', 'portable']","Introducing the AutoZone Car Care #41 by AutoZone — a premium automotive solution built for modern lifestyles. Engineered with automotive materials and oem-quality design, it stands out in the car care market. Whether you're a beginner or professional, this product meets your needs."
prod_0952,Thule Car Electronics #42,Automotive,Car Electronics,Thule,228.6,4.6,231,True,"['professional', 'wireless', 'waterproof', 'vehicle', 'weather-resistant', 'certified', 'car', 'portable', 'heavy-duty', 'automotive', 'safety']","The Thule Thule Car Electronics #42 is a top-rated car electronics product designed for everyday use. It features vehicle and heavy-duty technology for superior performance. Trusted by thousands of customers, it delivers excellent value and durability."
prod_0953,Michelin Safety #43,Automotive,Safety,Michelin,367.45,3.9,253,True,"['wireless', 'safety', 'automotive', 'easy-install', 'oem-quality', 'heavy-duty', 'vehicle', 'durable', 'weather-resistant', 'waterproof', 'car', 'professional']","Introducing the Michelin Safety #43 by Michelin — a premium automotive solution built for modern lifestyles. Engineered with weather-resistant materials and professional design, it stands out in the safety market. Whether you're a beginner or professional, this product meets your needs."
prod_0954,Thule Car Care #44,Automotive,Car Care,Thule,33.1,3.2,38,True,"['professional', 'waterproof', 'oem-quality', 'weather-resistant', 'heavy-duty', 'wireless', 'easy-install', 'portable', 'safety', 'car', 'certified']","The Thule Car Care #44 from Thule combines portable functionality with sleek aesthetics. As a leading car care product in the Automotive category, it offers heavy-duty performance. Backed by a manufacturer warranty and thousands of verified purchases."
prod_0955,Chemical Guys Safety #45,Automotive,Safety,Chemical Guys,344.26,3.4,176,True,"['portable', 'oem-quality', 'car', 'easy-install', 'certified', 'professional', 'universal-fit', 'safety', 'heavy-duty', 'vehicle']","Introducing the Chemical Guys Safety #45 by Chemical Guys — a premium automotive solution built for modern lifestyles. Engineered with portable materials and easy-install design, it stands out in the safety market. Whether you're a beginner or professional, this product meets your needs."
prod_0956,Chemical Guys Car Electronics #46,Automotive,Car Electronics,Chemical Guys,183.28,4.9,2159,True,"['weather-resistant', 'safety', 'automotive', 'car', 'durable', 'professional']","The Chemical Guys Chemical Guys Car Electronics #46 is a top-rated car electronics product designed for professional use. It features weather-resistant and automotive technology for superior performance. Trusted by thousands of customers, it delivers excellent value and durability."
prod_0957,WeatherTech Tools #47,Automotive,Tools,WeatherTech,362.4,4.3,270,True,"['oem-quality', 'vehicle', 'waterproof', 'durable', 'universal-fit', 'heavy-duty', 'weather-resistant', 'wireless', 'automotive', 'professional']","Introducing the WeatherTech Tools #47 by WeatherTech — a premium automotive solution built for modern lifestyles. Engineered with weather-resistant materials and wireless design, it stands out in the tools market. Whether you're a beginner or professional, this product meets your needs."
prod_0958,Turtle Wax Car Electronics #48,Automotive,Car Electronics,Turtle Wax,179.22,3.1,77,True,"['waterproof', 'certified', 'oem-quality', 'weather-resistant', 'heavy-duty', 'wireless', 'durable']","Introducing the Turtle Wax Car Electronics #48 by Turtle Wax — a premium automotive solution built for modern lifestyles. Engineered with heavy-duty materials and certified design, it stands out in the car electronics market. Whether you're a beginner or professional, this product meets your needs."
prod_0959,Michelin Interior #49,Automotive,Interior,Michelin,313.58,3.6,70,True,"['portable', 'wireless', 'safety', 'car', 'automotive', 'heavy-duty', 'universal-fit', 'certified', 'easy-install']","The Michelin Interior #49 from Michelin combines easy-install functionality with sleek aesthetics. As a leading interior product in the Automotive category, it offers universal-fit performance. Backed by a manufacturer warranty and thousands of verified purchases."
prod_0960,Michelin Interior #50,Automotive,Interior,Michelin,268.57,3.9,84,False,"['vehicle', 'wireless', 'portable', 'durable', 'automotive', 'waterproof', 'heavy-duty', 'easy-install', 'oem-quality', 'safety', 'car', 'universal-fit']","The Michelin Michelin Interior #50 is a top-rated interior product designed for everyday use. It features automotive and easy-install technology for superior performance. Trusted by thousands of customers, it delivers excellent value and durability."
prod_0961,Michelin Car Electronics #51,Automotive,Car Electronics,Michelin,274.82,3.0,364,True,"['portable', 'waterproof', 'vehicle', 'oem-quality', 'wireless', 'universal-fit', 'safety', 'durable', 'certified']","The Michelin Michelin Car Electronics #51 is a top-rated car electronics product designed for outdoor use. It features vehicle and certified technology for superior performance. Trusted by thousands of customers, it delivers excellent value and durability."
prod_0962,AutoZone Safety #52,Automotive,Safety,AutoZone,254.98,3.5,197,False,"['certified', 'oem-quality', 'vehicle', 'durable', 'universal-fit', 'wireless', 'safety', 'automotive', 'heavy-duty']","The AutoZone AutoZone Safety #52 is a top-rated safety product designed for travel use. It features heavy-duty and durable technology for superior performance. Trusted by thousands of customers, it delivers excellent value and durability."
prod_0963,Meguiar's Tools #53,Automotive,Tools,Meguiar's,445.59,5.0,49,True,"['car', 'portable', 'safety', 'professional', 'easy-install', 'oem-quality']","The Meguiar's Tools #53 from Meguiar's combines oem-quality functionality with sleek aesthetics. As a leading tools product in the Automotive category, it offers easy-install performance. Backed by a manufacturer warranty and thousands of verified purchases."
prod_0964,Chemical Guys Safety #54,Automotive,Safety,Chemical Guys,360.28,2.7,105,True,"['automotive', 'safety', 'car', 'waterproof', 'universal-fit', 'heavy-duty']","Introducing the Chemical Guys Safety #54 by Chemical Guys — a premium automotive solution built for modern lifestyles. Engineered with automotive materials and heavy-duty design, it stands out in the safety market. Whether you're a beginner or professional, this product meets your needs."
prod_0965,Garmin Safety #55,Automotive,Safety,Garmin,324.17,4.6,1556,True,"['durable', 'safety', 'wireless', 'automotive', 'easy-install', 'waterproof']","Introducing the Garmin Safety #55 by Garmin — a premium automotive solution built for modern lifestyles. Engineered with safety materials and safety design, it stands out in the safety market. Whether you're a beginner or professional, this product meets your needs."
prod_0966,WeatherTech Exterior #56,Automotive,Exterior,WeatherTech,417.71,3.4,269,True,"['car', 'automotive', 'oem-quality', 'universal-fit', 'wireless', 'easy-install', 'professional', 'vehicle', 'weather-resistant', 'durable', 'heavy-duty', 'waterproof']","The WeatherTech WeatherTech Exterior #56 is a top-rated exterior product designed for travel use. It features professional and vehicle technology for superior performance. Trusted by thousands of customers, it delivers excellent value and durability."
prod_0967,Turtle Wax Safety #57,Automotive,Safety,Turtle Wax,216.82,3.8,130,True,"['car', 'automotive', 'weather-resistant', 'professional', 'heavy-duty', 'waterproof']","Introducing the Turtle Wax Safety #57 by Turtle Wax — a premium automotive solution built for modern lifestyles. Engineered with waterproof materials and automotive design, it stands out in the safety market. Whether you're a beginner or professional, this product meets your needs."
prod_0968,Turtle Wax Car Electronics #58,Automotive,Car Electronics,Turtle Wax,310.92,5.0,24,True,"['waterproof', 'wireless', 'durable', 'easy-install', 'automotive', 'safety', 'weather-resistant', 'heavy-duty', 'professional', 'certified']","The Turtle Wax Turtle Wax Car Electronics #58 is a top-rated car electronics product designed for professional use. It features weather-resistant and weather-resistant technology for superior performance. Trusted by thousands of customers, it delivers excellent value and durability."
prod_0969,Michelin Safety #59,Automotive,Safety,Michelin,286.65,4.1,260,False,"['vehicle', 'professional', 'durable', 'easy-install', 'automotive', 'safety', 'universal-fit', 'oem-quality', 'waterproof']","Introducing the Michelin Safety #59 by Michelin — a premium automotive solution built for modern lifestyles. Engineered with oem-quality materials and waterproof design, it stands out in the safety market. Whether you're a beginner or professional, this product meets your needs."
prod_0970,Turtle Wax Exterior #60,Automotive,Exterior,Turtle Wax,98.5,4.5,166,True,"['oem-quality', 'car', 'durable', 'easy-install', 'professional', 'automotive', 'universal-fit', 'vehicle', 'wireless']","The Turtle Wax Turtle Wax Exterior #60 is a top-rated exterior product designed for everyday use. It features durable and universal-fit technology for superior performance. Trusted by thousands of customers, it delivers excellent value and durability."
prod_0971,3M Car Care #61,Automotive,Car Care,3M,281.12,4.2,92,True,"['wireless', 'durable', 'heavy-duty', 'vehicle', 'car', 'easy-install']","Introducing the 3M Car Care #61 by 3M — a premium automotive solution built for modern lifestyles. Engineered with heavy-duty materials and wireless design, it stands out in the car care market. Whether you're a beginner or professional, this product meets your needs."
prod_0972,Meguiar's Car Electronics #62,Automotive,Car Electronics,Meguiar's,249.26,4.1,98,True,"['durable', 'vehicle', 'wireless', 'car', 'portable', 'safety', 'certified', 'oem-quality', 'easy-install']","The Meguiar's Meguiar's Car Electronics #62 is a top-rated car electronics product designed for everyday use. It features certified and wireless technology for superior performance. Trusted by thousands of customers, it delivers excellent value and durability."
prod_0973,WeatherTech Interior #63,Automotive,Interior,WeatherTech,260.99,4.3,95,True,"['easy-install', 'automotive', 'wireless', 'portable', 'waterproof', 'heavy-duty']","Introducing the WeatherTech Interior #63 by WeatherTech — a premium automotive solution built for modern lifestyles. Engineered with waterproof materials and wireless design, it stands out in the interior market. Whether you're a beginner or professional, this product meets your needs."
prod_0974,WeatherTech Car Electronics #64,Automotive,Car Electronics,WeatherTech,223.21,4.2,143,True,"['vehicle', 'automotive', 'durable', 'certified', 'portable', 'heavy-duty', 'easy-install', 'oem-quality', 'wireless', 'waterproof']","Introducing the WeatherTech Car Electronics #64 by WeatherTech — a premium automotive solution built for modern lifestyles. Engineered with easy-install materials and certified design, it stands out in the car electronics market. Whether you're a beginner or professional, this product meets your needs."
prod_0975,Meguiar's Interior #65,Automotive,Interior,Meguiar's,113.52,4.6,139,True,"['waterproof', 'oem-quality', 'easy-install', 'vehicle', 'safety', 'portable', 'weather-resistant']","The Meguiar's Meguiar's Interior #65 is a top-rated interior product designed for travel use. It features easy-install and portable technology for superior performance. Trusted by thousands of customers, it delivers excellent value and durability."
prod_0976,AutoZone Safety #66,Automotive,Safety,AutoZone,99.56,3.1,674,True,"['waterproof', 'portable', 'easy-install', 'universal-fit', 'car', 'vehicle', 'professional', 'weather-resistant', 'oem-quality', 'certified', 'durable']","The AutoZone Safety #66 from AutoZone combines oem-quality functionality with sleek aesthetics. As a leading safety product in the Automotive category, it offers durable performance. Backed by a manufacturer warranty and thousands of verified purchases."
prod_0977,3M Car Electronics #67,Automotive,Car Electronics,3M,66.92,3.5,67,True,"['automotive', 'durable', 'vehicle', 'easy-install', 'car', 'weather-resistant', 'heavy-duty', 'wireless']","The 3M Car Electronics #67 from 3M combines wireless functionality with sleek aesthetics. As a leading car electronics product in the Automotive category, it offers automotive performance. Backed by a manufacturer warranty and thousands of verified purchases."
prod_0978,Bosch Car Electronics #68,Automotive,Car Electronics,Bosch,236.56,3.7,772,True,"['professional', 'durable', 'heavy-duty', 'weather-resistant', 'automotive', 'portable', 'easy-install', 'waterproof', 'wireless', 'certified', 'oem-quality', 'vehicle']","The Bosch Bosch Car Electronics #68 is a top-rated car electronics product designed for travel use. It features vehicle and portable technology for superior performance. Trusted by thousands of customers, it delivers excellent value and durability."
prod_0979,Chemical Guys Exterior #69,Automotive,Exterior,Chemical Guys,212.47,2.9,5000,True,"['durable', 'universal-fit', 'professional', 'heavy-duty', 'vehicle', 'certified', 'waterproof', 'safety', 'oem-quality', 'automotive']","Introducing the Chemical Guys Exterior #69 by Chemical Guys — a premium automotive solution built for modern lifestyles. Engineered with oem-quality materials and professional design, it stands out in the exterior market. Whether you're a beginner or professional, this product meets your needs."
prod_0980,Garmin Car Electronics #70,Automotive,Car Electronics,Garmin,451.83,4.5,194,True,"['wireless', 'car', 'automotive', 'waterproof', 'heavy-duty', 'certified', 'vehicle', 'weather-resistant', 'professional', 'portable', 'easy-install']","The Garmin Garmin Car Electronics #70 is a top-rated car electronics product designed for outdoor use. It features waterproof and easy-install technology for superior performance. Trusted by thousands of customers, it delivers excellent value and durability."
prod_0981,WeatherTech Safety #71,Automotive,Safety,WeatherTech,224.55,4.0,209,True,"['wireless', 'oem-quality', 'universal-fit', 'heavy-duty', 'vehicle', 'professional', 'safety', 'automotive', 'certified', 'weather-resistant']","The WeatherTech Safety #71 from WeatherTech combines heavy-duty functionality with sleek aesthetics. As a leading safety product in the Automotive category, it offers weather-resistant performance. Backed by a manufacturer warranty and thousands of verified purchases."
prod_0982,Thule Safety #72,Automotive,Safety,Thule,446.59,4.3,321,True,"['safety', 'universal-fit', 'certified', 'waterproof', 'vehicle', 'heavy-duty', 'oem-quality', 'professional', 'easy-install', 'durable']","The Thule Thule Safety #72 is a top-rated safety product designed for home use. It features oem-quality and certified technology for superior performance. Trusted by thousands of customers, it delivers excellent value and durability."
prod_0983,Thule Interior #73,Automotive,Interior,Thule,355.3,4.3,165,False,"['heavy-duty', 'easy-install', 'durable', 'certified', 'portable', 'car', 'weather-resistant', 'professional', 'wireless']","The Thule Thule Interior #73 is a top-rated interior product designed for professional use. It features durable and heavy-duty technology for superior performance. Trusted by thousands of customers, it delivers excellent value and durability."
prod_0984,Thule Safety #74,Automotive,Safety,Thule,368.0,3.9,123,True,"['durable', 'car', 'universal-fit', 'oem-quality', 'portable', 'weather-resistant', 'easy-install', 'professional', 'automotive', 'waterproof', 'safety']","The Thule Safety #74 from Thule combines easy-install functionality with sleek aesthetics. As a leading safety product in the Automotive category, it offers durable performance. Backed by a manufacturer warranty and thousands of verified purchases."
prod_0985,Bosch Tools #75,Automotive,Tools,Bosch,209.0,3.9,578,True,"['heavy-duty', 'universal-fit', 'certified', 'waterproof', 'car', 'vehicle', 'automotive', 'weather-resistant', 'wireless', 'easy-install']","The Bosch Bosch Tools #75 is a top-rated tools product designed for professional use. It features weather-resistant and vehicle technology for superior performance. Trusted by thousands of customers, it delivers excellent value and durability."
prod_0986,Bosch Safety #76,Automotive,Safety,Bosch,48.68,4.3,10,False,"['heavy-duty', 'universal-fit', 'portable', 'vehicle', 'certified', 'durable']","Introducing the Bosch Safety #76 by Bosch — a premium automotive solution built for modern lifestyles. Engineered with certified materials and portable design, it stands out in the safety market. Whether you're a beginner or professional, this product meets your needs."
prod_0987,3M Interior #77,Automotive,Interior,3M,384.84,4.3,187,True,"['universal-fit', 'oem-quality', 'vehicle', 'easy-install', 'durable', 'safety', 'automotive', 'heavy-duty', 'portable', 'professional', 'waterproof']","The 3M 3M Interior #77 is a top-rated interior product designed for home use. It features waterproof and universal-fit technology for superior performance. Trusted by thousands of customers, it delivers excellent value and durability."
prod_0988,Michelin Car Care #78,Automotive,Car Care,Michelin,115.95,4.0,93,False,"['wireless', 'portable', 'automotive', 'universal-fit', 'durable', 'car', 'certified', 'waterproof']","The Michelin Michelin Car Care #78 is a top-rated car care product designed for home use. It features automotive and wireless technology for superior performance. Trusted by thousands of customers, it delivers excellent value and durability."
prod_0989,Michelin Car Care #79,Automotive,Car Care,Michelin,455.83,4.6,462,True,"['weather-resistant', 'heavy-duty', 'durable', 'wireless', 'vehicle', 'safety', 'oem-quality']","Introducing the Michelin Car Care #79 by Michelin — a premium automotive solution built for modern lifestyles. Engineered with heavy-duty materials and durable design, it stands out in the car care market. Whether you're a beginner or professional, this product meets your needs."
prod_0990,Turtle Wax Car Care #80,Automotive,Car Care,Turtle Wax,44.62,3.6,241,True,"['professional', 'easy-install', 'durable', 'wireless', 'automotive', 'weather-resistant']","Introducing the Turtle Wax Car Care #80 by Turtle Wax — a premium automotive solution built for modern lifestyles. Engineered with automotive materials and professional design, it stands out in the car care market. Whether you're a beginner or professional, this product meets your needs."
prod_0991,Thule Interior #81,Automotive,Interior,Thule,31.6,3.5,28,True,"['certified', 'universal-fit', 'easy-install', 'safety', 'waterproof', 'vehicle', 'oem-quality', 'portable', 'weather-resistant', 'durable', 'heavy-duty']","Introducing the Thule Interior #81 by Thule — a premium automotive solution built for modern lifestyles. Engineered with certified materials and certified design, it stands out in the interior market. Whether you're a beginner or professional, this product meets your needs."
prod_0992,WeatherTech Tools #82,Automotive,Tools,WeatherTech,170.76,3.7,417,True,"['vehicle', 'weather-resistant', 'heavy-duty', 'automotive', 'car', 'easy-install', 'universal-fit']","The WeatherTech WeatherTech Tools #82 is a top-rated tools product designed for outdoor use. It features heavy-duty and heavy-duty technology for superior performance. Trusted by thousands of customers, it delivers excellent value and durability."
prod_0993,Meguiar's Car Care #83,Automotive,Car Care,Meguiar's,295.24,4.5,274,True,"['vehicle', 'weather-resistant', 'durable', 'portable', 'certified', 'universal-fit', 'wireless', 'waterproof', 'oem-quality', 'automotive', 'heavy-duty']","The Meguiar's Meguiar's Car Care #83 is a top-rated car care product designed for everyday use. It features vehicle and automotive technology for superior performance. Trusted by thousands of customers, it delivers excellent value and durability."
prod_0994,AutoZone Car Electronics #84,Automotive,Car Electronics,AutoZone,282.34,4.4,275,True,"['safety', 'waterproof', 'universal-fit', 'automotive', 'vehicle', 'car', 'durable', 'professional', 'wireless']","Introducing the AutoZone Car Electronics #84 by AutoZone — a premium automotive solution built for modern lifestyles. Engineered with safety materials and vehicle design, it stands out in the car electronics market. Whether you're a beginner or professional, this product meets your needs."
prod_0995,AutoZone Exterior #85,Automotive,Exterior,AutoZone,397.08,3.7,249,True,"['easy-install', 'heavy-duty', 'durable', 'vehicle', 'car', 'portable', 'professional', 'waterproof', 'weather-resistant', 'universal-fit']","Introducing the AutoZone Exterior #85 by AutoZone — a premium automotive solution built for modern lifestyles. Engineered with professional materials and durable design, it stands out in the exterior market. Whether you're a beginner or professional, this product meets your needs."
prod_0996,Meguiar's Exterior #86,Automotive,Exterior,Meguiar's,48.09,4.4,366,True,"['easy-install', 'automotive', 'portable', 'durable', 'vehicle', 'oem-quality', 'certified', 'car', 'wireless']","Introducing the Meguiar's Exterior #86 by Meguiar's — a premium automotive solution built for modern lifestyles. Engineered with wireless materials and easy-install design, it stands out in the exterior market. Whether you're a beginner or professional, this product meets your needs."
prod_0997,3M Tools #87,Automotive,Tools,3M,327.05,4.6,347,True,"['portable', 'weather-resistant', 'vehicle', 'car', 'heavy-duty', 'safety', 'certified', 'easy-install', 'oem-quality', 'automotive']","Introducing the 3M Tools #87 by 3M — a premium automotive solution built for modern lifestyles. Engineered with certified materials and weather-resistant design, it stands out in the tools market. Whether you're a beginner or professional, this product meets your needs."
prod_0998,WeatherTech Car Care #88,Automotive,Car Care,WeatherTech,279.62,4.2,536,True,"['portable', 'durable', 'heavy-duty', 'oem-quality', 'easy-install', 'weather-resistant']","The WeatherTech WeatherTech Car Care #88 is a top-rated car care product designed for professional use. It features weather-resistant and weather-resistant technology for superior performance. Trusted by thousands of customers, it delivers excellent value and durability."
prod_0999,Garmin Car Care #89,Automotive,Car Care,Garmin,244.59,4.0,51,True,"['wireless', 'portable', 'durable', 'universal-fit', 'car', 'safety', 'professional', 'vehicle', 'waterproof', 'certified', 'oem-quality', 'weather-resistant']","The Garmin Car Care #89 from Garmin combines oem-quality functionality with sleek aesthetics. As a leading car care product in the Automotive category, it offers portable performance. Backed by a manufacturer warranty and thousands of verified purchases."
prod_1000,Chemical Guys Safety #90,Automotive,Safety,Chemical Guys,89.63,3.9,60,True,"['vehicle', 'safety', 'universal-fit', 'durable', 'waterproof', 'oem-quality']","Introducing the Chemical Guys Safety #90 by Chemical Guys — a premium automotive solution built for modern lifestyles. Engineered with safety materials and oem-quality design, it stands out in the safety market. Whether you're a beginner or professional, this product meets your needs."
